2025-05-13T00:03:19.622+07:00 DEBUG 28448 --- [http-nio-8080-exec-5] org.hibernate.SQL                        : 
    select
        u1_0.id,
        u1_0.avatar_url,
        u1_0.date_of_birth,
        u1_0.full_name,
        u1_0.username 
    from
        users u1_0 
    where
        u1_0.username=?
2025-05-13T00:03:19.664+07:00 DEBUG 28448 --- [http-nio-8080-exec-5] org.hibernate.SQL                        : 
    select
        count(f1_0.id) 
    from
        follows f1_0 
    where
        f1_0.following_id=?
2025-05-13T00:03:19.668+07:00 DEBUG 28448 --- [http-nio-8080-exec-5] org.hibernate.SQL                        : 
    select
        count(f1_0.id) 
    from
        follows f1_0 
    where
        f1_0.follower_id=?
2025-05-13T00:03:19.675+07:00 DEBUG 28448 --- [http-nio-8080-exec-5] org.hibernate.SQL                        : 
    select
        r1_0.id,
        r1_0.user_id,
        r1_0.description,
        r1_0.image_url,
        r1_0.title 
    from
        recipes r1_0 
    where
        r1_0.user_id=?
2025-05-13T00:03:19.687+07:00 DEBUG 28448 --- [http-nio-8080-exec-5] org.hibernate.SQL                        : 
    select
        avg(r1_0.score) 
    from
        ratings r1_0 
    join
        recipes r2_0 
            on r2_0.id=r1_0.recipe_id 
    where
        r2_0.user_id=?
2025-05-13T00:16:11.318+07:00  INFO 28448 --- [File Watcher] rtingClassPathChangeChangedEventListener : Restarting due to 1 class path change (0 additions, 1 deletion, 0 modifications)
2025-05-13T00:16:11.322+07:00  INFO 28448 --- [Thread-39] o.s.b.w.e.tomcat.GracefulShutdown        : Commencing graceful shutdown. Waiting for active requests to complete
2025-05-13T00:16:11.337+07:00  INFO 28448 --- [tomcat-shutdown] o.s.b.w.e.tomcat.GracefulShutdown        : Graceful shutdown complete
2025-05-13T00:16:11.342+07:00  INFO 28448 --- [Thread-39] j.LocalContainerEntityManagerFactoryBean : Closing JPA EntityManagerFactory for persistence unit 'default'
2025-05-13T00:16:11.343+07:00  INFO 28448 --- [Thread-39] com.zaxxer.hikari.HikariDataSource       : HikariPool-10 - Shutdown initiated...
2025-05-13T00:16:11.348+07:00  INFO 28448 --- [Thread-39] com.zaxxer.hikari.HikariDataSource       : HikariPool-10 - Shutdown completed.
2025-05-13T00:16:11.528+07:00  INFO 28448 --- [restartedMain] c.r.backend.BackendApplication           : Starting BackendApplication using Java 23 with PID 28448 (C:\RecipeSharingWebsite\backend\target\classes started by haiye in C:\RecipeSharingWebsite\backend)
2025-05-13T00:16:11.530+07:00  INFO 28448 --- [restartedMain] c.r.backend.BackendApplication           : No active profile set, falling back to 1 default profile: "default"
2025-05-13T00:16:12.038+07:00  INFO 28448 --- [restartedMain] .s.d.r.c.RepositoryConfigurationDelegate : Bootstrapping Spring Data JPA repositories in DEFAULT mode.
2025-05-13T00:16:12.100+07:00  INFO 28448 --- [restartedMain] .s.d.r.c.RepositoryConfigurationDelegate : Finished Spring Data repository scanning in 59 ms. Found 7 JPA repository interfaces.
2025-05-13T00:16:12.329+07:00  INFO 28448 --- [restartedMain] o.s.b.w.embedded.tomcat.TomcatWebServer  : Tomcat initialized with port 8080 (http)
2025-05-13T00:16:12.334+07:00  INFO 28448 --- [restartedMain] o.apache.catalina.core.StandardService   : Starting service [Tomcat]
2025-05-13T00:16:12.335+07:00  INFO 28448 --- [restartedMain] o.apache.catalina.core.StandardEngine    : Starting Servlet engine: [Apache Tomcat/10.1.40]
2025-05-13T00:16:12.391+07:00  INFO 28448 --- [restartedMain] o.a.c.c.C.[Tomcat].[localhost].[/]       : Initializing Spring embedded WebApplicationContext
2025-05-13T00:16:12.391+07:00  INFO 28448 --- [restartedMain] w.s.c.ServletWebServerApplicationContext : Root WebApplicationContext: initialization completed in 855 ms
2025-05-13T00:16:12.475+07:00  INFO 28448 --- [restartedMain] o.hibernate.jpa.internal.util.LogHelper  : HHH000204: Processing PersistenceUnitInfo [name: default]
2025-05-13T00:16:12.483+07:00  INFO 28448 --- [restartedMain] o.h.c.internal.RegionFactoryInitiator    : HHH000026: Second-level cache disabled
2025-05-13T00:16:12.507+07:00  INFO 28448 --- [restartedMain] o.s.o.j.p.SpringPersistenceUnitInfo      : No LoadTimeWeaver setup: ignoring JPA class transformer
2025-05-13T00:16:12.511+07:00  INFO 28448 --- [restartedMain] com.zaxxer.hikari.HikariDataSource       : HikariPool-11 - Starting...
2025-05-13T00:16:12.516+07:00  INFO 28448 --- [restartedMain] com.zaxxer.hikari.pool.HikariPool        : HikariPool-11 - Added connection com.mysql.cj.jdbc.ConnectionImpl@aacd73f
2025-05-13T00:16:12.517+07:00  INFO 28448 --- [restartedMain] com.zaxxer.hikari.HikariDataSource       : HikariPool-11 - Start completed.
2025-05-13T00:16:12.518+07:00  WARN 28448 --- [restartedMain] org.hibernate.orm.deprecation            : HHH90000025: MySQL8Dialect does not need to be specified explicitly using 'hibernate.dialect' (remove the property setting and it will be selected by default)
2025-05-13T00:16:12.519+07:00  WARN 28448 --- [restartedMain] org.hibernate.orm.deprecation            : HHH90000026: MySQL8Dialect has been deprecated; use org.hibernate.dialect.MySQLDialect instead
2025-05-13T00:16:12.519+07:00  INFO 28448 --- [restartedMain] org.hibernate.orm.connections.pooling    : HHH10001005: Database info:
	Database JDBC URL [Connecting through datasource 'HikariDataSource (HikariPool-11)']
	Database driver: undefined/unknown
	Database version: 8.0
	Autocommit mode: undefined/unknown
	Isolation level: undefined/unknown
	Minimum pool size: undefined/unknown
	Maximum pool size: undefined/unknown
2025-05-13T00:16:12.797+07:00  INFO 28448 --- [restartedMain] o.h.e.t.j.p.i.JtaPlatformInitiator       : HHH000489: No JTA platform available (set 'hibernate.transaction.jta.platform' to enable JTA platform integration)
2025-05-13T00:16:12.798+07:00  INFO 28448 --- [restartedMain] j.LocalContainerEntityManagerFactoryBean : Initialized JPA EntityManagerFactory for persistence unit 'default'
2025-05-13T00:16:13.122+07:00  WARN 28448 --- [restartedMain] JpaBaseConfiguration$JpaWebConfiguration : spring.jpa.open-in-view is enabled by default. Therefore, database queries may be performed during view rendering. Explicitly configure spring.jpa.open-in-view to disable this warning
2025-05-13T00:16:13.450+07:00  INFO 28448 --- [restartedMain] o.s.b.d.a.OptionalLiveReloadServer       : LiveReload server is running on port 35729
2025-05-13T00:16:13.494+07:00  INFO 28448 --- [restartedMain] o.s.b.w.embedded.tomcat.TomcatWebServer  : Tomcat started on port 8080 (http) with context path '/'
2025-05-13T00:16:13.505+07:00  INFO 28448 --- [restartedMain] c.r.backend.BackendApplication           : Started BackendApplication in 2.049 seconds (process running for 16200.335)
2025-05-13T00:16:13.509+07:00  INFO 28448 --- [restartedMain] .ConditionEvaluationDeltaLoggingListener : Condition evaluation unchanged
2025-05-13T00:16:14.913+07:00  INFO 28448 --- [File Watcher] rtingClassPathChangeChangedEventListener : Restarting due to 1 class path change (1 addition, 0 deletions, 0 modifications)
2025-05-13T00:16:14.916+07:00  INFO 28448 --- [Thread-43] o.s.b.w.e.tomcat.GracefulShutdown        : Commencing graceful shutdown. Waiting for active requests to complete
2025-05-13T00:16:14.930+07:00  INFO 28448 --- [tomcat-shutdown] o.s.b.w.e.tomcat.GracefulShutdown        : Graceful shutdown complete
2025-05-13T00:16:14.934+07:00  INFO 28448 --- [Thread-43] j.LocalContainerEntityManagerFactoryBean : Closing JPA EntityManagerFactory for persistence unit 'default'
2025-05-13T00:16:14.935+07:00  INFO 28448 --- [Thread-43] com.zaxxer.hikari.HikariDataSource       : HikariPool-11 - Shutdown initiated...
2025-05-13T00:16:14.941+07:00  INFO 28448 --- [Thread-43] com.zaxxer.hikari.HikariDataSource       : HikariPool-11 - Shutdown completed.
2025-05-13T00:16:15.117+07:00  INFO 28448 --- [restartedMain] c.r.backend.BackendApplication           : Starting BackendApplication using Java 23 with PID 28448 (C:\RecipeSharingWebsite\backend\target\classes started by haiye in C:\RecipeSharingWebsite\backend)
2025-05-13T00:16:15.118+07:00  INFO 28448 --- [restartedMain] c.r.backend.BackendApplication           : No active profile set, falling back to 1 default profile: "default"
2025-05-13T00:16:15.489+07:00  INFO 28448 --- [restartedMain] .s.d.r.c.RepositoryConfigurationDelegate : Bootstrapping Spring Data JPA repositories in DEFAULT mode.
2025-05-13T00:16:15.533+07:00  INFO 28448 --- [restartedMain] .s.d.r.c.RepositoryConfigurationDelegate : Finished Spring Data repository scanning in 42 ms. Found 7 JPA repository interfaces.
2025-05-13T00:16:15.718+07:00  INFO 28448 --- [restartedMain] o.s.b.w.embedded.tomcat.TomcatWebServer  : Tomcat initialized with port 8080 (http)
2025-05-13T00:16:15.719+07:00  INFO 28448 --- [restartedMain] o.apache.catalina.core.StandardService   : Starting service [Tomcat]
2025-05-13T00:16:15.719+07:00  INFO 28448 --- [restartedMain] o.apache.catalina.core.StandardEngine    : Starting Servlet engine: [Apache Tomcat/10.1.40]
2025-05-13T00:16:15.766+07:00  INFO 28448 --- [restartedMain] o.a.c.c.C.[Tomcat].[localhost].[/]       : Initializing Spring embedded WebApplicationContext
2025-05-13T00:16:15.766+07:00  INFO 28448 --- [restartedMain] w.s.c.ServletWebServerApplicationContext : Root WebApplicationContext: initialization completed in 644 ms
2025-05-13T00:16:15.837+07:00  INFO 28448 --- [restartedMain] o.hibernate.jpa.internal.util.LogHelper  : HHH000204: Processing PersistenceUnitInfo [name: default]
2025-05-13T00:16:15.843+07:00  INFO 28448 --- [restartedMain] o.h.c.internal.RegionFactoryInitiator    : HHH000026: Second-level cache disabled
2025-05-13T00:16:15.855+07:00  INFO 28448 --- [restartedMain] o.s.o.j.p.SpringPersistenceUnitInfo      : No LoadTimeWeaver setup: ignoring JPA class transformer
2025-05-13T00:16:15.857+07:00  INFO 28448 --- [restartedMain] com.zaxxer.hikari.HikariDataSource       : HikariPool-12 - Starting...
2025-05-13T00:16:15.863+07:00  INFO 28448 --- [restartedMain] com.zaxxer.hikari.pool.HikariPool        : HikariPool-12 - Added connection com.mysql.cj.jdbc.ConnectionImpl@52c1475c
2025-05-13T00:16:15.863+07:00  INFO 28448 --- [restartedMain] com.zaxxer.hikari.HikariDataSource       : HikariPool-12 - Start completed.
2025-05-13T00:16:15.863+07:00  WARN 28448 --- [restartedMain] org.hibernate.orm.deprecation            : HHH90000025: MySQL8Dialect does not need to be specified explicitly using 'hibernate.dialect' (remove the property setting and it will be selected by default)
2025-05-13T00:16:15.863+07:00  WARN 28448 --- [restartedMain] org.hibernate.orm.deprecation            : HHH90000026: MySQL8Dialect has been deprecated; use org.hibernate.dialect.MySQLDialect instead
2025-05-13T00:16:15.863+07:00  INFO 28448 --- [restartedMain] org.hibernate.orm.connections.pooling    : HHH10001005: Database info:
	Database JDBC URL [Connecting through datasource 'HikariDataSource (HikariPool-12)']
	Database driver: undefined/unknown
	Database version: 8.0
	Autocommit mode: undefined/unknown
	Isolation level: undefined/unknown
	Minimum pool size: undefined/unknown
	Maximum pool size: undefined/unknown
2025-05-13T00:16:16.123+07:00  INFO 28448 --- [restartedMain] o.h.e.t.j.p.i.JtaPlatformInitiator       : HHH000489: No JTA platform available (set 'hibernate.transaction.jta.platform' to enable JTA platform integration)
2025-05-13T00:16:16.124+07:00  INFO 28448 --- [restartedMain] j.LocalContainerEntityManagerFactoryBean : Initialized JPA EntityManagerFactory for persistence unit 'default'
2025-05-13T00:16:16.391+07:00  WARN 28448 --- [restartedMain] JpaBaseConfiguration$JpaWebConfiguration : spring.jpa.open-in-view is enabled by default. Therefore, database queries may be performed during view rendering. Explicitly configure spring.jpa.open-in-view to disable this warning
2025-05-13T00:16:16.591+07:00  INFO 28448 --- [restartedMain] o.s.b.d.a.OptionalLiveReloadServer       : LiveReload server is running on port 35729
2025-05-13T00:16:16.620+07:00  INFO 28448 --- [restartedMain] o.s.b.w.embedded.tomcat.TomcatWebServer  : Tomcat started on port 8080 (http) with context path '/'
2025-05-13T00:16:16.633+07:00  INFO 28448 --- [restartedMain] c.r.backend.BackendApplication           : Started BackendApplication in 1.582 seconds (process running for 16203.462)
2025-05-13T00:16:16.634+07:00  INFO 28448 --- [restartedMain] .ConditionEvaluationDeltaLoggingListener : Condition evaluation unchanged
2025-05-13T00:18:24.649+07:00  INFO 28448 --- [File Watcher] rtingClassPathChangeChangedEventListener : Restarting due to 1 class path change (0 additions, 1 deletion, 0 modifications)
2025-05-13T00:18:24.651+07:00  INFO 28448 --- [Thread-47] o.s.b.w.e.tomcat.GracefulShutdown        : Commencing graceful shutdown. Waiting for active requests to complete
2025-05-13T00:18:24.664+07:00  INFO 28448 --- [tomcat-shutdown] o.s.b.w.e.tomcat.GracefulShutdown        : Graceful shutdown complete
2025-05-13T00:18:24.668+07:00  INFO 28448 --- [Thread-47] j.LocalContainerEntityManagerFactoryBean : Closing JPA EntityManagerFactory for persistence unit 'default'
2025-05-13T00:18:24.669+07:00  INFO 28448 --- [Thread-47] com.zaxxer.hikari.HikariDataSource       : HikariPool-12 - Shutdown initiated...
2025-05-13T00:18:24.673+07:00  INFO 28448 --- [Thread-47] com.zaxxer.hikari.HikariDataSource       : HikariPool-12 - Shutdown completed.
2025-05-13T00:18:24.798+07:00  INFO 28448 --- [restartedMain] c.r.backend.BackendApplication           : Starting BackendApplication using Java 23 with PID 28448 (C:\RecipeSharingWebsite\backend\target\classes started by haiye in C:\RecipeSharingWebsite\backend)
2025-05-13T00:18:24.798+07:00  INFO 28448 --- [restartedMain] c.r.backend.BackendApplication           : No active profile set, falling back to 1 default profile: "default"
2025-05-13T00:18:25.067+07:00  INFO 28448 --- [restartedMain] .s.d.r.c.RepositoryConfigurationDelegate : Bootstrapping Spring Data JPA repositories in DEFAULT mode.
2025-05-13T00:18:25.100+07:00  INFO 28448 --- [restartedMain] .s.d.r.c.RepositoryConfigurationDelegate : Finished Spring Data repository scanning in 30 ms. Found 7 JPA repository interfaces.
2025-05-13T00:18:25.232+07:00  INFO 28448 --- [restartedMain] o.s.b.w.embedded.tomcat.TomcatWebServer  : Tomcat initialized with port 8080 (http)
2025-05-13T00:18:25.232+07:00  INFO 28448 --- [restartedMain] o.apache.catalina.core.StandardService   : Starting service [Tomcat]
2025-05-13T00:18:25.233+07:00  INFO 28448 --- [restartedMain] o.apache.catalina.core.StandardEngine    : Starting Servlet engine: [Apache Tomcat/10.1.40]
2025-05-13T00:18:25.260+07:00  INFO 28448 --- [restartedMain] o.a.c.c.C.[Tomcat].[localhost].[/]       : Initializing Spring embedded WebApplicationContext
2025-05-13T00:18:25.260+07:00  INFO 28448 --- [restartedMain] w.s.c.ServletWebServerApplicationContext : Root WebApplicationContext: initialization completed in 459 ms
2025-05-13T00:18:25.307+07:00  INFO 28448 --- [restartedMain] o.hibernate.jpa.internal.util.LogHelper  : HHH000204: Processing PersistenceUnitInfo [name: default]
2025-05-13T00:18:25.310+07:00  INFO 28448 --- [restartedMain] o.h.c.internal.RegionFactoryInitiator    : HHH000026: Second-level cache disabled
2025-05-13T00:18:25.323+07:00  INFO 28448 --- [restartedMain] o.s.o.j.p.SpringPersistenceUnitInfo      : No LoadTimeWeaver setup: ignoring JPA class transformer
2025-05-13T00:18:25.324+07:00  INFO 28448 --- [restartedMain] com.zaxxer.hikari.HikariDataSource       : HikariPool-13 - Starting...
2025-05-13T00:18:25.332+07:00  INFO 28448 --- [restartedMain] com.zaxxer.hikari.pool.HikariPool        : HikariPool-13 - Added connection com.mysql.cj.jdbc.ConnectionImpl@542b14c5
2025-05-13T00:18:25.332+07:00  INFO 28448 --- [restartedMain] com.zaxxer.hikari.HikariDataSource       : HikariPool-13 - Start completed.
2025-05-13T00:18:25.333+07:00  WARN 28448 --- [restartedMain] org.hibernate.orm.deprecation            : HHH90000025: MySQL8Dialect does not need to be specified explicitly using 'hibernate.dialect' (remove the property setting and it will be selected by default)
2025-05-13T00:18:25.333+07:00  WARN 28448 --- [restartedMain] org.hibernate.orm.deprecation            : HHH90000026: MySQL8Dialect has been deprecated; use org.hibernate.dialect.MySQLDialect instead
2025-05-13T00:18:25.333+07:00  INFO 28448 --- [restartedMain] org.hibernate.orm.connections.pooling    : HHH10001005: Database info:
	Database JDBC URL [Connecting through datasource 'HikariDataSource (HikariPool-13)']
	Database driver: undefined/unknown
	Database version: 8.0
	Autocommit mode: undefined/unknown
	Isolation level: undefined/unknown
	Minimum pool size: undefined/unknown
	Maximum pool size: undefined/unknown
2025-05-13T00:18:25.571+07:00  INFO 28448 --- [restartedMain] o.h.e.t.j.p.i.JtaPlatformInitiator       : HHH000489: No JTA platform available (set 'hibernate.transaction.jta.platform' to enable JTA platform integration)
2025-05-13T00:18:25.572+07:00  INFO 28448 --- [restartedMain] j.LocalContainerEntityManagerFactoryBean : Initialized JPA EntityManagerFactory for persistence unit 'default'
2025-05-13T00:18:25.767+07:00  WARN 28448 --- [restartedMain] JpaBaseConfiguration$JpaWebConfiguration : spring.jpa.open-in-view is enabled by default. Therefore, database queries may be performed during view rendering. Explicitly configure spring.jpa.open-in-view to disable this warning
2025-05-13T00:18:25.918+07:00  INFO 28448 --- [restartedMain] o.s.b.d.a.OptionalLiveReloadServer       : LiveReload server is running on port 35729
2025-05-13T00:18:25.938+07:00  INFO 28448 --- [restartedMain] o.s.b.w.embedded.tomcat.TomcatWebServer  : Tomcat started on port 8080 (http) with context path '/'
2025-05-13T00:18:25.943+07:00  INFO 28448 --- [restartedMain] c.r.backend.BackendApplication           : Started BackendApplication in 1.186 seconds (process running for 16332.771)
2025-05-13T00:18:25.943+07:00  INFO 28448 --- [restartedMain] .ConditionEvaluationDeltaLoggingListener : Condition evaluation unchanged
2025-05-13T00:18:27.362+07:00  INFO 28448 --- [File Watcher] rtingClassPathChangeChangedEventListener : Restarting due to 1 class path change (1 addition, 0 deletions, 0 modifications)
2025-05-13T00:18:27.363+07:00  INFO 28448 --- [Thread-51] o.s.b.w.e.tomcat.GracefulShutdown        : Commencing graceful shutdown. Waiting for active requests to complete
2025-05-13T00:18:27.372+07:00  INFO 28448 --- [tomcat-shutdown] o.s.b.w.e.tomcat.GracefulShutdown        : Graceful shutdown complete
2025-05-13T00:18:27.375+07:00  INFO 28448 --- [Thread-51] j.LocalContainerEntityManagerFactoryBean : Closing JPA EntityManagerFactory for persistence unit 'default'
2025-05-13T00:18:27.375+07:00  INFO 28448 --- [Thread-51] com.zaxxer.hikari.HikariDataSource       : HikariPool-13 - Shutdown initiated...
2025-05-13T00:18:27.378+07:00  INFO 28448 --- [Thread-51] com.zaxxer.hikari.HikariDataSource       : HikariPool-13 - Shutdown completed.
2025-05-13T00:18:27.528+07:00  INFO 28448 --- [restartedMain] c.r.backend.BackendApplication           : Starting BackendApplication using Java 23 with PID 28448 (C:\RecipeSharingWebsite\backend\target\classes started by haiye in C:\RecipeSharingWebsite\backend)
2025-05-13T00:18:27.528+07:00  INFO 28448 --- [restartedMain] c.r.backend.BackendApplication           : No active profile set, falling back to 1 default profile: "default"
2025-05-13T00:18:28.036+07:00  INFO 28448 --- [restartedMain] .s.d.r.c.RepositoryConfigurationDelegate : Bootstrapping Spring Data JPA repositories in DEFAULT mode.
2025-05-13T00:18:28.091+07:00  INFO 28448 --- [restartedMain] .s.d.r.c.RepositoryConfigurationDelegate : Finished Spring Data repository scanning in 52 ms. Found 7 JPA repository interfaces.
2025-05-13T00:18:28.310+07:00  INFO 28448 --- [restartedMain] o.s.b.w.embedded.tomcat.TomcatWebServer  : Tomcat initialized with port 8080 (http)
2025-05-13T00:18:28.313+07:00  INFO 28448 --- [restartedMain] o.apache.catalina.core.StandardService   : Starting service [Tomcat]
2025-05-13T00:18:28.313+07:00  INFO 28448 --- [restartedMain] o.apache.catalina.core.StandardEngine    : Starting Servlet engine: [Apache Tomcat/10.1.40]
2025-05-13T00:18:28.369+07:00  INFO 28448 --- [restartedMain] o.a.c.c.C.[Tomcat].[localhost].[/]       : Initializing Spring embedded WebApplicationContext
2025-05-13T00:18:28.370+07:00  INFO 28448 --- [restartedMain] w.s.c.ServletWebServerApplicationContext : Root WebApplicationContext: initialization completed in 837 ms
2025-05-13T00:18:28.446+07:00  INFO 28448 --- [restartedMain] o.hibernate.jpa.internal.util.LogHelper  : HHH000204: Processing PersistenceUnitInfo [name: default]
2025-05-13T00:18:28.452+07:00  INFO 28448 --- [restartedMain] o.h.c.internal.RegionFactoryInitiator    : HHH000026: Second-level cache disabled
2025-05-13T00:18:28.474+07:00  INFO 28448 --- [restartedMain] o.s.o.j.p.SpringPersistenceUnitInfo      : No LoadTimeWeaver setup: ignoring JPA class transformer
2025-05-13T00:18:28.475+07:00  INFO 28448 --- [restartedMain] com.zaxxer.hikari.HikariDataSource       : HikariPool-14 - Starting...
2025-05-13T00:18:28.480+07:00  INFO 28448 --- [restartedMain] com.zaxxer.hikari.pool.HikariPool        : HikariPool-14 - Added connection com.mysql.cj.jdbc.ConnectionImpl@67a07ce1
2025-05-13T00:18:28.482+07:00  INFO 28448 --- [restartedMain] com.zaxxer.hikari.HikariDataSource       : HikariPool-14 - Start completed.
2025-05-13T00:18:28.483+07:00  WARN 28448 --- [restartedMain] org.hibernate.orm.deprecation            : HHH90000025: MySQL8Dialect does not need to be specified explicitly using 'hibernate.dialect' (remove the property setting and it will be selected by default)
2025-05-13T00:18:28.483+07:00  WARN 28448 --- [restartedMain] org.hibernate.orm.deprecation            : HHH90000026: MySQL8Dialect has been deprecated; use org.hibernate.dialect.MySQLDialect instead
2025-05-13T00:18:28.483+07:00  INFO 28448 --- [restartedMain] org.hibernate.orm.connections.pooling    : HHH10001005: Database info:
	Database JDBC URL [Connecting through datasource 'HikariDataSource (HikariPool-14)']
	Database driver: undefined/unknown
	Database version: 8.0
	Autocommit mode: undefined/unknown
	Isolation level: undefined/unknown
	Minimum pool size: undefined/unknown
	Maximum pool size: undefined/unknown
2025-05-13T00:18:28.833+07:00  INFO 28448 --- [restartedMain] o.h.e.t.j.p.i.JtaPlatformInitiator       : HHH000489: No JTA platform available (set 'hibernate.transaction.jta.platform' to enable JTA platform integration)
2025-05-13T00:18:28.834+07:00  INFO 28448 --- [restartedMain] j.LocalContainerEntityManagerFactoryBean : Initialized JPA EntityManagerFactory for persistence unit 'default'
2025-05-13T00:18:29.134+07:00  WARN 28448 --- [restartedMain] JpaBaseConfiguration$JpaWebConfiguration : spring.jpa.open-in-view is enabled by default. Therefore, database queries may be performed during view rendering. Explicitly configure spring.jpa.open-in-view to disable this warning
2025-05-13T00:18:29.374+07:00  INFO 28448 --- [restartedMain] o.s.b.d.a.OptionalLiveReloadServer       : LiveReload server is running on port 35729
2025-05-13T00:18:29.399+07:00  INFO 28448 --- [restartedMain] o.s.b.w.embedded.tomcat.TomcatWebServer  : Tomcat started on port 8080 (http) with context path '/'
2025-05-13T00:18:29.410+07:00  INFO 28448 --- [restartedMain] c.r.backend.BackendApplication           : Started BackendApplication in 1.946 seconds (process running for 16336.239)
2025-05-13T00:18:29.412+07:00  INFO 28448 --- [restartedMain] .ConditionEvaluationDeltaLoggingListener : Condition evaluation unchanged
2025-05-13T00:19:11.156+07:00  INFO 28448 --- [File Watcher] rtingClassPathChangeChangedEventListener : Restarting due to 1 class path change (0 additions, 1 deletion, 0 modifications)
2025-05-13T00:19:11.158+07:00  INFO 28448 --- [Thread-55] o.s.b.w.e.tomcat.GracefulShutdown        : Commencing graceful shutdown. Waiting for active requests to complete
2025-05-13T00:19:11.170+07:00  INFO 28448 --- [tomcat-shutdown] o.s.b.w.e.tomcat.GracefulShutdown        : Graceful shutdown complete
2025-05-13T00:19:11.173+07:00  INFO 28448 --- [Thread-55] j.LocalContainerEntityManagerFactoryBean : Closing JPA EntityManagerFactory for persistence unit 'default'
2025-05-13T00:19:11.173+07:00  INFO 28448 --- [Thread-55] com.zaxxer.hikari.HikariDataSource       : HikariPool-14 - Shutdown initiated...
2025-05-13T00:19:11.176+07:00  INFO 28448 --- [Thread-55] com.zaxxer.hikari.HikariDataSource       : HikariPool-14 - Shutdown completed.
2025-05-13T00:19:11.295+07:00  INFO 28448 --- [restartedMain] c.r.backend.BackendApplication           : Starting BackendApplication using Java 23 with PID 28448 (C:\RecipeSharingWebsite\backend\target\classes started by haiye in C:\RecipeSharingWebsite\backend)
2025-05-13T00:19:11.296+07:00  INFO 28448 --- [restartedMain] c.r.backend.BackendApplication           : No active profile set, falling back to 1 default profile: "default"
2025-05-13T00:19:11.530+07:00  INFO 28448 --- [restartedMain] .s.d.r.c.RepositoryConfigurationDelegate : Bootstrapping Spring Data JPA repositories in DEFAULT mode.
2025-05-13T00:19:11.557+07:00  INFO 28448 --- [restartedMain] .s.d.r.c.RepositoryConfigurationDelegate : Finished Spring Data repository scanning in 26 ms. Found 7 JPA repository interfaces.
2025-05-13T00:19:11.684+07:00  INFO 28448 --- [restartedMain] o.s.b.w.embedded.tomcat.TomcatWebServer  : Tomcat initialized with port 8080 (http)
2025-05-13T00:19:11.685+07:00  INFO 28448 --- [restartedMain] o.apache.catalina.core.StandardService   : Starting service [Tomcat]
2025-05-13T00:19:11.685+07:00  INFO 28448 --- [restartedMain] o.apache.catalina.core.StandardEngine    : Starting Servlet engine: [Apache Tomcat/10.1.40]
2025-05-13T00:19:11.725+07:00  INFO 28448 --- [restartedMain] o.a.c.c.C.[Tomcat].[localhost].[/]       : Initializing Spring embedded WebApplicationContext
2025-05-13T00:19:11.726+07:00  INFO 28448 --- [restartedMain] w.s.c.ServletWebServerApplicationContext : Root WebApplicationContext: initialization completed in 425 ms
2025-05-13T00:19:11.773+07:00  INFO 28448 --- [restartedMain] o.hibernate.jpa.internal.util.LogHelper  : HHH000204: Processing PersistenceUnitInfo [name: default]
2025-05-13T00:19:11.774+07:00  INFO 28448 --- [restartedMain] o.h.c.internal.RegionFactoryInitiator    : HHH000026: Second-level cache disabled
2025-05-13T00:19:11.786+07:00  INFO 28448 --- [restartedMain] o.s.o.j.p.SpringPersistenceUnitInfo      : No LoadTimeWeaver setup: ignoring JPA class transformer
2025-05-13T00:19:11.786+07:00  INFO 28448 --- [restartedMain] com.zaxxer.hikari.HikariDataSource       : HikariPool-15 - Starting...
2025-05-13T00:19:11.793+07:00  INFO 28448 --- [restartedMain] com.zaxxer.hikari.pool.HikariPool        : HikariPool-15 - Added connection com.mysql.cj.jdbc.ConnectionImpl@4825e9f5
2025-05-13T00:19:11.793+07:00  INFO 28448 --- [restartedMain] com.zaxxer.hikari.HikariDataSource       : HikariPool-15 - Start completed.
2025-05-13T00:19:11.794+07:00  WARN 28448 --- [restartedMain] org.hibernate.orm.deprecation            : HHH90000025: MySQL8Dialect does not need to be specified explicitly using 'hibernate.dialect' (remove the property setting and it will be selected by default)
2025-05-13T00:19:11.794+07:00  WARN 28448 --- [restartedMain] org.hibernate.orm.deprecation            : HHH90000026: MySQL8Dialect has been deprecated; use org.hibernate.dialect.MySQLDialect instead
2025-05-13T00:19:11.794+07:00  INFO 28448 --- [restartedMain] org.hibernate.orm.connections.pooling    : HHH10001005: Database info:
	Database JDBC URL [Connecting through datasource 'HikariDataSource (HikariPool-15)']
	Database driver: undefined/unknown
	Database version: 8.0
	Autocommit mode: undefined/unknown
	Isolation level: undefined/unknown
	Minimum pool size: undefined/unknown
	Maximum pool size: undefined/unknown
2025-05-13T00:19:11.960+07:00  INFO 28448 --- [restartedMain] o.h.e.t.j.p.i.JtaPlatformInitiator       : HHH000489: No JTA platform available (set 'hibernate.transaction.jta.platform' to enable JTA platform integration)
2025-05-13T00:19:11.961+07:00  INFO 28448 --- [restartedMain] j.LocalContainerEntityManagerFactoryBean : Initialized JPA EntityManagerFactory for persistence unit 'default'
2025-05-13T00:19:12.140+07:00  WARN 28448 --- [restartedMain] JpaBaseConfiguration$JpaWebConfiguration : spring.jpa.open-in-view is enabled by default. Therefore, database queries may be performed during view rendering. Explicitly configure spring.jpa.open-in-view to disable this warning
2025-05-13T00:19:12.253+07:00  INFO 28448 --- [restartedMain] o.s.b.d.a.OptionalLiveReloadServer       : LiveReload server is running on port 35729
2025-05-13T00:19:12.270+07:00  INFO 28448 --- [restartedMain] o.s.b.w.embedded.tomcat.TomcatWebServer  : Tomcat started on port 8080 (http) with context path '/'
2025-05-13T00:19:12.275+07:00  INFO 28448 --- [restartedMain] c.r.backend.BackendApplication           : Started BackendApplication in 1.015 seconds (process running for 16379.104)
2025-05-13T00:19:12.276+07:00  INFO 28448 --- [restartedMain] .ConditionEvaluationDeltaLoggingListener : Condition evaluation unchanged
2025-05-13T00:19:13.700+07:00  INFO 28448 --- [File Watcher] rtingClassPathChangeChangedEventListener : Restarting due to 1 class path change (1 addition, 0 deletions, 0 modifications)
2025-05-13T00:19:13.701+07:00  INFO 28448 --- [Thread-59] o.s.b.w.e.tomcat.GracefulShutdown        : Commencing graceful shutdown. Waiting for active requests to complete
2025-05-13T00:19:13.706+07:00  INFO 28448 --- [tomcat-shutdown] o.s.b.w.e.tomcat.GracefulShutdown        : Graceful shutdown complete
2025-05-13T00:19:13.708+07:00  INFO 28448 --- [Thread-59] j.LocalContainerEntityManagerFactoryBean : Closing JPA EntityManagerFactory for persistence unit 'default'
2025-05-13T00:19:13.709+07:00  INFO 28448 --- [Thread-59] com.zaxxer.hikari.HikariDataSource       : HikariPool-15 - Shutdown initiated...
2025-05-13T00:19:13.710+07:00  INFO 28448 --- [Thread-59] com.zaxxer.hikari.HikariDataSource       : HikariPool-15 - Shutdown completed.
2025-05-13T00:19:13.822+07:00  INFO 28448 --- [restartedMain] c.r.backend.BackendApplication           : Starting BackendApplication using Java 23 with PID 28448 (C:\RecipeSharingWebsite\backend\target\classes started by haiye in C:\RecipeSharingWebsite\backend)
2025-05-13T00:19:13.823+07:00  INFO 28448 --- [restartedMain] c.r.backend.BackendApplication           : No active profile set, falling back to 1 default profile: "default"
2025-05-13T00:19:14.199+07:00  INFO 28448 --- [restartedMain] .s.d.r.c.RepositoryConfigurationDelegate : Bootstrapping Spring Data JPA repositories in DEFAULT mode.
2025-05-13T00:19:14.252+07:00  INFO 28448 --- [restartedMain] .s.d.r.c.RepositoryConfigurationDelegate : Finished Spring Data repository scanning in 50 ms. Found 7 JPA repository interfaces.
2025-05-13T00:19:14.429+07:00  INFO 28448 --- [restartedMain] o.s.b.w.embedded.tomcat.TomcatWebServer  : Tomcat initialized with port 8080 (http)
2025-05-13T00:19:14.431+07:00  INFO 28448 --- [restartedMain] o.apache.catalina.core.StandardService   : Starting service [Tomcat]
2025-05-13T00:19:14.431+07:00  INFO 28448 --- [restartedMain] o.apache.catalina.core.StandardEngine    : Starting Servlet engine: [Apache Tomcat/10.1.40]
2025-05-13T00:19:14.480+07:00  INFO 28448 --- [restartedMain] o.a.c.c.C.[Tomcat].[localhost].[/]       : Initializing Spring embedded WebApplicationContext
2025-05-13T00:19:14.480+07:00  INFO 28448 --- [restartedMain] w.s.c.ServletWebServerApplicationContext : Root WebApplicationContext: initialization completed in 654 ms
2025-05-13T00:19:14.541+07:00  INFO 28448 --- [restartedMain] o.hibernate.jpa.internal.util.LogHelper  : HHH000204: Processing PersistenceUnitInfo [name: default]
2025-05-13T00:19:14.547+07:00  INFO 28448 --- [restartedMain] o.h.c.internal.RegionFactoryInitiator    : HHH000026: Second-level cache disabled
2025-05-13T00:19:14.564+07:00  INFO 28448 --- [restartedMain] o.s.o.j.p.SpringPersistenceUnitInfo      : No LoadTimeWeaver setup: ignoring JPA class transformer
2025-05-13T00:19:14.567+07:00  INFO 28448 --- [restartedMain] com.zaxxer.hikari.HikariDataSource       : HikariPool-16 - Starting...
2025-05-13T00:19:14.575+07:00  INFO 28448 --- [restartedMain] com.zaxxer.hikari.pool.HikariPool        : HikariPool-16 - Added connection com.mysql.cj.jdbc.ConnectionImpl@568b0995
2025-05-13T00:19:14.575+07:00  INFO 28448 --- [restartedMain] com.zaxxer.hikari.HikariDataSource       : HikariPool-16 - Start completed.
2025-05-13T00:19:14.575+07:00  WARN 28448 --- [restartedMain] org.hibernate.orm.deprecation            : HHH90000025: MySQL8Dialect does not need to be specified explicitly using 'hibernate.dialect' (remove the property setting and it will be selected by default)
2025-05-13T00:19:14.575+07:00  WARN 28448 --- [restartedMain] org.hibernate.orm.deprecation            : HHH90000026: MySQL8Dialect has been deprecated; use org.hibernate.dialect.MySQLDialect instead
2025-05-13T00:19:14.575+07:00  INFO 28448 --- [restartedMain] org.hibernate.orm.connections.pooling    : HHH10001005: Database info:
	Database JDBC URL [Connecting through datasource 'HikariDataSource (HikariPool-16)']
	Database driver: undefined/unknown
	Database version: 8.0
	Autocommit mode: undefined/unknown
	Isolation level: undefined/unknown
	Minimum pool size: undefined/unknown
	Maximum pool size: undefined/unknown
2025-05-13T00:19:14.867+07:00  INFO 28448 --- [restartedMain] o.h.e.t.j.p.i.JtaPlatformInitiator       : HHH000489: No JTA platform available (set 'hibernate.transaction.jta.platform' to enable JTA platform integration)
2025-05-13T00:19:14.867+07:00  INFO 28448 --- [restartedMain] j.LocalContainerEntityManagerFactoryBean : Initialized JPA EntityManagerFactory for persistence unit 'default'
2025-05-13T00:19:15.140+07:00  WARN 28448 --- [restartedMain] JpaBaseConfiguration$JpaWebConfiguration : spring.jpa.open-in-view is enabled by default. Therefore, database queries may be performed during view rendering. Explicitly configure spring.jpa.open-in-view to disable this warning
2025-05-13T00:19:15.383+07:00  INFO 28448 --- [restartedMain] o.s.b.d.a.OptionalLiveReloadServer       : LiveReload server is running on port 35729
2025-05-13T00:19:15.408+07:00  INFO 28448 --- [restartedMain] o.s.b.w.embedded.tomcat.TomcatWebServer  : Tomcat started on port 8080 (http) with context path '/'
2025-05-13T00:19:15.414+07:00  INFO 28448 --- [restartedMain] c.r.backend.BackendApplication           : Started BackendApplication in 1.645 seconds (process running for 16382.243)
2025-05-13T00:19:15.416+07:00  INFO 28448 --- [restartedMain] .ConditionEvaluationDeltaLoggingListener : Condition evaluation unchanged
2025-05-13T00:19:18.861+07:00  INFO 28448 --- [http-nio-8080-exec-1] o.a.c.c.C.[Tomcat].[localhost].[/]       : Initializing Spring DispatcherServlet 'dispatcherServlet'
2025-05-13T00:19:18.861+07:00  INFO 28448 --- [http-nio-8080-exec-1] o.s.web.servlet.DispatcherServlet        : Initializing Servlet 'dispatcherServlet'
2025-05-13T00:19:18.862+07:00  INFO 28448 --- [http-nio-8080-exec-1] o.s.web.servlet.DispatcherServlet        : Completed initialization in 1 ms
2025-05-13T00:19:18.866+07:00 DEBUG 28448 --- [http-nio-8080-exec-1] org.hibernate.SQL                        : 
    select
        u1_0.id,
        u1_0.avatar_url,
        u1_0.date_of_birth,
        u1_0.full_name,
        u1_0.username 
    from
        users u1_0 
    where
        u1_0.username=?
2025-05-13T00:19:18.874+07:00 DEBUG 28448 --- [http-nio-8080-exec-1] org.hibernate.SQL                        : 
    select
        count(f1_0.id) 
    from
        follows f1_0 
    where
        f1_0.following_id=?
2025-05-13T00:19:18.878+07:00 DEBUG 28448 --- [http-nio-8080-exec-1] org.hibernate.SQL                        : 
    select
        count(f1_0.id) 
    from
        follows f1_0 
    where
        f1_0.follower_id=?
2025-05-13T00:19:18.882+07:00 DEBUG 28448 --- [http-nio-8080-exec-1] org.hibernate.SQL                        : 
    select
        r1_0.id,
        r1_0.user_id,
        r1_0.description,
        r1_0.image_url,
        r1_0.title 
    from
        recipes r1_0 
    where
        r1_0.user_id=?
2025-05-13T00:19:18.886+07:00 DEBUG 28448 --- [http-nio-8080-exec-1] org.hibernate.SQL                        : 
    select
        avg(r1_0.score) 
    from
        ratings r1_0 
    join
        recipes r2_0 
            on r2_0.id=r1_0.recipe_id 
    where
        r2_0.user_id=?
2025-05-13T00:19:18.890+07:00 DEBUG 28448 --- [http-nio-8080-exec-1] org.hibernate.SQL                        : 
    select
        u1_0.id,
        u1_0.avatar_url,
        u1_0.date_of_birth,
        u1_0.full_name,
        u1_0.username 
    from
        users u1_0 
    where
        u1_0.username=?
2025-05-13T00:19:18.894+07:00 DEBUG 28448 --- [http-nio-8080-exec-1] org.hibernate.SQL                        : 
    select
        r1_0.id,
        r1_0.user_id,
        r1_0.description,
        r1_0.image_url,
        r1_0.title 
    from
        recipes r1_0 
    where
        r1_0.user_id=?
2025-05-13T00:19:18.911+07:00 DEBUG 28448 --- [http-nio-8080-exec-1] org.hibernate.SQL                        : 
    select
        r1_0.recipe_id,
        r1_0.id,
        r1_0.rated_at,
        r1_0.score,
        u1_0.id,
        u1_0.avatar_url,
        u1_0.date_of_birth,
        u1_0.full_name,
        u1_0.username 
    from
        ratings r1_0 
    left join
        users u1_0 
            on u1_0.id=r1_0.user_id 
    where
        r1_0.recipe_id=?
2025-05-13T00:19:18.936+07:00 DEBUG 28448 --- [http-nio-8080-exec-1] org.hibernate.SQL                        : 
    select
        l1_0.recipe_id,
        l1_0.id,
        l1_0.liked_at,
        u1_0.id,
        u1_0.avatar_url,
        u1_0.date_of_birth,
        u1_0.full_name,
        u1_0.username 
    from
        likes l1_0 
    left join
        users u1_0 
            on u1_0.id=l1_0.user_id 
    where
        l1_0.recipe_id=?
2025-05-13T00:19:18.948+07:00 DEBUG 28448 --- [http-nio-8080-exec-1] org.hibernate.SQL                        : 
    select
        c1_0.id,
        c1_0.content,
        c1_0.created_at,
        c1_0.recipe_id,
        c1_0.user_id 
    from
        comments c1_0 
    where
        c1_0.recipe_id=?
2025-05-13T00:19:18.956+07:00 DEBUG 28448 --- [http-nio-8080-exec-1] org.hibernate.SQL                        : 
    select
        r1_0.recipe_id,
        r1_0.id,
        r1_0.rated_at,
        r1_0.score,
        u1_0.id,
        u1_0.avatar_url,
        u1_0.date_of_birth,
        u1_0.full_name,
        u1_0.username 
    from
        ratings r1_0 
    left join
        users u1_0 
            on u1_0.id=r1_0.user_id 
    where
        r1_0.recipe_id=?
2025-05-13T00:19:18.959+07:00 DEBUG 28448 --- [http-nio-8080-exec-1] org.hibernate.SQL                        : 
    select
        l1_0.recipe_id,
        l1_0.id,
        l1_0.liked_at,
        u1_0.id,
        u1_0.avatar_url,
        u1_0.date_of_birth,
        u1_0.full_name,
        u1_0.username 
    from
        likes l1_0 
    left join
        users u1_0 
            on u1_0.id=l1_0.user_id 
    where
        l1_0.recipe_id=?
2025-05-13T00:19:18.969+07:00 DEBUG 28448 --- [http-nio-8080-exec-1] org.hibernate.SQL                        : 
    select
        c1_0.id,
        c1_0.content,
        c1_0.created_at,
        c1_0.recipe_id,
        c1_0.user_id 
    from
        comments c1_0 
    where
        c1_0.recipe_id=?
2025-05-13T00:23:26.149+07:00 DEBUG 28448 --- [http-nio-8080-exec-5] org.hibernate.SQL                        : 
    select
        u1_0.id,
        u1_0.avatar_url,
        u1_0.date_of_birth,
        u1_0.full_name,
        u1_0.username 
    from
        users u1_0 
    where
        u1_0.username=?
2025-05-13T00:23:26.155+07:00 DEBUG 28448 --- [http-nio-8080-exec-5] org.hibernate.SQL                        : 
    select
        count(f1_0.id) 
    from
        follows f1_0 
    where
        f1_0.following_id=?
2025-05-13T00:23:26.157+07:00 DEBUG 28448 --- [http-nio-8080-exec-5] org.hibernate.SQL                        : 
    select
        count(f1_0.id) 
    from
        follows f1_0 
    where
        f1_0.follower_id=?
2025-05-13T00:23:26.159+07:00 DEBUG 28448 --- [http-nio-8080-exec-5] org.hibernate.SQL                        : 
    select
        r1_0.id,
        r1_0.user_id,
        r1_0.description,
        r1_0.image_url,
        r1_0.title 
    from
        recipes r1_0 
    where
        r1_0.user_id=?
2025-05-13T00:23:26.162+07:00 DEBUG 28448 --- [http-nio-8080-exec-5] org.hibernate.SQL                        : 
    select
        avg(r1_0.score) 
    from
        ratings r1_0 
    join
        recipes r2_0 
            on r2_0.id=r1_0.recipe_id 
    where
        r2_0.user_id=?
2025-05-13T00:23:26.165+07:00 DEBUG 28448 --- [http-nio-8080-exec-5] org.hibernate.SQL                        : 
    select
        u1_0.id,
        u1_0.avatar_url,
        u1_0.date_of_birth,
        u1_0.full_name,
        u1_0.username 
    from
        users u1_0 
    where
        u1_0.username=?
2025-05-13T00:23:26.169+07:00 DEBUG 28448 --- [http-nio-8080-exec-5] org.hibernate.SQL                        : 
    select
        r1_0.id,
        r1_0.user_id,
        r1_0.description,
        r1_0.image_url,
        r1_0.title 
    from
        recipes r1_0 
    where
        r1_0.user_id=?
2025-05-13T00:23:26.171+07:00 DEBUG 28448 --- [http-nio-8080-exec-5] org.hibernate.SQL                        : 
    select
        r1_0.recipe_id,
        r1_0.id,
        r1_0.rated_at,
        r1_0.score,
        u1_0.id,
        u1_0.avatar_url,
        u1_0.date_of_birth,
        u1_0.full_name,
        u1_0.username 
    from
        ratings r1_0 
    left join
        users u1_0 
            on u1_0.id=r1_0.user_id 
    where
        r1_0.recipe_id=?
2025-05-13T00:23:26.175+07:00 DEBUG 28448 --- [http-nio-8080-exec-5] org.hibernate.SQL                        : 
    select
        l1_0.recipe_id,
        l1_0.id,
        l1_0.liked_at,
        u1_0.id,
        u1_0.avatar_url,
        u1_0.date_of_birth,
        u1_0.full_name,
        u1_0.username 
    from
        likes l1_0 
    left join
        users u1_0 
            on u1_0.id=l1_0.user_id 
    where
        l1_0.recipe_id=?
2025-05-13T00:23:26.179+07:00 DEBUG 28448 --- [http-nio-8080-exec-5] org.hibernate.SQL                        : 
    select
        c1_0.id,
        c1_0.content,
        c1_0.created_at,
        c1_0.recipe_id,
        c1_0.user_id 
    from
        comments c1_0 
    where
        c1_0.recipe_id=?
2025-05-13T00:23:26.183+07:00 DEBUG 28448 --- [http-nio-8080-exec-5] org.hibernate.SQL                        : 
    select
        r1_0.recipe_id,
        r1_0.id,
        r1_0.rated_at,
        r1_0.score,
        u1_0.id,
        u1_0.avatar_url,
        u1_0.date_of_birth,
        u1_0.full_name,
        u1_0.username 
    from
        ratings r1_0 
    left join
        users u1_0 
            on u1_0.id=r1_0.user_id 
    where
        r1_0.recipe_id=?
2025-05-13T00:23:26.185+07:00 DEBUG 28448 --- [http-nio-8080-exec-5] org.hibernate.SQL                        : 
    select
        l1_0.recipe_id,
        l1_0.id,
        l1_0.liked_at,
        u1_0.id,
        u1_0.avatar_url,
        u1_0.date_of_birth,
        u1_0.full_name,
        u1_0.username 
    from
        likes l1_0 
    left join
        users u1_0 
            on u1_0.id=l1_0.user_id 
    where
        l1_0.recipe_id=?
2025-05-13T00:23:26.189+07:00 DEBUG 28448 --- [http-nio-8080-exec-5] org.hibernate.SQL                        : 
    select
        c1_0.id,
        c1_0.content,
        c1_0.created_at,
        c1_0.recipe_id,
        c1_0.user_id 
    from
        comments c1_0 
    where
        c1_0.recipe_id=?
2025-05-13T00:27:13.321+07:00 DEBUG 28448 --- [http-nio-8080-exec-2] org.hibernate.SQL                        : 
    select
        u1_0.id,
        u1_0.avatar_url,
        u1_0.date_of_birth,
        u1_0.full_name,
        u1_0.username 
    from
        users u1_0 
    where
        u1_0.username=?
2025-05-13T00:27:13.326+07:00 DEBUG 28448 --- [http-nio-8080-exec-2] org.hibernate.SQL                        : 
    select
        count(f1_0.id) 
    from
        follows f1_0 
    where
        f1_0.following_id=?
2025-05-13T00:27:13.327+07:00 DEBUG 28448 --- [http-nio-8080-exec-2] org.hibernate.SQL                        : 
    select
        count(f1_0.id) 
    from
        follows f1_0 
    where
        f1_0.follower_id=?
2025-05-13T00:27:13.332+07:00 DEBUG 28448 --- [http-nio-8080-exec-2] org.hibernate.SQL                        : 
    select
        r1_0.id,
        r1_0.user_id,
        r1_0.description,
        r1_0.image_url,
        r1_0.title 
    from
        recipes r1_0 
    where
        r1_0.user_id=?
2025-05-13T00:27:13.334+07:00 DEBUG 28448 --- [http-nio-8080-exec-2] org.hibernate.SQL                        : 
    select
        avg(r1_0.score) 
    from
        ratings r1_0 
    join
        recipes r2_0 
            on r2_0.id=r1_0.recipe_id 
    where
        r2_0.user_id=?
2025-05-13T00:27:13.337+07:00 DEBUG 28448 --- [http-nio-8080-exec-2] org.hibernate.SQL                        : 
    select
        u1_0.id,
        u1_0.avatar_url,
        u1_0.date_of_birth,
        u1_0.full_name,
        u1_0.username 
    from
        users u1_0 
    where
        u1_0.username=?
2025-05-13T00:27:13.340+07:00 DEBUG 28448 --- [http-nio-8080-exec-2] org.hibernate.SQL                        : 
    select
        r1_0.id,
        r1_0.user_id,
        r1_0.description,
        r1_0.image_url,
        r1_0.title 
    from
        recipes r1_0 
    where
        r1_0.user_id=?
2025-05-13T00:27:13.343+07:00 DEBUG 28448 --- [http-nio-8080-exec-2] org.hibernate.SQL                        : 
    select
        r1_0.recipe_id,
        r1_0.id,
        r1_0.rated_at,
        r1_0.score,
        u1_0.id,
        u1_0.avatar_url,
        u1_0.date_of_birth,
        u1_0.full_name,
        u1_0.username 
    from
        ratings r1_0 
    left join
        users u1_0 
            on u1_0.id=r1_0.user_id 
    where
        r1_0.recipe_id=?
2025-05-13T00:27:13.345+07:00 DEBUG 28448 --- [http-nio-8080-exec-2] org.hibernate.SQL                        : 
    select
        l1_0.recipe_id,
        l1_0.id,
        l1_0.liked_at,
        u1_0.id,
        u1_0.avatar_url,
        u1_0.date_of_birth,
        u1_0.full_name,
        u1_0.username 
    from
        likes l1_0 
    left join
        users u1_0 
            on u1_0.id=l1_0.user_id 
    where
        l1_0.recipe_id=?
2025-05-13T00:27:13.351+07:00 DEBUG 28448 --- [http-nio-8080-exec-2] org.hibernate.SQL                        : 
    select
        c1_0.id,
        c1_0.content,
        c1_0.created_at,
        c1_0.recipe_id,
        c1_0.user_id 
    from
        comments c1_0 
    where
        c1_0.recipe_id=?
2025-05-13T00:27:13.352+07:00 DEBUG 28448 --- [http-nio-8080-exec-2] org.hibernate.SQL                        : 
    select
        r1_0.recipe_id,
        r1_0.id,
        r1_0.rated_at,
        r1_0.score,
        u1_0.id,
        u1_0.avatar_url,
        u1_0.date_of_birth,
        u1_0.full_name,
        u1_0.username 
    from
        ratings r1_0 
    left join
        users u1_0 
            on u1_0.id=r1_0.user_id 
    where
        r1_0.recipe_id=?
2025-05-13T00:27:13.355+07:00 DEBUG 28448 --- [http-nio-8080-exec-2] org.hibernate.SQL                        : 
    select
        l1_0.recipe_id,
        l1_0.id,
        l1_0.liked_at,
        u1_0.id,
        u1_0.avatar_url,
        u1_0.date_of_birth,
        u1_0.full_name,
        u1_0.username 
    from
        likes l1_0 
    left join
        users u1_0 
            on u1_0.id=l1_0.user_id 
    where
        l1_0.recipe_id=?
2025-05-13T00:27:13.358+07:00 DEBUG 28448 --- [http-nio-8080-exec-2] org.hibernate.SQL                        : 
    select
        c1_0.id,
        c1_0.content,
        c1_0.created_at,
        c1_0.recipe_id,
        c1_0.user_id 
    from
        comments c1_0 
    where
        c1_0.recipe_id=?
2025-05-13T00:27:13.384+07:00 ERROR 28448 --- [http-nio-8080-exec-2] org.thymeleaf.TemplateEngine             : [THYMELEAF][http-nio-8080-exec-2] Exception processing template "profile": An error happened during template parsing (template: "class path resource [templates/profile.html]")

org.thymeleaf.exceptions.TemplateInputException: An error happened during template parsing (template: "class path resource [templates/profile.html]")
	at org.thymeleaf.templateparser.markup.AbstractMarkupTemplateParser.parse(AbstractMarkupTemplateParser.java:241) ~[thymeleaf-3.1.3.RELEASE.jar:3.1.3.RELEASE]
	at org.thymeleaf.templateparser.markup.AbstractMarkupTemplateParser.parseStandalone(AbstractMarkupTemplateParser.java:100) ~[thymeleaf-3.1.3.RELEASE.jar:3.1.3.RELEASE]
	at org.thymeleaf.engine.TemplateManager.parseAndProcess(TemplateManager.java:666) ~[thymeleaf-3.1.3.RELEASE.jar:3.1.3.RELEASE]
	at org.thymeleaf.TemplateEngine.process(TemplateEngine.java:1103) ~[thymeleaf-3.1.3.RELEASE.jar:3.1.3.RELEASE]
	at org.thymeleaf.TemplateEngine.process(TemplateEngine.java:1077) ~[thymeleaf-3.1.3.RELEASE.jar:3.1.3.RELEASE]
	at org.thymeleaf.spring6.view.ThymeleafView.renderFragment(ThymeleafView.java:372) ~[thymeleaf-spring6-3.1.3.RELEASE.jar:3.1.3.RELEASE]
	at org.thymeleaf.spring6.view.ThymeleafView.render(ThymeleafView.java:192) ~[thymeleaf-spring6-3.1.3.RELEASE.jar:3.1.3.RELEASE]
	at org.springframework.web.servlet.DispatcherServlet.render(DispatcherServlet.java:1437) ~[spring-webmvc-6.2.6.jar:6.2.6]
	at org.springframework.web.servlet.DispatcherServlet.processDispatchResult(DispatcherServlet.java:1168) ~[spring-webmvc-6.2.6.jar:6.2.6]
	at org.springframework.web.servlet.DispatcherServlet.doDispatch(DispatcherServlet.java:1106) ~[spring-webmvc-6.2.6.jar:6.2.6]
	at org.springframework.web.servlet.DispatcherServlet.doService(DispatcherServlet.java:979) ~[spring-webmvc-6.2.6.jar:6.2.6]
	at org.springframework.web.servlet.FrameworkServlet.processRequest(FrameworkServlet.java:1014) ~[spring-webmvc-6.2.6.jar:6.2.6]
	at org.springframework.web.servlet.FrameworkServlet.doGet(FrameworkServlet.java:903) ~[spring-webmvc-6.2.6.jar:6.2.6]
	at jakarta.servlet.http.HttpServlet.service(HttpServlet.java:564) ~[tomcat-embed-core-10.1.40.jar:6.0]
	at org.springframework.web.servlet.FrameworkServlet.service(FrameworkServlet.java:885) ~[spring-webmvc-6.2.6.jar:6.2.6]
	at jakarta.servlet.http.HttpServlet.service(HttpServlet.java:658) ~[tomcat-embed-core-10.1.40.jar:6.0]
	at org.apache.catalina.core.ApplicationFilterChain.internalDoFilter(ApplicationFilterChain.java:195) ~[tomcat-embed-core-10.1.40.jar:10.1.40]
	at org.apache.catalina.core.ApplicationFilterChain.doFilter(ApplicationFilterChain.java:140) ~[tomcat-embed-core-10.1.40.jar:10.1.40]
	at org.apache.tomcat.websocket.server.WsFilter.doFilter(WsFilter.java:51) ~[tomcat-embed-websocket-10.1.40.jar:10.1.40]
	at org.apache.catalina.core.ApplicationFilterChain.internalDoFilter(ApplicationFilterChain.java:164) ~[tomcat-embed-core-10.1.40.jar:10.1.40]
	at org.apache.catalina.core.ApplicationFilterChain.doFilter(ApplicationFilterChain.java:140) ~[tomcat-embed-core-10.1.40.jar:10.1.40]
	at org.springframework.web.filter.RequestContextFilter.doFilterInternal(RequestContextFilter.java:100) ~[spring-web-6.2.6.jar:6.2.6]
	at org.springframework.web.filter.OncePerRequestFilter.doFilter(OncePerRequestFilter.java:116) ~[spring-web-6.2.6.jar:6.2.6]
	at org.apache.catalina.core.ApplicationFilterChain.internalDoFilter(ApplicationFilterChain.java:164) ~[tomcat-embed-core-10.1.40.jar:10.1.40]
	at org.apache.catalina.core.ApplicationFilterChain.doFilter(ApplicationFilterChain.java:140) ~[tomcat-embed-core-10.1.40.jar:10.1.40]
	at org.springframework.web.filter.FormContentFilter.doFilterInternal(FormContentFilter.java:93) ~[spring-web-6.2.6.jar:6.2.6]
	at org.springframework.web.filter.OncePerRequestFilter.doFilter(OncePerRequestFilter.java:116) ~[spring-web-6.2.6.jar:6.2.6]
	at org.apache.catalina.core.ApplicationFilterChain.internalDoFilter(ApplicationFilterChain.java:164) ~[tomcat-embed-core-10.1.40.jar:10.1.40]
	at org.apache.catalina.core.ApplicationFilterChain.doFilter(ApplicationFilterChain.java:140) ~[tomcat-embed-core-10.1.40.jar:10.1.40]
	at org.springframework.web.filter.CharacterEncodingFilter.doFilterInternal(CharacterEncodingFilter.java:201) ~[spring-web-6.2.6.jar:6.2.6]
	at org.springframework.web.filter.OncePerRequestFilter.doFilter(OncePerRequestFilter.java:116) ~[spring-web-6.2.6.jar:6.2.6]
	at org.apache.catalina.core.ApplicationFilterChain.internalDoFilter(ApplicationFilterChain.java:164) ~[tomcat-embed-core-10.1.40.jar:10.1.40]
	at org.apache.catalina.core.ApplicationFilterChain.doFilter(ApplicationFilterChain.java:140) ~[tomcat-embed-core-10.1.40.jar:10.1.40]
	at org.apache.catalina.core.StandardWrapperValve.invoke(StandardWrapperValve.java:167) ~[tomcat-embed-core-10.1.40.jar:10.1.40]
	at org.apache.catalina.core.StandardContextValve.invoke(StandardContextValve.java:90) ~[tomcat-embed-core-10.1.40.jar:10.1.40]
	at org.apache.catalina.authenticator.AuthenticatorBase.invoke(AuthenticatorBase.java:483) ~[tomcat-embed-core-10.1.40.jar:10.1.40]
	at org.apache.catalina.core.StandardHostValve.invoke(StandardHostValve.java:116) ~[tomcat-embed-core-10.1.40.jar:10.1.40]
	at org.apache.catalina.valves.ErrorReportValve.invoke(ErrorReportValve.java:93) ~[tomcat-embed-core-10.1.40.jar:10.1.40]
	at org.apache.catalina.core.StandardEngineValve.invoke(StandardEngineValve.java:74) ~[tomcat-embed-core-10.1.40.jar:10.1.40]
	at org.apache.catalina.connector.CoyoteAdapter.service(CoyoteAdapter.java:344) ~[tomcat-embed-core-10.1.40.jar:10.1.40]
	at org.apache.coyote.http11.Http11Processor.service(Http11Processor.java:398) ~[tomcat-embed-core-10.1.40.jar:10.1.40]
	at org.apache.coyote.AbstractProcessorLight.process(AbstractProcessorLight.java:63) ~[tomcat-embed-core-10.1.40.jar:10.1.40]
	at org.apache.coyote.AbstractProtocol$ConnectionHandler.process(AbstractProtocol.java:903) ~[tomcat-embed-core-10.1.40.jar:10.1.40]
	at org.apache.tomcat.util.net.NioEndpoint$SocketProcessor.doRun(NioEndpoint.java:1740) ~[tomcat-embed-core-10.1.40.jar:10.1.40]
	at org.apache.tomcat.util.net.SocketProcessorBase.run(SocketProcessorBase.java:52) ~[tomcat-embed-core-10.1.40.jar:10.1.40]
	at org.apache.tomcat.util.threads.ThreadPoolExecutor.runWorker(ThreadPoolExecutor.java:1189) ~[tomcat-embed-core-10.1.40.jar:10.1.40]
	at org.apache.tomcat.util.threads.ThreadPoolExecutor$Worker.run(ThreadPoolExecutor.java:658) ~[tomcat-embed-core-10.1.40.jar:10.1.40]
	at org.apache.tomcat.util.threads.TaskThread$WrappingRunnable.run(TaskThread.java:63) ~[tomcat-embed-core-10.1.40.jar:10.1.40]
	at java.base/java.lang.Thread.run(Thread.java:1575) ~[na:na]
Caused by: org.attoparser.ParseException: Exception evaluating SpringEL expression: "iter.index < 2" (template: "profile" - line 48, col 58)
	at org.attoparser.MarkupParser.parseDocument(MarkupParser.java:393) ~[attoparser-2.0.7.RELEASE.jar:2.0.7.RELEASE]
	at org.attoparser.MarkupParser.parse(MarkupParser.java:257) ~[attoparser-2.0.7.RELEASE.jar:2.0.7.RELEASE]
	at org.thymeleaf.templateparser.markup.AbstractMarkupTemplateParser.parse(AbstractMarkupTemplateParser.java:230) ~[thymeleaf-3.1.3.RELEASE.jar:3.1.3.RELEASE]
	... 48 common frames omitted
Caused by: org.thymeleaf.exceptions.TemplateProcessingException: Exception evaluating SpringEL expression: "iter.index < 2" (template: "profile" - line 48, col 58)
	at org.thymeleaf.spring6.expression.SPELVariableExpressionEvaluator.evaluate(SPELVariableExpressionEvaluator.java:292) ~[thymeleaf-spring6-3.1.3.RELEASE.jar:3.1.3.RELEASE]
	at org.thymeleaf.standard.expression.VariableExpression.executeVariableExpression(VariableExpression.java:166) ~[thymeleaf-3.1.3.RELEASE.jar:3.1.3.RELEASE]
	at org.thymeleaf.standard.expression.SimpleExpression.executeSimple(SimpleExpression.java:66) ~[thymeleaf-3.1.3.RELEASE.jar:3.1.3.RELEASE]
	at org.thymeleaf.standard.expression.Expression.execute(Expression.java:109) ~[thymeleaf-3.1.3.RELEASE.jar:3.1.3.RELEASE]
	at org.thymeleaf.standard.expression.Expression.execute(Expression.java:138) ~[thymeleaf-3.1.3.RELEASE.jar:3.1.3.RELEASE]
	at org.thymeleaf.standard.expression.Expression.execute(Expression.java:125) ~[thymeleaf-3.1.3.RELEASE.jar:3.1.3.RELEASE]
	at org.thymeleaf.standard.processor.StandardIfTagProcessor.isVisible(StandardIfTagProcessor.java:59) ~[thymeleaf-3.1.3.RELEASE.jar:3.1.3.RELEASE]
	at org.thymeleaf.standard.processor.AbstractStandardConditionalVisibilityTagProcessor.doProcess(AbstractStandardConditionalVisibilityTagProcessor.java:61) ~[thymeleaf-3.1.3.RELEASE.jar:3.1.3.RELEASE]
	at org.thymeleaf.processor.element.AbstractAttributeTagProcessor.doProcess(AbstractAttributeTagProcessor.java:74) ~[thymeleaf-3.1.3.RELEASE.jar:3.1.3.RELEASE]
	at org.thymeleaf.processor.element.AbstractElementTagProcessor.process(AbstractElementTagProcessor.java:95) ~[thymeleaf-3.1.3.RELEASE.jar:3.1.3.RELEASE]
	at org.thymeleaf.util.ProcessorConfigurationUtils$ElementTagProcessorWrapper.process(ProcessorConfigurationUtils.java:633) ~[thymeleaf-3.1.3.RELEASE.jar:3.1.3.RELEASE]
	at org.thymeleaf.engine.ProcessorTemplateHandler.handleOpenElement(ProcessorTemplateHandler.java:1314) ~[thymeleaf-3.1.3.RELEASE.jar:3.1.3.RELEASE]
	at org.thymeleaf.engine.OpenElementTag.beHandled(OpenElementTag.java:205) ~[thymeleaf-3.1.3.RELEASE.jar:3.1.3.RELEASE]
	at org.thymeleaf.engine.Model.process(Model.java:282) ~[thymeleaf-3.1.3.RELEASE.jar:3.1.3.RELEASE]
	at org.thymeleaf.engine.Model.process(Model.java:290) ~[thymeleaf-3.1.3.RELEASE.jar:3.1.3.RELEASE]
	at org.thymeleaf.engine.IteratedGatheringModelProcessable.processIterationModel(IteratedGatheringModelProcessable.java:368) ~[thymeleaf-3.1.3.RELEASE.jar:3.1.3.RELEASE]
	at org.thymeleaf.engine.IteratedGatheringModelProcessable.process(IteratedGatheringModelProcessable.java:222) ~[thymeleaf-3.1.3.RELEASE.jar:3.1.3.RELEASE]
	at org.thymeleaf.engine.ProcessorTemplateHandler.handleCloseElement(ProcessorTemplateHandler.java:1640) ~[thymeleaf-3.1.3.RELEASE.jar:3.1.3.RELEASE]
	at org.thymeleaf.engine.CloseElementTag.beHandled(CloseElementTag.java:139) ~[thymeleaf-3.1.3.RELEASE.jar:3.1.3.RELEASE]
	at org.thymeleaf.engine.Model.process(Model.java:282) ~[thymeleaf-3.1.3.RELEASE.jar:3.1.3.RELEASE]
	at org.thymeleaf.engine.Model.process(Model.java:290) ~[thymeleaf-3.1.3.RELEASE.jar:3.1.3.RELEASE]
	at org.thymeleaf.engine.IteratedGatheringModelProcessable.processIterationModel(IteratedGatheringModelProcessable.java:368) ~[thymeleaf-3.1.3.RELEASE.jar:3.1.3.RELEASE]
	at org.thymeleaf.engine.IteratedGatheringModelProcessable.process(IteratedGatheringModelProcessable.java:222) ~[thymeleaf-3.1.3.RELEASE.jar:3.1.3.RELEASE]
	at org.thymeleaf.engine.ProcessorTemplateHandler.handleCloseElement(ProcessorTemplateHandler.java:1640) ~[thymeleaf-3.1.3.RELEASE.jar:3.1.3.RELEASE]
	at org.thymeleaf.engine.TemplateHandlerAdapterMarkupHandler.handleCloseElementEnd(TemplateHandlerAdapterMarkupHandler.java:388) ~[thymeleaf-3.1.3.RELEASE.jar:3.1.3.RELEASE]
	at org.thymeleaf.templateparser.markup.InlinedOutputExpressionMarkupHandler$InlineMarkupAdapterPreProcessorHandler.handleCloseElementEnd(InlinedOutputExpressionMarkupHandler.java:322) ~[thymeleaf-3.1.3.RELEASE.jar:3.1.3.RELEASE]
	at org.thymeleaf.standard.inline.OutputExpressionInlinePreProcessorHandler.handleCloseElementEnd(OutputExpressionInlinePreProcessorHandler.java:220) ~[thymeleaf-3.1.3.RELEASE.jar:3.1.3.RELEASE]
	at org.thymeleaf.templateparser.markup.InlinedOutputExpressionMarkupHandler.handleCloseElementEnd(InlinedOutputExpressionMarkupHandler.java:164) ~[thymeleaf-3.1.3.RELEASE.jar:3.1.3.RELEASE]
	at org.attoparser.HtmlElement.handleCloseElementEnd(HtmlElement.java:169) ~[attoparser-2.0.7.RELEASE.jar:2.0.7.RELEASE]
	at org.attoparser.HtmlMarkupHandler.handleCloseElementEnd(HtmlMarkupHandler.java:412) ~[attoparser-2.0.7.RELEASE.jar:2.0.7.RELEASE]
	at org.attoparser.MarkupEventProcessorHandler.handleCloseElementEnd(MarkupEventProcessorHandler.java:473) ~[attoparser-2.0.7.RELEASE.jar:2.0.7.RELEASE]
	at org.attoparser.ParsingElementMarkupUtil.parseCloseElement(ParsingElementMarkupUtil.java:201) ~[attoparser-2.0.7.RELEASE.jar:2.0.7.RELEASE]
	at org.attoparser.MarkupParser.parseBuffer(MarkupParser.java:725) ~[attoparser-2.0.7.RELEASE.jar:2.0.7.RELEASE]
	at org.attoparser.MarkupParser.parseDocument(MarkupParser.java:301) ~[attoparser-2.0.7.RELEASE.jar:2.0.7.RELEASE]
	... 50 common frames omitted
Caused by: org.springframework.expression.spel.SpelEvaluationException: EL1007E: Property or field 'index' cannot be found on null
	at org.springframework.expression.spel.ast.PropertyOrFieldReference.readProperty(PropertyOrFieldReference.java:225) ~[spring-expression-6.2.6.jar:6.2.6]
	at org.springframework.expression.spel.ast.PropertyOrFieldReference.getValueInternal(PropertyOrFieldReference.java:112) ~[spring-expression-6.2.6.jar:6.2.6]
	at org.springframework.expression.spel.ast.PropertyOrFieldReference$AccessorValueRef.getValue(PropertyOrFieldReference.java:376) ~[spring-expression-6.2.6.jar:6.2.6]
	at org.springframework.expression.spel.ast.CompoundExpression.getValueInternal(CompoundExpression.java:97) ~[spring-expression-6.2.6.jar:6.2.6]
	at org.springframework.expression.spel.ast.OpLT.getValueInternal(OpLT.java:47) ~[spring-expression-6.2.6.jar:6.2.6]
	at org.springframework.expression.spel.ast.OpLT.getValueInternal(OpLT.java:37) ~[spring-expression-6.2.6.jar:6.2.6]
	at org.springframework.expression.spel.ast.SpelNodeImpl.getValue(SpelNodeImpl.java:116) ~[spring-expression-6.2.6.jar:6.2.6]
	at org.springframework.expression.spel.standard.SpelExpression.getValue(SpelExpression.java:338) ~[spring-expression-6.2.6.jar:6.2.6]
	at org.thymeleaf.spring6.expression.SPELVariableExpressionEvaluator.evaluate(SPELVariableExpressionEvaluator.java:265) ~[thymeleaf-spring6-3.1.3.RELEASE.jar:3.1.3.RELEASE]
	... 83 common frames omitted

2025-05-13T00:27:13.391+07:00 ERROR 28448 --- [http-nio-8080-exec-2] o.a.c.c.C.[.[.[/].[dispatcherServlet]    : Servlet.service() for servlet [dispatcherServlet] in context with path [] threw exception [Request processing failed: org.thymeleaf.exceptions.TemplateInputException: An error happened during template parsing (template: "class path resource [templates/profile.html]")] with root cause

org.springframework.expression.spel.SpelEvaluationException: EL1007E: Property or field 'index' cannot be found on null
	at org.springframework.expression.spel.ast.PropertyOrFieldReference.readProperty(PropertyOrFieldReference.java:225) ~[spring-expression-6.2.6.jar:6.2.6]
	at org.springframework.expression.spel.ast.PropertyOrFieldReference.getValueInternal(PropertyOrFieldReference.java:112) ~[spring-expression-6.2.6.jar:6.2.6]
	at org.springframework.expression.spel.ast.PropertyOrFieldReference$AccessorValueRef.getValue(PropertyOrFieldReference.java:376) ~[spring-expression-6.2.6.jar:6.2.6]
	at org.springframework.expression.spel.ast.CompoundExpression.getValueInternal(CompoundExpression.java:97) ~[spring-expression-6.2.6.jar:6.2.6]
	at org.springframework.expression.spel.ast.OpLT.getValueInternal(OpLT.java:47) ~[spring-expression-6.2.6.jar:6.2.6]
	at org.springframework.expression.spel.ast.OpLT.getValueInternal(OpLT.java:37) ~[spring-expression-6.2.6.jar:6.2.6]
	at org.springframework.expression.spel.ast.SpelNodeImpl.getValue(SpelNodeImpl.java:116) ~[spring-expression-6.2.6.jar:6.2.6]
	at org.springframework.expression.spel.standard.SpelExpression.getValue(SpelExpression.java:338) ~[spring-expression-6.2.6.jar:6.2.6]
	at org.thymeleaf.spring6.expression.SPELVariableExpressionEvaluator.evaluate(SPELVariableExpressionEvaluator.java:265) ~[thymeleaf-spring6-3.1.3.RELEASE.jar:3.1.3.RELEASE]
	at org.thymeleaf.standard.expression.VariableExpression.executeVariableExpression(VariableExpression.java:166) ~[thymeleaf-3.1.3.RELEASE.jar:3.1.3.RELEASE]
	at org.thymeleaf.standard.expression.SimpleExpression.executeSimple(SimpleExpression.java:66) ~[thymeleaf-3.1.3.RELEASE.jar:3.1.3.RELEASE]
	at org.thymeleaf.standard.expression.Expression.execute(Expression.java:109) ~[thymeleaf-3.1.3.RELEASE.jar:3.1.3.RELEASE]
	at org.thymeleaf.standard.expression.Expression.execute(Expression.java:138) ~[thymeleaf-3.1.3.RELEASE.jar:3.1.3.RELEASE]
	at org.thymeleaf.standard.expression.Expression.execute(Expression.java:125) ~[thymeleaf-3.1.3.RELEASE.jar:3.1.3.RELEASE]
	at org.thymeleaf.standard.processor.StandardIfTagProcessor.isVisible(StandardIfTagProcessor.java:59) ~[thymeleaf-3.1.3.RELEASE.jar:3.1.3.RELEASE]
	at org.thymeleaf.standard.processor.AbstractStandardConditionalVisibilityTagProcessor.doProcess(AbstractStandardConditionalVisibilityTagProcessor.java:61) ~[thymeleaf-3.1.3.RELEASE.jar:3.1.3.RELEASE]
	at org.thymeleaf.processor.element.AbstractAttributeTagProcessor.doProcess(AbstractAttributeTagProcessor.java:74) ~[thymeleaf-3.1.3.RELEASE.jar:3.1.3.RELEASE]
	at org.thymeleaf.processor.element.AbstractElementTagProcessor.process(AbstractElementTagProcessor.java:95) ~[thymeleaf-3.1.3.RELEASE.jar:3.1.3.RELEASE]
	at org.thymeleaf.util.ProcessorConfigurationUtils$ElementTagProcessorWrapper.process(ProcessorConfigurationUtils.java:633) ~[thymeleaf-3.1.3.RELEASE.jar:3.1.3.RELEASE]
	at org.thymeleaf.engine.ProcessorTemplateHandler.handleOpenElement(ProcessorTemplateHandler.java:1314) ~[thymeleaf-3.1.3.RELEASE.jar:3.1.3.RELEASE]
	at org.thymeleaf.engine.OpenElementTag.beHandled(OpenElementTag.java:205) ~[thymeleaf-3.1.3.RELEASE.jar:3.1.3.RELEASE]
	at org.thymeleaf.engine.Model.process(Model.java:282) ~[thymeleaf-3.1.3.RELEASE.jar:3.1.3.RELEASE]
	at org.thymeleaf.engine.Model.process(Model.java:290) ~[thymeleaf-3.1.3.RELEASE.jar:3.1.3.RELEASE]
	at org.thymeleaf.engine.IteratedGatheringModelProcessable.processIterationModel(IteratedGatheringModelProcessable.java:368) ~[thymeleaf-3.1.3.RELEASE.jar:3.1.3.RELEASE]
	at org.thymeleaf.engine.IteratedGatheringModelProcessable.process(IteratedGatheringModelProcessable.java:222) ~[thymeleaf-3.1.3.RELEASE.jar:3.1.3.RELEASE]
	at org.thymeleaf.engine.ProcessorTemplateHandler.handleCloseElement(ProcessorTemplateHandler.java:1640) ~[thymeleaf-3.1.3.RELEASE.jar:3.1.3.RELEASE]
	at org.thymeleaf.engine.CloseElementTag.beHandled(CloseElementTag.java:139) ~[thymeleaf-3.1.3.RELEASE.jar:3.1.3.RELEASE]
	at org.thymeleaf.engine.Model.process(Model.java:282) ~[thymeleaf-3.1.3.RELEASE.jar:3.1.3.RELEASE]
	at org.thymeleaf.engine.Model.process(Model.java:290) ~[thymeleaf-3.1.3.RELEASE.jar:3.1.3.RELEASE]
	at org.thymeleaf.engine.IteratedGatheringModelProcessable.processIterationModel(IteratedGatheringModelProcessable.java:368) ~[thymeleaf-3.1.3.RELEASE.jar:3.1.3.RELEASE]
	at org.thymeleaf.engine.IteratedGatheringModelProcessable.process(IteratedGatheringModelProcessable.java:222) ~[thymeleaf-3.1.3.RELEASE.jar:3.1.3.RELEASE]
	at org.thymeleaf.engine.ProcessorTemplateHandler.handleCloseElement(ProcessorTemplateHandler.java:1640) ~[thymeleaf-3.1.3.RELEASE.jar:3.1.3.RELEASE]
	at org.thymeleaf.engine.TemplateHandlerAdapterMarkupHandler.handleCloseElementEnd(TemplateHandlerAdapterMarkupHandler.java:388) ~[thymeleaf-3.1.3.RELEASE.jar:3.1.3.RELEASE]
	at org.thymeleaf.templateparser.markup.InlinedOutputExpressionMarkupHandler$InlineMarkupAdapterPreProcessorHandler.handleCloseElementEnd(InlinedOutputExpressionMarkupHandler.java:322) ~[thymeleaf-3.1.3.RELEASE.jar:3.1.3.RELEASE]
	at org.thymeleaf.standard.inline.OutputExpressionInlinePreProcessorHandler.handleCloseElementEnd(OutputExpressionInlinePreProcessorHandler.java:220) ~[thymeleaf-3.1.3.RELEASE.jar:3.1.3.RELEASE]
	at org.thymeleaf.templateparser.markup.InlinedOutputExpressionMarkupHandler.handleCloseElementEnd(InlinedOutputExpressionMarkupHandler.java:164) ~[thymeleaf-3.1.3.RELEASE.jar:3.1.3.RELEASE]
	at org.attoparser.HtmlElement.handleCloseElementEnd(HtmlElement.java:169) ~[attoparser-2.0.7.RELEASE.jar:2.0.7.RELEASE]
	at org.attoparser.HtmlMarkupHandler.handleCloseElementEnd(HtmlMarkupHandler.java:412) ~[attoparser-2.0.7.RELEASE.jar:2.0.7.RELEASE]
	at org.attoparser.MarkupEventProcessorHandler.handleCloseElementEnd(MarkupEventProcessorHandler.java:473) ~[attoparser-2.0.7.RELEASE.jar:2.0.7.RELEASE]
	at org.attoparser.ParsingElementMarkupUtil.parseCloseElement(ParsingElementMarkupUtil.java:201) ~[attoparser-2.0.7.RELEASE.jar:2.0.7.RELEASE]
	at org.attoparser.MarkupParser.parseBuffer(MarkupParser.java:725) ~[attoparser-2.0.7.RELEASE.jar:2.0.7.RELEASE]
	at org.attoparser.MarkupParser.parseDocument(MarkupParser.java:301) ~[attoparser-2.0.7.RELEASE.jar:2.0.7.RELEASE]
	at org.attoparser.MarkupParser.parse(MarkupParser.java:257) ~[attoparser-2.0.7.RELEASE.jar:2.0.7.RELEASE]
	at org.thymeleaf.templateparser.markup.AbstractMarkupTemplateParser.parse(AbstractMarkupTemplateParser.java:230) ~[thymeleaf-3.1.3.RELEASE.jar:3.1.3.RELEASE]
	at org.thymeleaf.templateparser.markup.AbstractMarkupTemplateParser.parseStandalone(AbstractMarkupTemplateParser.java:100) ~[thymeleaf-3.1.3.RELEASE.jar:3.1.3.RELEASE]
	at org.thymeleaf.engine.TemplateManager.parseAndProcess(TemplateManager.java:666) ~[thymeleaf-3.1.3.RELEASE.jar:3.1.3.RELEASE]
	at org.thymeleaf.TemplateEngine.process(TemplateEngine.java:1103) ~[thymeleaf-3.1.3.RELEASE.jar:3.1.3.RELEASE]
	at org.thymeleaf.TemplateEngine.process(TemplateEngine.java:1077) ~[thymeleaf-3.1.3.RELEASE.jar:3.1.3.RELEASE]
	at org.thymeleaf.spring6.view.ThymeleafView.renderFragment(ThymeleafView.java:372) ~[thymeleaf-spring6-3.1.3.RELEASE.jar:3.1.3.RELEASE]
	at org.thymeleaf.spring6.view.ThymeleafView.render(ThymeleafView.java:192) ~[thymeleaf-spring6-3.1.3.RELEASE.jar:3.1.3.RELEASE]
	at org.springframework.web.servlet.DispatcherServlet.render(DispatcherServlet.java:1437) ~[spring-webmvc-6.2.6.jar:6.2.6]
	at org.springframework.web.servlet.DispatcherServlet.processDispatchResult(DispatcherServlet.java:1168) ~[spring-webmvc-6.2.6.jar:6.2.6]
	at org.springframework.web.servlet.DispatcherServlet.doDispatch(DispatcherServlet.java:1106) ~[spring-webmvc-6.2.6.jar:6.2.6]
	at org.springframework.web.servlet.DispatcherServlet.doService(DispatcherServlet.java:979) ~[spring-webmvc-6.2.6.jar:6.2.6]
	at org.springframework.web.servlet.FrameworkServlet.processRequest(FrameworkServlet.java:1014) ~[spring-webmvc-6.2.6.jar:6.2.6]
	at org.springframework.web.servlet.FrameworkServlet.doGet(FrameworkServlet.java:903) ~[spring-webmvc-6.2.6.jar:6.2.6]
	at jakarta.servlet.http.HttpServlet.service(HttpServlet.java:564) ~[tomcat-embed-core-10.1.40.jar:6.0]
	at org.springframework.web.servlet.FrameworkServlet.service(FrameworkServlet.java:885) ~[spring-webmvc-6.2.6.jar:6.2.6]
	at jakarta.servlet.http.HttpServlet.service(HttpServlet.java:658) ~[tomcat-embed-core-10.1.40.jar:6.0]
	at org.apache.catalina.core.ApplicationFilterChain.internalDoFilter(ApplicationFilterChain.java:195) ~[tomcat-embed-core-10.1.40.jar:10.1.40]
	at org.apache.catalina.core.ApplicationFilterChain.doFilter(ApplicationFilterChain.java:140) ~[tomcat-embed-core-10.1.40.jar:10.1.40]
	at org.apache.tomcat.websocket.server.WsFilter.doFilter(WsFilter.java:51) ~[tomcat-embed-websocket-10.1.40.jar:10.1.40]
	at org.apache.catalina.core.ApplicationFilterChain.internalDoFilter(ApplicationFilterChain.java:164) ~[tomcat-embed-core-10.1.40.jar:10.1.40]
	at org.apache.catalina.core.ApplicationFilterChain.doFilter(ApplicationFilterChain.java:140) ~[tomcat-embed-core-10.1.40.jar:10.1.40]
	at org.springframework.web.filter.RequestContextFilter.doFilterInternal(RequestContextFilter.java:100) ~[spring-web-6.2.6.jar:6.2.6]
	at org.springframework.web.filter.OncePerRequestFilter.doFilter(OncePerRequestFilter.java:116) ~[spring-web-6.2.6.jar:6.2.6]
	at org.apache.catalina.core.ApplicationFilterChain.internalDoFilter(ApplicationFilterChain.java:164) ~[tomcat-embed-core-10.1.40.jar:10.1.40]
	at org.apache.catalina.core.ApplicationFilterChain.doFilter(ApplicationFilterChain.java:140) ~[tomcat-embed-core-10.1.40.jar:10.1.40]
	at org.springframework.web.filter.FormContentFilter.doFilterInternal(FormContentFilter.java:93) ~[spring-web-6.2.6.jar:6.2.6]
	at org.springframework.web.filter.OncePerRequestFilter.doFilter(OncePerRequestFilter.java:116) ~[spring-web-6.2.6.jar:6.2.6]
	at org.apache.catalina.core.ApplicationFilterChain.internalDoFilter(ApplicationFilterChain.java:164) ~[tomcat-embed-core-10.1.40.jar:10.1.40]
	at org.apache.catalina.core.ApplicationFilterChain.doFilter(ApplicationFilterChain.java:140) ~[tomcat-embed-core-10.1.40.jar:10.1.40]
	at org.springframework.web.filter.CharacterEncodingFilter.doFilterInternal(CharacterEncodingFilter.java:201) ~[spring-web-6.2.6.jar:6.2.6]
	at org.springframework.web.filter.OncePerRequestFilter.doFilter(OncePerRequestFilter.java:116) ~[spring-web-6.2.6.jar:6.2.6]
	at org.apache.catalina.core.ApplicationFilterChain.internalDoFilter(ApplicationFilterChain.java:164) ~[tomcat-embed-core-10.1.40.jar:10.1.40]
	at org.apache.catalina.core.ApplicationFilterChain.doFilter(ApplicationFilterChain.java:140) ~[tomcat-embed-core-10.1.40.jar:10.1.40]
	at org.apache.catalina.core.StandardWrapperValve.invoke(StandardWrapperValve.java:167) ~[tomcat-embed-core-10.1.40.jar:10.1.40]
	at org.apache.catalina.core.StandardContextValve.invoke(StandardContextValve.java:90) ~[tomcat-embed-core-10.1.40.jar:10.1.40]
	at org.apache.catalina.authenticator.AuthenticatorBase.invoke(AuthenticatorBase.java:483) ~[tomcat-embed-core-10.1.40.jar:10.1.40]
	at org.apache.catalina.core.StandardHostValve.invoke(StandardHostValve.java:116) ~[tomcat-embed-core-10.1.40.jar:10.1.40]
	at org.apache.catalina.valves.ErrorReportValve.invoke(ErrorReportValve.java:93) ~[tomcat-embed-core-10.1.40.jar:10.1.40]
	at org.apache.catalina.core.StandardEngineValve.invoke(StandardEngineValve.java:74) ~[tomcat-embed-core-10.1.40.jar:10.1.40]
	at org.apache.catalina.connector.CoyoteAdapter.service(CoyoteAdapter.java:344) ~[tomcat-embed-core-10.1.40.jar:10.1.40]
	at org.apache.coyote.http11.Http11Processor.service(Http11Processor.java:398) ~[tomcat-embed-core-10.1.40.jar:10.1.40]
	at org.apache.coyote.AbstractProcessorLight.process(AbstractProcessorLight.java:63) ~[tomcat-embed-core-10.1.40.jar:10.1.40]
	at org.apache.coyote.AbstractProtocol$ConnectionHandler.process(AbstractProtocol.java:903) ~[tomcat-embed-core-10.1.40.jar:10.1.40]
	at org.apache.tomcat.util.net.NioEndpoint$SocketProcessor.doRun(NioEndpoint.java:1740) ~[tomcat-embed-core-10.1.40.jar:10.1.40]
	at org.apache.tomcat.util.net.SocketProcessorBase.run(SocketProcessorBase.java:52) ~[tomcat-embed-core-10.1.40.jar:10.1.40]
	at org.apache.tomcat.util.threads.ThreadPoolExecutor.runWorker(ThreadPoolExecutor.java:1189) ~[tomcat-embed-core-10.1.40.jar:10.1.40]
	at org.apache.tomcat.util.threads.ThreadPoolExecutor$Worker.run(ThreadPoolExecutor.java:658) ~[tomcat-embed-core-10.1.40.jar:10.1.40]
	at org.apache.tomcat.util.threads.TaskThread$WrappingRunnable.run(TaskThread.java:63) ~[tomcat-embed-core-10.1.40.jar:10.1.40]
	at java.base/java.lang.Thread.run(Thread.java:1575) ~[na:na]

2025-05-13T00:27:22.396+07:00  INFO 28448 --- [SpringApplicationShutdownHook] o.s.b.w.e.tomcat.GracefulShutdown        : Commencing graceful shutdown. Waiting for active requests to complete
2025-05-13T00:27:22.402+07:00  INFO 28448 --- [tomcat-shutdown] o.s.b.w.e.tomcat.GracefulShutdown        : Graceful shutdown complete
2025-05-13T00:27:22.404+07:00  INFO 28448 --- [SpringApplicationShutdownHook] j.LocalContainerEntityManagerFactoryBean : Closing JPA EntityManagerFactory for persistence unit 'default'
2025-05-13T00:27:22.405+07:00  INFO 28448 --- [SpringApplicationShutdownHook] com.zaxxer.hikari.HikariDataSource       : HikariPool-16 - Shutdown initiated...
2025-05-13T00:27:22.407+07:00  INFO 28448 --- [SpringApplicationShutdownHook] com.zaxxer.hikari.HikariDataSource       : HikariPool-16 - Shutdown completed.
2025-05-13T00:27:25.764+07:00  INFO 33624 --- [restartedMain] c.r.backend.BackendApplication           : Starting BackendApplication using Java 23 with PID 33624 (C:\RecipeSharingWebsite\backend\target\classes started by haiye in C:\RecipeSharingWebsite\backend)
2025-05-13T00:27:25.769+07:00  INFO 33624 --- [restartedMain] c.r.backend.BackendApplication           : No active profile set, falling back to 1 default profile: "default"
2025-05-13T00:27:25.890+07:00  INFO 33624 --- [restartedMain] .e.DevToolsPropertyDefaultsPostProcessor : Devtools property defaults active! Set 'spring.devtools.add-properties' to 'false' to disable
2025-05-13T00:27:25.891+07:00  INFO 33624 --- [restartedMain] .e.DevToolsPropertyDefaultsPostProcessor : For additional web related logging consider setting the 'logging.level.web' property to 'DEBUG'
2025-05-13T00:27:26.942+07:00  INFO 33624 --- [restartedMain] .s.d.r.c.RepositoryConfigurationDelegate : Bootstrapping Spring Data JPA repositories in DEFAULT mode.
2025-05-13T00:27:27.035+07:00  INFO 33624 --- [restartedMain] .s.d.r.c.RepositoryConfigurationDelegate : Finished Spring Data repository scanning in 83 ms. Found 7 JPA repository interfaces.
2025-05-13T00:27:27.724+07:00  INFO 33624 --- [restartedMain] o.s.b.w.embedded.tomcat.TomcatWebServer  : Tomcat initialized with port 8080 (http)
2025-05-13T00:27:27.743+07:00  INFO 33624 --- [restartedMain] o.apache.catalina.core.StandardService   : Starting service [Tomcat]
2025-05-13T00:27:27.744+07:00  INFO 33624 --- [restartedMain] o.apache.catalina.core.StandardEngine    : Starting Servlet engine: [Apache Tomcat/10.1.40]
2025-05-13T00:27:27.811+07:00  INFO 33624 --- [restartedMain] o.a.c.c.C.[Tomcat].[localhost].[/]       : Initializing Spring embedded WebApplicationContext
2025-05-13T00:27:27.812+07:00  INFO 33624 --- [restartedMain] w.s.c.ServletWebServerApplicationContext : Root WebApplicationContext: initialization completed in 1920 ms
2025-05-13T00:27:28.006+07:00  INFO 33624 --- [restartedMain] o.hibernate.jpa.internal.util.LogHelper  : HHH000204: Processing PersistenceUnitInfo [name: default]
2025-05-13T00:27:28.094+07:00  INFO 33624 --- [restartedMain] org.hibernate.Version                    : HHH000412: Hibernate ORM core version 6.6.13.Final
2025-05-13T00:27:28.142+07:00  INFO 33624 --- [restartedMain] o.h.c.internal.RegionFactoryInitiator    : HHH000026: Second-level cache disabled
2025-05-13T00:27:28.527+07:00  INFO 33624 --- [restartedMain] o.s.o.j.p.SpringPersistenceUnitInfo      : No LoadTimeWeaver setup: ignoring JPA class transformer
2025-05-13T00:27:28.570+07:00  INFO 33624 --- [restartedMain] com.zaxxer.hikari.HikariDataSource       : HikariPool-1 - Starting...
2025-05-13T00:27:28.735+07:00  INFO 33624 --- [restartedMain] com.zaxxer.hikari.pool.HikariPool        : HikariPool-1 - Added connection com.mysql.cj.jdbc.ConnectionImpl@7a52109
2025-05-13T00:27:28.737+07:00  INFO 33624 --- [restartedMain] com.zaxxer.hikari.HikariDataSource       : HikariPool-1 - Start completed.
2025-05-13T00:27:28.767+07:00  WARN 33624 --- [restartedMain] org.hibernate.orm.deprecation            : HHH90000025: MySQL8Dialect does not need to be specified explicitly using 'hibernate.dialect' (remove the property setting and it will be selected by default)
2025-05-13T00:27:28.770+07:00  WARN 33624 --- [restartedMain] org.hibernate.orm.deprecation            : HHH90000026: MySQL8Dialect has been deprecated; use org.hibernate.dialect.MySQLDialect instead
2025-05-13T00:27:28.790+07:00  INFO 33624 --- [restartedMain] org.hibernate.orm.connections.pooling    : HHH10001005: Database info:
	Database JDBC URL [Connecting through datasource 'HikariDataSource (HikariPool-1)']
	Database driver: undefined/unknown
	Database version: 8.0
	Autocommit mode: undefined/unknown
	Isolation level: undefined/unknown
	Minimum pool size: undefined/unknown
	Maximum pool size: undefined/unknown
2025-05-13T00:27:30.040+07:00  INFO 33624 --- [restartedMain] o.h.e.t.j.p.i.JtaPlatformInitiator       : HHH000489: No JTA platform available (set 'hibernate.transaction.jta.platform' to enable JTA platform integration)
2025-05-13T00:27:30.042+07:00  INFO 33624 --- [restartedMain] j.LocalContainerEntityManagerFactoryBean : Initialized JPA EntityManagerFactory for persistence unit 'default'
2025-05-13T00:27:30.422+07:00  INFO 33624 --- [restartedMain] o.s.d.j.r.query.QueryEnhancerFactory     : Hibernate is in classpath; If applicable, HQL parser will be used.
2025-05-13T00:27:30.986+07:00  WARN 33624 --- [restartedMain] JpaBaseConfiguration$JpaWebConfiguration : spring.jpa.open-in-view is enabled by default. Therefore, database queries may be performed during view rendering. Explicitly configure spring.jpa.open-in-view to disable this warning
2025-05-13T00:27:31.375+07:00  INFO 33624 --- [restartedMain] o.s.b.d.a.OptionalLiveReloadServer       : LiveReload server is running on port 35729
2025-05-13T00:27:31.413+07:00  INFO 33624 --- [restartedMain] o.s.b.w.embedded.tomcat.TomcatWebServer  : Tomcat started on port 8080 (http) with context path '/'
2025-05-13T00:27:31.420+07:00  INFO 33624 --- [restartedMain] c.r.backend.BackendApplication           : Started BackendApplication in 6.457 seconds (process running for 8.285)
2025-05-13T00:27:42.012+07:00  INFO 33624 --- [http-nio-8080-exec-1] o.a.c.c.C.[Tomcat].[localhost].[/]       : Initializing Spring DispatcherServlet 'dispatcherServlet'
2025-05-13T00:27:42.013+07:00  INFO 33624 --- [http-nio-8080-exec-1] o.s.web.servlet.DispatcherServlet        : Initializing Servlet 'dispatcherServlet'
2025-05-13T00:27:42.014+07:00  INFO 33624 --- [http-nio-8080-exec-1] o.s.web.servlet.DispatcherServlet        : Completed initialization in 0 ms
2025-05-13T00:27:42.241+07:00 DEBUG 33624 --- [http-nio-8080-exec-1] org.hibernate.SQL                        : 
    select
        u1_0.id,
        u1_0.avatar_url,
        u1_0.date_of_birth,
        u1_0.full_name,
        u1_0.username 
    from
        users u1_0 
    where
        u1_0.username=?
2025-05-13T00:27:42.445+07:00 DEBUG 33624 --- [http-nio-8080-exec-1] org.hibernate.SQL                        : 
    select
        count(f1_0.id) 
    from
        follows f1_0 
    where
        f1_0.following_id=?
2025-05-13T00:27:42.451+07:00 DEBUG 33624 --- [http-nio-8080-exec-1] org.hibernate.SQL                        : 
    select
        count(f1_0.id) 
    from
        follows f1_0 
    where
        f1_0.follower_id=?
2025-05-13T00:27:42.456+07:00 DEBUG 33624 --- [http-nio-8080-exec-1] org.hibernate.SQL                        : 
    select
        r1_0.id,
        r1_0.user_id,
        r1_0.description,
        r1_0.image_url,
        r1_0.title 
    from
        recipes r1_0 
    where
        r1_0.user_id=?
2025-05-13T00:27:42.480+07:00 DEBUG 33624 --- [http-nio-8080-exec-1] org.hibernate.SQL                        : 
    select
        avg(r1_0.score) 
    from
        ratings r1_0 
    join
        recipes r2_0 
            on r2_0.id=r1_0.recipe_id 
    where
        r2_0.user_id=?
2025-05-13T00:27:42.487+07:00 DEBUG 33624 --- [http-nio-8080-exec-1] org.hibernate.SQL                        : 
    select
        u1_0.id,
        u1_0.avatar_url,
        u1_0.date_of_birth,
        u1_0.full_name,
        u1_0.username 
    from
        users u1_0 
    where
        u1_0.username=?
2025-05-13T00:27:42.493+07:00 DEBUG 33624 --- [http-nio-8080-exec-1] org.hibernate.SQL                        : 
    select
        r1_0.id,
        r1_0.user_id,
        r1_0.description,
        r1_0.image_url,
        r1_0.title 
    from
        recipes r1_0 
    where
        r1_0.user_id=?
2025-05-13T00:27:42.501+07:00 DEBUG 33624 --- [http-nio-8080-exec-1] org.hibernate.SQL                        : 
    select
        r1_0.recipe_id,
        r1_0.id,
        r1_0.rated_at,
        r1_0.score,
        u1_0.id,
        u1_0.avatar_url,
        u1_0.date_of_birth,
        u1_0.full_name,
        u1_0.username 
    from
        ratings r1_0 
    left join
        users u1_0 
            on u1_0.id=r1_0.user_id 
    where
        r1_0.recipe_id=?
2025-05-13T00:27:42.516+07:00 DEBUG 33624 --- [http-nio-8080-exec-1] org.hibernate.SQL                        : 
    select
        l1_0.recipe_id,
        l1_0.id,
        l1_0.liked_at,
        u1_0.id,
        u1_0.avatar_url,
        u1_0.date_of_birth,
        u1_0.full_name,
        u1_0.username 
    from
        likes l1_0 
    left join
        users u1_0 
            on u1_0.id=l1_0.user_id 
    where
        l1_0.recipe_id=?
2025-05-13T00:27:42.527+07:00 DEBUG 33624 --- [http-nio-8080-exec-1] org.hibernate.SQL                        : 
    select
        c1_0.id,
        c1_0.content,
        c1_0.created_at,
        c1_0.recipe_id,
        c1_0.user_id 
    from
        comments c1_0 
    where
        c1_0.recipe_id=?
2025-05-13T00:27:42.533+07:00 DEBUG 33624 --- [http-nio-8080-exec-1] org.hibernate.SQL                        : 
    select
        r1_0.recipe_id,
        r1_0.id,
        r1_0.rated_at,
        r1_0.score,
        u1_0.id,
        u1_0.avatar_url,
        u1_0.date_of_birth,
        u1_0.full_name,
        u1_0.username 
    from
        ratings r1_0 
    left join
        users u1_0 
            on u1_0.id=r1_0.user_id 
    where
        r1_0.recipe_id=?
2025-05-13T00:27:42.536+07:00 DEBUG 33624 --- [http-nio-8080-exec-1] org.hibernate.SQL                        : 
    select
        l1_0.recipe_id,
        l1_0.id,
        l1_0.liked_at,
        u1_0.id,
        u1_0.avatar_url,
        u1_0.date_of_birth,
        u1_0.full_name,
        u1_0.username 
    from
        likes l1_0 
    left join
        users u1_0 
            on u1_0.id=l1_0.user_id 
    where
        l1_0.recipe_id=?
2025-05-13T00:27:42.542+07:00 DEBUG 33624 --- [http-nio-8080-exec-1] org.hibernate.SQL                        : 
    select
        c1_0.id,
        c1_0.content,
        c1_0.created_at,
        c1_0.recipe_id,
        c1_0.user_id 
    from
        comments c1_0 
    where
        c1_0.recipe_id=?
2025-05-13T00:27:43.271+07:00 ERROR 33624 --- [http-nio-8080-exec-1] org.thymeleaf.TemplateEngine             : [THYMELEAF][http-nio-8080-exec-1] Exception processing template "profile": An error happened during template parsing (template: "class path resource [templates/profile.html]")

org.thymeleaf.exceptions.TemplateInputException: An error happened during template parsing (template: "class path resource [templates/profile.html]")
	at org.thymeleaf.templateparser.markup.AbstractMarkupTemplateParser.parse(AbstractMarkupTemplateParser.java:241) ~[thymeleaf-3.1.3.RELEASE.jar:3.1.3.RELEASE]
	at org.thymeleaf.templateparser.markup.AbstractMarkupTemplateParser.parseStandalone(AbstractMarkupTemplateParser.java:100) ~[thymeleaf-3.1.3.RELEASE.jar:3.1.3.RELEASE]
	at org.thymeleaf.engine.TemplateManager.parseAndProcess(TemplateManager.java:666) ~[thymeleaf-3.1.3.RELEASE.jar:3.1.3.RELEASE]
	at org.thymeleaf.TemplateEngine.process(TemplateEngine.java:1103) ~[thymeleaf-3.1.3.RELEASE.jar:3.1.3.RELEASE]
	at org.thymeleaf.TemplateEngine.process(TemplateEngine.java:1077) ~[thymeleaf-3.1.3.RELEASE.jar:3.1.3.RELEASE]
	at org.thymeleaf.spring6.view.ThymeleafView.renderFragment(ThymeleafView.java:372) ~[thymeleaf-spring6-3.1.3.RELEASE.jar:3.1.3.RELEASE]
	at org.thymeleaf.spring6.view.ThymeleafView.render(ThymeleafView.java:192) ~[thymeleaf-spring6-3.1.3.RELEASE.jar:3.1.3.RELEASE]
	at org.springframework.web.servlet.DispatcherServlet.render(DispatcherServlet.java:1437) ~[spring-webmvc-6.2.6.jar:6.2.6]
	at org.springframework.web.servlet.DispatcherServlet.processDispatchResult(DispatcherServlet.java:1168) ~[spring-webmvc-6.2.6.jar:6.2.6]
	at org.springframework.web.servlet.DispatcherServlet.doDispatch(DispatcherServlet.java:1106) ~[spring-webmvc-6.2.6.jar:6.2.6]
	at org.springframework.web.servlet.DispatcherServlet.doService(DispatcherServlet.java:979) ~[spring-webmvc-6.2.6.jar:6.2.6]
	at org.springframework.web.servlet.FrameworkServlet.processRequest(FrameworkServlet.java:1014) ~[spring-webmvc-6.2.6.jar:6.2.6]
	at org.springframework.web.servlet.FrameworkServlet.doGet(FrameworkServlet.java:903) ~[spring-webmvc-6.2.6.jar:6.2.6]
	at jakarta.servlet.http.HttpServlet.service(HttpServlet.java:564) ~[tomcat-embed-core-10.1.40.jar:6.0]
	at org.springframework.web.servlet.FrameworkServlet.service(FrameworkServlet.java:885) ~[spring-webmvc-6.2.6.jar:6.2.6]
	at jakarta.servlet.http.HttpServlet.service(HttpServlet.java:658) ~[tomcat-embed-core-10.1.40.jar:6.0]
	at org.apache.catalina.core.ApplicationFilterChain.internalDoFilter(ApplicationFilterChain.java:195) ~[tomcat-embed-core-10.1.40.jar:10.1.40]
	at org.apache.catalina.core.ApplicationFilterChain.doFilter(ApplicationFilterChain.java:140) ~[tomcat-embed-core-10.1.40.jar:10.1.40]
	at org.apache.tomcat.websocket.server.WsFilter.doFilter(WsFilter.java:51) ~[tomcat-embed-websocket-10.1.40.jar:10.1.40]
	at org.apache.catalina.core.ApplicationFilterChain.internalDoFilter(ApplicationFilterChain.java:164) ~[tomcat-embed-core-10.1.40.jar:10.1.40]
	at org.apache.catalina.core.ApplicationFilterChain.doFilter(ApplicationFilterChain.java:140) ~[tomcat-embed-core-10.1.40.jar:10.1.40]
	at org.springframework.web.filter.RequestContextFilter.doFilterInternal(RequestContextFilter.java:100) ~[spring-web-6.2.6.jar:6.2.6]
	at org.springframework.web.filter.OncePerRequestFilter.doFilter(OncePerRequestFilter.java:116) ~[spring-web-6.2.6.jar:6.2.6]
	at org.apache.catalina.core.ApplicationFilterChain.internalDoFilter(ApplicationFilterChain.java:164) ~[tomcat-embed-core-10.1.40.jar:10.1.40]
	at org.apache.catalina.core.ApplicationFilterChain.doFilter(ApplicationFilterChain.java:140) ~[tomcat-embed-core-10.1.40.jar:10.1.40]
	at org.springframework.web.filter.FormContentFilter.doFilterInternal(FormContentFilter.java:93) ~[spring-web-6.2.6.jar:6.2.6]
	at org.springframework.web.filter.OncePerRequestFilter.doFilter(OncePerRequestFilter.java:116) ~[spring-web-6.2.6.jar:6.2.6]
	at org.apache.catalina.core.ApplicationFilterChain.internalDoFilter(ApplicationFilterChain.java:164) ~[tomcat-embed-core-10.1.40.jar:10.1.40]
	at org.apache.catalina.core.ApplicationFilterChain.doFilter(ApplicationFilterChain.java:140) ~[tomcat-embed-core-10.1.40.jar:10.1.40]
	at org.springframework.web.filter.CharacterEncodingFilter.doFilterInternal(CharacterEncodingFilter.java:201) ~[spring-web-6.2.6.jar:6.2.6]
	at org.springframework.web.filter.OncePerRequestFilter.doFilter(OncePerRequestFilter.java:116) ~[spring-web-6.2.6.jar:6.2.6]
	at org.apache.catalina.core.ApplicationFilterChain.internalDoFilter(ApplicationFilterChain.java:164) ~[tomcat-embed-core-10.1.40.jar:10.1.40]
	at org.apache.catalina.core.ApplicationFilterChain.doFilter(ApplicationFilterChain.java:140) ~[tomcat-embed-core-10.1.40.jar:10.1.40]
	at org.apache.catalina.core.StandardWrapperValve.invoke(StandardWrapperValve.java:167) ~[tomcat-embed-core-10.1.40.jar:10.1.40]
	at org.apache.catalina.core.StandardContextValve.invoke(StandardContextValve.java:90) ~[tomcat-embed-core-10.1.40.jar:10.1.40]
	at org.apache.catalina.authenticator.AuthenticatorBase.invoke(AuthenticatorBase.java:483) ~[tomcat-embed-core-10.1.40.jar:10.1.40]
	at org.apache.catalina.core.StandardHostValve.invoke(StandardHostValve.java:116) ~[tomcat-embed-core-10.1.40.jar:10.1.40]
	at org.apache.catalina.valves.ErrorReportValve.invoke(ErrorReportValve.java:93) ~[tomcat-embed-core-10.1.40.jar:10.1.40]
	at org.apache.catalina.core.StandardEngineValve.invoke(StandardEngineValve.java:74) ~[tomcat-embed-core-10.1.40.jar:10.1.40]
	at org.apache.catalina.connector.CoyoteAdapter.service(CoyoteAdapter.java:344) ~[tomcat-embed-core-10.1.40.jar:10.1.40]
	at org.apache.coyote.http11.Http11Processor.service(Http11Processor.java:398) ~[tomcat-embed-core-10.1.40.jar:10.1.40]
	at org.apache.coyote.AbstractProcessorLight.process(AbstractProcessorLight.java:63) ~[tomcat-embed-core-10.1.40.jar:10.1.40]
	at org.apache.coyote.AbstractProtocol$ConnectionHandler.process(AbstractProtocol.java:903) ~[tomcat-embed-core-10.1.40.jar:10.1.40]
	at org.apache.tomcat.util.net.NioEndpoint$SocketProcessor.doRun(NioEndpoint.java:1740) ~[tomcat-embed-core-10.1.40.jar:10.1.40]
	at org.apache.tomcat.util.net.SocketProcessorBase.run(SocketProcessorBase.java:52) ~[tomcat-embed-core-10.1.40.jar:10.1.40]
	at org.apache.tomcat.util.threads.ThreadPoolExecutor.runWorker(ThreadPoolExecutor.java:1189) ~[tomcat-embed-core-10.1.40.jar:10.1.40]
	at org.apache.tomcat.util.threads.ThreadPoolExecutor$Worker.run(ThreadPoolExecutor.java:658) ~[tomcat-embed-core-10.1.40.jar:10.1.40]
	at org.apache.tomcat.util.threads.TaskThread$WrappingRunnable.run(TaskThread.java:63) ~[tomcat-embed-core-10.1.40.jar:10.1.40]
	at java.base/java.lang.Thread.run(Thread.java:1575) ~[na:na]
Caused by: org.attoparser.ParseException: Exception evaluating SpringEL expression: "iter.index < 2" (template: "profile" - line 48, col 58)
	at org.attoparser.MarkupParser.parseDocument(MarkupParser.java:393) ~[attoparser-2.0.7.RELEASE.jar:2.0.7.RELEASE]
	at org.attoparser.MarkupParser.parse(MarkupParser.java:257) ~[attoparser-2.0.7.RELEASE.jar:2.0.7.RELEASE]
	at org.thymeleaf.templateparser.markup.AbstractMarkupTemplateParser.parse(AbstractMarkupTemplateParser.java:230) ~[thymeleaf-3.1.3.RELEASE.jar:3.1.3.RELEASE]
	... 48 common frames omitted
Caused by: org.thymeleaf.exceptions.TemplateProcessingException: Exception evaluating SpringEL expression: "iter.index < 2" (template: "profile" - line 48, col 58)
	at org.thymeleaf.spring6.expression.SPELVariableExpressionEvaluator.evaluate(SPELVariableExpressionEvaluator.java:292) ~[thymeleaf-spring6-3.1.3.RELEASE.jar:3.1.3.RELEASE]
	at org.thymeleaf.standard.expression.VariableExpression.executeVariableExpression(VariableExpression.java:166) ~[thymeleaf-3.1.3.RELEASE.jar:3.1.3.RELEASE]
	at org.thymeleaf.standard.expression.SimpleExpression.executeSimple(SimpleExpression.java:66) ~[thymeleaf-3.1.3.RELEASE.jar:3.1.3.RELEASE]
	at org.thymeleaf.standard.expression.Expression.execute(Expression.java:109) ~[thymeleaf-3.1.3.RELEASE.jar:3.1.3.RELEASE]
	at org.thymeleaf.standard.expression.Expression.execute(Expression.java:138) ~[thymeleaf-3.1.3.RELEASE.jar:3.1.3.RELEASE]
	at org.thymeleaf.standard.expression.Expression.execute(Expression.java:125) ~[thymeleaf-3.1.3.RELEASE.jar:3.1.3.RELEASE]
	at org.thymeleaf.standard.processor.StandardIfTagProcessor.isVisible(StandardIfTagProcessor.java:59) ~[thymeleaf-3.1.3.RELEASE.jar:3.1.3.RELEASE]
	at org.thymeleaf.standard.processor.AbstractStandardConditionalVisibilityTagProcessor.doProcess(AbstractStandardConditionalVisibilityTagProcessor.java:61) ~[thymeleaf-3.1.3.RELEASE.jar:3.1.3.RELEASE]
	at org.thymeleaf.processor.element.AbstractAttributeTagProcessor.doProcess(AbstractAttributeTagProcessor.java:74) ~[thymeleaf-3.1.3.RELEASE.jar:3.1.3.RELEASE]
	at org.thymeleaf.processor.element.AbstractElementTagProcessor.process(AbstractElementTagProcessor.java:95) ~[thymeleaf-3.1.3.RELEASE.jar:3.1.3.RELEASE]
	at org.thymeleaf.util.ProcessorConfigurationUtils$ElementTagProcessorWrapper.process(ProcessorConfigurationUtils.java:633) ~[thymeleaf-3.1.3.RELEASE.jar:3.1.3.RELEASE]
	at org.thymeleaf.engine.ProcessorTemplateHandler.handleOpenElement(ProcessorTemplateHandler.java:1314) ~[thymeleaf-3.1.3.RELEASE.jar:3.1.3.RELEASE]
	at org.thymeleaf.engine.OpenElementTag.beHandled(OpenElementTag.java:205) ~[thymeleaf-3.1.3.RELEASE.jar:3.1.3.RELEASE]
	at org.thymeleaf.engine.Model.process(Model.java:282) ~[thymeleaf-3.1.3.RELEASE.jar:3.1.3.RELEASE]
	at org.thymeleaf.engine.Model.process(Model.java:290) ~[thymeleaf-3.1.3.RELEASE.jar:3.1.3.RELEASE]
	at org.thymeleaf.engine.IteratedGatheringModelProcessable.processIterationModel(IteratedGatheringModelProcessable.java:368) ~[thymeleaf-3.1.3.RELEASE.jar:3.1.3.RELEASE]
	at org.thymeleaf.engine.IteratedGatheringModelProcessable.process(IteratedGatheringModelProcessable.java:222) ~[thymeleaf-3.1.3.RELEASE.jar:3.1.3.RELEASE]
	at org.thymeleaf.engine.ProcessorTemplateHandler.handleCloseElement(ProcessorTemplateHandler.java:1640) ~[thymeleaf-3.1.3.RELEASE.jar:3.1.3.RELEASE]
	at org.thymeleaf.engine.CloseElementTag.beHandled(CloseElementTag.java:139) ~[thymeleaf-3.1.3.RELEASE.jar:3.1.3.RELEASE]
	at org.thymeleaf.engine.Model.process(Model.java:282) ~[thymeleaf-3.1.3.RELEASE.jar:3.1.3.RELEASE]
	at org.thymeleaf.engine.Model.process(Model.java:290) ~[thymeleaf-3.1.3.RELEASE.jar:3.1.3.RELEASE]
	at org.thymeleaf.engine.IteratedGatheringModelProcessable.processIterationModel(IteratedGatheringModelProcessable.java:368) ~[thymeleaf-3.1.3.RELEASE.jar:3.1.3.RELEASE]
	at org.thymeleaf.engine.IteratedGatheringModelProcessable.process(IteratedGatheringModelProcessable.java:222) ~[thymeleaf-3.1.3.RELEASE.jar:3.1.3.RELEASE]
	at org.thymeleaf.engine.ProcessorTemplateHandler.handleCloseElement(ProcessorTemplateHandler.java:1640) ~[thymeleaf-3.1.3.RELEASE.jar:3.1.3.RELEASE]
	at org.thymeleaf.engine.TemplateHandlerAdapterMarkupHandler.handleCloseElementEnd(TemplateHandlerAdapterMarkupHandler.java:388) ~[thymeleaf-3.1.3.RELEASE.jar:3.1.3.RELEASE]
	at org.thymeleaf.templateparser.markup.InlinedOutputExpressionMarkupHandler$InlineMarkupAdapterPreProcessorHandler.handleCloseElementEnd(InlinedOutputExpressionMarkupHandler.java:322) ~[thymeleaf-3.1.3.RELEASE.jar:3.1.3.RELEASE]
	at org.thymeleaf.standard.inline.OutputExpressionInlinePreProcessorHandler.handleCloseElementEnd(OutputExpressionInlinePreProcessorHandler.java:220) ~[thymeleaf-3.1.3.RELEASE.jar:3.1.3.RELEASE]
	at org.thymeleaf.templateparser.markup.InlinedOutputExpressionMarkupHandler.handleCloseElementEnd(InlinedOutputExpressionMarkupHandler.java:164) ~[thymeleaf-3.1.3.RELEASE.jar:3.1.3.RELEASE]
	at org.attoparser.HtmlElement.handleCloseElementEnd(HtmlElement.java:169) ~[attoparser-2.0.7.RELEASE.jar:2.0.7.RELEASE]
	at org.attoparser.HtmlMarkupHandler.handleCloseElementEnd(HtmlMarkupHandler.java:412) ~[attoparser-2.0.7.RELEASE.jar:2.0.7.RELEASE]
	at org.attoparser.MarkupEventProcessorHandler.handleCloseElementEnd(MarkupEventProcessorHandler.java:473) ~[attoparser-2.0.7.RELEASE.jar:2.0.7.RELEASE]
	at org.attoparser.ParsingElementMarkupUtil.parseCloseElement(ParsingElementMarkupUtil.java:201) ~[attoparser-2.0.7.RELEASE.jar:2.0.7.RELEASE]
	at org.attoparser.MarkupParser.parseBuffer(MarkupParser.java:725) ~[attoparser-2.0.7.RELEASE.jar:2.0.7.RELEASE]
	at org.attoparser.MarkupParser.parseDocument(MarkupParser.java:301) ~[attoparser-2.0.7.RELEASE.jar:2.0.7.RELEASE]
	... 50 common frames omitted
Caused by: org.springframework.expression.spel.SpelEvaluationException: EL1007E: Property or field 'index' cannot be found on null
	at org.springframework.expression.spel.ast.PropertyOrFieldReference.readProperty(PropertyOrFieldReference.java:225) ~[spring-expression-6.2.6.jar:6.2.6]
	at org.springframework.expression.spel.ast.PropertyOrFieldReference.getValueInternal(PropertyOrFieldReference.java:112) ~[spring-expression-6.2.6.jar:6.2.6]
	at org.springframework.expression.spel.ast.PropertyOrFieldReference$AccessorValueRef.getValue(PropertyOrFieldReference.java:376) ~[spring-expression-6.2.6.jar:6.2.6]
	at org.springframework.expression.spel.ast.CompoundExpression.getValueInternal(CompoundExpression.java:97) ~[spring-expression-6.2.6.jar:6.2.6]
	at org.springframework.expression.spel.ast.OpLT.getValueInternal(OpLT.java:47) ~[spring-expression-6.2.6.jar:6.2.6]
	at org.springframework.expression.spel.ast.OpLT.getValueInternal(OpLT.java:37) ~[spring-expression-6.2.6.jar:6.2.6]
	at org.springframework.expression.spel.ast.SpelNodeImpl.getValue(SpelNodeImpl.java:116) ~[spring-expression-6.2.6.jar:6.2.6]
	at org.springframework.expression.spel.standard.SpelExpression.getValue(SpelExpression.java:338) ~[spring-expression-6.2.6.jar:6.2.6]
	at org.thymeleaf.spring6.expression.SPELVariableExpressionEvaluator.evaluate(SPELVariableExpressionEvaluator.java:265) ~[thymeleaf-spring6-3.1.3.RELEASE.jar:3.1.3.RELEASE]
	... 83 common frames omitted

2025-05-13T00:27:43.300+07:00 ERROR 33624 --- [http-nio-8080-exec-1] o.a.c.c.C.[.[.[/].[dispatcherServlet]    : Servlet.service() for servlet [dispatcherServlet] in context with path [] threw exception [Request processing failed: org.thymeleaf.exceptions.TemplateInputException: An error happened during template parsing (template: "class path resource [templates/profile.html]")] with root cause

org.springframework.expression.spel.SpelEvaluationException: EL1007E: Property or field 'index' cannot be found on null
	at org.springframework.expression.spel.ast.PropertyOrFieldReference.readProperty(PropertyOrFieldReference.java:225) ~[spring-expression-6.2.6.jar:6.2.6]
	at org.springframework.expression.spel.ast.PropertyOrFieldReference.getValueInternal(PropertyOrFieldReference.java:112) ~[spring-expression-6.2.6.jar:6.2.6]
	at org.springframework.expression.spel.ast.PropertyOrFieldReference$AccessorValueRef.getValue(PropertyOrFieldReference.java:376) ~[spring-expression-6.2.6.jar:6.2.6]
	at org.springframework.expression.spel.ast.CompoundExpression.getValueInternal(CompoundExpression.java:97) ~[spring-expression-6.2.6.jar:6.2.6]
	at org.springframework.expression.spel.ast.OpLT.getValueInternal(OpLT.java:47) ~[spring-expression-6.2.6.jar:6.2.6]
	at org.springframework.expression.spel.ast.OpLT.getValueInternal(OpLT.java:37) ~[spring-expression-6.2.6.jar:6.2.6]
	at org.springframework.expression.spel.ast.SpelNodeImpl.getValue(SpelNodeImpl.java:116) ~[spring-expression-6.2.6.jar:6.2.6]
	at org.springframework.expression.spel.standard.SpelExpression.getValue(SpelExpression.java:338) ~[spring-expression-6.2.6.jar:6.2.6]
	at org.thymeleaf.spring6.expression.SPELVariableExpressionEvaluator.evaluate(SPELVariableExpressionEvaluator.java:265) ~[thymeleaf-spring6-3.1.3.RELEASE.jar:3.1.3.RELEASE]
	at org.thymeleaf.standard.expression.VariableExpression.executeVariableExpression(VariableExpression.java:166) ~[thymeleaf-3.1.3.RELEASE.jar:3.1.3.RELEASE]
	at org.thymeleaf.standard.expression.SimpleExpression.executeSimple(SimpleExpression.java:66) ~[thymeleaf-3.1.3.RELEASE.jar:3.1.3.RELEASE]
	at org.thymeleaf.standard.expression.Expression.execute(Expression.java:109) ~[thymeleaf-3.1.3.RELEASE.jar:3.1.3.RELEASE]
	at org.thymeleaf.standard.expression.Expression.execute(Expression.java:138) ~[thymeleaf-3.1.3.RELEASE.jar:3.1.3.RELEASE]
	at org.thymeleaf.standard.expression.Expression.execute(Expression.java:125) ~[thymeleaf-3.1.3.RELEASE.jar:3.1.3.RELEASE]
	at org.thymeleaf.standard.processor.StandardIfTagProcessor.isVisible(StandardIfTagProcessor.java:59) ~[thymeleaf-3.1.3.RELEASE.jar:3.1.3.RELEASE]
	at org.thymeleaf.standard.processor.AbstractStandardConditionalVisibilityTagProcessor.doProcess(AbstractStandardConditionalVisibilityTagProcessor.java:61) ~[thymeleaf-3.1.3.RELEASE.jar:3.1.3.RELEASE]
	at org.thymeleaf.processor.element.AbstractAttributeTagProcessor.doProcess(AbstractAttributeTagProcessor.java:74) ~[thymeleaf-3.1.3.RELEASE.jar:3.1.3.RELEASE]
	at org.thymeleaf.processor.element.AbstractElementTagProcessor.process(AbstractElementTagProcessor.java:95) ~[thymeleaf-3.1.3.RELEASE.jar:3.1.3.RELEASE]
	at org.thymeleaf.util.ProcessorConfigurationUtils$ElementTagProcessorWrapper.process(ProcessorConfigurationUtils.java:633) ~[thymeleaf-3.1.3.RELEASE.jar:3.1.3.RELEASE]
	at org.thymeleaf.engine.ProcessorTemplateHandler.handleOpenElement(ProcessorTemplateHandler.java:1314) ~[thymeleaf-3.1.3.RELEASE.jar:3.1.3.RELEASE]
	at org.thymeleaf.engine.OpenElementTag.beHandled(OpenElementTag.java:205) ~[thymeleaf-3.1.3.RELEASE.jar:3.1.3.RELEASE]
	at org.thymeleaf.engine.Model.process(Model.java:282) ~[thymeleaf-3.1.3.RELEASE.jar:3.1.3.RELEASE]
	at org.thymeleaf.engine.Model.process(Model.java:290) ~[thymeleaf-3.1.3.RELEASE.jar:3.1.3.RELEASE]
	at org.thymeleaf.engine.IteratedGatheringModelProcessable.processIterationModel(IteratedGatheringModelProcessable.java:368) ~[thymeleaf-3.1.3.RELEASE.jar:3.1.3.RELEASE]
	at org.thymeleaf.engine.IteratedGatheringModelProcessable.process(IteratedGatheringModelProcessable.java:222) ~[thymeleaf-3.1.3.RELEASE.jar:3.1.3.RELEASE]
	at org.thymeleaf.engine.ProcessorTemplateHandler.handleCloseElement(ProcessorTemplateHandler.java:1640) ~[thymeleaf-3.1.3.RELEASE.jar:3.1.3.RELEASE]
	at org.thymeleaf.engine.CloseElementTag.beHandled(CloseElementTag.java:139) ~[thymeleaf-3.1.3.RELEASE.jar:3.1.3.RELEASE]
	at org.thymeleaf.engine.Model.process(Model.java:282) ~[thymeleaf-3.1.3.RELEASE.jar:3.1.3.RELEASE]
	at org.thymeleaf.engine.Model.process(Model.java:290) ~[thymeleaf-3.1.3.RELEASE.jar:3.1.3.RELEASE]
	at org.thymeleaf.engine.IteratedGatheringModelProcessable.processIterationModel(IteratedGatheringModelProcessable.java:368) ~[thymeleaf-3.1.3.RELEASE.jar:3.1.3.RELEASE]
	at org.thymeleaf.engine.IteratedGatheringModelProcessable.process(IteratedGatheringModelProcessable.java:222) ~[thymeleaf-3.1.3.RELEASE.jar:3.1.3.RELEASE]
	at org.thymeleaf.engine.ProcessorTemplateHandler.handleCloseElement(ProcessorTemplateHandler.java:1640) ~[thymeleaf-3.1.3.RELEASE.jar:3.1.3.RELEASE]
	at org.thymeleaf.engine.TemplateHandlerAdapterMarkupHandler.handleCloseElementEnd(TemplateHandlerAdapterMarkupHandler.java:388) ~[thymeleaf-3.1.3.RELEASE.jar:3.1.3.RELEASE]
	at org.thymeleaf.templateparser.markup.InlinedOutputExpressionMarkupHandler$InlineMarkupAdapterPreProcessorHandler.handleCloseElementEnd(InlinedOutputExpressionMarkupHandler.java:322) ~[thymeleaf-3.1.3.RELEASE.jar:3.1.3.RELEASE]
	at org.thymeleaf.standard.inline.OutputExpressionInlinePreProcessorHandler.handleCloseElementEnd(OutputExpressionInlinePreProcessorHandler.java:220) ~[thymeleaf-3.1.3.RELEASE.jar:3.1.3.RELEASE]
	at org.thymeleaf.templateparser.markup.InlinedOutputExpressionMarkupHandler.handleCloseElementEnd(InlinedOutputExpressionMarkupHandler.java:164) ~[thymeleaf-3.1.3.RELEASE.jar:3.1.3.RELEASE]
	at org.attoparser.HtmlElement.handleCloseElementEnd(HtmlElement.java:169) ~[attoparser-2.0.7.RELEASE.jar:2.0.7.RELEASE]
	at org.attoparser.HtmlMarkupHandler.handleCloseElementEnd(HtmlMarkupHandler.java:412) ~[attoparser-2.0.7.RELEASE.jar:2.0.7.RELEASE]
	at org.attoparser.MarkupEventProcessorHandler.handleCloseElementEnd(MarkupEventProcessorHandler.java:473) ~[attoparser-2.0.7.RELEASE.jar:2.0.7.RELEASE]
	at org.attoparser.ParsingElementMarkupUtil.parseCloseElement(ParsingElementMarkupUtil.java:201) ~[attoparser-2.0.7.RELEASE.jar:2.0.7.RELEASE]
	at org.attoparser.MarkupParser.parseBuffer(MarkupParser.java:725) ~[attoparser-2.0.7.RELEASE.jar:2.0.7.RELEASE]
	at org.attoparser.MarkupParser.parseDocument(MarkupParser.java:301) ~[attoparser-2.0.7.RELEASE.jar:2.0.7.RELEASE]
	at org.attoparser.MarkupParser.parse(MarkupParser.java:257) ~[attoparser-2.0.7.RELEASE.jar:2.0.7.RELEASE]
	at org.thymeleaf.templateparser.markup.AbstractMarkupTemplateParser.parse(AbstractMarkupTemplateParser.java:230) ~[thymeleaf-3.1.3.RELEASE.jar:3.1.3.RELEASE]
	at org.thymeleaf.templateparser.markup.AbstractMarkupTemplateParser.parseStandalone(AbstractMarkupTemplateParser.java:100) ~[thymeleaf-3.1.3.RELEASE.jar:3.1.3.RELEASE]
	at org.thymeleaf.engine.TemplateManager.parseAndProcess(TemplateManager.java:666) ~[thymeleaf-3.1.3.RELEASE.jar:3.1.3.RELEASE]
	at org.thymeleaf.TemplateEngine.process(TemplateEngine.java:1103) ~[thymeleaf-3.1.3.RELEASE.jar:3.1.3.RELEASE]
	at org.thymeleaf.TemplateEngine.process(TemplateEngine.java:1077) ~[thymeleaf-3.1.3.RELEASE.jar:3.1.3.RELEASE]
	at org.thymeleaf.spring6.view.ThymeleafView.renderFragment(ThymeleafView.java:372) ~[thymeleaf-spring6-3.1.3.RELEASE.jar:3.1.3.RELEASE]
	at org.thymeleaf.spring6.view.ThymeleafView.render(ThymeleafView.java:192) ~[thymeleaf-spring6-3.1.3.RELEASE.jar:3.1.3.RELEASE]
	at org.springframework.web.servlet.DispatcherServlet.render(DispatcherServlet.java:1437) ~[spring-webmvc-6.2.6.jar:6.2.6]
	at org.springframework.web.servlet.DispatcherServlet.processDispatchResult(DispatcherServlet.java:1168) ~[spring-webmvc-6.2.6.jar:6.2.6]
	at org.springframework.web.servlet.DispatcherServlet.doDispatch(DispatcherServlet.java:1106) ~[spring-webmvc-6.2.6.jar:6.2.6]
	at org.springframework.web.servlet.DispatcherServlet.doService(DispatcherServlet.java:979) ~[spring-webmvc-6.2.6.jar:6.2.6]
	at org.springframework.web.servlet.FrameworkServlet.processRequest(FrameworkServlet.java:1014) ~[spring-webmvc-6.2.6.jar:6.2.6]
	at org.springframework.web.servlet.FrameworkServlet.doGet(FrameworkServlet.java:903) ~[spring-webmvc-6.2.6.jar:6.2.6]
	at jakarta.servlet.http.HttpServlet.service(HttpServlet.java:564) ~[tomcat-embed-core-10.1.40.jar:6.0]
	at org.springframework.web.servlet.FrameworkServlet.service(FrameworkServlet.java:885) ~[spring-webmvc-6.2.6.jar:6.2.6]
	at jakarta.servlet.http.HttpServlet.service(HttpServlet.java:658) ~[tomcat-embed-core-10.1.40.jar:6.0]
	at org.apache.catalina.core.ApplicationFilterChain.internalDoFilter(ApplicationFilterChain.java:195) ~[tomcat-embed-core-10.1.40.jar:10.1.40]
	at org.apache.catalina.core.ApplicationFilterChain.doFilter(ApplicationFilterChain.java:140) ~[tomcat-embed-core-10.1.40.jar:10.1.40]
	at org.apache.tomcat.websocket.server.WsFilter.doFilter(WsFilter.java:51) ~[tomcat-embed-websocket-10.1.40.jar:10.1.40]
	at org.apache.catalina.core.ApplicationFilterChain.internalDoFilter(ApplicationFilterChain.java:164) ~[tomcat-embed-core-10.1.40.jar:10.1.40]
	at org.apache.catalina.core.ApplicationFilterChain.doFilter(ApplicationFilterChain.java:140) ~[tomcat-embed-core-10.1.40.jar:10.1.40]
	at org.springframework.web.filter.RequestContextFilter.doFilterInternal(RequestContextFilter.java:100) ~[spring-web-6.2.6.jar:6.2.6]
	at org.springframework.web.filter.OncePerRequestFilter.doFilter(OncePerRequestFilter.java:116) ~[spring-web-6.2.6.jar:6.2.6]
	at org.apache.catalina.core.ApplicationFilterChain.internalDoFilter(ApplicationFilterChain.java:164) ~[tomcat-embed-core-10.1.40.jar:10.1.40]
	at org.apache.catalina.core.ApplicationFilterChain.doFilter(ApplicationFilterChain.java:140) ~[tomcat-embed-core-10.1.40.jar:10.1.40]
	at org.springframework.web.filter.FormContentFilter.doFilterInternal(FormContentFilter.java:93) ~[spring-web-6.2.6.jar:6.2.6]
	at org.springframework.web.filter.OncePerRequestFilter.doFilter(OncePerRequestFilter.java:116) ~[spring-web-6.2.6.jar:6.2.6]
	at org.apache.catalina.core.ApplicationFilterChain.internalDoFilter(ApplicationFilterChain.java:164) ~[tomcat-embed-core-10.1.40.jar:10.1.40]
	at org.apache.catalina.core.ApplicationFilterChain.doFilter(ApplicationFilterChain.java:140) ~[tomcat-embed-core-10.1.40.jar:10.1.40]
	at org.springframework.web.filter.CharacterEncodingFilter.doFilterInternal(CharacterEncodingFilter.java:201) ~[spring-web-6.2.6.jar:6.2.6]
	at org.springframework.web.filter.OncePerRequestFilter.doFilter(OncePerRequestFilter.java:116) ~[spring-web-6.2.6.jar:6.2.6]
	at org.apache.catalina.core.ApplicationFilterChain.internalDoFilter(ApplicationFilterChain.java:164) ~[tomcat-embed-core-10.1.40.jar:10.1.40]
	at org.apache.catalina.core.ApplicationFilterChain.doFilter(ApplicationFilterChain.java:140) ~[tomcat-embed-core-10.1.40.jar:10.1.40]
	at org.apache.catalina.core.StandardWrapperValve.invoke(StandardWrapperValve.java:167) ~[tomcat-embed-core-10.1.40.jar:10.1.40]
	at org.apache.catalina.core.StandardContextValve.invoke(StandardContextValve.java:90) ~[tomcat-embed-core-10.1.40.jar:10.1.40]
	at org.apache.catalina.authenticator.AuthenticatorBase.invoke(AuthenticatorBase.java:483) ~[tomcat-embed-core-10.1.40.jar:10.1.40]
	at org.apache.catalina.core.StandardHostValve.invoke(StandardHostValve.java:116) ~[tomcat-embed-core-10.1.40.jar:10.1.40]
	at org.apache.catalina.valves.ErrorReportValve.invoke(ErrorReportValve.java:93) ~[tomcat-embed-core-10.1.40.jar:10.1.40]
	at org.apache.catalina.core.StandardEngineValve.invoke(StandardEngineValve.java:74) ~[tomcat-embed-core-10.1.40.jar:10.1.40]
	at org.apache.catalina.connector.CoyoteAdapter.service(CoyoteAdapter.java:344) ~[tomcat-embed-core-10.1.40.jar:10.1.40]
	at org.apache.coyote.http11.Http11Processor.service(Http11Processor.java:398) ~[tomcat-embed-core-10.1.40.jar:10.1.40]
	at org.apache.coyote.AbstractProcessorLight.process(AbstractProcessorLight.java:63) ~[tomcat-embed-core-10.1.40.jar:10.1.40]
	at org.apache.coyote.AbstractProtocol$ConnectionHandler.process(AbstractProtocol.java:903) ~[tomcat-embed-core-10.1.40.jar:10.1.40]
	at org.apache.tomcat.util.net.NioEndpoint$SocketProcessor.doRun(NioEndpoint.java:1740) ~[tomcat-embed-core-10.1.40.jar:10.1.40]
	at org.apache.tomcat.util.net.SocketProcessorBase.run(SocketProcessorBase.java:52) ~[tomcat-embed-core-10.1.40.jar:10.1.40]
	at org.apache.tomcat.util.threads.ThreadPoolExecutor.runWorker(ThreadPoolExecutor.java:1189) ~[tomcat-embed-core-10.1.40.jar:10.1.40]
	at org.apache.tomcat.util.threads.ThreadPoolExecutor$Worker.run(ThreadPoolExecutor.java:658) ~[tomcat-embed-core-10.1.40.jar:10.1.40]
	at org.apache.tomcat.util.threads.TaskThread$WrappingRunnable.run(TaskThread.java:63) ~[tomcat-embed-core-10.1.40.jar:10.1.40]
	at java.base/java.lang.Thread.run(Thread.java:1575) ~[na:na]

2025-05-13T00:27:51.791+07:00 DEBUG 33624 --- [http-nio-8080-exec-2] org.hibernate.SQL                        : 
    select
        u1_0.id,
        u1_0.avatar_url,
        u1_0.date_of_birth,
        u1_0.full_name,
        u1_0.username 
    from
        users u1_0 
    where
        u1_0.username=?
2025-05-13T00:27:51.795+07:00 DEBUG 33624 --- [http-nio-8080-exec-2] org.hibernate.SQL                        : 
    select
        count(f1_0.id) 
    from
        follows f1_0 
    where
        f1_0.following_id=?
2025-05-13T00:27:51.797+07:00 DEBUG 33624 --- [http-nio-8080-exec-2] org.hibernate.SQL                        : 
    select
        count(f1_0.id) 
    from
        follows f1_0 
    where
        f1_0.follower_id=?
2025-05-13T00:27:51.800+07:00 DEBUG 33624 --- [http-nio-8080-exec-2] org.hibernate.SQL                        : 
    select
        r1_0.id,
        r1_0.user_id,
        r1_0.description,
        r1_0.image_url,
        r1_0.title 
    from
        recipes r1_0 
    where
        r1_0.user_id=?
2025-05-13T00:27:51.804+07:00 DEBUG 33624 --- [http-nio-8080-exec-2] org.hibernate.SQL                        : 
    select
        avg(r1_0.score) 
    from
        ratings r1_0 
    join
        recipes r2_0 
            on r2_0.id=r1_0.recipe_id 
    where
        r2_0.user_id=?
2025-05-13T00:27:51.808+07:00 DEBUG 33624 --- [http-nio-8080-exec-2] org.hibernate.SQL                        : 
    select
        u1_0.id,
        u1_0.avatar_url,
        u1_0.date_of_birth,
        u1_0.full_name,
        u1_0.username 
    from
        users u1_0 
    where
        u1_0.username=?
2025-05-13T00:27:51.810+07:00 DEBUG 33624 --- [http-nio-8080-exec-2] org.hibernate.SQL                        : 
    select
        r1_0.id,
        r1_0.user_id,
        r1_0.description,
        r1_0.image_url,
        r1_0.title 
    from
        recipes r1_0 
    where
        r1_0.user_id=?
2025-05-13T00:27:51.812+07:00 DEBUG 33624 --- [http-nio-8080-exec-2] org.hibernate.SQL                        : 
    select
        r1_0.recipe_id,
        r1_0.id,
        r1_0.rated_at,
        r1_0.score,
        u1_0.id,
        u1_0.avatar_url,
        u1_0.date_of_birth,
        u1_0.full_name,
        u1_0.username 
    from
        ratings r1_0 
    left join
        users u1_0 
            on u1_0.id=r1_0.user_id 
    where
        r1_0.recipe_id=?
2025-05-13T00:27:51.814+07:00 DEBUG 33624 --- [http-nio-8080-exec-2] org.hibernate.SQL                        : 
    select
        l1_0.recipe_id,
        l1_0.id,
        l1_0.liked_at,
        u1_0.id,
        u1_0.avatar_url,
        u1_0.date_of_birth,
        u1_0.full_name,
        u1_0.username 
    from
        likes l1_0 
    left join
        users u1_0 
            on u1_0.id=l1_0.user_id 
    where
        l1_0.recipe_id=?
2025-05-13T00:27:51.818+07:00 DEBUG 33624 --- [http-nio-8080-exec-2] org.hibernate.SQL                        : 
    select
        c1_0.id,
        c1_0.content,
        c1_0.created_at,
        c1_0.recipe_id,
        c1_0.user_id 
    from
        comments c1_0 
    where
        c1_0.recipe_id=?
2025-05-13T00:27:51.820+07:00 DEBUG 33624 --- [http-nio-8080-exec-2] org.hibernate.SQL                        : 
    select
        r1_0.recipe_id,
        r1_0.id,
        r1_0.rated_at,
        r1_0.score,
        u1_0.id,
        u1_0.avatar_url,
        u1_0.date_of_birth,
        u1_0.full_name,
        u1_0.username 
    from
        ratings r1_0 
    left join
        users u1_0 
            on u1_0.id=r1_0.user_id 
    where
        r1_0.recipe_id=?
2025-05-13T00:27:51.821+07:00 DEBUG 33624 --- [http-nio-8080-exec-2] org.hibernate.SQL                        : 
    select
        l1_0.recipe_id,
        l1_0.id,
        l1_0.liked_at,
        u1_0.id,
        u1_0.avatar_url,
        u1_0.date_of_birth,
        u1_0.full_name,
        u1_0.username 
    from
        likes l1_0 
    left join
        users u1_0 
            on u1_0.id=l1_0.user_id 
    where
        l1_0.recipe_id=?
2025-05-13T00:27:51.824+07:00 DEBUG 33624 --- [http-nio-8080-exec-2] org.hibernate.SQL                        : 
    select
        c1_0.id,
        c1_0.content,
        c1_0.created_at,
        c1_0.recipe_id,
        c1_0.user_id 
    from
        comments c1_0 
    where
        c1_0.recipe_id=?
2025-05-13T00:27:51.830+07:00 ERROR 33624 --- [http-nio-8080-exec-2] org.thymeleaf.TemplateEngine             : [THYMELEAF][http-nio-8080-exec-2] Exception processing template "profile": An error happened during template parsing (template: "class path resource [templates/profile.html]")

org.thymeleaf.exceptions.TemplateInputException: An error happened during template parsing (template: "class path resource [templates/profile.html]")
	at org.thymeleaf.templateparser.markup.AbstractMarkupTemplateParser.parse(AbstractMarkupTemplateParser.java:241) ~[thymeleaf-3.1.3.RELEASE.jar:3.1.3.RELEASE]
	at org.thymeleaf.templateparser.markup.AbstractMarkupTemplateParser.parseStandalone(AbstractMarkupTemplateParser.java:100) ~[thymeleaf-3.1.3.RELEASE.jar:3.1.3.RELEASE]
	at org.thymeleaf.engine.TemplateManager.parseAndProcess(TemplateManager.java:666) ~[thymeleaf-3.1.3.RELEASE.jar:3.1.3.RELEASE]
	at org.thymeleaf.TemplateEngine.process(TemplateEngine.java:1103) ~[thymeleaf-3.1.3.RELEASE.jar:3.1.3.RELEASE]
	at org.thymeleaf.TemplateEngine.process(TemplateEngine.java:1077) ~[thymeleaf-3.1.3.RELEASE.jar:3.1.3.RELEASE]
	at org.thymeleaf.spring6.view.ThymeleafView.renderFragment(ThymeleafView.java:372) ~[thymeleaf-spring6-3.1.3.RELEASE.jar:3.1.3.RELEASE]
	at org.thymeleaf.spring6.view.ThymeleafView.render(ThymeleafView.java:192) ~[thymeleaf-spring6-3.1.3.RELEASE.jar:3.1.3.RELEASE]
	at org.springframework.web.servlet.DispatcherServlet.render(DispatcherServlet.java:1437) ~[spring-webmvc-6.2.6.jar:6.2.6]
	at org.springframework.web.servlet.DispatcherServlet.processDispatchResult(DispatcherServlet.java:1168) ~[spring-webmvc-6.2.6.jar:6.2.6]
	at org.springframework.web.servlet.DispatcherServlet.doDispatch(DispatcherServlet.java:1106) ~[spring-webmvc-6.2.6.jar:6.2.6]
	at org.springframework.web.servlet.DispatcherServlet.doService(DispatcherServlet.java:979) ~[spring-webmvc-6.2.6.jar:6.2.6]
	at org.springframework.web.servlet.FrameworkServlet.processRequest(FrameworkServlet.java:1014) ~[spring-webmvc-6.2.6.jar:6.2.6]
	at org.springframework.web.servlet.FrameworkServlet.doGet(FrameworkServlet.java:903) ~[spring-webmvc-6.2.6.jar:6.2.6]
	at jakarta.servlet.http.HttpServlet.service(HttpServlet.java:564) ~[tomcat-embed-core-10.1.40.jar:6.0]
	at org.springframework.web.servlet.FrameworkServlet.service(FrameworkServlet.java:885) ~[spring-webmvc-6.2.6.jar:6.2.6]
	at jakarta.servlet.http.HttpServlet.service(HttpServlet.java:658) ~[tomcat-embed-core-10.1.40.jar:6.0]
	at org.apache.catalina.core.ApplicationFilterChain.internalDoFilter(ApplicationFilterChain.java:195) ~[tomcat-embed-core-10.1.40.jar:10.1.40]
	at org.apache.catalina.core.ApplicationFilterChain.doFilter(ApplicationFilterChain.java:140) ~[tomcat-embed-core-10.1.40.jar:10.1.40]
	at org.apache.tomcat.websocket.server.WsFilter.doFilter(WsFilter.java:51) ~[tomcat-embed-websocket-10.1.40.jar:10.1.40]
	at org.apache.catalina.core.ApplicationFilterChain.internalDoFilter(ApplicationFilterChain.java:164) ~[tomcat-embed-core-10.1.40.jar:10.1.40]
	at org.apache.catalina.core.ApplicationFilterChain.doFilter(ApplicationFilterChain.java:140) ~[tomcat-embed-core-10.1.40.jar:10.1.40]
	at org.springframework.web.filter.RequestContextFilter.doFilterInternal(RequestContextFilter.java:100) ~[spring-web-6.2.6.jar:6.2.6]
	at org.springframework.web.filter.OncePerRequestFilter.doFilter(OncePerRequestFilter.java:116) ~[spring-web-6.2.6.jar:6.2.6]
	at org.apache.catalina.core.ApplicationFilterChain.internalDoFilter(ApplicationFilterChain.java:164) ~[tomcat-embed-core-10.1.40.jar:10.1.40]
	at org.apache.catalina.core.ApplicationFilterChain.doFilter(ApplicationFilterChain.java:140) ~[tomcat-embed-core-10.1.40.jar:10.1.40]
	at org.springframework.web.filter.FormContentFilter.doFilterInternal(FormContentFilter.java:93) ~[spring-web-6.2.6.jar:6.2.6]
	at org.springframework.web.filter.OncePerRequestFilter.doFilter(OncePerRequestFilter.java:116) ~[spring-web-6.2.6.jar:6.2.6]
	at org.apache.catalina.core.ApplicationFilterChain.internalDoFilter(ApplicationFilterChain.java:164) ~[tomcat-embed-core-10.1.40.jar:10.1.40]
	at org.apache.catalina.core.ApplicationFilterChain.doFilter(ApplicationFilterChain.java:140) ~[tomcat-embed-core-10.1.40.jar:10.1.40]
	at org.springframework.web.filter.CharacterEncodingFilter.doFilterInternal(CharacterEncodingFilter.java:201) ~[spring-web-6.2.6.jar:6.2.6]
	at org.springframework.web.filter.OncePerRequestFilter.doFilter(OncePerRequestFilter.java:116) ~[spring-web-6.2.6.jar:6.2.6]
	at org.apache.catalina.core.ApplicationFilterChain.internalDoFilter(ApplicationFilterChain.java:164) ~[tomcat-embed-core-10.1.40.jar:10.1.40]
	at org.apache.catalina.core.ApplicationFilterChain.doFilter(ApplicationFilterChain.java:140) ~[tomcat-embed-core-10.1.40.jar:10.1.40]
	at org.apache.catalina.core.StandardWrapperValve.invoke(StandardWrapperValve.java:167) ~[tomcat-embed-core-10.1.40.jar:10.1.40]
	at org.apache.catalina.core.StandardContextValve.invoke(StandardContextValve.java:90) ~[tomcat-embed-core-10.1.40.jar:10.1.40]
	at org.apache.catalina.authenticator.AuthenticatorBase.invoke(AuthenticatorBase.java:483) ~[tomcat-embed-core-10.1.40.jar:10.1.40]
	at org.apache.catalina.core.StandardHostValve.invoke(StandardHostValve.java:116) ~[tomcat-embed-core-10.1.40.jar:10.1.40]
	at org.apache.catalina.valves.ErrorReportValve.invoke(ErrorReportValve.java:93) ~[tomcat-embed-core-10.1.40.jar:10.1.40]
	at org.apache.catalina.core.StandardEngineValve.invoke(StandardEngineValve.java:74) ~[tomcat-embed-core-10.1.40.jar:10.1.40]
	at org.apache.catalina.connector.CoyoteAdapter.service(CoyoteAdapter.java:344) ~[tomcat-embed-core-10.1.40.jar:10.1.40]
	at org.apache.coyote.http11.Http11Processor.service(Http11Processor.java:398) ~[tomcat-embed-core-10.1.40.jar:10.1.40]
	at org.apache.coyote.AbstractProcessorLight.process(AbstractProcessorLight.java:63) ~[tomcat-embed-core-10.1.40.jar:10.1.40]
	at org.apache.coyote.AbstractProtocol$ConnectionHandler.process(AbstractProtocol.java:903) ~[tomcat-embed-core-10.1.40.jar:10.1.40]
	at org.apache.tomcat.util.net.NioEndpoint$SocketProcessor.doRun(NioEndpoint.java:1740) ~[tomcat-embed-core-10.1.40.jar:10.1.40]
	at org.apache.tomcat.util.net.SocketProcessorBase.run(SocketProcessorBase.java:52) ~[tomcat-embed-core-10.1.40.jar:10.1.40]
	at org.apache.tomcat.util.threads.ThreadPoolExecutor.runWorker(ThreadPoolExecutor.java:1189) ~[tomcat-embed-core-10.1.40.jar:10.1.40]
	at org.apache.tomcat.util.threads.ThreadPoolExecutor$Worker.run(ThreadPoolExecutor.java:658) ~[tomcat-embed-core-10.1.40.jar:10.1.40]
	at org.apache.tomcat.util.threads.TaskThread$WrappingRunnable.run(TaskThread.java:63) ~[tomcat-embed-core-10.1.40.jar:10.1.40]
	at java.base/java.lang.Thread.run(Thread.java:1575) ~[na:na]
Caused by: org.attoparser.ParseException: Exception evaluating SpringEL expression: "iter.index < 2" (template: "profile" - line 48, col 58)
	at org.attoparser.MarkupParser.parseDocument(MarkupParser.java:393) ~[attoparser-2.0.7.RELEASE.jar:2.0.7.RELEASE]
	at org.attoparser.MarkupParser.parse(MarkupParser.java:257) ~[attoparser-2.0.7.RELEASE.jar:2.0.7.RELEASE]
	at org.thymeleaf.templateparser.markup.AbstractMarkupTemplateParser.parse(AbstractMarkupTemplateParser.java:230) ~[thymeleaf-3.1.3.RELEASE.jar:3.1.3.RELEASE]
	... 48 common frames omitted
Caused by: org.thymeleaf.exceptions.TemplateProcessingException: Exception evaluating SpringEL expression: "iter.index < 2" (template: "profile" - line 48, col 58)
	at org.thymeleaf.spring6.expression.SPELVariableExpressionEvaluator.evaluate(SPELVariableExpressionEvaluator.java:292) ~[thymeleaf-spring6-3.1.3.RELEASE.jar:3.1.3.RELEASE]
	at org.thymeleaf.standard.expression.VariableExpression.executeVariableExpression(VariableExpression.java:166) ~[thymeleaf-3.1.3.RELEASE.jar:3.1.3.RELEASE]
	at org.thymeleaf.standard.expression.SimpleExpression.executeSimple(SimpleExpression.java:66) ~[thymeleaf-3.1.3.RELEASE.jar:3.1.3.RELEASE]
	at org.thymeleaf.standard.expression.Expression.execute(Expression.java:109) ~[thymeleaf-3.1.3.RELEASE.jar:3.1.3.RELEASE]
	at org.thymeleaf.standard.expression.Expression.execute(Expression.java:138) ~[thymeleaf-3.1.3.RELEASE.jar:3.1.3.RELEASE]
	at org.thymeleaf.standard.expression.Expression.execute(Expression.java:125) ~[thymeleaf-3.1.3.RELEASE.jar:3.1.3.RELEASE]
	at org.thymeleaf.standard.processor.StandardIfTagProcessor.isVisible(StandardIfTagProcessor.java:59) ~[thymeleaf-3.1.3.RELEASE.jar:3.1.3.RELEASE]
	at org.thymeleaf.standard.processor.AbstractStandardConditionalVisibilityTagProcessor.doProcess(AbstractStandardConditionalVisibilityTagProcessor.java:61) ~[thymeleaf-3.1.3.RELEASE.jar:3.1.3.RELEASE]
	at org.thymeleaf.processor.element.AbstractAttributeTagProcessor.doProcess(AbstractAttributeTagProcessor.java:74) ~[thymeleaf-3.1.3.RELEASE.jar:3.1.3.RELEASE]
	at org.thymeleaf.processor.element.AbstractElementTagProcessor.process(AbstractElementTagProcessor.java:95) ~[thymeleaf-3.1.3.RELEASE.jar:3.1.3.RELEASE]
	at org.thymeleaf.util.ProcessorConfigurationUtils$ElementTagProcessorWrapper.process(ProcessorConfigurationUtils.java:633) ~[thymeleaf-3.1.3.RELEASE.jar:3.1.3.RELEASE]
	at org.thymeleaf.engine.ProcessorTemplateHandler.handleOpenElement(ProcessorTemplateHandler.java:1314) ~[thymeleaf-3.1.3.RELEASE.jar:3.1.3.RELEASE]
	at org.thymeleaf.engine.OpenElementTag.beHandled(OpenElementTag.java:205) ~[thymeleaf-3.1.3.RELEASE.jar:3.1.3.RELEASE]
	at org.thymeleaf.engine.Model.process(Model.java:282) ~[thymeleaf-3.1.3.RELEASE.jar:3.1.3.RELEASE]
	at org.thymeleaf.engine.Model.process(Model.java:290) ~[thymeleaf-3.1.3.RELEASE.jar:3.1.3.RELEASE]
	at org.thymeleaf.engine.IteratedGatheringModelProcessable.processIterationModel(IteratedGatheringModelProcessable.java:368) ~[thymeleaf-3.1.3.RELEASE.jar:3.1.3.RELEASE]
	at org.thymeleaf.engine.IteratedGatheringModelProcessable.process(IteratedGatheringModelProcessable.java:222) ~[thymeleaf-3.1.3.RELEASE.jar:3.1.3.RELEASE]
	at org.thymeleaf.engine.ProcessorTemplateHandler.handleCloseElement(ProcessorTemplateHandler.java:1640) ~[thymeleaf-3.1.3.RELEASE.jar:3.1.3.RELEASE]
	at org.thymeleaf.engine.CloseElementTag.beHandled(CloseElementTag.java:139) ~[thymeleaf-3.1.3.RELEASE.jar:3.1.3.RELEASE]
	at org.thymeleaf.engine.Model.process(Model.java:282) ~[thymeleaf-3.1.3.RELEASE.jar:3.1.3.RELEASE]
	at org.thymeleaf.engine.Model.process(Model.java:290) ~[thymeleaf-3.1.3.RELEASE.jar:3.1.3.RELEASE]
	at org.thymeleaf.engine.IteratedGatheringModelProcessable.processIterationModel(IteratedGatheringModelProcessable.java:368) ~[thymeleaf-3.1.3.RELEASE.jar:3.1.3.RELEASE]
	at org.thymeleaf.engine.IteratedGatheringModelProcessable.process(IteratedGatheringModelProcessable.java:222) ~[thymeleaf-3.1.3.RELEASE.jar:3.1.3.RELEASE]
	at org.thymeleaf.engine.ProcessorTemplateHandler.handleCloseElement(ProcessorTemplateHandler.java:1640) ~[thymeleaf-3.1.3.RELEASE.jar:3.1.3.RELEASE]
	at org.thymeleaf.engine.TemplateHandlerAdapterMarkupHandler.handleCloseElementEnd(TemplateHandlerAdapterMarkupHandler.java:388) ~[thymeleaf-3.1.3.RELEASE.jar:3.1.3.RELEASE]
	at org.thymeleaf.templateparser.markup.InlinedOutputExpressionMarkupHandler$InlineMarkupAdapterPreProcessorHandler.handleCloseElementEnd(InlinedOutputExpressionMarkupHandler.java:322) ~[thymeleaf-3.1.3.RELEASE.jar:3.1.3.RELEASE]
	at org.thymeleaf.standard.inline.OutputExpressionInlinePreProcessorHandler.handleCloseElementEnd(OutputExpressionInlinePreProcessorHandler.java:220) ~[thymeleaf-3.1.3.RELEASE.jar:3.1.3.RELEASE]
	at org.thymeleaf.templateparser.markup.InlinedOutputExpressionMarkupHandler.handleCloseElementEnd(InlinedOutputExpressionMarkupHandler.java:164) ~[thymeleaf-3.1.3.RELEASE.jar:3.1.3.RELEASE]
	at org.attoparser.HtmlElement.handleCloseElementEnd(HtmlElement.java:169) ~[attoparser-2.0.7.RELEASE.jar:2.0.7.RELEASE]
	at org.attoparser.HtmlMarkupHandler.handleCloseElementEnd(HtmlMarkupHandler.java:412) ~[attoparser-2.0.7.RELEASE.jar:2.0.7.RELEASE]
	at org.attoparser.MarkupEventProcessorHandler.handleCloseElementEnd(MarkupEventProcessorHandler.java:473) ~[attoparser-2.0.7.RELEASE.jar:2.0.7.RELEASE]
	at org.attoparser.ParsingElementMarkupUtil.parseCloseElement(ParsingElementMarkupUtil.java:201) ~[attoparser-2.0.7.RELEASE.jar:2.0.7.RELEASE]
	at org.attoparser.MarkupParser.parseBuffer(MarkupParser.java:725) ~[attoparser-2.0.7.RELEASE.jar:2.0.7.RELEASE]
	at org.attoparser.MarkupParser.parseDocument(MarkupParser.java:301) ~[attoparser-2.0.7.RELEASE.jar:2.0.7.RELEASE]
	... 50 common frames omitted
Caused by: org.springframework.expression.spel.SpelEvaluationException: EL1007E: Property or field 'index' cannot be found on null
	at org.springframework.expression.spel.ast.PropertyOrFieldReference.readProperty(PropertyOrFieldReference.java:225) ~[spring-expression-6.2.6.jar:6.2.6]
	at org.springframework.expression.spel.ast.PropertyOrFieldReference.getValueInternal(PropertyOrFieldReference.java:112) ~[spring-expression-6.2.6.jar:6.2.6]
	at org.springframework.expression.spel.ast.PropertyOrFieldReference$AccessorValueRef.getValue(PropertyOrFieldReference.java:376) ~[spring-expression-6.2.6.jar:6.2.6]
	at org.springframework.expression.spel.ast.CompoundExpression.getValueInternal(CompoundExpression.java:97) ~[spring-expression-6.2.6.jar:6.2.6]
	at org.springframework.expression.spel.ast.OpLT.getValueInternal(OpLT.java:47) ~[spring-expression-6.2.6.jar:6.2.6]
	at org.springframework.expression.spel.ast.OpLT.getValueInternal(OpLT.java:37) ~[spring-expression-6.2.6.jar:6.2.6]
	at org.springframework.expression.spel.ast.SpelNodeImpl.getValue(SpelNodeImpl.java:116) ~[spring-expression-6.2.6.jar:6.2.6]
	at org.springframework.expression.spel.standard.SpelExpression.getValue(SpelExpression.java:338) ~[spring-expression-6.2.6.jar:6.2.6]
	at org.thymeleaf.spring6.expression.SPELVariableExpressionEvaluator.evaluate(SPELVariableExpressionEvaluator.java:265) ~[thymeleaf-spring6-3.1.3.RELEASE.jar:3.1.3.RELEASE]
	... 83 common frames omitted

2025-05-13T00:27:51.832+07:00 ERROR 33624 --- [http-nio-8080-exec-2] o.a.c.c.C.[.[.[/].[dispatcherServlet]    : Servlet.service() for servlet [dispatcherServlet] in context with path [] threw exception [Request processing failed: org.thymeleaf.exceptions.TemplateInputException: An error happened during template parsing (template: "class path resource [templates/profile.html]")] with root cause

org.springframework.expression.spel.SpelEvaluationException: EL1007E: Property or field 'index' cannot be found on null
	at org.springframework.expression.spel.ast.PropertyOrFieldReference.readProperty(PropertyOrFieldReference.java:225) ~[spring-expression-6.2.6.jar:6.2.6]
	at org.springframework.expression.spel.ast.PropertyOrFieldReference.getValueInternal(PropertyOrFieldReference.java:112) ~[spring-expression-6.2.6.jar:6.2.6]
	at org.springframework.expression.spel.ast.PropertyOrFieldReference$AccessorValueRef.getValue(PropertyOrFieldReference.java:376) ~[spring-expression-6.2.6.jar:6.2.6]
	at org.springframework.expression.spel.ast.CompoundExpression.getValueInternal(CompoundExpression.java:97) ~[spring-expression-6.2.6.jar:6.2.6]
	at org.springframework.expression.spel.ast.OpLT.getValueInternal(OpLT.java:47) ~[spring-expression-6.2.6.jar:6.2.6]
	at org.springframework.expression.spel.ast.OpLT.getValueInternal(OpLT.java:37) ~[spring-expression-6.2.6.jar:6.2.6]
	at org.springframework.expression.spel.ast.SpelNodeImpl.getValue(SpelNodeImpl.java:116) ~[spring-expression-6.2.6.jar:6.2.6]
	at org.springframework.expression.spel.standard.SpelExpression.getValue(SpelExpression.java:338) ~[spring-expression-6.2.6.jar:6.2.6]
	at org.thymeleaf.spring6.expression.SPELVariableExpressionEvaluator.evaluate(SPELVariableExpressionEvaluator.java:265) ~[thymeleaf-spring6-3.1.3.RELEASE.jar:3.1.3.RELEASE]
	at org.thymeleaf.standard.expression.VariableExpression.executeVariableExpression(VariableExpression.java:166) ~[thymeleaf-3.1.3.RELEASE.jar:3.1.3.RELEASE]
	at org.thymeleaf.standard.expression.SimpleExpression.executeSimple(SimpleExpression.java:66) ~[thymeleaf-3.1.3.RELEASE.jar:3.1.3.RELEASE]
	at org.thymeleaf.standard.expression.Expression.execute(Expression.java:109) ~[thymeleaf-3.1.3.RELEASE.jar:3.1.3.RELEASE]
	at org.thymeleaf.standard.expression.Expression.execute(Expression.java:138) ~[thymeleaf-3.1.3.RELEASE.jar:3.1.3.RELEASE]
	at org.thymeleaf.standard.expression.Expression.execute(Expression.java:125) ~[thymeleaf-3.1.3.RELEASE.jar:3.1.3.RELEASE]
	at org.thymeleaf.standard.processor.StandardIfTagProcessor.isVisible(StandardIfTagProcessor.java:59) ~[thymeleaf-3.1.3.RELEASE.jar:3.1.3.RELEASE]
	at org.thymeleaf.standard.processor.AbstractStandardConditionalVisibilityTagProcessor.doProcess(AbstractStandardConditionalVisibilityTagProcessor.java:61) ~[thymeleaf-3.1.3.RELEASE.jar:3.1.3.RELEASE]
	at org.thymeleaf.processor.element.AbstractAttributeTagProcessor.doProcess(AbstractAttributeTagProcessor.java:74) ~[thymeleaf-3.1.3.RELEASE.jar:3.1.3.RELEASE]
	at org.thymeleaf.processor.element.AbstractElementTagProcessor.process(AbstractElementTagProcessor.java:95) ~[thymeleaf-3.1.3.RELEASE.jar:3.1.3.RELEASE]
	at org.thymeleaf.util.ProcessorConfigurationUtils$ElementTagProcessorWrapper.process(ProcessorConfigurationUtils.java:633) ~[thymeleaf-3.1.3.RELEASE.jar:3.1.3.RELEASE]
	at org.thymeleaf.engine.ProcessorTemplateHandler.handleOpenElement(ProcessorTemplateHandler.java:1314) ~[thymeleaf-3.1.3.RELEASE.jar:3.1.3.RELEASE]
	at org.thymeleaf.engine.OpenElementTag.beHandled(OpenElementTag.java:205) ~[thymeleaf-3.1.3.RELEASE.jar:3.1.3.RELEASE]
	at org.thymeleaf.engine.Model.process(Model.java:282) ~[thymeleaf-3.1.3.RELEASE.jar:3.1.3.RELEASE]
	at org.thymeleaf.engine.Model.process(Model.java:290) ~[thymeleaf-3.1.3.RELEASE.jar:3.1.3.RELEASE]
	at org.thymeleaf.engine.IteratedGatheringModelProcessable.processIterationModel(IteratedGatheringModelProcessable.java:368) ~[thymeleaf-3.1.3.RELEASE.jar:3.1.3.RELEASE]
	at org.thymeleaf.engine.IteratedGatheringModelProcessable.process(IteratedGatheringModelProcessable.java:222) ~[thymeleaf-3.1.3.RELEASE.jar:3.1.3.RELEASE]
	at org.thymeleaf.engine.ProcessorTemplateHandler.handleCloseElement(ProcessorTemplateHandler.java:1640) ~[thymeleaf-3.1.3.RELEASE.jar:3.1.3.RELEASE]
	at org.thymeleaf.engine.CloseElementTag.beHandled(CloseElementTag.java:139) ~[thymeleaf-3.1.3.RELEASE.jar:3.1.3.RELEASE]
	at org.thymeleaf.engine.Model.process(Model.java:282) ~[thymeleaf-3.1.3.RELEASE.jar:3.1.3.RELEASE]
	at org.thymeleaf.engine.Model.process(Model.java:290) ~[thymeleaf-3.1.3.RELEASE.jar:3.1.3.RELEASE]
	at org.thymeleaf.engine.IteratedGatheringModelProcessable.processIterationModel(IteratedGatheringModelProcessable.java:368) ~[thymeleaf-3.1.3.RELEASE.jar:3.1.3.RELEASE]
	at org.thymeleaf.engine.IteratedGatheringModelProcessable.process(IteratedGatheringModelProcessable.java:222) ~[thymeleaf-3.1.3.RELEASE.jar:3.1.3.RELEASE]
	at org.thymeleaf.engine.ProcessorTemplateHandler.handleCloseElement(ProcessorTemplateHandler.java:1640) ~[thymeleaf-3.1.3.RELEASE.jar:3.1.3.RELEASE]
	at org.thymeleaf.engine.TemplateHandlerAdapterMarkupHandler.handleCloseElementEnd(TemplateHandlerAdapterMarkupHandler.java:388) ~[thymeleaf-3.1.3.RELEASE.jar:3.1.3.RELEASE]
	at org.thymeleaf.templateparser.markup.InlinedOutputExpressionMarkupHandler$InlineMarkupAdapterPreProcessorHandler.handleCloseElementEnd(InlinedOutputExpressionMarkupHandler.java:322) ~[thymeleaf-3.1.3.RELEASE.jar:3.1.3.RELEASE]
	at org.thymeleaf.standard.inline.OutputExpressionInlinePreProcessorHandler.handleCloseElementEnd(OutputExpressionInlinePreProcessorHandler.java:220) ~[thymeleaf-3.1.3.RELEASE.jar:3.1.3.RELEASE]
	at org.thymeleaf.templateparser.markup.InlinedOutputExpressionMarkupHandler.handleCloseElementEnd(InlinedOutputExpressionMarkupHandler.java:164) ~[thymeleaf-3.1.3.RELEASE.jar:3.1.3.RELEASE]
	at org.attoparser.HtmlElement.handleCloseElementEnd(HtmlElement.java:169) ~[attoparser-2.0.7.RELEASE.jar:2.0.7.RELEASE]
	at org.attoparser.HtmlMarkupHandler.handleCloseElementEnd(HtmlMarkupHandler.java:412) ~[attoparser-2.0.7.RELEASE.jar:2.0.7.RELEASE]
	at org.attoparser.MarkupEventProcessorHandler.handleCloseElementEnd(MarkupEventProcessorHandler.java:473) ~[attoparser-2.0.7.RELEASE.jar:2.0.7.RELEASE]
	at org.attoparser.ParsingElementMarkupUtil.parseCloseElement(ParsingElementMarkupUtil.java:201) ~[attoparser-2.0.7.RELEASE.jar:2.0.7.RELEASE]
	at org.attoparser.MarkupParser.parseBuffer(MarkupParser.java:725) ~[attoparser-2.0.7.RELEASE.jar:2.0.7.RELEASE]
	at org.attoparser.MarkupParser.parseDocument(MarkupParser.java:301) ~[attoparser-2.0.7.RELEASE.jar:2.0.7.RELEASE]
	at org.attoparser.MarkupParser.parse(MarkupParser.java:257) ~[attoparser-2.0.7.RELEASE.jar:2.0.7.RELEASE]
	at org.thymeleaf.templateparser.markup.AbstractMarkupTemplateParser.parse(AbstractMarkupTemplateParser.java:230) ~[thymeleaf-3.1.3.RELEASE.jar:3.1.3.RELEASE]
	at org.thymeleaf.templateparser.markup.AbstractMarkupTemplateParser.parseStandalone(AbstractMarkupTemplateParser.java:100) ~[thymeleaf-3.1.3.RELEASE.jar:3.1.3.RELEASE]
	at org.thymeleaf.engine.TemplateManager.parseAndProcess(TemplateManager.java:666) ~[thymeleaf-3.1.3.RELEASE.jar:3.1.3.RELEASE]
	at org.thymeleaf.TemplateEngine.process(TemplateEngine.java:1103) ~[thymeleaf-3.1.3.RELEASE.jar:3.1.3.RELEASE]
	at org.thymeleaf.TemplateEngine.process(TemplateEngine.java:1077) ~[thymeleaf-3.1.3.RELEASE.jar:3.1.3.RELEASE]
	at org.thymeleaf.spring6.view.ThymeleafView.renderFragment(ThymeleafView.java:372) ~[thymeleaf-spring6-3.1.3.RELEASE.jar:3.1.3.RELEASE]
	at org.thymeleaf.spring6.view.ThymeleafView.render(ThymeleafView.java:192) ~[thymeleaf-spring6-3.1.3.RELEASE.jar:3.1.3.RELEASE]
	at org.springframework.web.servlet.DispatcherServlet.render(DispatcherServlet.java:1437) ~[spring-webmvc-6.2.6.jar:6.2.6]
	at org.springframework.web.servlet.DispatcherServlet.processDispatchResult(DispatcherServlet.java:1168) ~[spring-webmvc-6.2.6.jar:6.2.6]
	at org.springframework.web.servlet.DispatcherServlet.doDispatch(DispatcherServlet.java:1106) ~[spring-webmvc-6.2.6.jar:6.2.6]
	at org.springframework.web.servlet.DispatcherServlet.doService(DispatcherServlet.java:979) ~[spring-webmvc-6.2.6.jar:6.2.6]
	at org.springframework.web.servlet.FrameworkServlet.processRequest(FrameworkServlet.java:1014) ~[spring-webmvc-6.2.6.jar:6.2.6]
	at org.springframework.web.servlet.FrameworkServlet.doGet(FrameworkServlet.java:903) ~[spring-webmvc-6.2.6.jar:6.2.6]
	at jakarta.servlet.http.HttpServlet.service(HttpServlet.java:564) ~[tomcat-embed-core-10.1.40.jar:6.0]
	at org.springframework.web.servlet.FrameworkServlet.service(FrameworkServlet.java:885) ~[spring-webmvc-6.2.6.jar:6.2.6]
	at jakarta.servlet.http.HttpServlet.service(HttpServlet.java:658) ~[tomcat-embed-core-10.1.40.jar:6.0]
	at org.apache.catalina.core.ApplicationFilterChain.internalDoFilter(ApplicationFilterChain.java:195) ~[tomcat-embed-core-10.1.40.jar:10.1.40]
	at org.apache.catalina.core.ApplicationFilterChain.doFilter(ApplicationFilterChain.java:140) ~[tomcat-embed-core-10.1.40.jar:10.1.40]
	at org.apache.tomcat.websocket.server.WsFilter.doFilter(WsFilter.java:51) ~[tomcat-embed-websocket-10.1.40.jar:10.1.40]
	at org.apache.catalina.core.ApplicationFilterChain.internalDoFilter(ApplicationFilterChain.java:164) ~[tomcat-embed-core-10.1.40.jar:10.1.40]
	at org.apache.catalina.core.ApplicationFilterChain.doFilter(ApplicationFilterChain.java:140) ~[tomcat-embed-core-10.1.40.jar:10.1.40]
	at org.springframework.web.filter.RequestContextFilter.doFilterInternal(RequestContextFilter.java:100) ~[spring-web-6.2.6.jar:6.2.6]
	at org.springframework.web.filter.OncePerRequestFilter.doFilter(OncePerRequestFilter.java:116) ~[spring-web-6.2.6.jar:6.2.6]
	at org.apache.catalina.core.ApplicationFilterChain.internalDoFilter(ApplicationFilterChain.java:164) ~[tomcat-embed-core-10.1.40.jar:10.1.40]
	at org.apache.catalina.core.ApplicationFilterChain.doFilter(ApplicationFilterChain.java:140) ~[tomcat-embed-core-10.1.40.jar:10.1.40]
	at org.springframework.web.filter.FormContentFilter.doFilterInternal(FormContentFilter.java:93) ~[spring-web-6.2.6.jar:6.2.6]
	at org.springframework.web.filter.OncePerRequestFilter.doFilter(OncePerRequestFilter.java:116) ~[spring-web-6.2.6.jar:6.2.6]
	at org.apache.catalina.core.ApplicationFilterChain.internalDoFilter(ApplicationFilterChain.java:164) ~[tomcat-embed-core-10.1.40.jar:10.1.40]
	at org.apache.catalina.core.ApplicationFilterChain.doFilter(ApplicationFilterChain.java:140) ~[tomcat-embed-core-10.1.40.jar:10.1.40]
	at org.springframework.web.filter.CharacterEncodingFilter.doFilterInternal(CharacterEncodingFilter.java:201) ~[spring-web-6.2.6.jar:6.2.6]
	at org.springframework.web.filter.OncePerRequestFilter.doFilter(OncePerRequestFilter.java:116) ~[spring-web-6.2.6.jar:6.2.6]
	at org.apache.catalina.core.ApplicationFilterChain.internalDoFilter(ApplicationFilterChain.java:164) ~[tomcat-embed-core-10.1.40.jar:10.1.40]
	at org.apache.catalina.core.ApplicationFilterChain.doFilter(ApplicationFilterChain.java:140) ~[tomcat-embed-core-10.1.40.jar:10.1.40]
	at org.apache.catalina.core.StandardWrapperValve.invoke(StandardWrapperValve.java:167) ~[tomcat-embed-core-10.1.40.jar:10.1.40]
	at org.apache.catalina.core.StandardContextValve.invoke(StandardContextValve.java:90) ~[tomcat-embed-core-10.1.40.jar:10.1.40]
	at org.apache.catalina.authenticator.AuthenticatorBase.invoke(AuthenticatorBase.java:483) ~[tomcat-embed-core-10.1.40.jar:10.1.40]
	at org.apache.catalina.core.StandardHostValve.invoke(StandardHostValve.java:116) ~[tomcat-embed-core-10.1.40.jar:10.1.40]
	at org.apache.catalina.valves.ErrorReportValve.invoke(ErrorReportValve.java:93) ~[tomcat-embed-core-10.1.40.jar:10.1.40]
	at org.apache.catalina.core.StandardEngineValve.invoke(StandardEngineValve.java:74) ~[tomcat-embed-core-10.1.40.jar:10.1.40]
	at org.apache.catalina.connector.CoyoteAdapter.service(CoyoteAdapter.java:344) ~[tomcat-embed-core-10.1.40.jar:10.1.40]
	at org.apache.coyote.http11.Http11Processor.service(Http11Processor.java:398) ~[tomcat-embed-core-10.1.40.jar:10.1.40]
	at org.apache.coyote.AbstractProcessorLight.process(AbstractProcessorLight.java:63) ~[tomcat-embed-core-10.1.40.jar:10.1.40]
	at org.apache.coyote.AbstractProtocol$ConnectionHandler.process(AbstractProtocol.java:903) ~[tomcat-embed-core-10.1.40.jar:10.1.40]
	at org.apache.tomcat.util.net.NioEndpoint$SocketProcessor.doRun(NioEndpoint.java:1740) ~[tomcat-embed-core-10.1.40.jar:10.1.40]
	at org.apache.tomcat.util.net.SocketProcessorBase.run(SocketProcessorBase.java:52) ~[tomcat-embed-core-10.1.40.jar:10.1.40]
	at org.apache.tomcat.util.threads.ThreadPoolExecutor.runWorker(ThreadPoolExecutor.java:1189) ~[tomcat-embed-core-10.1.40.jar:10.1.40]
	at org.apache.tomcat.util.threads.ThreadPoolExecutor$Worker.run(ThreadPoolExecutor.java:658) ~[tomcat-embed-core-10.1.40.jar:10.1.40]
	at org.apache.tomcat.util.threads.TaskThread$WrappingRunnable.run(TaskThread.java:63) ~[tomcat-embed-core-10.1.40.jar:10.1.40]
	at java.base/java.lang.Thread.run(Thread.java:1575) ~[na:na]

2025-05-13T00:30:27.399+07:00 DEBUG 33624 --- [http-nio-8080-exec-10] org.hibernate.SQL                        : 
    select
        u1_0.id,
        u1_0.avatar_url,
        u1_0.date_of_birth,
        u1_0.full_name,
        u1_0.username 
    from
        users u1_0 
    where
        u1_0.username=?
2025-05-13T00:30:27.405+07:00 DEBUG 33624 --- [http-nio-8080-exec-10] org.hibernate.SQL                        : 
    select
        count(f1_0.id) 
    from
        follows f1_0 
    where
        f1_0.following_id=?
2025-05-13T00:30:27.411+07:00 DEBUG 33624 --- [http-nio-8080-exec-10] org.hibernate.SQL                        : 
    select
        count(f1_0.id) 
    from
        follows f1_0 
    where
        f1_0.follower_id=?
2025-05-13T00:30:27.418+07:00 DEBUG 33624 --- [http-nio-8080-exec-10] org.hibernate.SQL                        : 
    select
        r1_0.id,
        r1_0.user_id,
        r1_0.description,
        r1_0.image_url,
        r1_0.title 
    from
        recipes r1_0 
    where
        r1_0.user_id=?
2025-05-13T00:30:27.422+07:00 DEBUG 33624 --- [http-nio-8080-exec-10] org.hibernate.SQL                        : 
    select
        avg(r1_0.score) 
    from
        ratings r1_0 
    join
        recipes r2_0 
            on r2_0.id=r1_0.recipe_id 
    where
        r2_0.user_id=?
2025-05-13T00:30:27.426+07:00 DEBUG 33624 --- [http-nio-8080-exec-10] org.hibernate.SQL                        : 
    select
        u1_0.id,
        u1_0.avatar_url,
        u1_0.date_of_birth,
        u1_0.full_name,
        u1_0.username 
    from
        users u1_0 
    where
        u1_0.username=?
2025-05-13T00:30:27.431+07:00 DEBUG 33624 --- [http-nio-8080-exec-10] org.hibernate.SQL                        : 
    select
        r1_0.id,
        r1_0.user_id,
        r1_0.description,
        r1_0.image_url,
        r1_0.title 
    from
        recipes r1_0 
    where
        r1_0.user_id=?
2025-05-13T00:30:27.434+07:00 DEBUG 33624 --- [http-nio-8080-exec-10] org.hibernate.SQL                        : 
    select
        r1_0.recipe_id,
        r1_0.id,
        r1_0.rated_at,
        r1_0.score,
        u1_0.id,
        u1_0.avatar_url,
        u1_0.date_of_birth,
        u1_0.full_name,
        u1_0.username 
    from
        ratings r1_0 
    left join
        users u1_0 
            on u1_0.id=r1_0.user_id 
    where
        r1_0.recipe_id=?
2025-05-13T00:30:27.439+07:00 DEBUG 33624 --- [http-nio-8080-exec-10] org.hibernate.SQL                        : 
    select
        l1_0.recipe_id,
        l1_0.id,
        l1_0.liked_at,
        u1_0.id,
        u1_0.avatar_url,
        u1_0.date_of_birth,
        u1_0.full_name,
        u1_0.username 
    from
        likes l1_0 
    left join
        users u1_0 
            on u1_0.id=l1_0.user_id 
    where
        l1_0.recipe_id=?
2025-05-13T00:30:27.447+07:00 DEBUG 33624 --- [http-nio-8080-exec-10] org.hibernate.SQL                        : 
    select
        c1_0.id,
        c1_0.content,
        c1_0.created_at,
        c1_0.recipe_id,
        c1_0.user_id 
    from
        comments c1_0 
    where
        c1_0.recipe_id=?
2025-05-13T00:30:27.452+07:00 DEBUG 33624 --- [http-nio-8080-exec-10] org.hibernate.SQL                        : 
    select
        r1_0.recipe_id,
        r1_0.id,
        r1_0.rated_at,
        r1_0.score,
        u1_0.id,
        u1_0.avatar_url,
        u1_0.date_of_birth,
        u1_0.full_name,
        u1_0.username 
    from
        ratings r1_0 
    left join
        users u1_0 
            on u1_0.id=r1_0.user_id 
    where
        r1_0.recipe_id=?
2025-05-13T00:30:27.456+07:00 DEBUG 33624 --- [http-nio-8080-exec-10] org.hibernate.SQL                        : 
    select
        l1_0.recipe_id,
        l1_0.id,
        l1_0.liked_at,
        u1_0.id,
        u1_0.avatar_url,
        u1_0.date_of_birth,
        u1_0.full_name,
        u1_0.username 
    from
        likes l1_0 
    left join
        users u1_0 
            on u1_0.id=l1_0.user_id 
    where
        l1_0.recipe_id=?
2025-05-13T00:30:27.466+07:00 DEBUG 33624 --- [http-nio-8080-exec-10] org.hibernate.SQL                        : 
    select
        c1_0.id,
        c1_0.content,
        c1_0.created_at,
        c1_0.recipe_id,
        c1_0.user_id 
    from
        comments c1_0 
    where
        c1_0.recipe_id=?
2025-05-13T00:30:27.490+07:00 ERROR 33624 --- [http-nio-8080-exec-10] org.thymeleaf.TemplateEngine             : [THYMELEAF][http-nio-8080-exec-10] Exception processing template "profile": An error happened during template parsing (template: "class path resource [templates/profile.html]")

org.thymeleaf.exceptions.TemplateInputException: An error happened during template parsing (template: "class path resource [templates/profile.html]")
	at org.thymeleaf.templateparser.markup.AbstractMarkupTemplateParser.parse(AbstractMarkupTemplateParser.java:241) ~[thymeleaf-3.1.3.RELEASE.jar:3.1.3.RELEASE]
	at org.thymeleaf.templateparser.markup.AbstractMarkupTemplateParser.parseStandalone(AbstractMarkupTemplateParser.java:100) ~[thymeleaf-3.1.3.RELEASE.jar:3.1.3.RELEASE]
	at org.thymeleaf.engine.TemplateManager.parseAndProcess(TemplateManager.java:666) ~[thymeleaf-3.1.3.RELEASE.jar:3.1.3.RELEASE]
	at org.thymeleaf.TemplateEngine.process(TemplateEngine.java:1103) ~[thymeleaf-3.1.3.RELEASE.jar:3.1.3.RELEASE]
	at org.thymeleaf.TemplateEngine.process(TemplateEngine.java:1077) ~[thymeleaf-3.1.3.RELEASE.jar:3.1.3.RELEASE]
	at org.thymeleaf.spring6.view.ThymeleafView.renderFragment(ThymeleafView.java:372) ~[thymeleaf-spring6-3.1.3.RELEASE.jar:3.1.3.RELEASE]
	at org.thymeleaf.spring6.view.ThymeleafView.render(ThymeleafView.java:192) ~[thymeleaf-spring6-3.1.3.RELEASE.jar:3.1.3.RELEASE]
	at org.springframework.web.servlet.DispatcherServlet.render(DispatcherServlet.java:1437) ~[spring-webmvc-6.2.6.jar:6.2.6]
	at org.springframework.web.servlet.DispatcherServlet.processDispatchResult(DispatcherServlet.java:1168) ~[spring-webmvc-6.2.6.jar:6.2.6]
	at org.springframework.web.servlet.DispatcherServlet.doDispatch(DispatcherServlet.java:1106) ~[spring-webmvc-6.2.6.jar:6.2.6]
	at org.springframework.web.servlet.DispatcherServlet.doService(DispatcherServlet.java:979) ~[spring-webmvc-6.2.6.jar:6.2.6]
	at org.springframework.web.servlet.FrameworkServlet.processRequest(FrameworkServlet.java:1014) ~[spring-webmvc-6.2.6.jar:6.2.6]
	at org.springframework.web.servlet.FrameworkServlet.doGet(FrameworkServlet.java:903) ~[spring-webmvc-6.2.6.jar:6.2.6]
	at jakarta.servlet.http.HttpServlet.service(HttpServlet.java:564) ~[tomcat-embed-core-10.1.40.jar:6.0]
	at org.springframework.web.servlet.FrameworkServlet.service(FrameworkServlet.java:885) ~[spring-webmvc-6.2.6.jar:6.2.6]
	at jakarta.servlet.http.HttpServlet.service(HttpServlet.java:658) ~[tomcat-embed-core-10.1.40.jar:6.0]
	at org.apache.catalina.core.ApplicationFilterChain.internalDoFilter(ApplicationFilterChain.java:195) ~[tomcat-embed-core-10.1.40.jar:10.1.40]
	at org.apache.catalina.core.ApplicationFilterChain.doFilter(ApplicationFilterChain.java:140) ~[tomcat-embed-core-10.1.40.jar:10.1.40]
	at org.apache.tomcat.websocket.server.WsFilter.doFilter(WsFilter.java:51) ~[tomcat-embed-websocket-10.1.40.jar:10.1.40]
	at org.apache.catalina.core.ApplicationFilterChain.internalDoFilter(ApplicationFilterChain.java:164) ~[tomcat-embed-core-10.1.40.jar:10.1.40]
	at org.apache.catalina.core.ApplicationFilterChain.doFilter(ApplicationFilterChain.java:140) ~[tomcat-embed-core-10.1.40.jar:10.1.40]
	at org.springframework.web.filter.RequestContextFilter.doFilterInternal(RequestContextFilter.java:100) ~[spring-web-6.2.6.jar:6.2.6]
	at org.springframework.web.filter.OncePerRequestFilter.doFilter(OncePerRequestFilter.java:116) ~[spring-web-6.2.6.jar:6.2.6]
	at org.apache.catalina.core.ApplicationFilterChain.internalDoFilter(ApplicationFilterChain.java:164) ~[tomcat-embed-core-10.1.40.jar:10.1.40]
	at org.apache.catalina.core.ApplicationFilterChain.doFilter(ApplicationFilterChain.java:140) ~[tomcat-embed-core-10.1.40.jar:10.1.40]
	at org.springframework.web.filter.FormContentFilter.doFilterInternal(FormContentFilter.java:93) ~[spring-web-6.2.6.jar:6.2.6]
	at org.springframework.web.filter.OncePerRequestFilter.doFilter(OncePerRequestFilter.java:116) ~[spring-web-6.2.6.jar:6.2.6]
	at org.apache.catalina.core.ApplicationFilterChain.internalDoFilter(ApplicationFilterChain.java:164) ~[tomcat-embed-core-10.1.40.jar:10.1.40]
	at org.apache.catalina.core.ApplicationFilterChain.doFilter(ApplicationFilterChain.java:140) ~[tomcat-embed-core-10.1.40.jar:10.1.40]
	at org.springframework.web.filter.CharacterEncodingFilter.doFilterInternal(CharacterEncodingFilter.java:201) ~[spring-web-6.2.6.jar:6.2.6]
	at org.springframework.web.filter.OncePerRequestFilter.doFilter(OncePerRequestFilter.java:116) ~[spring-web-6.2.6.jar:6.2.6]
	at org.apache.catalina.core.ApplicationFilterChain.internalDoFilter(ApplicationFilterChain.java:164) ~[tomcat-embed-core-10.1.40.jar:10.1.40]
	at org.apache.catalina.core.ApplicationFilterChain.doFilter(ApplicationFilterChain.java:140) ~[tomcat-embed-core-10.1.40.jar:10.1.40]
	at org.apache.catalina.core.StandardWrapperValve.invoke(StandardWrapperValve.java:167) ~[tomcat-embed-core-10.1.40.jar:10.1.40]
	at org.apache.catalina.core.StandardContextValve.invoke(StandardContextValve.java:90) ~[tomcat-embed-core-10.1.40.jar:10.1.40]
	at org.apache.catalina.authenticator.AuthenticatorBase.invoke(AuthenticatorBase.java:483) ~[tomcat-embed-core-10.1.40.jar:10.1.40]
	at org.apache.catalina.core.StandardHostValve.invoke(StandardHostValve.java:116) ~[tomcat-embed-core-10.1.40.jar:10.1.40]
	at org.apache.catalina.valves.ErrorReportValve.invoke(ErrorReportValve.java:93) ~[tomcat-embed-core-10.1.40.jar:10.1.40]
	at org.apache.catalina.core.StandardEngineValve.invoke(StandardEngineValve.java:74) ~[tomcat-embed-core-10.1.40.jar:10.1.40]
	at org.apache.catalina.connector.CoyoteAdapter.service(CoyoteAdapter.java:344) ~[tomcat-embed-core-10.1.40.jar:10.1.40]
	at org.apache.coyote.http11.Http11Processor.service(Http11Processor.java:398) ~[tomcat-embed-core-10.1.40.jar:10.1.40]
	at org.apache.coyote.AbstractProcessorLight.process(AbstractProcessorLight.java:63) ~[tomcat-embed-core-10.1.40.jar:10.1.40]
	at org.apache.coyote.AbstractProtocol$ConnectionHandler.process(AbstractProtocol.java:903) ~[tomcat-embed-core-10.1.40.jar:10.1.40]
	at org.apache.tomcat.util.net.NioEndpoint$SocketProcessor.doRun(NioEndpoint.java:1740) ~[tomcat-embed-core-10.1.40.jar:10.1.40]
	at org.apache.tomcat.util.net.SocketProcessorBase.run(SocketProcessorBase.java:52) ~[tomcat-embed-core-10.1.40.jar:10.1.40]
	at org.apache.tomcat.util.threads.ThreadPoolExecutor.runWorker(ThreadPoolExecutor.java:1189) ~[tomcat-embed-core-10.1.40.jar:10.1.40]
	at org.apache.tomcat.util.threads.ThreadPoolExecutor$Worker.run(ThreadPoolExecutor.java:658) ~[tomcat-embed-core-10.1.40.jar:10.1.40]
	at org.apache.tomcat.util.threads.TaskThread$WrappingRunnable.run(TaskThread.java:63) ~[tomcat-embed-core-10.1.40.jar:10.1.40]
	at java.base/java.lang.Thread.run(Thread.java:1575) ~[na:na]
Caused by: org.attoparser.ParseException: Exception evaluating SpringEL expression: "iter.index < 2" (template: "profile" - line 42, col 58)
	at org.attoparser.MarkupParser.parseDocument(MarkupParser.java:393) ~[attoparser-2.0.7.RELEASE.jar:2.0.7.RELEASE]
	at org.attoparser.MarkupParser.parse(MarkupParser.java:257) ~[attoparser-2.0.7.RELEASE.jar:2.0.7.RELEASE]
	at org.thymeleaf.templateparser.markup.AbstractMarkupTemplateParser.parse(AbstractMarkupTemplateParser.java:230) ~[thymeleaf-3.1.3.RELEASE.jar:3.1.3.RELEASE]
	... 48 common frames omitted
Caused by: org.thymeleaf.exceptions.TemplateProcessingException: Exception evaluating SpringEL expression: "iter.index < 2" (template: "profile" - line 42, col 58)
	at org.thymeleaf.spring6.expression.SPELVariableExpressionEvaluator.evaluate(SPELVariableExpressionEvaluator.java:292) ~[thymeleaf-spring6-3.1.3.RELEASE.jar:3.1.3.RELEASE]
	at org.thymeleaf.standard.expression.VariableExpression.executeVariableExpression(VariableExpression.java:166) ~[thymeleaf-3.1.3.RELEASE.jar:3.1.3.RELEASE]
	at org.thymeleaf.standard.expression.SimpleExpression.executeSimple(SimpleExpression.java:66) ~[thymeleaf-3.1.3.RELEASE.jar:3.1.3.RELEASE]
	at org.thymeleaf.standard.expression.Expression.execute(Expression.java:109) ~[thymeleaf-3.1.3.RELEASE.jar:3.1.3.RELEASE]
	at org.thymeleaf.standard.expression.Expression.execute(Expression.java:138) ~[thymeleaf-3.1.3.RELEASE.jar:3.1.3.RELEASE]
	at org.thymeleaf.standard.expression.Expression.execute(Expression.java:125) ~[thymeleaf-3.1.3.RELEASE.jar:3.1.3.RELEASE]
	at org.thymeleaf.standard.processor.StandardIfTagProcessor.isVisible(StandardIfTagProcessor.java:59) ~[thymeleaf-3.1.3.RELEASE.jar:3.1.3.RELEASE]
	at org.thymeleaf.standard.processor.AbstractStandardConditionalVisibilityTagProcessor.doProcess(AbstractStandardConditionalVisibilityTagProcessor.java:61) ~[thymeleaf-3.1.3.RELEASE.jar:3.1.3.RELEASE]
	at org.thymeleaf.processor.element.AbstractAttributeTagProcessor.doProcess(AbstractAttributeTagProcessor.java:74) ~[thymeleaf-3.1.3.RELEASE.jar:3.1.3.RELEASE]
	at org.thymeleaf.processor.element.AbstractElementTagProcessor.process(AbstractElementTagProcessor.java:95) ~[thymeleaf-3.1.3.RELEASE.jar:3.1.3.RELEASE]
	at org.thymeleaf.util.ProcessorConfigurationUtils$ElementTagProcessorWrapper.process(ProcessorConfigurationUtils.java:633) ~[thymeleaf-3.1.3.RELEASE.jar:3.1.3.RELEASE]
	at org.thymeleaf.engine.ProcessorTemplateHandler.handleOpenElement(ProcessorTemplateHandler.java:1314) ~[thymeleaf-3.1.3.RELEASE.jar:3.1.3.RELEASE]
	at org.thymeleaf.engine.OpenElementTag.beHandled(OpenElementTag.java:205) ~[thymeleaf-3.1.3.RELEASE.jar:3.1.3.RELEASE]
	at org.thymeleaf.engine.Model.process(Model.java:282) ~[thymeleaf-3.1.3.RELEASE.jar:3.1.3.RELEASE]
	at org.thymeleaf.engine.Model.process(Model.java:290) ~[thymeleaf-3.1.3.RELEASE.jar:3.1.3.RELEASE]
	at org.thymeleaf.engine.IteratedGatheringModelProcessable.processIterationModel(IteratedGatheringModelProcessable.java:368) ~[thymeleaf-3.1.3.RELEASE.jar:3.1.3.RELEASE]
	at org.thymeleaf.engine.IteratedGatheringModelProcessable.process(IteratedGatheringModelProcessable.java:222) ~[thymeleaf-3.1.3.RELEASE.jar:3.1.3.RELEASE]
	at org.thymeleaf.engine.ProcessorTemplateHandler.handleCloseElement(ProcessorTemplateHandler.java:1640) ~[thymeleaf-3.1.3.RELEASE.jar:3.1.3.RELEASE]
	at org.thymeleaf.engine.CloseElementTag.beHandled(CloseElementTag.java:139) ~[thymeleaf-3.1.3.RELEASE.jar:3.1.3.RELEASE]
	at org.thymeleaf.engine.Model.process(Model.java:282) ~[thymeleaf-3.1.3.RELEASE.jar:3.1.3.RELEASE]
	at org.thymeleaf.engine.Model.process(Model.java:290) ~[thymeleaf-3.1.3.RELEASE.jar:3.1.3.RELEASE]
	at org.thymeleaf.engine.IteratedGatheringModelProcessable.processIterationModel(IteratedGatheringModelProcessable.java:368) ~[thymeleaf-3.1.3.RELEASE.jar:3.1.3.RELEASE]
	at org.thymeleaf.engine.IteratedGatheringModelProcessable.process(IteratedGatheringModelProcessable.java:222) ~[thymeleaf-3.1.3.RELEASE.jar:3.1.3.RELEASE]
	at org.thymeleaf.engine.ProcessorTemplateHandler.handleCloseElement(ProcessorTemplateHandler.java:1640) ~[thymeleaf-3.1.3.RELEASE.jar:3.1.3.RELEASE]
	at org.thymeleaf.engine.TemplateHandlerAdapterMarkupHandler.handleCloseElementEnd(TemplateHandlerAdapterMarkupHandler.java:388) ~[thymeleaf-3.1.3.RELEASE.jar:3.1.3.RELEASE]
	at org.thymeleaf.templateparser.markup.InlinedOutputExpressionMarkupHandler$InlineMarkupAdapterPreProcessorHandler.handleCloseElementEnd(InlinedOutputExpressionMarkupHandler.java:322) ~[thymeleaf-3.1.3.RELEASE.jar:3.1.3.RELEASE]
	at org.thymeleaf.standard.inline.OutputExpressionInlinePreProcessorHandler.handleCloseElementEnd(OutputExpressionInlinePreProcessorHandler.java:220) ~[thymeleaf-3.1.3.RELEASE.jar:3.1.3.RELEASE]
	at org.thymeleaf.templateparser.markup.InlinedOutputExpressionMarkupHandler.handleCloseElementEnd(InlinedOutputExpressionMarkupHandler.java:164) ~[thymeleaf-3.1.3.RELEASE.jar:3.1.3.RELEASE]
	at org.attoparser.HtmlElement.handleCloseElementEnd(HtmlElement.java:169) ~[attoparser-2.0.7.RELEASE.jar:2.0.7.RELEASE]
	at org.attoparser.HtmlMarkupHandler.handleCloseElementEnd(HtmlMarkupHandler.java:412) ~[attoparser-2.0.7.RELEASE.jar:2.0.7.RELEASE]
	at org.attoparser.MarkupEventProcessorHandler.handleCloseElementEnd(MarkupEventProcessorHandler.java:473) ~[attoparser-2.0.7.RELEASE.jar:2.0.7.RELEASE]
	at org.attoparser.ParsingElementMarkupUtil.parseCloseElement(ParsingElementMarkupUtil.java:201) ~[attoparser-2.0.7.RELEASE.jar:2.0.7.RELEASE]
	at org.attoparser.MarkupParser.parseBuffer(MarkupParser.java:725) ~[attoparser-2.0.7.RELEASE.jar:2.0.7.RELEASE]
	at org.attoparser.MarkupParser.parseDocument(MarkupParser.java:301) ~[attoparser-2.0.7.RELEASE.jar:2.0.7.RELEASE]
	... 50 common frames omitted
Caused by: org.springframework.expression.spel.SpelEvaluationException: EL1007E: Property or field 'index' cannot be found on null
	at org.springframework.expression.spel.ast.PropertyOrFieldReference.readProperty(PropertyOrFieldReference.java:225) ~[spring-expression-6.2.6.jar:6.2.6]
	at org.springframework.expression.spel.ast.PropertyOrFieldReference.getValueInternal(PropertyOrFieldReference.java:112) ~[spring-expression-6.2.6.jar:6.2.6]
	at org.springframework.expression.spel.ast.PropertyOrFieldReference$AccessorValueRef.getValue(PropertyOrFieldReference.java:376) ~[spring-expression-6.2.6.jar:6.2.6]
	at org.springframework.expression.spel.ast.CompoundExpression.getValueInternal(CompoundExpression.java:97) ~[spring-expression-6.2.6.jar:6.2.6]
	at org.springframework.expression.spel.ast.OpLT.getValueInternal(OpLT.java:47) ~[spring-expression-6.2.6.jar:6.2.6]
	at org.springframework.expression.spel.ast.OpLT.getValueInternal(OpLT.java:37) ~[spring-expression-6.2.6.jar:6.2.6]
	at org.springframework.expression.spel.ast.SpelNodeImpl.getValue(SpelNodeImpl.java:116) ~[spring-expression-6.2.6.jar:6.2.6]
	at org.springframework.expression.spel.standard.SpelExpression.getValue(SpelExpression.java:338) ~[spring-expression-6.2.6.jar:6.2.6]
	at org.thymeleaf.spring6.expression.SPELVariableExpressionEvaluator.evaluate(SPELVariableExpressionEvaluator.java:265) ~[thymeleaf-spring6-3.1.3.RELEASE.jar:3.1.3.RELEASE]
	... 83 common frames omitted

2025-05-13T00:30:27.497+07:00 ERROR 33624 --- [http-nio-8080-exec-10] o.a.c.c.C.[.[.[/].[dispatcherServlet]    : Servlet.service() for servlet [dispatcherServlet] in context with path [] threw exception [Request processing failed: org.thymeleaf.exceptions.TemplateInputException: An error happened during template parsing (template: "class path resource [templates/profile.html]")] with root cause

org.springframework.expression.spel.SpelEvaluationException: EL1007E: Property or field 'index' cannot be found on null
	at org.springframework.expression.spel.ast.PropertyOrFieldReference.readProperty(PropertyOrFieldReference.java:225) ~[spring-expression-6.2.6.jar:6.2.6]
	at org.springframework.expression.spel.ast.PropertyOrFieldReference.getValueInternal(PropertyOrFieldReference.java:112) ~[spring-expression-6.2.6.jar:6.2.6]
	at org.springframework.expression.spel.ast.PropertyOrFieldReference$AccessorValueRef.getValue(PropertyOrFieldReference.java:376) ~[spring-expression-6.2.6.jar:6.2.6]
	at org.springframework.expression.spel.ast.CompoundExpression.getValueInternal(CompoundExpression.java:97) ~[spring-expression-6.2.6.jar:6.2.6]
	at org.springframework.expression.spel.ast.OpLT.getValueInternal(OpLT.java:47) ~[spring-expression-6.2.6.jar:6.2.6]
	at org.springframework.expression.spel.ast.OpLT.getValueInternal(OpLT.java:37) ~[spring-expression-6.2.6.jar:6.2.6]
	at org.springframework.expression.spel.ast.SpelNodeImpl.getValue(SpelNodeImpl.java:116) ~[spring-expression-6.2.6.jar:6.2.6]
	at org.springframework.expression.spel.standard.SpelExpression.getValue(SpelExpression.java:338) ~[spring-expression-6.2.6.jar:6.2.6]
	at org.thymeleaf.spring6.expression.SPELVariableExpressionEvaluator.evaluate(SPELVariableExpressionEvaluator.java:265) ~[thymeleaf-spring6-3.1.3.RELEASE.jar:3.1.3.RELEASE]
	at org.thymeleaf.standard.expression.VariableExpression.executeVariableExpression(VariableExpression.java:166) ~[thymeleaf-3.1.3.RELEASE.jar:3.1.3.RELEASE]
	at org.thymeleaf.standard.expression.SimpleExpression.executeSimple(SimpleExpression.java:66) ~[thymeleaf-3.1.3.RELEASE.jar:3.1.3.RELEASE]
	at org.thymeleaf.standard.expression.Expression.execute(Expression.java:109) ~[thymeleaf-3.1.3.RELEASE.jar:3.1.3.RELEASE]
	at org.thymeleaf.standard.expression.Expression.execute(Expression.java:138) ~[thymeleaf-3.1.3.RELEASE.jar:3.1.3.RELEASE]
	at org.thymeleaf.standard.expression.Expression.execute(Expression.java:125) ~[thymeleaf-3.1.3.RELEASE.jar:3.1.3.RELEASE]
	at org.thymeleaf.standard.processor.StandardIfTagProcessor.isVisible(StandardIfTagProcessor.java:59) ~[thymeleaf-3.1.3.RELEASE.jar:3.1.3.RELEASE]
	at org.thymeleaf.standard.processor.AbstractStandardConditionalVisibilityTagProcessor.doProcess(AbstractStandardConditionalVisibilityTagProcessor.java:61) ~[thymeleaf-3.1.3.RELEASE.jar:3.1.3.RELEASE]
	at org.thymeleaf.processor.element.AbstractAttributeTagProcessor.doProcess(AbstractAttributeTagProcessor.java:74) ~[thymeleaf-3.1.3.RELEASE.jar:3.1.3.RELEASE]
	at org.thymeleaf.processor.element.AbstractElementTagProcessor.process(AbstractElementTagProcessor.java:95) ~[thymeleaf-3.1.3.RELEASE.jar:3.1.3.RELEASE]
	at org.thymeleaf.util.ProcessorConfigurationUtils$ElementTagProcessorWrapper.process(ProcessorConfigurationUtils.java:633) ~[thymeleaf-3.1.3.RELEASE.jar:3.1.3.RELEASE]
	at org.thymeleaf.engine.ProcessorTemplateHandler.handleOpenElement(ProcessorTemplateHandler.java:1314) ~[thymeleaf-3.1.3.RELEASE.jar:3.1.3.RELEASE]
	at org.thymeleaf.engine.OpenElementTag.beHandled(OpenElementTag.java:205) ~[thymeleaf-3.1.3.RELEASE.jar:3.1.3.RELEASE]
	at org.thymeleaf.engine.Model.process(Model.java:282) ~[thymeleaf-3.1.3.RELEASE.jar:3.1.3.RELEASE]
	at org.thymeleaf.engine.Model.process(Model.java:290) ~[thymeleaf-3.1.3.RELEASE.jar:3.1.3.RELEASE]
	at org.thymeleaf.engine.IteratedGatheringModelProcessable.processIterationModel(IteratedGatheringModelProcessable.java:368) ~[thymeleaf-3.1.3.RELEASE.jar:3.1.3.RELEASE]
	at org.thymeleaf.engine.IteratedGatheringModelProcessable.process(IteratedGatheringModelProcessable.java:222) ~[thymeleaf-3.1.3.RELEASE.jar:3.1.3.RELEASE]
	at org.thymeleaf.engine.ProcessorTemplateHandler.handleCloseElement(ProcessorTemplateHandler.java:1640) ~[thymeleaf-3.1.3.RELEASE.jar:3.1.3.RELEASE]
	at org.thymeleaf.engine.CloseElementTag.beHandled(CloseElementTag.java:139) ~[thymeleaf-3.1.3.RELEASE.jar:3.1.3.RELEASE]
	at org.thymeleaf.engine.Model.process(Model.java:282) ~[thymeleaf-3.1.3.RELEASE.jar:3.1.3.RELEASE]
	at org.thymeleaf.engine.Model.process(Model.java:290) ~[thymeleaf-3.1.3.RELEASE.jar:3.1.3.RELEASE]
	at org.thymeleaf.engine.IteratedGatheringModelProcessable.processIterationModel(IteratedGatheringModelProcessable.java:368) ~[thymeleaf-3.1.3.RELEASE.jar:3.1.3.RELEASE]
	at org.thymeleaf.engine.IteratedGatheringModelProcessable.process(IteratedGatheringModelProcessable.java:222) ~[thymeleaf-3.1.3.RELEASE.jar:3.1.3.RELEASE]
	at org.thymeleaf.engine.ProcessorTemplateHandler.handleCloseElement(ProcessorTemplateHandler.java:1640) ~[thymeleaf-3.1.3.RELEASE.jar:3.1.3.RELEASE]
	at org.thymeleaf.engine.TemplateHandlerAdapterMarkupHandler.handleCloseElementEnd(TemplateHandlerAdapterMarkupHandler.java:388) ~[thymeleaf-3.1.3.RELEASE.jar:3.1.3.RELEASE]
	at org.thymeleaf.templateparser.markup.InlinedOutputExpressionMarkupHandler$InlineMarkupAdapterPreProcessorHandler.handleCloseElementEnd(InlinedOutputExpressionMarkupHandler.java:322) ~[thymeleaf-3.1.3.RELEASE.jar:3.1.3.RELEASE]
	at org.thymeleaf.standard.inline.OutputExpressionInlinePreProcessorHandler.handleCloseElementEnd(OutputExpressionInlinePreProcessorHandler.java:220) ~[thymeleaf-3.1.3.RELEASE.jar:3.1.3.RELEASE]
	at org.thymeleaf.templateparser.markup.InlinedOutputExpressionMarkupHandler.handleCloseElementEnd(InlinedOutputExpressionMarkupHandler.java:164) ~[thymeleaf-3.1.3.RELEASE.jar:3.1.3.RELEASE]
	at org.attoparser.HtmlElement.handleCloseElementEnd(HtmlElement.java:169) ~[attoparser-2.0.7.RELEASE.jar:2.0.7.RELEASE]
	at org.attoparser.HtmlMarkupHandler.handleCloseElementEnd(HtmlMarkupHandler.java:412) ~[attoparser-2.0.7.RELEASE.jar:2.0.7.RELEASE]
	at org.attoparser.MarkupEventProcessorHandler.handleCloseElementEnd(MarkupEventProcessorHandler.java:473) ~[attoparser-2.0.7.RELEASE.jar:2.0.7.RELEASE]
	at org.attoparser.ParsingElementMarkupUtil.parseCloseElement(ParsingElementMarkupUtil.java:201) ~[attoparser-2.0.7.RELEASE.jar:2.0.7.RELEASE]
	at org.attoparser.MarkupParser.parseBuffer(MarkupParser.java:725) ~[attoparser-2.0.7.RELEASE.jar:2.0.7.RELEASE]
	at org.attoparser.MarkupParser.parseDocument(MarkupParser.java:301) ~[attoparser-2.0.7.RELEASE.jar:2.0.7.RELEASE]
	at org.attoparser.MarkupParser.parse(MarkupParser.java:257) ~[attoparser-2.0.7.RELEASE.jar:2.0.7.RELEASE]
	at org.thymeleaf.templateparser.markup.AbstractMarkupTemplateParser.parse(AbstractMarkupTemplateParser.java:230) ~[thymeleaf-3.1.3.RELEASE.jar:3.1.3.RELEASE]
	at org.thymeleaf.templateparser.markup.AbstractMarkupTemplateParser.parseStandalone(AbstractMarkupTemplateParser.java:100) ~[thymeleaf-3.1.3.RELEASE.jar:3.1.3.RELEASE]
	at org.thymeleaf.engine.TemplateManager.parseAndProcess(TemplateManager.java:666) ~[thymeleaf-3.1.3.RELEASE.jar:3.1.3.RELEASE]
	at org.thymeleaf.TemplateEngine.process(TemplateEngine.java:1103) ~[thymeleaf-3.1.3.RELEASE.jar:3.1.3.RELEASE]
	at org.thymeleaf.TemplateEngine.process(TemplateEngine.java:1077) ~[thymeleaf-3.1.3.RELEASE.jar:3.1.3.RELEASE]
	at org.thymeleaf.spring6.view.ThymeleafView.renderFragment(ThymeleafView.java:372) ~[thymeleaf-spring6-3.1.3.RELEASE.jar:3.1.3.RELEASE]
	at org.thymeleaf.spring6.view.ThymeleafView.render(ThymeleafView.java:192) ~[thymeleaf-spring6-3.1.3.RELEASE.jar:3.1.3.RELEASE]
	at org.springframework.web.servlet.DispatcherServlet.render(DispatcherServlet.java:1437) ~[spring-webmvc-6.2.6.jar:6.2.6]
	at org.springframework.web.servlet.DispatcherServlet.processDispatchResult(DispatcherServlet.java:1168) ~[spring-webmvc-6.2.6.jar:6.2.6]
	at org.springframework.web.servlet.DispatcherServlet.doDispatch(DispatcherServlet.java:1106) ~[spring-webmvc-6.2.6.jar:6.2.6]
	at org.springframework.web.servlet.DispatcherServlet.doService(DispatcherServlet.java:979) ~[spring-webmvc-6.2.6.jar:6.2.6]
	at org.springframework.web.servlet.FrameworkServlet.processRequest(FrameworkServlet.java:1014) ~[spring-webmvc-6.2.6.jar:6.2.6]
	at org.springframework.web.servlet.FrameworkServlet.doGet(FrameworkServlet.java:903) ~[spring-webmvc-6.2.6.jar:6.2.6]
	at jakarta.servlet.http.HttpServlet.service(HttpServlet.java:564) ~[tomcat-embed-core-10.1.40.jar:6.0]
	at org.springframework.web.servlet.FrameworkServlet.service(FrameworkServlet.java:885) ~[spring-webmvc-6.2.6.jar:6.2.6]
	at jakarta.servlet.http.HttpServlet.service(HttpServlet.java:658) ~[tomcat-embed-core-10.1.40.jar:6.0]
	at org.apache.catalina.core.ApplicationFilterChain.internalDoFilter(ApplicationFilterChain.java:195) ~[tomcat-embed-core-10.1.40.jar:10.1.40]
	at org.apache.catalina.core.ApplicationFilterChain.doFilter(ApplicationFilterChain.java:140) ~[tomcat-embed-core-10.1.40.jar:10.1.40]
	at org.apache.tomcat.websocket.server.WsFilter.doFilter(WsFilter.java:51) ~[tomcat-embed-websocket-10.1.40.jar:10.1.40]
	at org.apache.catalina.core.ApplicationFilterChain.internalDoFilter(ApplicationFilterChain.java:164) ~[tomcat-embed-core-10.1.40.jar:10.1.40]
	at org.apache.catalina.core.ApplicationFilterChain.doFilter(ApplicationFilterChain.java:140) ~[tomcat-embed-core-10.1.40.jar:10.1.40]
	at org.springframework.web.filter.RequestContextFilter.doFilterInternal(RequestContextFilter.java:100) ~[spring-web-6.2.6.jar:6.2.6]
	at org.springframework.web.filter.OncePerRequestFilter.doFilter(OncePerRequestFilter.java:116) ~[spring-web-6.2.6.jar:6.2.6]
	at org.apache.catalina.core.ApplicationFilterChain.internalDoFilter(ApplicationFilterChain.java:164) ~[tomcat-embed-core-10.1.40.jar:10.1.40]
	at org.apache.catalina.core.ApplicationFilterChain.doFilter(ApplicationFilterChain.java:140) ~[tomcat-embed-core-10.1.40.jar:10.1.40]
	at org.springframework.web.filter.FormContentFilter.doFilterInternal(FormContentFilter.java:93) ~[spring-web-6.2.6.jar:6.2.6]
	at org.springframework.web.filter.OncePerRequestFilter.doFilter(OncePerRequestFilter.java:116) ~[spring-web-6.2.6.jar:6.2.6]
	at org.apache.catalina.core.ApplicationFilterChain.internalDoFilter(ApplicationFilterChain.java:164) ~[tomcat-embed-core-10.1.40.jar:10.1.40]
	at org.apache.catalina.core.ApplicationFilterChain.doFilter(ApplicationFilterChain.java:140) ~[tomcat-embed-core-10.1.40.jar:10.1.40]
	at org.springframework.web.filter.CharacterEncodingFilter.doFilterInternal(CharacterEncodingFilter.java:201) ~[spring-web-6.2.6.jar:6.2.6]
	at org.springframework.web.filter.OncePerRequestFilter.doFilter(OncePerRequestFilter.java:116) ~[spring-web-6.2.6.jar:6.2.6]
	at org.apache.catalina.core.ApplicationFilterChain.internalDoFilter(ApplicationFilterChain.java:164) ~[tomcat-embed-core-10.1.40.jar:10.1.40]
	at org.apache.catalina.core.ApplicationFilterChain.doFilter(ApplicationFilterChain.java:140) ~[tomcat-embed-core-10.1.40.jar:10.1.40]
	at org.apache.catalina.core.StandardWrapperValve.invoke(StandardWrapperValve.java:167) ~[tomcat-embed-core-10.1.40.jar:10.1.40]
	at org.apache.catalina.core.StandardContextValve.invoke(StandardContextValve.java:90) ~[tomcat-embed-core-10.1.40.jar:10.1.40]
	at org.apache.catalina.authenticator.AuthenticatorBase.invoke(AuthenticatorBase.java:483) ~[tomcat-embed-core-10.1.40.jar:10.1.40]
	at org.apache.catalina.core.StandardHostValve.invoke(StandardHostValve.java:116) ~[tomcat-embed-core-10.1.40.jar:10.1.40]
	at org.apache.catalina.valves.ErrorReportValve.invoke(ErrorReportValve.java:93) ~[tomcat-embed-core-10.1.40.jar:10.1.40]
	at org.apache.catalina.core.StandardEngineValve.invoke(StandardEngineValve.java:74) ~[tomcat-embed-core-10.1.40.jar:10.1.40]
	at org.apache.catalina.connector.CoyoteAdapter.service(CoyoteAdapter.java:344) ~[tomcat-embed-core-10.1.40.jar:10.1.40]
	at org.apache.coyote.http11.Http11Processor.service(Http11Processor.java:398) ~[tomcat-embed-core-10.1.40.jar:10.1.40]
	at org.apache.coyote.AbstractProcessorLight.process(AbstractProcessorLight.java:63) ~[tomcat-embed-core-10.1.40.jar:10.1.40]
	at org.apache.coyote.AbstractProtocol$ConnectionHandler.process(AbstractProtocol.java:903) ~[tomcat-embed-core-10.1.40.jar:10.1.40]
	at org.apache.tomcat.util.net.NioEndpoint$SocketProcessor.doRun(NioEndpoint.java:1740) ~[tomcat-embed-core-10.1.40.jar:10.1.40]
	at org.apache.tomcat.util.net.SocketProcessorBase.run(SocketProcessorBase.java:52) ~[tomcat-embed-core-10.1.40.jar:10.1.40]
	at org.apache.tomcat.util.threads.ThreadPoolExecutor.runWorker(ThreadPoolExecutor.java:1189) ~[tomcat-embed-core-10.1.40.jar:10.1.40]
	at org.apache.tomcat.util.threads.ThreadPoolExecutor$Worker.run(ThreadPoolExecutor.java:658) ~[tomcat-embed-core-10.1.40.jar:10.1.40]
	at org.apache.tomcat.util.threads.TaskThread$WrappingRunnable.run(TaskThread.java:63) ~[tomcat-embed-core-10.1.40.jar:10.1.40]
	at java.base/java.lang.Thread.run(Thread.java:1575) ~[na:na]

2025-05-13T00:31:23.595+07:00 DEBUG 33624 --- [http-nio-8080-exec-4] org.hibernate.SQL                        : 
    select
        u1_0.id,
        u1_0.avatar_url,
        u1_0.date_of_birth,
        u1_0.full_name,
        u1_0.username 
    from
        users u1_0 
    where
        u1_0.username=?
2025-05-13T00:31:23.599+07:00 DEBUG 33624 --- [http-nio-8080-exec-4] org.hibernate.SQL                        : 
    select
        count(f1_0.id) 
    from
        follows f1_0 
    where
        f1_0.following_id=?
2025-05-13T00:31:23.601+07:00 DEBUG 33624 --- [http-nio-8080-exec-4] org.hibernate.SQL                        : 
    select
        count(f1_0.id) 
    from
        follows f1_0 
    where
        f1_0.follower_id=?
2025-05-13T00:31:23.603+07:00 DEBUG 33624 --- [http-nio-8080-exec-4] org.hibernate.SQL                        : 
    select
        r1_0.id,
        r1_0.user_id,
        r1_0.description,
        r1_0.image_url,
        r1_0.title 
    from
        recipes r1_0 
    where
        r1_0.user_id=?
2025-05-13T00:31:23.605+07:00 DEBUG 33624 --- [http-nio-8080-exec-4] org.hibernate.SQL                        : 
    select
        avg(r1_0.score) 
    from
        ratings r1_0 
    join
        recipes r2_0 
            on r2_0.id=r1_0.recipe_id 
    where
        r2_0.user_id=?
2025-05-13T00:31:23.607+07:00 DEBUG 33624 --- [http-nio-8080-exec-4] org.hibernate.SQL                        : 
    select
        u1_0.id,
        u1_0.avatar_url,
        u1_0.date_of_birth,
        u1_0.full_name,
        u1_0.username 
    from
        users u1_0 
    where
        u1_0.username=?
2025-05-13T00:31:23.611+07:00 DEBUG 33624 --- [http-nio-8080-exec-4] org.hibernate.SQL                        : 
    select
        r1_0.id,
        r1_0.user_id,
        r1_0.description,
        r1_0.image_url,
        r1_0.title 
    from
        recipes r1_0 
    where
        r1_0.user_id=?
2025-05-13T00:31:23.613+07:00 DEBUG 33624 --- [http-nio-8080-exec-4] org.hibernate.SQL                        : 
    select
        r1_0.recipe_id,
        r1_0.id,
        r1_0.rated_at,
        r1_0.score,
        u1_0.id,
        u1_0.avatar_url,
        u1_0.date_of_birth,
        u1_0.full_name,
        u1_0.username 
    from
        ratings r1_0 
    left join
        users u1_0 
            on u1_0.id=r1_0.user_id 
    where
        r1_0.recipe_id=?
2025-05-13T00:31:23.615+07:00 DEBUG 33624 --- [http-nio-8080-exec-4] org.hibernate.SQL                        : 
    select
        l1_0.recipe_id,
        l1_0.id,
        l1_0.liked_at,
        u1_0.id,
        u1_0.avatar_url,
        u1_0.date_of_birth,
        u1_0.full_name,
        u1_0.username 
    from
        likes l1_0 
    left join
        users u1_0 
            on u1_0.id=l1_0.user_id 
    where
        l1_0.recipe_id=?
2025-05-13T00:31:23.618+07:00 DEBUG 33624 --- [http-nio-8080-exec-4] org.hibernate.SQL                        : 
    select
        c1_0.id,
        c1_0.content,
        c1_0.created_at,
        c1_0.recipe_id,
        c1_0.user_id 
    from
        comments c1_0 
    where
        c1_0.recipe_id=?
2025-05-13T00:31:23.620+07:00 DEBUG 33624 --- [http-nio-8080-exec-4] org.hibernate.SQL                        : 
    select
        r1_0.recipe_id,
        r1_0.id,
        r1_0.rated_at,
        r1_0.score,
        u1_0.id,
        u1_0.avatar_url,
        u1_0.date_of_birth,
        u1_0.full_name,
        u1_0.username 
    from
        ratings r1_0 
    left join
        users u1_0 
            on u1_0.id=r1_0.user_id 
    where
        r1_0.recipe_id=?
2025-05-13T00:31:23.621+07:00 DEBUG 33624 --- [http-nio-8080-exec-4] org.hibernate.SQL                        : 
    select
        l1_0.recipe_id,
        l1_0.id,
        l1_0.liked_at,
        u1_0.id,
        u1_0.avatar_url,
        u1_0.date_of_birth,
        u1_0.full_name,
        u1_0.username 
    from
        likes l1_0 
    left join
        users u1_0 
            on u1_0.id=l1_0.user_id 
    where
        l1_0.recipe_id=?
2025-05-13T00:31:23.624+07:00 DEBUG 33624 --- [http-nio-8080-exec-4] org.hibernate.SQL                        : 
    select
        c1_0.id,
        c1_0.content,
        c1_0.created_at,
        c1_0.recipe_id,
        c1_0.user_id 
    from
        comments c1_0 
    where
        c1_0.recipe_id=?
2025-05-13T00:31:50.118+07:00 DEBUG 33624 --- [http-nio-8080-exec-9] org.hibernate.SQL                        : 
    select
        u1_0.id,
        u1_0.avatar_url,
        u1_0.date_of_birth,
        u1_0.full_name,
        u1_0.username 
    from
        users u1_0 
    where
        u1_0.username=?
2025-05-13T00:31:50.122+07:00 DEBUG 33624 --- [http-nio-8080-exec-9] org.hibernate.SQL                        : 
    select
        count(f1_0.id) 
    from
        follows f1_0 
    where
        f1_0.following_id=?
2025-05-13T00:31:50.124+07:00 DEBUG 33624 --- [http-nio-8080-exec-9] org.hibernate.SQL                        : 
    select
        count(f1_0.id) 
    from
        follows f1_0 
    where
        f1_0.follower_id=?
2025-05-13T00:31:50.126+07:00 DEBUG 33624 --- [http-nio-8080-exec-9] org.hibernate.SQL                        : 
    select
        r1_0.id,
        r1_0.user_id,
        r1_0.description,
        r1_0.image_url,
        r1_0.title 
    from
        recipes r1_0 
    where
        r1_0.user_id=?
2025-05-13T00:31:50.127+07:00 DEBUG 33624 --- [http-nio-8080-exec-9] org.hibernate.SQL                        : 
    select
        avg(r1_0.score) 
    from
        ratings r1_0 
    join
        recipes r2_0 
            on r2_0.id=r1_0.recipe_id 
    where
        r2_0.user_id=?
2025-05-13T00:31:50.130+07:00 DEBUG 33624 --- [http-nio-8080-exec-9] org.hibernate.SQL                        : 
    select
        u1_0.id,
        u1_0.avatar_url,
        u1_0.date_of_birth,
        u1_0.full_name,
        u1_0.username 
    from
        users u1_0 
    where
        u1_0.username=?
2025-05-13T00:31:50.132+07:00 DEBUG 33624 --- [http-nio-8080-exec-9] org.hibernate.SQL                        : 
    select
        r1_0.id,
        r1_0.user_id,
        r1_0.description,
        r1_0.image_url,
        r1_0.title 
    from
        recipes r1_0 
    where
        r1_0.user_id=?
2025-05-13T00:31:50.134+07:00 DEBUG 33624 --- [http-nio-8080-exec-9] org.hibernate.SQL                        : 
    select
        r1_0.recipe_id,
        r1_0.id,
        r1_0.rated_at,
        r1_0.score,
        u1_0.id,
        u1_0.avatar_url,
        u1_0.date_of_birth,
        u1_0.full_name,
        u1_0.username 
    from
        ratings r1_0 
    left join
        users u1_0 
            on u1_0.id=r1_0.user_id 
    where
        r1_0.recipe_id=?
2025-05-13T00:31:50.136+07:00 DEBUG 33624 --- [http-nio-8080-exec-9] org.hibernate.SQL                        : 
    select
        l1_0.recipe_id,
        l1_0.id,
        l1_0.liked_at,
        u1_0.id,
        u1_0.avatar_url,
        u1_0.date_of_birth,
        u1_0.full_name,
        u1_0.username 
    from
        likes l1_0 
    left join
        users u1_0 
            on u1_0.id=l1_0.user_id 
    where
        l1_0.recipe_id=?
2025-05-13T00:31:50.140+07:00 DEBUG 33624 --- [http-nio-8080-exec-9] org.hibernate.SQL                        : 
    select
        c1_0.id,
        c1_0.content,
        c1_0.created_at,
        c1_0.recipe_id,
        c1_0.user_id 
    from
        comments c1_0 
    where
        c1_0.recipe_id=?
2025-05-13T00:31:50.143+07:00 DEBUG 33624 --- [http-nio-8080-exec-9] org.hibernate.SQL                        : 
    select
        r1_0.recipe_id,
        r1_0.id,
        r1_0.rated_at,
        r1_0.score,
        u1_0.id,
        u1_0.avatar_url,
        u1_0.date_of_birth,
        u1_0.full_name,
        u1_0.username 
    from
        ratings r1_0 
    left join
        users u1_0 
            on u1_0.id=r1_0.user_id 
    where
        r1_0.recipe_id=?
2025-05-13T00:31:50.146+07:00 DEBUG 33624 --- [http-nio-8080-exec-9] org.hibernate.SQL                        : 
    select
        l1_0.recipe_id,
        l1_0.id,
        l1_0.liked_at,
        u1_0.id,
        u1_0.avatar_url,
        u1_0.date_of_birth,
        u1_0.full_name,
        u1_0.username 
    from
        likes l1_0 
    left join
        users u1_0 
            on u1_0.id=l1_0.user_id 
    where
        l1_0.recipe_id=?
2025-05-13T00:31:50.150+07:00 DEBUG 33624 --- [http-nio-8080-exec-9] org.hibernate.SQL                        : 
    select
        c1_0.id,
        c1_0.content,
        c1_0.created_at,
        c1_0.recipe_id,
        c1_0.user_id 
    from
        comments c1_0 
    where
        c1_0.recipe_id=?
2025-05-13T00:31:50.162+07:00 ERROR 33624 --- [http-nio-8080-exec-9] org.thymeleaf.TemplateEngine             : [THYMELEAF][http-nio-8080-exec-9] Exception processing template "profile": An error happened during template parsing (template: "class path resource [templates/profile.html]")

org.thymeleaf.exceptions.TemplateInputException: An error happened during template parsing (template: "class path resource [templates/profile.html]")
	at org.thymeleaf.templateparser.markup.AbstractMarkupTemplateParser.parse(AbstractMarkupTemplateParser.java:241) ~[thymeleaf-3.1.3.RELEASE.jar:3.1.3.RELEASE]
	at org.thymeleaf.templateparser.markup.AbstractMarkupTemplateParser.parseStandalone(AbstractMarkupTemplateParser.java:100) ~[thymeleaf-3.1.3.RELEASE.jar:3.1.3.RELEASE]
	at org.thymeleaf.engine.TemplateManager.parseAndProcess(TemplateManager.java:666) ~[thymeleaf-3.1.3.RELEASE.jar:3.1.3.RELEASE]
	at org.thymeleaf.TemplateEngine.process(TemplateEngine.java:1103) ~[thymeleaf-3.1.3.RELEASE.jar:3.1.3.RELEASE]
	at org.thymeleaf.TemplateEngine.process(TemplateEngine.java:1077) ~[thymeleaf-3.1.3.RELEASE.jar:3.1.3.RELEASE]
	at org.thymeleaf.spring6.view.ThymeleafView.renderFragment(ThymeleafView.java:372) ~[thymeleaf-spring6-3.1.3.RELEASE.jar:3.1.3.RELEASE]
	at org.thymeleaf.spring6.view.ThymeleafView.render(ThymeleafView.java:192) ~[thymeleaf-spring6-3.1.3.RELEASE.jar:3.1.3.RELEASE]
	at org.springframework.web.servlet.DispatcherServlet.render(DispatcherServlet.java:1437) ~[spring-webmvc-6.2.6.jar:6.2.6]
	at org.springframework.web.servlet.DispatcherServlet.processDispatchResult(DispatcherServlet.java:1168) ~[spring-webmvc-6.2.6.jar:6.2.6]
	at org.springframework.web.servlet.DispatcherServlet.doDispatch(DispatcherServlet.java:1106) ~[spring-webmvc-6.2.6.jar:6.2.6]
	at org.springframework.web.servlet.DispatcherServlet.doService(DispatcherServlet.java:979) ~[spring-webmvc-6.2.6.jar:6.2.6]
	at org.springframework.web.servlet.FrameworkServlet.processRequest(FrameworkServlet.java:1014) ~[spring-webmvc-6.2.6.jar:6.2.6]
	at org.springframework.web.servlet.FrameworkServlet.doGet(FrameworkServlet.java:903) ~[spring-webmvc-6.2.6.jar:6.2.6]
	at jakarta.servlet.http.HttpServlet.service(HttpServlet.java:564) ~[tomcat-embed-core-10.1.40.jar:6.0]
	at org.springframework.web.servlet.FrameworkServlet.service(FrameworkServlet.java:885) ~[spring-webmvc-6.2.6.jar:6.2.6]
	at jakarta.servlet.http.HttpServlet.service(HttpServlet.java:658) ~[tomcat-embed-core-10.1.40.jar:6.0]
	at org.apache.catalina.core.ApplicationFilterChain.internalDoFilter(ApplicationFilterChain.java:195) ~[tomcat-embed-core-10.1.40.jar:10.1.40]
	at org.apache.catalina.core.ApplicationFilterChain.doFilter(ApplicationFilterChain.java:140) ~[tomcat-embed-core-10.1.40.jar:10.1.40]
	at org.apache.tomcat.websocket.server.WsFilter.doFilter(WsFilter.java:51) ~[tomcat-embed-websocket-10.1.40.jar:10.1.40]
	at org.apache.catalina.core.ApplicationFilterChain.internalDoFilter(ApplicationFilterChain.java:164) ~[tomcat-embed-core-10.1.40.jar:10.1.40]
	at org.apache.catalina.core.ApplicationFilterChain.doFilter(ApplicationFilterChain.java:140) ~[tomcat-embed-core-10.1.40.jar:10.1.40]
	at org.springframework.web.filter.RequestContextFilter.doFilterInternal(RequestContextFilter.java:100) ~[spring-web-6.2.6.jar:6.2.6]
	at org.springframework.web.filter.OncePerRequestFilter.doFilter(OncePerRequestFilter.java:116) ~[spring-web-6.2.6.jar:6.2.6]
	at org.apache.catalina.core.ApplicationFilterChain.internalDoFilter(ApplicationFilterChain.java:164) ~[tomcat-embed-core-10.1.40.jar:10.1.40]
	at org.apache.catalina.core.ApplicationFilterChain.doFilter(ApplicationFilterChain.java:140) ~[tomcat-embed-core-10.1.40.jar:10.1.40]
	at org.springframework.web.filter.FormContentFilter.doFilterInternal(FormContentFilter.java:93) ~[spring-web-6.2.6.jar:6.2.6]
	at org.springframework.web.filter.OncePerRequestFilter.doFilter(OncePerRequestFilter.java:116) ~[spring-web-6.2.6.jar:6.2.6]
	at org.apache.catalina.core.ApplicationFilterChain.internalDoFilter(ApplicationFilterChain.java:164) ~[tomcat-embed-core-10.1.40.jar:10.1.40]
	at org.apache.catalina.core.ApplicationFilterChain.doFilter(ApplicationFilterChain.java:140) ~[tomcat-embed-core-10.1.40.jar:10.1.40]
	at org.springframework.web.filter.CharacterEncodingFilter.doFilterInternal(CharacterEncodingFilter.java:201) ~[spring-web-6.2.6.jar:6.2.6]
	at org.springframework.web.filter.OncePerRequestFilter.doFilter(OncePerRequestFilter.java:116) ~[spring-web-6.2.6.jar:6.2.6]
	at org.apache.catalina.core.ApplicationFilterChain.internalDoFilter(ApplicationFilterChain.java:164) ~[tomcat-embed-core-10.1.40.jar:10.1.40]
	at org.apache.catalina.core.ApplicationFilterChain.doFilter(ApplicationFilterChain.java:140) ~[tomcat-embed-core-10.1.40.jar:10.1.40]
	at org.apache.catalina.core.StandardWrapperValve.invoke(StandardWrapperValve.java:167) ~[tomcat-embed-core-10.1.40.jar:10.1.40]
	at org.apache.catalina.core.StandardContextValve.invoke(StandardContextValve.java:90) ~[tomcat-embed-core-10.1.40.jar:10.1.40]
	at org.apache.catalina.authenticator.AuthenticatorBase.invoke(AuthenticatorBase.java:483) ~[tomcat-embed-core-10.1.40.jar:10.1.40]
	at org.apache.catalina.core.StandardHostValve.invoke(StandardHostValve.java:116) ~[tomcat-embed-core-10.1.40.jar:10.1.40]
	at org.apache.catalina.valves.ErrorReportValve.invoke(ErrorReportValve.java:93) ~[tomcat-embed-core-10.1.40.jar:10.1.40]
	at org.apache.catalina.core.StandardEngineValve.invoke(StandardEngineValve.java:74) ~[tomcat-embed-core-10.1.40.jar:10.1.40]
	at org.apache.catalina.connector.CoyoteAdapter.service(CoyoteAdapter.java:344) ~[tomcat-embed-core-10.1.40.jar:10.1.40]
	at org.apache.coyote.http11.Http11Processor.service(Http11Processor.java:398) ~[tomcat-embed-core-10.1.40.jar:10.1.40]
	at org.apache.coyote.AbstractProcessorLight.process(AbstractProcessorLight.java:63) ~[tomcat-embed-core-10.1.40.jar:10.1.40]
	at org.apache.coyote.AbstractProtocol$ConnectionHandler.process(AbstractProtocol.java:903) ~[tomcat-embed-core-10.1.40.jar:10.1.40]
	at org.apache.tomcat.util.net.NioEndpoint$SocketProcessor.doRun(NioEndpoint.java:1740) ~[tomcat-embed-core-10.1.40.jar:10.1.40]
	at org.apache.tomcat.util.net.SocketProcessorBase.run(SocketProcessorBase.java:52) ~[tomcat-embed-core-10.1.40.jar:10.1.40]
	at org.apache.tomcat.util.threads.ThreadPoolExecutor.runWorker(ThreadPoolExecutor.java:1189) ~[tomcat-embed-core-10.1.40.jar:10.1.40]
	at org.apache.tomcat.util.threads.ThreadPoolExecutor$Worker.run(ThreadPoolExecutor.java:658) ~[tomcat-embed-core-10.1.40.jar:10.1.40]
	at org.apache.tomcat.util.threads.TaskThread$WrappingRunnable.run(TaskThread.java:63) ~[tomcat-embed-core-10.1.40.jar:10.1.40]
	at java.base/java.lang.Thread.run(Thread.java:1575) ~[na:na]
Caused by: org.attoparser.ParseException: Exception evaluating SpringEL expression: "iter.index < 2" (template: "profile" - line 46, col 58)
	at org.attoparser.MarkupParser.parseDocument(MarkupParser.java:393) ~[attoparser-2.0.7.RELEASE.jar:2.0.7.RELEASE]
	at org.attoparser.MarkupParser.parse(MarkupParser.java:257) ~[attoparser-2.0.7.RELEASE.jar:2.0.7.RELEASE]
	at org.thymeleaf.templateparser.markup.AbstractMarkupTemplateParser.parse(AbstractMarkupTemplateParser.java:230) ~[thymeleaf-3.1.3.RELEASE.jar:3.1.3.RELEASE]
	... 48 common frames omitted
Caused by: org.thymeleaf.exceptions.TemplateProcessingException: Exception evaluating SpringEL expression: "iter.index < 2" (template: "profile" - line 46, col 58)
	at org.thymeleaf.spring6.expression.SPELVariableExpressionEvaluator.evaluate(SPELVariableExpressionEvaluator.java:292) ~[thymeleaf-spring6-3.1.3.RELEASE.jar:3.1.3.RELEASE]
	at org.thymeleaf.standard.expression.VariableExpression.executeVariableExpression(VariableExpression.java:166) ~[thymeleaf-3.1.3.RELEASE.jar:3.1.3.RELEASE]
	at org.thymeleaf.standard.expression.SimpleExpression.executeSimple(SimpleExpression.java:66) ~[thymeleaf-3.1.3.RELEASE.jar:3.1.3.RELEASE]
	at org.thymeleaf.standard.expression.Expression.execute(Expression.java:109) ~[thymeleaf-3.1.3.RELEASE.jar:3.1.3.RELEASE]
	at org.thymeleaf.standard.expression.Expression.execute(Expression.java:138) ~[thymeleaf-3.1.3.RELEASE.jar:3.1.3.RELEASE]
	at org.thymeleaf.standard.expression.Expression.execute(Expression.java:125) ~[thymeleaf-3.1.3.RELEASE.jar:3.1.3.RELEASE]
	at org.thymeleaf.standard.processor.StandardIfTagProcessor.isVisible(StandardIfTagProcessor.java:59) ~[thymeleaf-3.1.3.RELEASE.jar:3.1.3.RELEASE]
	at org.thymeleaf.standard.processor.AbstractStandardConditionalVisibilityTagProcessor.doProcess(AbstractStandardConditionalVisibilityTagProcessor.java:61) ~[thymeleaf-3.1.3.RELEASE.jar:3.1.3.RELEASE]
	at org.thymeleaf.processor.element.AbstractAttributeTagProcessor.doProcess(AbstractAttributeTagProcessor.java:74) ~[thymeleaf-3.1.3.RELEASE.jar:3.1.3.RELEASE]
	at org.thymeleaf.processor.element.AbstractElementTagProcessor.process(AbstractElementTagProcessor.java:95) ~[thymeleaf-3.1.3.RELEASE.jar:3.1.3.RELEASE]
	at org.thymeleaf.util.ProcessorConfigurationUtils$ElementTagProcessorWrapper.process(ProcessorConfigurationUtils.java:633) ~[thymeleaf-3.1.3.RELEASE.jar:3.1.3.RELEASE]
	at org.thymeleaf.engine.ProcessorTemplateHandler.handleOpenElement(ProcessorTemplateHandler.java:1314) ~[thymeleaf-3.1.3.RELEASE.jar:3.1.3.RELEASE]
	at org.thymeleaf.engine.OpenElementTag.beHandled(OpenElementTag.java:205) ~[thymeleaf-3.1.3.RELEASE.jar:3.1.3.RELEASE]
	at org.thymeleaf.engine.Model.process(Model.java:282) ~[thymeleaf-3.1.3.RELEASE.jar:3.1.3.RELEASE]
	at org.thymeleaf.engine.Model.process(Model.java:290) ~[thymeleaf-3.1.3.RELEASE.jar:3.1.3.RELEASE]
	at org.thymeleaf.engine.IteratedGatheringModelProcessable.processIterationModel(IteratedGatheringModelProcessable.java:368) ~[thymeleaf-3.1.3.RELEASE.jar:3.1.3.RELEASE]
	at org.thymeleaf.engine.IteratedGatheringModelProcessable.process(IteratedGatheringModelProcessable.java:222) ~[thymeleaf-3.1.3.RELEASE.jar:3.1.3.RELEASE]
	at org.thymeleaf.engine.ProcessorTemplateHandler.handleCloseElement(ProcessorTemplateHandler.java:1640) ~[thymeleaf-3.1.3.RELEASE.jar:3.1.3.RELEASE]
	at org.thymeleaf.engine.CloseElementTag.beHandled(CloseElementTag.java:139) ~[thymeleaf-3.1.3.RELEASE.jar:3.1.3.RELEASE]
	at org.thymeleaf.engine.Model.process(Model.java:282) ~[thymeleaf-3.1.3.RELEASE.jar:3.1.3.RELEASE]
	at org.thymeleaf.engine.Model.process(Model.java:290) ~[thymeleaf-3.1.3.RELEASE.jar:3.1.3.RELEASE]
	at org.thymeleaf.engine.IteratedGatheringModelProcessable.processIterationModel(IteratedGatheringModelProcessable.java:368) ~[thymeleaf-3.1.3.RELEASE.jar:3.1.3.RELEASE]
	at org.thymeleaf.engine.IteratedGatheringModelProcessable.process(IteratedGatheringModelProcessable.java:222) ~[thymeleaf-3.1.3.RELEASE.jar:3.1.3.RELEASE]
	at org.thymeleaf.engine.ProcessorTemplateHandler.handleCloseElement(ProcessorTemplateHandler.java:1640) ~[thymeleaf-3.1.3.RELEASE.jar:3.1.3.RELEASE]
	at org.thymeleaf.engine.TemplateHandlerAdapterMarkupHandler.handleCloseElementEnd(TemplateHandlerAdapterMarkupHandler.java:388) ~[thymeleaf-3.1.3.RELEASE.jar:3.1.3.RELEASE]
	at org.thymeleaf.templateparser.markup.InlinedOutputExpressionMarkupHandler$InlineMarkupAdapterPreProcessorHandler.handleCloseElementEnd(InlinedOutputExpressionMarkupHandler.java:322) ~[thymeleaf-3.1.3.RELEASE.jar:3.1.3.RELEASE]
	at org.thymeleaf.standard.inline.OutputExpressionInlinePreProcessorHandler.handleCloseElementEnd(OutputExpressionInlinePreProcessorHandler.java:220) ~[thymeleaf-3.1.3.RELEASE.jar:3.1.3.RELEASE]
	at org.thymeleaf.templateparser.markup.InlinedOutputExpressionMarkupHandler.handleCloseElementEnd(InlinedOutputExpressionMarkupHandler.java:164) ~[thymeleaf-3.1.3.RELEASE.jar:3.1.3.RELEASE]
	at org.attoparser.HtmlElement.handleCloseElementEnd(HtmlElement.java:169) ~[attoparser-2.0.7.RELEASE.jar:2.0.7.RELEASE]
	at org.attoparser.HtmlMarkupHandler.handleCloseElementEnd(HtmlMarkupHandler.java:412) ~[attoparser-2.0.7.RELEASE.jar:2.0.7.RELEASE]
	at org.attoparser.MarkupEventProcessorHandler.handleCloseElementEnd(MarkupEventProcessorHandler.java:473) ~[attoparser-2.0.7.RELEASE.jar:2.0.7.RELEASE]
	at org.attoparser.ParsingElementMarkupUtil.parseCloseElement(ParsingElementMarkupUtil.java:201) ~[attoparser-2.0.7.RELEASE.jar:2.0.7.RELEASE]
	at org.attoparser.MarkupParser.parseBuffer(MarkupParser.java:725) ~[attoparser-2.0.7.RELEASE.jar:2.0.7.RELEASE]
	at org.attoparser.MarkupParser.parseDocument(MarkupParser.java:301) ~[attoparser-2.0.7.RELEASE.jar:2.0.7.RELEASE]
	... 50 common frames omitted
Caused by: org.springframework.expression.spel.SpelEvaluationException: EL1007E: Property or field 'index' cannot be found on null
	at org.springframework.expression.spel.ast.PropertyOrFieldReference.readProperty(PropertyOrFieldReference.java:225) ~[spring-expression-6.2.6.jar:6.2.6]
	at org.springframework.expression.spel.ast.PropertyOrFieldReference.getValueInternal(PropertyOrFieldReference.java:112) ~[spring-expression-6.2.6.jar:6.2.6]
	at org.springframework.expression.spel.ast.PropertyOrFieldReference$AccessorValueRef.getValue(PropertyOrFieldReference.java:376) ~[spring-expression-6.2.6.jar:6.2.6]
	at org.springframework.expression.spel.ast.CompoundExpression.getValueInternal(CompoundExpression.java:97) ~[spring-expression-6.2.6.jar:6.2.6]
	at org.springframework.expression.spel.ast.OpLT.getValueInternal(OpLT.java:47) ~[spring-expression-6.2.6.jar:6.2.6]
	at org.springframework.expression.spel.ast.OpLT.getValueInternal(OpLT.java:37) ~[spring-expression-6.2.6.jar:6.2.6]
	at org.springframework.expression.spel.ast.SpelNodeImpl.getValue(SpelNodeImpl.java:116) ~[spring-expression-6.2.6.jar:6.2.6]
	at org.springframework.expression.spel.standard.SpelExpression.getValue(SpelExpression.java:338) ~[spring-expression-6.2.6.jar:6.2.6]
	at org.thymeleaf.spring6.expression.SPELVariableExpressionEvaluator.evaluate(SPELVariableExpressionEvaluator.java:265) ~[thymeleaf-spring6-3.1.3.RELEASE.jar:3.1.3.RELEASE]
	... 83 common frames omitted

2025-05-13T00:31:50.165+07:00 ERROR 33624 --- [http-nio-8080-exec-9] o.a.c.c.C.[.[.[/].[dispatcherServlet]    : Servlet.service() for servlet [dispatcherServlet] in context with path [] threw exception [Request processing failed: org.thymeleaf.exceptions.TemplateInputException: An error happened during template parsing (template: "class path resource [templates/profile.html]")] with root cause

org.springframework.expression.spel.SpelEvaluationException: EL1007E: Property or field 'index' cannot be found on null
	at org.springframework.expression.spel.ast.PropertyOrFieldReference.readProperty(PropertyOrFieldReference.java:225) ~[spring-expression-6.2.6.jar:6.2.6]
	at org.springframework.expression.spel.ast.PropertyOrFieldReference.getValueInternal(PropertyOrFieldReference.java:112) ~[spring-expression-6.2.6.jar:6.2.6]
	at org.springframework.expression.spel.ast.PropertyOrFieldReference$AccessorValueRef.getValue(PropertyOrFieldReference.java:376) ~[spring-expression-6.2.6.jar:6.2.6]
	at org.springframework.expression.spel.ast.CompoundExpression.getValueInternal(CompoundExpression.java:97) ~[spring-expression-6.2.6.jar:6.2.6]
	at org.springframework.expression.spel.ast.OpLT.getValueInternal(OpLT.java:47) ~[spring-expression-6.2.6.jar:6.2.6]
	at org.springframework.expression.spel.ast.OpLT.getValueInternal(OpLT.java:37) ~[spring-expression-6.2.6.jar:6.2.6]
	at org.springframework.expression.spel.ast.SpelNodeImpl.getValue(SpelNodeImpl.java:116) ~[spring-expression-6.2.6.jar:6.2.6]
	at org.springframework.expression.spel.standard.SpelExpression.getValue(SpelExpression.java:338) ~[spring-expression-6.2.6.jar:6.2.6]
	at org.thymeleaf.spring6.expression.SPELVariableExpressionEvaluator.evaluate(SPELVariableExpressionEvaluator.java:265) ~[thymeleaf-spring6-3.1.3.RELEASE.jar:3.1.3.RELEASE]
	at org.thymeleaf.standard.expression.VariableExpression.executeVariableExpression(VariableExpression.java:166) ~[thymeleaf-3.1.3.RELEASE.jar:3.1.3.RELEASE]
	at org.thymeleaf.standard.expression.SimpleExpression.executeSimple(SimpleExpression.java:66) ~[thymeleaf-3.1.3.RELEASE.jar:3.1.3.RELEASE]
	at org.thymeleaf.standard.expression.Expression.execute(Expression.java:109) ~[thymeleaf-3.1.3.RELEASE.jar:3.1.3.RELEASE]
	at org.thymeleaf.standard.expression.Expression.execute(Expression.java:138) ~[thymeleaf-3.1.3.RELEASE.jar:3.1.3.RELEASE]
	at org.thymeleaf.standard.expression.Expression.execute(Expression.java:125) ~[thymeleaf-3.1.3.RELEASE.jar:3.1.3.RELEASE]
	at org.thymeleaf.standard.processor.StandardIfTagProcessor.isVisible(StandardIfTagProcessor.java:59) ~[thymeleaf-3.1.3.RELEASE.jar:3.1.3.RELEASE]
	at org.thymeleaf.standard.processor.AbstractStandardConditionalVisibilityTagProcessor.doProcess(AbstractStandardConditionalVisibilityTagProcessor.java:61) ~[thymeleaf-3.1.3.RELEASE.jar:3.1.3.RELEASE]
	at org.thymeleaf.processor.element.AbstractAttributeTagProcessor.doProcess(AbstractAttributeTagProcessor.java:74) ~[thymeleaf-3.1.3.RELEASE.jar:3.1.3.RELEASE]
	at org.thymeleaf.processor.element.AbstractElementTagProcessor.process(AbstractElementTagProcessor.java:95) ~[thymeleaf-3.1.3.RELEASE.jar:3.1.3.RELEASE]
	at org.thymeleaf.util.ProcessorConfigurationUtils$ElementTagProcessorWrapper.process(ProcessorConfigurationUtils.java:633) ~[thymeleaf-3.1.3.RELEASE.jar:3.1.3.RELEASE]
	at org.thymeleaf.engine.ProcessorTemplateHandler.handleOpenElement(ProcessorTemplateHandler.java:1314) ~[thymeleaf-3.1.3.RELEASE.jar:3.1.3.RELEASE]
	at org.thymeleaf.engine.OpenElementTag.beHandled(OpenElementTag.java:205) ~[thymeleaf-3.1.3.RELEASE.jar:3.1.3.RELEASE]
	at org.thymeleaf.engine.Model.process(Model.java:282) ~[thymeleaf-3.1.3.RELEASE.jar:3.1.3.RELEASE]
	at org.thymeleaf.engine.Model.process(Model.java:290) ~[thymeleaf-3.1.3.RELEASE.jar:3.1.3.RELEASE]
	at org.thymeleaf.engine.IteratedGatheringModelProcessable.processIterationModel(IteratedGatheringModelProcessable.java:368) ~[thymeleaf-3.1.3.RELEASE.jar:3.1.3.RELEASE]
	at org.thymeleaf.engine.IteratedGatheringModelProcessable.process(IteratedGatheringModelProcessable.java:222) ~[thymeleaf-3.1.3.RELEASE.jar:3.1.3.RELEASE]
	at org.thymeleaf.engine.ProcessorTemplateHandler.handleCloseElement(ProcessorTemplateHandler.java:1640) ~[thymeleaf-3.1.3.RELEASE.jar:3.1.3.RELEASE]
	at org.thymeleaf.engine.CloseElementTag.beHandled(CloseElementTag.java:139) ~[thymeleaf-3.1.3.RELEASE.jar:3.1.3.RELEASE]
	at org.thymeleaf.engine.Model.process(Model.java:282) ~[thymeleaf-3.1.3.RELEASE.jar:3.1.3.RELEASE]
	at org.thymeleaf.engine.Model.process(Model.java:290) ~[thymeleaf-3.1.3.RELEASE.jar:3.1.3.RELEASE]
	at org.thymeleaf.engine.IteratedGatheringModelProcessable.processIterationModel(IteratedGatheringModelProcessable.java:368) ~[thymeleaf-3.1.3.RELEASE.jar:3.1.3.RELEASE]
	at org.thymeleaf.engine.IteratedGatheringModelProcessable.process(IteratedGatheringModelProcessable.java:222) ~[thymeleaf-3.1.3.RELEASE.jar:3.1.3.RELEASE]
	at org.thymeleaf.engine.ProcessorTemplateHandler.handleCloseElement(ProcessorTemplateHandler.java:1640) ~[thymeleaf-3.1.3.RELEASE.jar:3.1.3.RELEASE]
	at org.thymeleaf.engine.TemplateHandlerAdapterMarkupHandler.handleCloseElementEnd(TemplateHandlerAdapterMarkupHandler.java:388) ~[thymeleaf-3.1.3.RELEASE.jar:3.1.3.RELEASE]
	at org.thymeleaf.templateparser.markup.InlinedOutputExpressionMarkupHandler$InlineMarkupAdapterPreProcessorHandler.handleCloseElementEnd(InlinedOutputExpressionMarkupHandler.java:322) ~[thymeleaf-3.1.3.RELEASE.jar:3.1.3.RELEASE]
	at org.thymeleaf.standard.inline.OutputExpressionInlinePreProcessorHandler.handleCloseElementEnd(OutputExpressionInlinePreProcessorHandler.java:220) ~[thymeleaf-3.1.3.RELEASE.jar:3.1.3.RELEASE]
	at org.thymeleaf.templateparser.markup.InlinedOutputExpressionMarkupHandler.handleCloseElementEnd(InlinedOutputExpressionMarkupHandler.java:164) ~[thymeleaf-3.1.3.RELEASE.jar:3.1.3.RELEASE]
	at org.attoparser.HtmlElement.handleCloseElementEnd(HtmlElement.java:169) ~[attoparser-2.0.7.RELEASE.jar:2.0.7.RELEASE]
	at org.attoparser.HtmlMarkupHandler.handleCloseElementEnd(HtmlMarkupHandler.java:412) ~[attoparser-2.0.7.RELEASE.jar:2.0.7.RELEASE]
	at org.attoparser.MarkupEventProcessorHandler.handleCloseElementEnd(MarkupEventProcessorHandler.java:473) ~[attoparser-2.0.7.RELEASE.jar:2.0.7.RELEASE]
	at org.attoparser.ParsingElementMarkupUtil.parseCloseElement(ParsingElementMarkupUtil.java:201) ~[attoparser-2.0.7.RELEASE.jar:2.0.7.RELEASE]
	at org.attoparser.MarkupParser.parseBuffer(MarkupParser.java:725) ~[attoparser-2.0.7.RELEASE.jar:2.0.7.RELEASE]
	at org.attoparser.MarkupParser.parseDocument(MarkupParser.java:301) ~[attoparser-2.0.7.RELEASE.jar:2.0.7.RELEASE]
	at org.attoparser.MarkupParser.parse(MarkupParser.java:257) ~[attoparser-2.0.7.RELEASE.jar:2.0.7.RELEASE]
	at org.thymeleaf.templateparser.markup.AbstractMarkupTemplateParser.parse(AbstractMarkupTemplateParser.java:230) ~[thymeleaf-3.1.3.RELEASE.jar:3.1.3.RELEASE]
	at org.thymeleaf.templateparser.markup.AbstractMarkupTemplateParser.parseStandalone(AbstractMarkupTemplateParser.java:100) ~[thymeleaf-3.1.3.RELEASE.jar:3.1.3.RELEASE]
	at org.thymeleaf.engine.TemplateManager.parseAndProcess(TemplateManager.java:666) ~[thymeleaf-3.1.3.RELEASE.jar:3.1.3.RELEASE]
	at org.thymeleaf.TemplateEngine.process(TemplateEngine.java:1103) ~[thymeleaf-3.1.3.RELEASE.jar:3.1.3.RELEASE]
	at org.thymeleaf.TemplateEngine.process(TemplateEngine.java:1077) ~[thymeleaf-3.1.3.RELEASE.jar:3.1.3.RELEASE]
	at org.thymeleaf.spring6.view.ThymeleafView.renderFragment(ThymeleafView.java:372) ~[thymeleaf-spring6-3.1.3.RELEASE.jar:3.1.3.RELEASE]
	at org.thymeleaf.spring6.view.ThymeleafView.render(ThymeleafView.java:192) ~[thymeleaf-spring6-3.1.3.RELEASE.jar:3.1.3.RELEASE]
	at org.springframework.web.servlet.DispatcherServlet.render(DispatcherServlet.java:1437) ~[spring-webmvc-6.2.6.jar:6.2.6]
	at org.springframework.web.servlet.DispatcherServlet.processDispatchResult(DispatcherServlet.java:1168) ~[spring-webmvc-6.2.6.jar:6.2.6]
	at org.springframework.web.servlet.DispatcherServlet.doDispatch(DispatcherServlet.java:1106) ~[spring-webmvc-6.2.6.jar:6.2.6]
	at org.springframework.web.servlet.DispatcherServlet.doService(DispatcherServlet.java:979) ~[spring-webmvc-6.2.6.jar:6.2.6]
	at org.springframework.web.servlet.FrameworkServlet.processRequest(FrameworkServlet.java:1014) ~[spring-webmvc-6.2.6.jar:6.2.6]
	at org.springframework.web.servlet.FrameworkServlet.doGet(FrameworkServlet.java:903) ~[spring-webmvc-6.2.6.jar:6.2.6]
	at jakarta.servlet.http.HttpServlet.service(HttpServlet.java:564) ~[tomcat-embed-core-10.1.40.jar:6.0]
	at org.springframework.web.servlet.FrameworkServlet.service(FrameworkServlet.java:885) ~[spring-webmvc-6.2.6.jar:6.2.6]
	at jakarta.servlet.http.HttpServlet.service(HttpServlet.java:658) ~[tomcat-embed-core-10.1.40.jar:6.0]
	at org.apache.catalina.core.ApplicationFilterChain.internalDoFilter(ApplicationFilterChain.java:195) ~[tomcat-embed-core-10.1.40.jar:10.1.40]
	at org.apache.catalina.core.ApplicationFilterChain.doFilter(ApplicationFilterChain.java:140) ~[tomcat-embed-core-10.1.40.jar:10.1.40]
	at org.apache.tomcat.websocket.server.WsFilter.doFilter(WsFilter.java:51) ~[tomcat-embed-websocket-10.1.40.jar:10.1.40]
	at org.apache.catalina.core.ApplicationFilterChain.internalDoFilter(ApplicationFilterChain.java:164) ~[tomcat-embed-core-10.1.40.jar:10.1.40]
	at org.apache.catalina.core.ApplicationFilterChain.doFilter(ApplicationFilterChain.java:140) ~[tomcat-embed-core-10.1.40.jar:10.1.40]
	at org.springframework.web.filter.RequestContextFilter.doFilterInternal(RequestContextFilter.java:100) ~[spring-web-6.2.6.jar:6.2.6]
	at org.springframework.web.filter.OncePerRequestFilter.doFilter(OncePerRequestFilter.java:116) ~[spring-web-6.2.6.jar:6.2.6]
	at org.apache.catalina.core.ApplicationFilterChain.internalDoFilter(ApplicationFilterChain.java:164) ~[tomcat-embed-core-10.1.40.jar:10.1.40]
	at org.apache.catalina.core.ApplicationFilterChain.doFilter(ApplicationFilterChain.java:140) ~[tomcat-embed-core-10.1.40.jar:10.1.40]
	at org.springframework.web.filter.FormContentFilter.doFilterInternal(FormContentFilter.java:93) ~[spring-web-6.2.6.jar:6.2.6]
	at org.springframework.web.filter.OncePerRequestFilter.doFilter(OncePerRequestFilter.java:116) ~[spring-web-6.2.6.jar:6.2.6]
	at org.apache.catalina.core.ApplicationFilterChain.internalDoFilter(ApplicationFilterChain.java:164) ~[tomcat-embed-core-10.1.40.jar:10.1.40]
	at org.apache.catalina.core.ApplicationFilterChain.doFilter(ApplicationFilterChain.java:140) ~[tomcat-embed-core-10.1.40.jar:10.1.40]
	at org.springframework.web.filter.CharacterEncodingFilter.doFilterInternal(CharacterEncodingFilter.java:201) ~[spring-web-6.2.6.jar:6.2.6]
	at org.springframework.web.filter.OncePerRequestFilter.doFilter(OncePerRequestFilter.java:116) ~[spring-web-6.2.6.jar:6.2.6]
	at org.apache.catalina.core.ApplicationFilterChain.internalDoFilter(ApplicationFilterChain.java:164) ~[tomcat-embed-core-10.1.40.jar:10.1.40]
	at org.apache.catalina.core.ApplicationFilterChain.doFilter(ApplicationFilterChain.java:140) ~[tomcat-embed-core-10.1.40.jar:10.1.40]
	at org.apache.catalina.core.StandardWrapperValve.invoke(StandardWrapperValve.java:167) ~[tomcat-embed-core-10.1.40.jar:10.1.40]
	at org.apache.catalina.core.StandardContextValve.invoke(StandardContextValve.java:90) ~[tomcat-embed-core-10.1.40.jar:10.1.40]
	at org.apache.catalina.authenticator.AuthenticatorBase.invoke(AuthenticatorBase.java:483) ~[tomcat-embed-core-10.1.40.jar:10.1.40]
	at org.apache.catalina.core.StandardHostValve.invoke(StandardHostValve.java:116) ~[tomcat-embed-core-10.1.40.jar:10.1.40]
	at org.apache.catalina.valves.ErrorReportValve.invoke(ErrorReportValve.java:93) ~[tomcat-embed-core-10.1.40.jar:10.1.40]
	at org.apache.catalina.core.StandardEngineValve.invoke(StandardEngineValve.java:74) ~[tomcat-embed-core-10.1.40.jar:10.1.40]
	at org.apache.catalina.connector.CoyoteAdapter.service(CoyoteAdapter.java:344) ~[tomcat-embed-core-10.1.40.jar:10.1.40]
	at org.apache.coyote.http11.Http11Processor.service(Http11Processor.java:398) ~[tomcat-embed-core-10.1.40.jar:10.1.40]
	at org.apache.coyote.AbstractProcessorLight.process(AbstractProcessorLight.java:63) ~[tomcat-embed-core-10.1.40.jar:10.1.40]
	at org.apache.coyote.AbstractProtocol$ConnectionHandler.process(AbstractProtocol.java:903) ~[tomcat-embed-core-10.1.40.jar:10.1.40]
	at org.apache.tomcat.util.net.NioEndpoint$SocketProcessor.doRun(NioEndpoint.java:1740) ~[tomcat-embed-core-10.1.40.jar:10.1.40]
	at org.apache.tomcat.util.net.SocketProcessorBase.run(SocketProcessorBase.java:52) ~[tomcat-embed-core-10.1.40.jar:10.1.40]
	at org.apache.tomcat.util.threads.ThreadPoolExecutor.runWorker(ThreadPoolExecutor.java:1189) ~[tomcat-embed-core-10.1.40.jar:10.1.40]
	at org.apache.tomcat.util.threads.ThreadPoolExecutor$Worker.run(ThreadPoolExecutor.java:658) ~[tomcat-embed-core-10.1.40.jar:10.1.40]
	at org.apache.tomcat.util.threads.TaskThread$WrappingRunnable.run(TaskThread.java:63) ~[tomcat-embed-core-10.1.40.jar:10.1.40]
	at java.base/java.lang.Thread.run(Thread.java:1575) ~[na:na]

2025-05-13T00:32:17.979+07:00 DEBUG 33624 --- [http-nio-8080-exec-3] org.hibernate.SQL                        : 
    select
        u1_0.id,
        u1_0.avatar_url,
        u1_0.date_of_birth,
        u1_0.full_name,
        u1_0.username 
    from
        users u1_0 
    where
        u1_0.username=?
2025-05-13T00:32:17.983+07:00 DEBUG 33624 --- [http-nio-8080-exec-3] org.hibernate.SQL                        : 
    select
        count(f1_0.id) 
    from
        follows f1_0 
    where
        f1_0.following_id=?
2025-05-13T00:32:17.985+07:00 DEBUG 33624 --- [http-nio-8080-exec-3] org.hibernate.SQL                        : 
    select
        count(f1_0.id) 
    from
        follows f1_0 
    where
        f1_0.follower_id=?
2025-05-13T00:32:17.988+07:00 DEBUG 33624 --- [http-nio-8080-exec-3] org.hibernate.SQL                        : 
    select
        r1_0.id,
        r1_0.user_id,
        r1_0.description,
        r1_0.image_url,
        r1_0.title 
    from
        recipes r1_0 
    where
        r1_0.user_id=?
2025-05-13T00:32:17.990+07:00 DEBUG 33624 --- [http-nio-8080-exec-3] org.hibernate.SQL                        : 
    select
        avg(r1_0.score) 
    from
        ratings r1_0 
    join
        recipes r2_0 
            on r2_0.id=r1_0.recipe_id 
    where
        r2_0.user_id=?
2025-05-13T00:32:17.992+07:00 DEBUG 33624 --- [http-nio-8080-exec-3] org.hibernate.SQL                        : 
    select
        u1_0.id,
        u1_0.avatar_url,
        u1_0.date_of_birth,
        u1_0.full_name,
        u1_0.username 
    from
        users u1_0 
    where
        u1_0.username=?
2025-05-13T00:32:17.995+07:00 DEBUG 33624 --- [http-nio-8080-exec-3] org.hibernate.SQL                        : 
    select
        r1_0.id,
        r1_0.user_id,
        r1_0.description,
        r1_0.image_url,
        r1_0.title 
    from
        recipes r1_0 
    where
        r1_0.user_id=?
2025-05-13T00:32:17.997+07:00 DEBUG 33624 --- [http-nio-8080-exec-3] org.hibernate.SQL                        : 
    select
        r1_0.recipe_id,
        r1_0.id,
        r1_0.rated_at,
        r1_0.score,
        u1_0.id,
        u1_0.avatar_url,
        u1_0.date_of_birth,
        u1_0.full_name,
        u1_0.username 
    from
        ratings r1_0 
    left join
        users u1_0 
            on u1_0.id=r1_0.user_id 
    where
        r1_0.recipe_id=?
2025-05-13T00:32:17.999+07:00 DEBUG 33624 --- [http-nio-8080-exec-3] org.hibernate.SQL                        : 
    select
        l1_0.recipe_id,
        l1_0.id,
        l1_0.liked_at,
        u1_0.id,
        u1_0.avatar_url,
        u1_0.date_of_birth,
        u1_0.full_name,
        u1_0.username 
    from
        likes l1_0 
    left join
        users u1_0 
            on u1_0.id=l1_0.user_id 
    where
        l1_0.recipe_id=?
2025-05-13T00:32:18.002+07:00 DEBUG 33624 --- [http-nio-8080-exec-3] org.hibernate.SQL                        : 
    select
        c1_0.id,
        c1_0.content,
        c1_0.created_at,
        c1_0.recipe_id,
        c1_0.user_id 
    from
        comments c1_0 
    where
        c1_0.recipe_id=?
2025-05-13T00:32:18.004+07:00 DEBUG 33624 --- [http-nio-8080-exec-3] org.hibernate.SQL                        : 
    select
        r1_0.recipe_id,
        r1_0.id,
        r1_0.rated_at,
        r1_0.score,
        u1_0.id,
        u1_0.avatar_url,
        u1_0.date_of_birth,
        u1_0.full_name,
        u1_0.username 
    from
        ratings r1_0 
    left join
        users u1_0 
            on u1_0.id=r1_0.user_id 
    where
        r1_0.recipe_id=?
2025-05-13T00:32:18.007+07:00 DEBUG 33624 --- [http-nio-8080-exec-3] org.hibernate.SQL                        : 
    select
        l1_0.recipe_id,
        l1_0.id,
        l1_0.liked_at,
        u1_0.id,
        u1_0.avatar_url,
        u1_0.date_of_birth,
        u1_0.full_name,
        u1_0.username 
    from
        likes l1_0 
    left join
        users u1_0 
            on u1_0.id=l1_0.user_id 
    where
        l1_0.recipe_id=?
2025-05-13T00:32:18.010+07:00 DEBUG 33624 --- [http-nio-8080-exec-3] org.hibernate.SQL                        : 
    select
        c1_0.id,
        c1_0.content,
        c1_0.created_at,
        c1_0.recipe_id,
        c1_0.user_id 
    from
        comments c1_0 
    where
        c1_0.recipe_id=?
2025-05-13T00:33:56.802+07:00 DEBUG 33624 --- [http-nio-8080-exec-10] org.hibernate.SQL                        : 
    select
        u1_0.id,
        u1_0.avatar_url,
        u1_0.date_of_birth,
        u1_0.full_name,
        u1_0.username 
    from
        users u1_0 
    where
        u1_0.username=?
2025-05-13T00:33:56.808+07:00 DEBUG 33624 --- [http-nio-8080-exec-10] org.hibernate.SQL                        : 
    select
        count(f1_0.id) 
    from
        follows f1_0 
    where
        f1_0.following_id=?
2025-05-13T00:33:56.810+07:00 DEBUG 33624 --- [http-nio-8080-exec-10] org.hibernate.SQL                        : 
    select
        count(f1_0.id) 
    from
        follows f1_0 
    where
        f1_0.follower_id=?
2025-05-13T00:33:56.813+07:00 DEBUG 33624 --- [http-nio-8080-exec-10] org.hibernate.SQL                        : 
    select
        r1_0.id,
        r1_0.user_id,
        r1_0.description,
        r1_0.image_url,
        r1_0.title 
    from
        recipes r1_0 
    where
        r1_0.user_id=?
2025-05-13T00:33:56.815+07:00 DEBUG 33624 --- [http-nio-8080-exec-10] org.hibernate.SQL                        : 
    select
        avg(r1_0.score) 
    from
        ratings r1_0 
    join
        recipes r2_0 
            on r2_0.id=r1_0.recipe_id 
    where
        r2_0.user_id=?
2025-05-13T00:33:56.820+07:00 DEBUG 33624 --- [http-nio-8080-exec-10] org.hibernate.SQL                        : 
    select
        u1_0.id,
        u1_0.avatar_url,
        u1_0.date_of_birth,
        u1_0.full_name,
        u1_0.username 
    from
        users u1_0 
    where
        u1_0.username=?
2025-05-13T00:33:56.827+07:00 DEBUG 33624 --- [http-nio-8080-exec-10] org.hibernate.SQL                        : 
    select
        r1_0.id,
        r1_0.user_id,
        r1_0.description,
        r1_0.image_url,
        r1_0.title 
    from
        recipes r1_0 
    where
        r1_0.user_id=?
2025-05-13T00:33:56.829+07:00 DEBUG 33624 --- [http-nio-8080-exec-10] org.hibernate.SQL                        : 
    select
        r1_0.recipe_id,
        r1_0.id,
        r1_0.rated_at,
        r1_0.score,
        u1_0.id,
        u1_0.avatar_url,
        u1_0.date_of_birth,
        u1_0.full_name,
        u1_0.username 
    from
        ratings r1_0 
    left join
        users u1_0 
            on u1_0.id=r1_0.user_id 
    where
        r1_0.recipe_id=?
2025-05-13T00:33:56.832+07:00 DEBUG 33624 --- [http-nio-8080-exec-10] org.hibernate.SQL                        : 
    select
        l1_0.recipe_id,
        l1_0.id,
        l1_0.liked_at,
        u1_0.id,
        u1_0.avatar_url,
        u1_0.date_of_birth,
        u1_0.full_name,
        u1_0.username 
    from
        likes l1_0 
    left join
        users u1_0 
            on u1_0.id=l1_0.user_id 
    where
        l1_0.recipe_id=?
2025-05-13T00:33:56.837+07:00 DEBUG 33624 --- [http-nio-8080-exec-10] org.hibernate.SQL                        : 
    select
        c1_0.id,
        c1_0.content,
        c1_0.created_at,
        c1_0.recipe_id,
        c1_0.user_id 
    from
        comments c1_0 
    where
        c1_0.recipe_id=?
2025-05-13T00:33:56.840+07:00 DEBUG 33624 --- [http-nio-8080-exec-10] org.hibernate.SQL                        : 
    select
        r1_0.recipe_id,
        r1_0.id,
        r1_0.rated_at,
        r1_0.score,
        u1_0.id,
        u1_0.avatar_url,
        u1_0.date_of_birth,
        u1_0.full_name,
        u1_0.username 
    from
        ratings r1_0 
    left join
        users u1_0 
            on u1_0.id=r1_0.user_id 
    where
        r1_0.recipe_id=?
2025-05-13T00:33:56.843+07:00 DEBUG 33624 --- [http-nio-8080-exec-10] org.hibernate.SQL                        : 
    select
        l1_0.recipe_id,
        l1_0.id,
        l1_0.liked_at,
        u1_0.id,
        u1_0.avatar_url,
        u1_0.date_of_birth,
        u1_0.full_name,
        u1_0.username 
    from
        likes l1_0 
    left join
        users u1_0 
            on u1_0.id=l1_0.user_id 
    where
        l1_0.recipe_id=?
2025-05-13T00:33:56.847+07:00 DEBUG 33624 --- [http-nio-8080-exec-10] org.hibernate.SQL                        : 
    select
        c1_0.id,
        c1_0.content,
        c1_0.created_at,
        c1_0.recipe_id,
        c1_0.user_id 
    from
        comments c1_0 
    where
        c1_0.recipe_id=?
2025-05-13T00:33:56.856+07:00 ERROR 33624 --- [http-nio-8080-exec-10] org.thymeleaf.TemplateEngine             : [THYMELEAF][http-nio-8080-exec-10] Exception processing template "profile": An error happened during template parsing (template: "class path resource [templates/profile.html]")

org.thymeleaf.exceptions.TemplateInputException: An error happened during template parsing (template: "class path resource [templates/profile.html]")
	at org.thymeleaf.templateparser.markup.AbstractMarkupTemplateParser.parse(AbstractMarkupTemplateParser.java:241) ~[thymeleaf-3.1.3.RELEASE.jar:3.1.3.RELEASE]
	at org.thymeleaf.templateparser.markup.AbstractMarkupTemplateParser.parseStandalone(AbstractMarkupTemplateParser.java:100) ~[thymeleaf-3.1.3.RELEASE.jar:3.1.3.RELEASE]
	at org.thymeleaf.engine.TemplateManager.parseAndProcess(TemplateManager.java:666) ~[thymeleaf-3.1.3.RELEASE.jar:3.1.3.RELEASE]
	at org.thymeleaf.TemplateEngine.process(TemplateEngine.java:1103) ~[thymeleaf-3.1.3.RELEASE.jar:3.1.3.RELEASE]
	at org.thymeleaf.TemplateEngine.process(TemplateEngine.java:1077) ~[thymeleaf-3.1.3.RELEASE.jar:3.1.3.RELEASE]
	at org.thymeleaf.spring6.view.ThymeleafView.renderFragment(ThymeleafView.java:372) ~[thymeleaf-spring6-3.1.3.RELEASE.jar:3.1.3.RELEASE]
	at org.thymeleaf.spring6.view.ThymeleafView.render(ThymeleafView.java:192) ~[thymeleaf-spring6-3.1.3.RELEASE.jar:3.1.3.RELEASE]
	at org.springframework.web.servlet.DispatcherServlet.render(DispatcherServlet.java:1437) ~[spring-webmvc-6.2.6.jar:6.2.6]
	at org.springframework.web.servlet.DispatcherServlet.processDispatchResult(DispatcherServlet.java:1168) ~[spring-webmvc-6.2.6.jar:6.2.6]
	at org.springframework.web.servlet.DispatcherServlet.doDispatch(DispatcherServlet.java:1106) ~[spring-webmvc-6.2.6.jar:6.2.6]
	at org.springframework.web.servlet.DispatcherServlet.doService(DispatcherServlet.java:979) ~[spring-webmvc-6.2.6.jar:6.2.6]
	at org.springframework.web.servlet.FrameworkServlet.processRequest(FrameworkServlet.java:1014) ~[spring-webmvc-6.2.6.jar:6.2.6]
	at org.springframework.web.servlet.FrameworkServlet.doGet(FrameworkServlet.java:903) ~[spring-webmvc-6.2.6.jar:6.2.6]
	at jakarta.servlet.http.HttpServlet.service(HttpServlet.java:564) ~[tomcat-embed-core-10.1.40.jar:6.0]
	at org.springframework.web.servlet.FrameworkServlet.service(FrameworkServlet.java:885) ~[spring-webmvc-6.2.6.jar:6.2.6]
	at jakarta.servlet.http.HttpServlet.service(HttpServlet.java:658) ~[tomcat-embed-core-10.1.40.jar:6.0]
	at org.apache.catalina.core.ApplicationFilterChain.internalDoFilter(ApplicationFilterChain.java:195) ~[tomcat-embed-core-10.1.40.jar:10.1.40]
	at org.apache.catalina.core.ApplicationFilterChain.doFilter(ApplicationFilterChain.java:140) ~[tomcat-embed-core-10.1.40.jar:10.1.40]
	at org.apache.tomcat.websocket.server.WsFilter.doFilter(WsFilter.java:51) ~[tomcat-embed-websocket-10.1.40.jar:10.1.40]
	at org.apache.catalina.core.ApplicationFilterChain.internalDoFilter(ApplicationFilterChain.java:164) ~[tomcat-embed-core-10.1.40.jar:10.1.40]
	at org.apache.catalina.core.ApplicationFilterChain.doFilter(ApplicationFilterChain.java:140) ~[tomcat-embed-core-10.1.40.jar:10.1.40]
	at org.springframework.web.filter.RequestContextFilter.doFilterInternal(RequestContextFilter.java:100) ~[spring-web-6.2.6.jar:6.2.6]
	at org.springframework.web.filter.OncePerRequestFilter.doFilter(OncePerRequestFilter.java:116) ~[spring-web-6.2.6.jar:6.2.6]
	at org.apache.catalina.core.ApplicationFilterChain.internalDoFilter(ApplicationFilterChain.java:164) ~[tomcat-embed-core-10.1.40.jar:10.1.40]
	at org.apache.catalina.core.ApplicationFilterChain.doFilter(ApplicationFilterChain.java:140) ~[tomcat-embed-core-10.1.40.jar:10.1.40]
	at org.springframework.web.filter.FormContentFilter.doFilterInternal(FormContentFilter.java:93) ~[spring-web-6.2.6.jar:6.2.6]
	at org.springframework.web.filter.OncePerRequestFilter.doFilter(OncePerRequestFilter.java:116) ~[spring-web-6.2.6.jar:6.2.6]
	at org.apache.catalina.core.ApplicationFilterChain.internalDoFilter(ApplicationFilterChain.java:164) ~[tomcat-embed-core-10.1.40.jar:10.1.40]
	at org.apache.catalina.core.ApplicationFilterChain.doFilter(ApplicationFilterChain.java:140) ~[tomcat-embed-core-10.1.40.jar:10.1.40]
	at org.springframework.web.filter.CharacterEncodingFilter.doFilterInternal(CharacterEncodingFilter.java:201) ~[spring-web-6.2.6.jar:6.2.6]
	at org.springframework.web.filter.OncePerRequestFilter.doFilter(OncePerRequestFilter.java:116) ~[spring-web-6.2.6.jar:6.2.6]
	at org.apache.catalina.core.ApplicationFilterChain.internalDoFilter(ApplicationFilterChain.java:164) ~[tomcat-embed-core-10.1.40.jar:10.1.40]
	at org.apache.catalina.core.ApplicationFilterChain.doFilter(ApplicationFilterChain.java:140) ~[tomcat-embed-core-10.1.40.jar:10.1.40]
	at org.apache.catalina.core.StandardWrapperValve.invoke(StandardWrapperValve.java:167) ~[tomcat-embed-core-10.1.40.jar:10.1.40]
	at org.apache.catalina.core.StandardContextValve.invoke(StandardContextValve.java:90) ~[tomcat-embed-core-10.1.40.jar:10.1.40]
	at org.apache.catalina.authenticator.AuthenticatorBase.invoke(AuthenticatorBase.java:483) ~[tomcat-embed-core-10.1.40.jar:10.1.40]
	at org.apache.catalina.core.StandardHostValve.invoke(StandardHostValve.java:116) ~[tomcat-embed-core-10.1.40.jar:10.1.40]
	at org.apache.catalina.valves.ErrorReportValve.invoke(ErrorReportValve.java:93) ~[tomcat-embed-core-10.1.40.jar:10.1.40]
	at org.apache.catalina.core.StandardEngineValve.invoke(StandardEngineValve.java:74) ~[tomcat-embed-core-10.1.40.jar:10.1.40]
	at org.apache.catalina.connector.CoyoteAdapter.service(CoyoteAdapter.java:344) ~[tomcat-embed-core-10.1.40.jar:10.1.40]
	at org.apache.coyote.http11.Http11Processor.service(Http11Processor.java:398) ~[tomcat-embed-core-10.1.40.jar:10.1.40]
	at org.apache.coyote.AbstractProcessorLight.process(AbstractProcessorLight.java:63) ~[tomcat-embed-core-10.1.40.jar:10.1.40]
	at org.apache.coyote.AbstractProtocol$ConnectionHandler.process(AbstractProtocol.java:903) ~[tomcat-embed-core-10.1.40.jar:10.1.40]
	at org.apache.tomcat.util.net.NioEndpoint$SocketProcessor.doRun(NioEndpoint.java:1740) ~[tomcat-embed-core-10.1.40.jar:10.1.40]
	at org.apache.tomcat.util.net.SocketProcessorBase.run(SocketProcessorBase.java:52) ~[tomcat-embed-core-10.1.40.jar:10.1.40]
	at org.apache.tomcat.util.threads.ThreadPoolExecutor.runWorker(ThreadPoolExecutor.java:1189) ~[tomcat-embed-core-10.1.40.jar:10.1.40]
	at org.apache.tomcat.util.threads.ThreadPoolExecutor$Worker.run(ThreadPoolExecutor.java:658) ~[tomcat-embed-core-10.1.40.jar:10.1.40]
	at org.apache.tomcat.util.threads.TaskThread$WrappingRunnable.run(TaskThread.java:63) ~[tomcat-embed-core-10.1.40.jar:10.1.40]
	at java.base/java.lang.Thread.run(Thread.java:1575) ~[na:na]
Caused by: org.attoparser.ParseException: Exception evaluating SpringEL expression: "iter.index < 2" (template: "profile" - line 45, col 58)
	at org.attoparser.MarkupParser.parseDocument(MarkupParser.java:393) ~[attoparser-2.0.7.RELEASE.jar:2.0.7.RELEASE]
	at org.attoparser.MarkupParser.parse(MarkupParser.java:257) ~[attoparser-2.0.7.RELEASE.jar:2.0.7.RELEASE]
	at org.thymeleaf.templateparser.markup.AbstractMarkupTemplateParser.parse(AbstractMarkupTemplateParser.java:230) ~[thymeleaf-3.1.3.RELEASE.jar:3.1.3.RELEASE]
	... 48 common frames omitted
Caused by: org.thymeleaf.exceptions.TemplateProcessingException: Exception evaluating SpringEL expression: "iter.index < 2" (template: "profile" - line 45, col 58)
	at org.thymeleaf.spring6.expression.SPELVariableExpressionEvaluator.evaluate(SPELVariableExpressionEvaluator.java:292) ~[thymeleaf-spring6-3.1.3.RELEASE.jar:3.1.3.RELEASE]
	at org.thymeleaf.standard.expression.VariableExpression.executeVariableExpression(VariableExpression.java:166) ~[thymeleaf-3.1.3.RELEASE.jar:3.1.3.RELEASE]
	at org.thymeleaf.standard.expression.SimpleExpression.executeSimple(SimpleExpression.java:66) ~[thymeleaf-3.1.3.RELEASE.jar:3.1.3.RELEASE]
	at org.thymeleaf.standard.expression.Expression.execute(Expression.java:109) ~[thymeleaf-3.1.3.RELEASE.jar:3.1.3.RELEASE]
	at org.thymeleaf.standard.expression.Expression.execute(Expression.java:138) ~[thymeleaf-3.1.3.RELEASE.jar:3.1.3.RELEASE]
	at org.thymeleaf.standard.expression.Expression.execute(Expression.java:125) ~[thymeleaf-3.1.3.RELEASE.jar:3.1.3.RELEASE]
	at org.thymeleaf.standard.processor.StandardIfTagProcessor.isVisible(StandardIfTagProcessor.java:59) ~[thymeleaf-3.1.3.RELEASE.jar:3.1.3.RELEASE]
	at org.thymeleaf.standard.processor.AbstractStandardConditionalVisibilityTagProcessor.doProcess(AbstractStandardConditionalVisibilityTagProcessor.java:61) ~[thymeleaf-3.1.3.RELEASE.jar:3.1.3.RELEASE]
	at org.thymeleaf.processor.element.AbstractAttributeTagProcessor.doProcess(AbstractAttributeTagProcessor.java:74) ~[thymeleaf-3.1.3.RELEASE.jar:3.1.3.RELEASE]
	at org.thymeleaf.processor.element.AbstractElementTagProcessor.process(AbstractElementTagProcessor.java:95) ~[thymeleaf-3.1.3.RELEASE.jar:3.1.3.RELEASE]
	at org.thymeleaf.util.ProcessorConfigurationUtils$ElementTagProcessorWrapper.process(ProcessorConfigurationUtils.java:633) ~[thymeleaf-3.1.3.RELEASE.jar:3.1.3.RELEASE]
	at org.thymeleaf.engine.ProcessorTemplateHandler.handleOpenElement(ProcessorTemplateHandler.java:1314) ~[thymeleaf-3.1.3.RELEASE.jar:3.1.3.RELEASE]
	at org.thymeleaf.engine.OpenElementTag.beHandled(OpenElementTag.java:205) ~[thymeleaf-3.1.3.RELEASE.jar:3.1.3.RELEASE]
	at org.thymeleaf.engine.Model.process(Model.java:282) ~[thymeleaf-3.1.3.RELEASE.jar:3.1.3.RELEASE]
	at org.thymeleaf.engine.Model.process(Model.java:290) ~[thymeleaf-3.1.3.RELEASE.jar:3.1.3.RELEASE]
	at org.thymeleaf.engine.IteratedGatheringModelProcessable.processIterationModel(IteratedGatheringModelProcessable.java:368) ~[thymeleaf-3.1.3.RELEASE.jar:3.1.3.RELEASE]
	at org.thymeleaf.engine.IteratedGatheringModelProcessable.process(IteratedGatheringModelProcessable.java:222) ~[thymeleaf-3.1.3.RELEASE.jar:3.1.3.RELEASE]
	at org.thymeleaf.engine.ProcessorTemplateHandler.handleCloseElement(ProcessorTemplateHandler.java:1640) ~[thymeleaf-3.1.3.RELEASE.jar:3.1.3.RELEASE]
	at org.thymeleaf.engine.CloseElementTag.beHandled(CloseElementTag.java:139) ~[thymeleaf-3.1.3.RELEASE.jar:3.1.3.RELEASE]
	at org.thymeleaf.engine.Model.process(Model.java:282) ~[thymeleaf-3.1.3.RELEASE.jar:3.1.3.RELEASE]
	at org.thymeleaf.engine.Model.process(Model.java:290) ~[thymeleaf-3.1.3.RELEASE.jar:3.1.3.RELEASE]
	at org.thymeleaf.engine.IteratedGatheringModelProcessable.processIterationModel(IteratedGatheringModelProcessable.java:368) ~[thymeleaf-3.1.3.RELEASE.jar:3.1.3.RELEASE]
	at org.thymeleaf.engine.IteratedGatheringModelProcessable.process(IteratedGatheringModelProcessable.java:222) ~[thymeleaf-3.1.3.RELEASE.jar:3.1.3.RELEASE]
	at org.thymeleaf.engine.ProcessorTemplateHandler.handleCloseElement(ProcessorTemplateHandler.java:1640) ~[thymeleaf-3.1.3.RELEASE.jar:3.1.3.RELEASE]
	at org.thymeleaf.engine.TemplateHandlerAdapterMarkupHandler.handleCloseElementEnd(TemplateHandlerAdapterMarkupHandler.java:388) ~[thymeleaf-3.1.3.RELEASE.jar:3.1.3.RELEASE]
	at org.thymeleaf.templateparser.markup.InlinedOutputExpressionMarkupHandler$InlineMarkupAdapterPreProcessorHandler.handleCloseElementEnd(InlinedOutputExpressionMarkupHandler.java:322) ~[thymeleaf-3.1.3.RELEASE.jar:3.1.3.RELEASE]
	at org.thymeleaf.standard.inline.OutputExpressionInlinePreProcessorHandler.handleCloseElementEnd(OutputExpressionInlinePreProcessorHandler.java:220) ~[thymeleaf-3.1.3.RELEASE.jar:3.1.3.RELEASE]
	at org.thymeleaf.templateparser.markup.InlinedOutputExpressionMarkupHandler.handleCloseElementEnd(InlinedOutputExpressionMarkupHandler.java:164) ~[thymeleaf-3.1.3.RELEASE.jar:3.1.3.RELEASE]
	at org.attoparser.HtmlElement.handleCloseElementEnd(HtmlElement.java:169) ~[attoparser-2.0.7.RELEASE.jar:2.0.7.RELEASE]
	at org.attoparser.HtmlMarkupHandler.handleCloseElementEnd(HtmlMarkupHandler.java:412) ~[attoparser-2.0.7.RELEASE.jar:2.0.7.RELEASE]
	at org.attoparser.MarkupEventProcessorHandler.handleCloseElementEnd(MarkupEventProcessorHandler.java:473) ~[attoparser-2.0.7.RELEASE.jar:2.0.7.RELEASE]
	at org.attoparser.ParsingElementMarkupUtil.parseCloseElement(ParsingElementMarkupUtil.java:201) ~[attoparser-2.0.7.RELEASE.jar:2.0.7.RELEASE]
	at org.attoparser.MarkupParser.parseBuffer(MarkupParser.java:725) ~[attoparser-2.0.7.RELEASE.jar:2.0.7.RELEASE]
	at org.attoparser.MarkupParser.parseDocument(MarkupParser.java:301) ~[attoparser-2.0.7.RELEASE.jar:2.0.7.RELEASE]
	... 50 common frames omitted
Caused by: org.springframework.expression.spel.SpelEvaluationException: EL1007E: Property or field 'index' cannot be found on null
	at org.springframework.expression.spel.ast.PropertyOrFieldReference.readProperty(PropertyOrFieldReference.java:225) ~[spring-expression-6.2.6.jar:6.2.6]
	at org.springframework.expression.spel.ast.PropertyOrFieldReference.getValueInternal(PropertyOrFieldReference.java:112) ~[spring-expression-6.2.6.jar:6.2.6]
	at org.springframework.expression.spel.ast.PropertyOrFieldReference$AccessorValueRef.getValue(PropertyOrFieldReference.java:376) ~[spring-expression-6.2.6.jar:6.2.6]
	at org.springframework.expression.spel.ast.CompoundExpression.getValueInternal(CompoundExpression.java:97) ~[spring-expression-6.2.6.jar:6.2.6]
	at org.springframework.expression.spel.ast.OpLT.getValueInternal(OpLT.java:47) ~[spring-expression-6.2.6.jar:6.2.6]
	at org.springframework.expression.spel.ast.OpLT.getValueInternal(OpLT.java:37) ~[spring-expression-6.2.6.jar:6.2.6]
	at org.springframework.expression.spel.ast.SpelNodeImpl.getValue(SpelNodeImpl.java:116) ~[spring-expression-6.2.6.jar:6.2.6]
	at org.springframework.expression.spel.standard.SpelExpression.getValue(SpelExpression.java:338) ~[spring-expression-6.2.6.jar:6.2.6]
	at org.thymeleaf.spring6.expression.SPELVariableExpressionEvaluator.evaluate(SPELVariableExpressionEvaluator.java:265) ~[thymeleaf-spring6-3.1.3.RELEASE.jar:3.1.3.RELEASE]
	... 83 common frames omitted

2025-05-13T00:33:56.860+07:00 ERROR 33624 --- [http-nio-8080-exec-10] o.a.c.c.C.[.[.[/].[dispatcherServlet]    : Servlet.service() for servlet [dispatcherServlet] in context with path [] threw exception [Request processing failed: org.thymeleaf.exceptions.TemplateInputException: An error happened during template parsing (template: "class path resource [templates/profile.html]")] with root cause

org.springframework.expression.spel.SpelEvaluationException: EL1007E: Property or field 'index' cannot be found on null
	at org.springframework.expression.spel.ast.PropertyOrFieldReference.readProperty(PropertyOrFieldReference.java:225) ~[spring-expression-6.2.6.jar:6.2.6]
	at org.springframework.expression.spel.ast.PropertyOrFieldReference.getValueInternal(PropertyOrFieldReference.java:112) ~[spring-expression-6.2.6.jar:6.2.6]
	at org.springframework.expression.spel.ast.PropertyOrFieldReference$AccessorValueRef.getValue(PropertyOrFieldReference.java:376) ~[spring-expression-6.2.6.jar:6.2.6]
	at org.springframework.expression.spel.ast.CompoundExpression.getValueInternal(CompoundExpression.java:97) ~[spring-expression-6.2.6.jar:6.2.6]
	at org.springframework.expression.spel.ast.OpLT.getValueInternal(OpLT.java:47) ~[spring-expression-6.2.6.jar:6.2.6]
	at org.springframework.expression.spel.ast.OpLT.getValueInternal(OpLT.java:37) ~[spring-expression-6.2.6.jar:6.2.6]
	at org.springframework.expression.spel.ast.SpelNodeImpl.getValue(SpelNodeImpl.java:116) ~[spring-expression-6.2.6.jar:6.2.6]
	at org.springframework.expression.spel.standard.SpelExpression.getValue(SpelExpression.java:338) ~[spring-expression-6.2.6.jar:6.2.6]
	at org.thymeleaf.spring6.expression.SPELVariableExpressionEvaluator.evaluate(SPELVariableExpressionEvaluator.java:265) ~[thymeleaf-spring6-3.1.3.RELEASE.jar:3.1.3.RELEASE]
	at org.thymeleaf.standard.expression.VariableExpression.executeVariableExpression(VariableExpression.java:166) ~[thymeleaf-3.1.3.RELEASE.jar:3.1.3.RELEASE]
	at org.thymeleaf.standard.expression.SimpleExpression.executeSimple(SimpleExpression.java:66) ~[thymeleaf-3.1.3.RELEASE.jar:3.1.3.RELEASE]
	at org.thymeleaf.standard.expression.Expression.execute(Expression.java:109) ~[thymeleaf-3.1.3.RELEASE.jar:3.1.3.RELEASE]
	at org.thymeleaf.standard.expression.Expression.execute(Expression.java:138) ~[thymeleaf-3.1.3.RELEASE.jar:3.1.3.RELEASE]
	at org.thymeleaf.standard.expression.Expression.execute(Expression.java:125) ~[thymeleaf-3.1.3.RELEASE.jar:3.1.3.RELEASE]
	at org.thymeleaf.standard.processor.StandardIfTagProcessor.isVisible(StandardIfTagProcessor.java:59) ~[thymeleaf-3.1.3.RELEASE.jar:3.1.3.RELEASE]
	at org.thymeleaf.standard.processor.AbstractStandardConditionalVisibilityTagProcessor.doProcess(AbstractStandardConditionalVisibilityTagProcessor.java:61) ~[thymeleaf-3.1.3.RELEASE.jar:3.1.3.RELEASE]
	at org.thymeleaf.processor.element.AbstractAttributeTagProcessor.doProcess(AbstractAttributeTagProcessor.java:74) ~[thymeleaf-3.1.3.RELEASE.jar:3.1.3.RELEASE]
	at org.thymeleaf.processor.element.AbstractElementTagProcessor.process(AbstractElementTagProcessor.java:95) ~[thymeleaf-3.1.3.RELEASE.jar:3.1.3.RELEASE]
	at org.thymeleaf.util.ProcessorConfigurationUtils$ElementTagProcessorWrapper.process(ProcessorConfigurationUtils.java:633) ~[thymeleaf-3.1.3.RELEASE.jar:3.1.3.RELEASE]
	at org.thymeleaf.engine.ProcessorTemplateHandler.handleOpenElement(ProcessorTemplateHandler.java:1314) ~[thymeleaf-3.1.3.RELEASE.jar:3.1.3.RELEASE]
	at org.thymeleaf.engine.OpenElementTag.beHandled(OpenElementTag.java:205) ~[thymeleaf-3.1.3.RELEASE.jar:3.1.3.RELEASE]
	at org.thymeleaf.engine.Model.process(Model.java:282) ~[thymeleaf-3.1.3.RELEASE.jar:3.1.3.RELEASE]
	at org.thymeleaf.engine.Model.process(Model.java:290) ~[thymeleaf-3.1.3.RELEASE.jar:3.1.3.RELEASE]
	at org.thymeleaf.engine.IteratedGatheringModelProcessable.processIterationModel(IteratedGatheringModelProcessable.java:368) ~[thymeleaf-3.1.3.RELEASE.jar:3.1.3.RELEASE]
	at org.thymeleaf.engine.IteratedGatheringModelProcessable.process(IteratedGatheringModelProcessable.java:222) ~[thymeleaf-3.1.3.RELEASE.jar:3.1.3.RELEASE]
	at org.thymeleaf.engine.ProcessorTemplateHandler.handleCloseElement(ProcessorTemplateHandler.java:1640) ~[thymeleaf-3.1.3.RELEASE.jar:3.1.3.RELEASE]
	at org.thymeleaf.engine.CloseElementTag.beHandled(CloseElementTag.java:139) ~[thymeleaf-3.1.3.RELEASE.jar:3.1.3.RELEASE]
	at org.thymeleaf.engine.Model.process(Model.java:282) ~[thymeleaf-3.1.3.RELEASE.jar:3.1.3.RELEASE]
	at org.thymeleaf.engine.Model.process(Model.java:290) ~[thymeleaf-3.1.3.RELEASE.jar:3.1.3.RELEASE]
	at org.thymeleaf.engine.IteratedGatheringModelProcessable.processIterationModel(IteratedGatheringModelProcessable.java:368) ~[thymeleaf-3.1.3.RELEASE.jar:3.1.3.RELEASE]
	at org.thymeleaf.engine.IteratedGatheringModelProcessable.process(IteratedGatheringModelProcessable.java:222) ~[thymeleaf-3.1.3.RELEASE.jar:3.1.3.RELEASE]
	at org.thymeleaf.engine.ProcessorTemplateHandler.handleCloseElement(ProcessorTemplateHandler.java:1640) ~[thymeleaf-3.1.3.RELEASE.jar:3.1.3.RELEASE]
	at org.thymeleaf.engine.TemplateHandlerAdapterMarkupHandler.handleCloseElementEnd(TemplateHandlerAdapterMarkupHandler.java:388) ~[thymeleaf-3.1.3.RELEASE.jar:3.1.3.RELEASE]
	at org.thymeleaf.templateparser.markup.InlinedOutputExpressionMarkupHandler$InlineMarkupAdapterPreProcessorHandler.handleCloseElementEnd(InlinedOutputExpressionMarkupHandler.java:322) ~[thymeleaf-3.1.3.RELEASE.jar:3.1.3.RELEASE]
	at org.thymeleaf.standard.inline.OutputExpressionInlinePreProcessorHandler.handleCloseElementEnd(OutputExpressionInlinePreProcessorHandler.java:220) ~[thymeleaf-3.1.3.RELEASE.jar:3.1.3.RELEASE]
	at org.thymeleaf.templateparser.markup.InlinedOutputExpressionMarkupHandler.handleCloseElementEnd(InlinedOutputExpressionMarkupHandler.java:164) ~[thymeleaf-3.1.3.RELEASE.jar:3.1.3.RELEASE]
	at org.attoparser.HtmlElement.handleCloseElementEnd(HtmlElement.java:169) ~[attoparser-2.0.7.RELEASE.jar:2.0.7.RELEASE]
	at org.attoparser.HtmlMarkupHandler.handleCloseElementEnd(HtmlMarkupHandler.java:412) ~[attoparser-2.0.7.RELEASE.jar:2.0.7.RELEASE]
	at org.attoparser.MarkupEventProcessorHandler.handleCloseElementEnd(MarkupEventProcessorHandler.java:473) ~[attoparser-2.0.7.RELEASE.jar:2.0.7.RELEASE]
	at org.attoparser.ParsingElementMarkupUtil.parseCloseElement(ParsingElementMarkupUtil.java:201) ~[attoparser-2.0.7.RELEASE.jar:2.0.7.RELEASE]
	at org.attoparser.MarkupParser.parseBuffer(MarkupParser.java:725) ~[attoparser-2.0.7.RELEASE.jar:2.0.7.RELEASE]
	at org.attoparser.MarkupParser.parseDocument(MarkupParser.java:301) ~[attoparser-2.0.7.RELEASE.jar:2.0.7.RELEASE]
	at org.attoparser.MarkupParser.parse(MarkupParser.java:257) ~[attoparser-2.0.7.RELEASE.jar:2.0.7.RELEASE]
	at org.thymeleaf.templateparser.markup.AbstractMarkupTemplateParser.parse(AbstractMarkupTemplateParser.java:230) ~[thymeleaf-3.1.3.RELEASE.jar:3.1.3.RELEASE]
	at org.thymeleaf.templateparser.markup.AbstractMarkupTemplateParser.parseStandalone(AbstractMarkupTemplateParser.java:100) ~[thymeleaf-3.1.3.RELEASE.jar:3.1.3.RELEASE]
	at org.thymeleaf.engine.TemplateManager.parseAndProcess(TemplateManager.java:666) ~[thymeleaf-3.1.3.RELEASE.jar:3.1.3.RELEASE]
	at org.thymeleaf.TemplateEngine.process(TemplateEngine.java:1103) ~[thymeleaf-3.1.3.RELEASE.jar:3.1.3.RELEASE]
	at org.thymeleaf.TemplateEngine.process(TemplateEngine.java:1077) ~[thymeleaf-3.1.3.RELEASE.jar:3.1.3.RELEASE]
	at org.thymeleaf.spring6.view.ThymeleafView.renderFragment(ThymeleafView.java:372) ~[thymeleaf-spring6-3.1.3.RELEASE.jar:3.1.3.RELEASE]
	at org.thymeleaf.spring6.view.ThymeleafView.render(ThymeleafView.java:192) ~[thymeleaf-spring6-3.1.3.RELEASE.jar:3.1.3.RELEASE]
	at org.springframework.web.servlet.DispatcherServlet.render(DispatcherServlet.java:1437) ~[spring-webmvc-6.2.6.jar:6.2.6]
	at org.springframework.web.servlet.DispatcherServlet.processDispatchResult(DispatcherServlet.java:1168) ~[spring-webmvc-6.2.6.jar:6.2.6]
	at org.springframework.web.servlet.DispatcherServlet.doDispatch(DispatcherServlet.java:1106) ~[spring-webmvc-6.2.6.jar:6.2.6]
	at org.springframework.web.servlet.DispatcherServlet.doService(DispatcherServlet.java:979) ~[spring-webmvc-6.2.6.jar:6.2.6]
	at org.springframework.web.servlet.FrameworkServlet.processRequest(FrameworkServlet.java:1014) ~[spring-webmvc-6.2.6.jar:6.2.6]
	at org.springframework.web.servlet.FrameworkServlet.doGet(FrameworkServlet.java:903) ~[spring-webmvc-6.2.6.jar:6.2.6]
	at jakarta.servlet.http.HttpServlet.service(HttpServlet.java:564) ~[tomcat-embed-core-10.1.40.jar:6.0]
	at org.springframework.web.servlet.FrameworkServlet.service(FrameworkServlet.java:885) ~[spring-webmvc-6.2.6.jar:6.2.6]
	at jakarta.servlet.http.HttpServlet.service(HttpServlet.java:658) ~[tomcat-embed-core-10.1.40.jar:6.0]
	at org.apache.catalina.core.ApplicationFilterChain.internalDoFilter(ApplicationFilterChain.java:195) ~[tomcat-embed-core-10.1.40.jar:10.1.40]
	at org.apache.catalina.core.ApplicationFilterChain.doFilter(ApplicationFilterChain.java:140) ~[tomcat-embed-core-10.1.40.jar:10.1.40]
	at org.apache.tomcat.websocket.server.WsFilter.doFilter(WsFilter.java:51) ~[tomcat-embed-websocket-10.1.40.jar:10.1.40]
	at org.apache.catalina.core.ApplicationFilterChain.internalDoFilter(ApplicationFilterChain.java:164) ~[tomcat-embed-core-10.1.40.jar:10.1.40]
	at org.apache.catalina.core.ApplicationFilterChain.doFilter(ApplicationFilterChain.java:140) ~[tomcat-embed-core-10.1.40.jar:10.1.40]
	at org.springframework.web.filter.RequestContextFilter.doFilterInternal(RequestContextFilter.java:100) ~[spring-web-6.2.6.jar:6.2.6]
	at org.springframework.web.filter.OncePerRequestFilter.doFilter(OncePerRequestFilter.java:116) ~[spring-web-6.2.6.jar:6.2.6]
	at org.apache.catalina.core.ApplicationFilterChain.internalDoFilter(ApplicationFilterChain.java:164) ~[tomcat-embed-core-10.1.40.jar:10.1.40]
	at org.apache.catalina.core.ApplicationFilterChain.doFilter(ApplicationFilterChain.java:140) ~[tomcat-embed-core-10.1.40.jar:10.1.40]
	at org.springframework.web.filter.FormContentFilter.doFilterInternal(FormContentFilter.java:93) ~[spring-web-6.2.6.jar:6.2.6]
	at org.springframework.web.filter.OncePerRequestFilter.doFilter(OncePerRequestFilter.java:116) ~[spring-web-6.2.6.jar:6.2.6]
	at org.apache.catalina.core.ApplicationFilterChain.internalDoFilter(ApplicationFilterChain.java:164) ~[tomcat-embed-core-10.1.40.jar:10.1.40]
	at org.apache.catalina.core.ApplicationFilterChain.doFilter(ApplicationFilterChain.java:140) ~[tomcat-embed-core-10.1.40.jar:10.1.40]
	at org.springframework.web.filter.CharacterEncodingFilter.doFilterInternal(CharacterEncodingFilter.java:201) ~[spring-web-6.2.6.jar:6.2.6]
	at org.springframework.web.filter.OncePerRequestFilter.doFilter(OncePerRequestFilter.java:116) ~[spring-web-6.2.6.jar:6.2.6]
	at org.apache.catalina.core.ApplicationFilterChain.internalDoFilter(ApplicationFilterChain.java:164) ~[tomcat-embed-core-10.1.40.jar:10.1.40]
	at org.apache.catalina.core.ApplicationFilterChain.doFilter(ApplicationFilterChain.java:140) ~[tomcat-embed-core-10.1.40.jar:10.1.40]
	at org.apache.catalina.core.StandardWrapperValve.invoke(StandardWrapperValve.java:167) ~[tomcat-embed-core-10.1.40.jar:10.1.40]
	at org.apache.catalina.core.StandardContextValve.invoke(StandardContextValve.java:90) ~[tomcat-embed-core-10.1.40.jar:10.1.40]
	at org.apache.catalina.authenticator.AuthenticatorBase.invoke(AuthenticatorBase.java:483) ~[tomcat-embed-core-10.1.40.jar:10.1.40]
	at org.apache.catalina.core.StandardHostValve.invoke(StandardHostValve.java:116) ~[tomcat-embed-core-10.1.40.jar:10.1.40]
	at org.apache.catalina.valves.ErrorReportValve.invoke(ErrorReportValve.java:93) ~[tomcat-embed-core-10.1.40.jar:10.1.40]
	at org.apache.catalina.core.StandardEngineValve.invoke(StandardEngineValve.java:74) ~[tomcat-embed-core-10.1.40.jar:10.1.40]
	at org.apache.catalina.connector.CoyoteAdapter.service(CoyoteAdapter.java:344) ~[tomcat-embed-core-10.1.40.jar:10.1.40]
	at org.apache.coyote.http11.Http11Processor.service(Http11Processor.java:398) ~[tomcat-embed-core-10.1.40.jar:10.1.40]
	at org.apache.coyote.AbstractProcessorLight.process(AbstractProcessorLight.java:63) ~[tomcat-embed-core-10.1.40.jar:10.1.40]
	at org.apache.coyote.AbstractProtocol$ConnectionHandler.process(AbstractProtocol.java:903) ~[tomcat-embed-core-10.1.40.jar:10.1.40]
	at org.apache.tomcat.util.net.NioEndpoint$SocketProcessor.doRun(NioEndpoint.java:1740) ~[tomcat-embed-core-10.1.40.jar:10.1.40]
	at org.apache.tomcat.util.net.SocketProcessorBase.run(SocketProcessorBase.java:52) ~[tomcat-embed-core-10.1.40.jar:10.1.40]
	at org.apache.tomcat.util.threads.ThreadPoolExecutor.runWorker(ThreadPoolExecutor.java:1189) ~[tomcat-embed-core-10.1.40.jar:10.1.40]
	at org.apache.tomcat.util.threads.ThreadPoolExecutor$Worker.run(ThreadPoolExecutor.java:658) ~[tomcat-embed-core-10.1.40.jar:10.1.40]
	at org.apache.tomcat.util.threads.TaskThread$WrappingRunnable.run(TaskThread.java:63) ~[tomcat-embed-core-10.1.40.jar:10.1.40]
	at java.base/java.lang.Thread.run(Thread.java:1575) ~[na:na]

2025-05-13T00:34:54.899+07:00 DEBUG 33624 --- [http-nio-8080-exec-4] org.hibernate.SQL                        : 
    select
        u1_0.id,
        u1_0.avatar_url,
        u1_0.date_of_birth,
        u1_0.full_name,
        u1_0.username 
    from
        users u1_0 
    where
        u1_0.username=?
2025-05-13T00:34:54.903+07:00 DEBUG 33624 --- [http-nio-8080-exec-4] org.hibernate.SQL                        : 
    select
        count(f1_0.id) 
    from
        follows f1_0 
    where
        f1_0.following_id=?
2025-05-13T00:34:54.906+07:00 DEBUG 33624 --- [http-nio-8080-exec-4] org.hibernate.SQL                        : 
    select
        count(f1_0.id) 
    from
        follows f1_0 
    where
        f1_0.follower_id=?
2025-05-13T00:34:54.908+07:00 DEBUG 33624 --- [http-nio-8080-exec-4] org.hibernate.SQL                        : 
    select
        r1_0.id,
        r1_0.user_id,
        r1_0.description,
        r1_0.image_url,
        r1_0.title 
    from
        recipes r1_0 
    where
        r1_0.user_id=?
2025-05-13T00:34:54.910+07:00 DEBUG 33624 --- [http-nio-8080-exec-4] org.hibernate.SQL                        : 
    select
        avg(r1_0.score) 
    from
        ratings r1_0 
    join
        recipes r2_0 
            on r2_0.id=r1_0.recipe_id 
    where
        r2_0.user_id=?
2025-05-13T00:34:54.911+07:00 DEBUG 33624 --- [http-nio-8080-exec-4] org.hibernate.SQL                        : 
    select
        u1_0.id,
        u1_0.avatar_url,
        u1_0.date_of_birth,
        u1_0.full_name,
        u1_0.username 
    from
        users u1_0 
    where
        u1_0.username=?
2025-05-13T00:34:54.912+07:00 DEBUG 33624 --- [http-nio-8080-exec-4] org.hibernate.SQL                        : 
    select
        r1_0.id,
        r1_0.user_id,
        r1_0.description,
        r1_0.image_url,
        r1_0.title 
    from
        recipes r1_0 
    where
        r1_0.user_id=?
2025-05-13T00:34:54.913+07:00 DEBUG 33624 --- [http-nio-8080-exec-4] org.hibernate.SQL                        : 
    select
        r1_0.recipe_id,
        r1_0.id,
        r1_0.rated_at,
        r1_0.score,
        u1_0.id,
        u1_0.avatar_url,
        u1_0.date_of_birth,
        u1_0.full_name,
        u1_0.username 
    from
        ratings r1_0 
    left join
        users u1_0 
            on u1_0.id=r1_0.user_id 
    where
        r1_0.recipe_id=?
2025-05-13T00:34:54.914+07:00 DEBUG 33624 --- [http-nio-8080-exec-4] org.hibernate.SQL                        : 
    select
        l1_0.recipe_id,
        l1_0.id,
        l1_0.liked_at,
        u1_0.id,
        u1_0.avatar_url,
        u1_0.date_of_birth,
        u1_0.full_name,
        u1_0.username 
    from
        likes l1_0 
    left join
        users u1_0 
            on u1_0.id=l1_0.user_id 
    where
        l1_0.recipe_id=?
2025-05-13T00:34:54.916+07:00 DEBUG 33624 --- [http-nio-8080-exec-4] org.hibernate.SQL                        : 
    select
        c1_0.id,
        c1_0.content,
        c1_0.created_at,
        c1_0.recipe_id,
        c1_0.user_id 
    from
        comments c1_0 
    where
        c1_0.recipe_id=?
2025-05-13T00:34:54.918+07:00 DEBUG 33624 --- [http-nio-8080-exec-4] org.hibernate.SQL                        : 
    select
        r1_0.recipe_id,
        r1_0.id,
        r1_0.rated_at,
        r1_0.score,
        u1_0.id,
        u1_0.avatar_url,
        u1_0.date_of_birth,
        u1_0.full_name,
        u1_0.username 
    from
        ratings r1_0 
    left join
        users u1_0 
            on u1_0.id=r1_0.user_id 
    where
        r1_0.recipe_id=?
2025-05-13T00:34:54.919+07:00 DEBUG 33624 --- [http-nio-8080-exec-4] org.hibernate.SQL                        : 
    select
        l1_0.recipe_id,
        l1_0.id,
        l1_0.liked_at,
        u1_0.id,
        u1_0.avatar_url,
        u1_0.date_of_birth,
        u1_0.full_name,
        u1_0.username 
    from
        likes l1_0 
    left join
        users u1_0 
            on u1_0.id=l1_0.user_id 
    where
        l1_0.recipe_id=?
2025-05-13T00:34:54.922+07:00 DEBUG 33624 --- [http-nio-8080-exec-4] org.hibernate.SQL                        : 
    select
        c1_0.id,
        c1_0.content,
        c1_0.created_at,
        c1_0.recipe_id,
        c1_0.user_id 
    from
        comments c1_0 
    where
        c1_0.recipe_id=?
2025-05-13T00:34:54.928+07:00 ERROR 33624 --- [http-nio-8080-exec-4] org.thymeleaf.TemplateEngine             : [THYMELEAF][http-nio-8080-exec-4] Exception processing template "profile": An error happened during template parsing (template: "class path resource [templates/profile.html]")

org.thymeleaf.exceptions.TemplateInputException: An error happened during template parsing (template: "class path resource [templates/profile.html]")
	at org.thymeleaf.templateparser.markup.AbstractMarkupTemplateParser.parse(AbstractMarkupTemplateParser.java:241) ~[thymeleaf-3.1.3.RELEASE.jar:3.1.3.RELEASE]
	at org.thymeleaf.templateparser.markup.AbstractMarkupTemplateParser.parseStandalone(AbstractMarkupTemplateParser.java:100) ~[thymeleaf-3.1.3.RELEASE.jar:3.1.3.RELEASE]
	at org.thymeleaf.engine.TemplateManager.parseAndProcess(TemplateManager.java:666) ~[thymeleaf-3.1.3.RELEASE.jar:3.1.3.RELEASE]
	at org.thymeleaf.TemplateEngine.process(TemplateEngine.java:1103) ~[thymeleaf-3.1.3.RELEASE.jar:3.1.3.RELEASE]
	at org.thymeleaf.TemplateEngine.process(TemplateEngine.java:1077) ~[thymeleaf-3.1.3.RELEASE.jar:3.1.3.RELEASE]
	at org.thymeleaf.spring6.view.ThymeleafView.renderFragment(ThymeleafView.java:372) ~[thymeleaf-spring6-3.1.3.RELEASE.jar:3.1.3.RELEASE]
	at org.thymeleaf.spring6.view.ThymeleafView.render(ThymeleafView.java:192) ~[thymeleaf-spring6-3.1.3.RELEASE.jar:3.1.3.RELEASE]
	at org.springframework.web.servlet.DispatcherServlet.render(DispatcherServlet.java:1437) ~[spring-webmvc-6.2.6.jar:6.2.6]
	at org.springframework.web.servlet.DispatcherServlet.processDispatchResult(DispatcherServlet.java:1168) ~[spring-webmvc-6.2.6.jar:6.2.6]
	at org.springframework.web.servlet.DispatcherServlet.doDispatch(DispatcherServlet.java:1106) ~[spring-webmvc-6.2.6.jar:6.2.6]
	at org.springframework.web.servlet.DispatcherServlet.doService(DispatcherServlet.java:979) ~[spring-webmvc-6.2.6.jar:6.2.6]
	at org.springframework.web.servlet.FrameworkServlet.processRequest(FrameworkServlet.java:1014) ~[spring-webmvc-6.2.6.jar:6.2.6]
	at org.springframework.web.servlet.FrameworkServlet.doGet(FrameworkServlet.java:903) ~[spring-webmvc-6.2.6.jar:6.2.6]
	at jakarta.servlet.http.HttpServlet.service(HttpServlet.java:564) ~[tomcat-embed-core-10.1.40.jar:6.0]
	at org.springframework.web.servlet.FrameworkServlet.service(FrameworkServlet.java:885) ~[spring-webmvc-6.2.6.jar:6.2.6]
	at jakarta.servlet.http.HttpServlet.service(HttpServlet.java:658) ~[tomcat-embed-core-10.1.40.jar:6.0]
	at org.apache.catalina.core.ApplicationFilterChain.internalDoFilter(ApplicationFilterChain.java:195) ~[tomcat-embed-core-10.1.40.jar:10.1.40]
	at org.apache.catalina.core.ApplicationFilterChain.doFilter(ApplicationFilterChain.java:140) ~[tomcat-embed-core-10.1.40.jar:10.1.40]
	at org.apache.tomcat.websocket.server.WsFilter.doFilter(WsFilter.java:51) ~[tomcat-embed-websocket-10.1.40.jar:10.1.40]
	at org.apache.catalina.core.ApplicationFilterChain.internalDoFilter(ApplicationFilterChain.java:164) ~[tomcat-embed-core-10.1.40.jar:10.1.40]
	at org.apache.catalina.core.ApplicationFilterChain.doFilter(ApplicationFilterChain.java:140) ~[tomcat-embed-core-10.1.40.jar:10.1.40]
	at org.springframework.web.filter.RequestContextFilter.doFilterInternal(RequestContextFilter.java:100) ~[spring-web-6.2.6.jar:6.2.6]
	at org.springframework.web.filter.OncePerRequestFilter.doFilter(OncePerRequestFilter.java:116) ~[spring-web-6.2.6.jar:6.2.6]
	at org.apache.catalina.core.ApplicationFilterChain.internalDoFilter(ApplicationFilterChain.java:164) ~[tomcat-embed-core-10.1.40.jar:10.1.40]
	at org.apache.catalina.core.ApplicationFilterChain.doFilter(ApplicationFilterChain.java:140) ~[tomcat-embed-core-10.1.40.jar:10.1.40]
	at org.springframework.web.filter.FormContentFilter.doFilterInternal(FormContentFilter.java:93) ~[spring-web-6.2.6.jar:6.2.6]
	at org.springframework.web.filter.OncePerRequestFilter.doFilter(OncePerRequestFilter.java:116) ~[spring-web-6.2.6.jar:6.2.6]
	at org.apache.catalina.core.ApplicationFilterChain.internalDoFilter(ApplicationFilterChain.java:164) ~[tomcat-embed-core-10.1.40.jar:10.1.40]
	at org.apache.catalina.core.ApplicationFilterChain.doFilter(ApplicationFilterChain.java:140) ~[tomcat-embed-core-10.1.40.jar:10.1.40]
	at org.springframework.web.filter.CharacterEncodingFilter.doFilterInternal(CharacterEncodingFilter.java:201) ~[spring-web-6.2.6.jar:6.2.6]
	at org.springframework.web.filter.OncePerRequestFilter.doFilter(OncePerRequestFilter.java:116) ~[spring-web-6.2.6.jar:6.2.6]
	at org.apache.catalina.core.ApplicationFilterChain.internalDoFilter(ApplicationFilterChain.java:164) ~[tomcat-embed-core-10.1.40.jar:10.1.40]
	at org.apache.catalina.core.ApplicationFilterChain.doFilter(ApplicationFilterChain.java:140) ~[tomcat-embed-core-10.1.40.jar:10.1.40]
	at org.apache.catalina.core.StandardWrapperValve.invoke(StandardWrapperValve.java:167) ~[tomcat-embed-core-10.1.40.jar:10.1.40]
	at org.apache.catalina.core.StandardContextValve.invoke(StandardContextValve.java:90) ~[tomcat-embed-core-10.1.40.jar:10.1.40]
	at org.apache.catalina.authenticator.AuthenticatorBase.invoke(AuthenticatorBase.java:483) ~[tomcat-embed-core-10.1.40.jar:10.1.40]
	at org.apache.catalina.core.StandardHostValve.invoke(StandardHostValve.java:116) ~[tomcat-embed-core-10.1.40.jar:10.1.40]
	at org.apache.catalina.valves.ErrorReportValve.invoke(ErrorReportValve.java:93) ~[tomcat-embed-core-10.1.40.jar:10.1.40]
	at org.apache.catalina.core.StandardEngineValve.invoke(StandardEngineValve.java:74) ~[tomcat-embed-core-10.1.40.jar:10.1.40]
	at org.apache.catalina.connector.CoyoteAdapter.service(CoyoteAdapter.java:344) ~[tomcat-embed-core-10.1.40.jar:10.1.40]
	at org.apache.coyote.http11.Http11Processor.service(Http11Processor.java:398) ~[tomcat-embed-core-10.1.40.jar:10.1.40]
	at org.apache.coyote.AbstractProcessorLight.process(AbstractProcessorLight.java:63) ~[tomcat-embed-core-10.1.40.jar:10.1.40]
	at org.apache.coyote.AbstractProtocol$ConnectionHandler.process(AbstractProtocol.java:903) ~[tomcat-embed-core-10.1.40.jar:10.1.40]
	at org.apache.tomcat.util.net.NioEndpoint$SocketProcessor.doRun(NioEndpoint.java:1740) ~[tomcat-embed-core-10.1.40.jar:10.1.40]
	at org.apache.tomcat.util.net.SocketProcessorBase.run(SocketProcessorBase.java:52) ~[tomcat-embed-core-10.1.40.jar:10.1.40]
	at org.apache.tomcat.util.threads.ThreadPoolExecutor.runWorker(ThreadPoolExecutor.java:1189) ~[tomcat-embed-core-10.1.40.jar:10.1.40]
	at org.apache.tomcat.util.threads.ThreadPoolExecutor$Worker.run(ThreadPoolExecutor.java:658) ~[tomcat-embed-core-10.1.40.jar:10.1.40]
	at org.apache.tomcat.util.threads.TaskThread$WrappingRunnable.run(TaskThread.java:63) ~[tomcat-embed-core-10.1.40.jar:10.1.40]
	at java.base/java.lang.Thread.run(Thread.java:1575) ~[na:na]
Caused by: org.attoparser.ParseException: Exception evaluating SpringEL expression: "iter.index < 2" (template: "profile" - line 45, col 58)
	at org.attoparser.MarkupParser.parseDocument(MarkupParser.java:393) ~[attoparser-2.0.7.RELEASE.jar:2.0.7.RELEASE]
	at org.attoparser.MarkupParser.parse(MarkupParser.java:257) ~[attoparser-2.0.7.RELEASE.jar:2.0.7.RELEASE]
	at org.thymeleaf.templateparser.markup.AbstractMarkupTemplateParser.parse(AbstractMarkupTemplateParser.java:230) ~[thymeleaf-3.1.3.RELEASE.jar:3.1.3.RELEASE]
	... 48 common frames omitted
Caused by: org.thymeleaf.exceptions.TemplateProcessingException: Exception evaluating SpringEL expression: "iter.index < 2" (template: "profile" - line 45, col 58)
	at org.thymeleaf.spring6.expression.SPELVariableExpressionEvaluator.evaluate(SPELVariableExpressionEvaluator.java:292) ~[thymeleaf-spring6-3.1.3.RELEASE.jar:3.1.3.RELEASE]
	at org.thymeleaf.standard.expression.VariableExpression.executeVariableExpression(VariableExpression.java:166) ~[thymeleaf-3.1.3.RELEASE.jar:3.1.3.RELEASE]
	at org.thymeleaf.standard.expression.SimpleExpression.executeSimple(SimpleExpression.java:66) ~[thymeleaf-3.1.3.RELEASE.jar:3.1.3.RELEASE]
	at org.thymeleaf.standard.expression.Expression.execute(Expression.java:109) ~[thymeleaf-3.1.3.RELEASE.jar:3.1.3.RELEASE]
	at org.thymeleaf.standard.expression.Expression.execute(Expression.java:138) ~[thymeleaf-3.1.3.RELEASE.jar:3.1.3.RELEASE]
	at org.thymeleaf.standard.expression.Expression.execute(Expression.java:125) ~[thymeleaf-3.1.3.RELEASE.jar:3.1.3.RELEASE]
	at org.thymeleaf.standard.processor.StandardIfTagProcessor.isVisible(StandardIfTagProcessor.java:59) ~[thymeleaf-3.1.3.RELEASE.jar:3.1.3.RELEASE]
	at org.thymeleaf.standard.processor.AbstractStandardConditionalVisibilityTagProcessor.doProcess(AbstractStandardConditionalVisibilityTagProcessor.java:61) ~[thymeleaf-3.1.3.RELEASE.jar:3.1.3.RELEASE]
	at org.thymeleaf.processor.element.AbstractAttributeTagProcessor.doProcess(AbstractAttributeTagProcessor.java:74) ~[thymeleaf-3.1.3.RELEASE.jar:3.1.3.RELEASE]
	at org.thymeleaf.processor.element.AbstractElementTagProcessor.process(AbstractElementTagProcessor.java:95) ~[thymeleaf-3.1.3.RELEASE.jar:3.1.3.RELEASE]
	at org.thymeleaf.util.ProcessorConfigurationUtils$ElementTagProcessorWrapper.process(ProcessorConfigurationUtils.java:633) ~[thymeleaf-3.1.3.RELEASE.jar:3.1.3.RELEASE]
	at org.thymeleaf.engine.ProcessorTemplateHandler.handleOpenElement(ProcessorTemplateHandler.java:1314) ~[thymeleaf-3.1.3.RELEASE.jar:3.1.3.RELEASE]
	at org.thymeleaf.engine.OpenElementTag.beHandled(OpenElementTag.java:205) ~[thymeleaf-3.1.3.RELEASE.jar:3.1.3.RELEASE]
	at org.thymeleaf.engine.Model.process(Model.java:282) ~[thymeleaf-3.1.3.RELEASE.jar:3.1.3.RELEASE]
	at org.thymeleaf.engine.Model.process(Model.java:290) ~[thymeleaf-3.1.3.RELEASE.jar:3.1.3.RELEASE]
	at org.thymeleaf.engine.IteratedGatheringModelProcessable.processIterationModel(IteratedGatheringModelProcessable.java:368) ~[thymeleaf-3.1.3.RELEASE.jar:3.1.3.RELEASE]
	at org.thymeleaf.engine.IteratedGatheringModelProcessable.process(IteratedGatheringModelProcessable.java:222) ~[thymeleaf-3.1.3.RELEASE.jar:3.1.3.RELEASE]
	at org.thymeleaf.engine.ProcessorTemplateHandler.handleCloseElement(ProcessorTemplateHandler.java:1640) ~[thymeleaf-3.1.3.RELEASE.jar:3.1.3.RELEASE]
	at org.thymeleaf.engine.CloseElementTag.beHandled(CloseElementTag.java:139) ~[thymeleaf-3.1.3.RELEASE.jar:3.1.3.RELEASE]
	at org.thymeleaf.engine.Model.process(Model.java:282) ~[thymeleaf-3.1.3.RELEASE.jar:3.1.3.RELEASE]
	at org.thymeleaf.engine.Model.process(Model.java:290) ~[thymeleaf-3.1.3.RELEASE.jar:3.1.3.RELEASE]
	at org.thymeleaf.engine.IteratedGatheringModelProcessable.processIterationModel(IteratedGatheringModelProcessable.java:368) ~[thymeleaf-3.1.3.RELEASE.jar:3.1.3.RELEASE]
	at org.thymeleaf.engine.IteratedGatheringModelProcessable.process(IteratedGatheringModelProcessable.java:222) ~[thymeleaf-3.1.3.RELEASE.jar:3.1.3.RELEASE]
	at org.thymeleaf.engine.ProcessorTemplateHandler.handleCloseElement(ProcessorTemplateHandler.java:1640) ~[thymeleaf-3.1.3.RELEASE.jar:3.1.3.RELEASE]
	at org.thymeleaf.engine.TemplateHandlerAdapterMarkupHandler.handleCloseElementEnd(TemplateHandlerAdapterMarkupHandler.java:388) ~[thymeleaf-3.1.3.RELEASE.jar:3.1.3.RELEASE]
	at org.thymeleaf.templateparser.markup.InlinedOutputExpressionMarkupHandler$InlineMarkupAdapterPreProcessorHandler.handleCloseElementEnd(InlinedOutputExpressionMarkupHandler.java:322) ~[thymeleaf-3.1.3.RELEASE.jar:3.1.3.RELEASE]
	at org.thymeleaf.standard.inline.OutputExpressionInlinePreProcessorHandler.handleCloseElementEnd(OutputExpressionInlinePreProcessorHandler.java:220) ~[thymeleaf-3.1.3.RELEASE.jar:3.1.3.RELEASE]
	at org.thymeleaf.templateparser.markup.InlinedOutputExpressionMarkupHandler.handleCloseElementEnd(InlinedOutputExpressionMarkupHandler.java:164) ~[thymeleaf-3.1.3.RELEASE.jar:3.1.3.RELEASE]
	at org.attoparser.HtmlElement.handleCloseElementEnd(HtmlElement.java:169) ~[attoparser-2.0.7.RELEASE.jar:2.0.7.RELEASE]
	at org.attoparser.HtmlMarkupHandler.handleCloseElementEnd(HtmlMarkupHandler.java:412) ~[attoparser-2.0.7.RELEASE.jar:2.0.7.RELEASE]
	at org.attoparser.MarkupEventProcessorHandler.handleCloseElementEnd(MarkupEventProcessorHandler.java:473) ~[attoparser-2.0.7.RELEASE.jar:2.0.7.RELEASE]
	at org.attoparser.ParsingElementMarkupUtil.parseCloseElement(ParsingElementMarkupUtil.java:201) ~[attoparser-2.0.7.RELEASE.jar:2.0.7.RELEASE]
	at org.attoparser.MarkupParser.parseBuffer(MarkupParser.java:725) ~[attoparser-2.0.7.RELEASE.jar:2.0.7.RELEASE]
	at org.attoparser.MarkupParser.parseDocument(MarkupParser.java:301) ~[attoparser-2.0.7.RELEASE.jar:2.0.7.RELEASE]
	... 50 common frames omitted
Caused by: org.springframework.expression.spel.SpelEvaluationException: EL1007E: Property or field 'index' cannot be found on null
	at org.springframework.expression.spel.ast.PropertyOrFieldReference.readProperty(PropertyOrFieldReference.java:225) ~[spring-expression-6.2.6.jar:6.2.6]
	at org.springframework.expression.spel.ast.PropertyOrFieldReference.getValueInternal(PropertyOrFieldReference.java:112) ~[spring-expression-6.2.6.jar:6.2.6]
	at org.springframework.expression.spel.ast.PropertyOrFieldReference$AccessorValueRef.getValue(PropertyOrFieldReference.java:376) ~[spring-expression-6.2.6.jar:6.2.6]
	at org.springframework.expression.spel.ast.CompoundExpression.getValueInternal(CompoundExpression.java:97) ~[spring-expression-6.2.6.jar:6.2.6]
	at org.springframework.expression.spel.ast.OpLT.getValueInternal(OpLT.java:47) ~[spring-expression-6.2.6.jar:6.2.6]
	at org.springframework.expression.spel.ast.OpLT.getValueInternal(OpLT.java:37) ~[spring-expression-6.2.6.jar:6.2.6]
	at org.springframework.expression.spel.ast.SpelNodeImpl.getValue(SpelNodeImpl.java:116) ~[spring-expression-6.2.6.jar:6.2.6]
	at org.springframework.expression.spel.standard.SpelExpression.getValue(SpelExpression.java:338) ~[spring-expression-6.2.6.jar:6.2.6]
	at org.thymeleaf.spring6.expression.SPELVariableExpressionEvaluator.evaluate(SPELVariableExpressionEvaluator.java:265) ~[thymeleaf-spring6-3.1.3.RELEASE.jar:3.1.3.RELEASE]
	... 83 common frames omitted

2025-05-13T00:34:54.929+07:00 ERROR 33624 --- [http-nio-8080-exec-4] o.a.c.c.C.[.[.[/].[dispatcherServlet]    : Servlet.service() for servlet [dispatcherServlet] in context with path [] threw exception [Request processing failed: org.thymeleaf.exceptions.TemplateInputException: An error happened during template parsing (template: "class path resource [templates/profile.html]")] with root cause

org.springframework.expression.spel.SpelEvaluationException: EL1007E: Property or field 'index' cannot be found on null
	at org.springframework.expression.spel.ast.PropertyOrFieldReference.readProperty(PropertyOrFieldReference.java:225) ~[spring-expression-6.2.6.jar:6.2.6]
	at org.springframework.expression.spel.ast.PropertyOrFieldReference.getValueInternal(PropertyOrFieldReference.java:112) ~[spring-expression-6.2.6.jar:6.2.6]
	at org.springframework.expression.spel.ast.PropertyOrFieldReference$AccessorValueRef.getValue(PropertyOrFieldReference.java:376) ~[spring-expression-6.2.6.jar:6.2.6]
	at org.springframework.expression.spel.ast.CompoundExpression.getValueInternal(CompoundExpression.java:97) ~[spring-expression-6.2.6.jar:6.2.6]
	at org.springframework.expression.spel.ast.OpLT.getValueInternal(OpLT.java:47) ~[spring-expression-6.2.6.jar:6.2.6]
	at org.springframework.expression.spel.ast.OpLT.getValueInternal(OpLT.java:37) ~[spring-expression-6.2.6.jar:6.2.6]
	at org.springframework.expression.spel.ast.SpelNodeImpl.getValue(SpelNodeImpl.java:116) ~[spring-expression-6.2.6.jar:6.2.6]
	at org.springframework.expression.spel.standard.SpelExpression.getValue(SpelExpression.java:338) ~[spring-expression-6.2.6.jar:6.2.6]
	at org.thymeleaf.spring6.expression.SPELVariableExpressionEvaluator.evaluate(SPELVariableExpressionEvaluator.java:265) ~[thymeleaf-spring6-3.1.3.RELEASE.jar:3.1.3.RELEASE]
	at org.thymeleaf.standard.expression.VariableExpression.executeVariableExpression(VariableExpression.java:166) ~[thymeleaf-3.1.3.RELEASE.jar:3.1.3.RELEASE]
	at org.thymeleaf.standard.expression.SimpleExpression.executeSimple(SimpleExpression.java:66) ~[thymeleaf-3.1.3.RELEASE.jar:3.1.3.RELEASE]
	at org.thymeleaf.standard.expression.Expression.execute(Expression.java:109) ~[thymeleaf-3.1.3.RELEASE.jar:3.1.3.RELEASE]
	at org.thymeleaf.standard.expression.Expression.execute(Expression.java:138) ~[thymeleaf-3.1.3.RELEASE.jar:3.1.3.RELEASE]
	at org.thymeleaf.standard.expression.Expression.execute(Expression.java:125) ~[thymeleaf-3.1.3.RELEASE.jar:3.1.3.RELEASE]
	at org.thymeleaf.standard.processor.StandardIfTagProcessor.isVisible(StandardIfTagProcessor.java:59) ~[thymeleaf-3.1.3.RELEASE.jar:3.1.3.RELEASE]
	at org.thymeleaf.standard.processor.AbstractStandardConditionalVisibilityTagProcessor.doProcess(AbstractStandardConditionalVisibilityTagProcessor.java:61) ~[thymeleaf-3.1.3.RELEASE.jar:3.1.3.RELEASE]
	at org.thymeleaf.processor.element.AbstractAttributeTagProcessor.doProcess(AbstractAttributeTagProcessor.java:74) ~[thymeleaf-3.1.3.RELEASE.jar:3.1.3.RELEASE]
	at org.thymeleaf.processor.element.AbstractElementTagProcessor.process(AbstractElementTagProcessor.java:95) ~[thymeleaf-3.1.3.RELEASE.jar:3.1.3.RELEASE]
	at org.thymeleaf.util.ProcessorConfigurationUtils$ElementTagProcessorWrapper.process(ProcessorConfigurationUtils.java:633) ~[thymeleaf-3.1.3.RELEASE.jar:3.1.3.RELEASE]
	at org.thymeleaf.engine.ProcessorTemplateHandler.handleOpenElement(ProcessorTemplateHandler.java:1314) ~[thymeleaf-3.1.3.RELEASE.jar:3.1.3.RELEASE]
	at org.thymeleaf.engine.OpenElementTag.beHandled(OpenElementTag.java:205) ~[thymeleaf-3.1.3.RELEASE.jar:3.1.3.RELEASE]
	at org.thymeleaf.engine.Model.process(Model.java:282) ~[thymeleaf-3.1.3.RELEASE.jar:3.1.3.RELEASE]
	at org.thymeleaf.engine.Model.process(Model.java:290) ~[thymeleaf-3.1.3.RELEASE.jar:3.1.3.RELEASE]
	at org.thymeleaf.engine.IteratedGatheringModelProcessable.processIterationModel(IteratedGatheringModelProcessable.java:368) ~[thymeleaf-3.1.3.RELEASE.jar:3.1.3.RELEASE]
	at org.thymeleaf.engine.IteratedGatheringModelProcessable.process(IteratedGatheringModelProcessable.java:222) ~[thymeleaf-3.1.3.RELEASE.jar:3.1.3.RELEASE]
	at org.thymeleaf.engine.ProcessorTemplateHandler.handleCloseElement(ProcessorTemplateHandler.java:1640) ~[thymeleaf-3.1.3.RELEASE.jar:3.1.3.RELEASE]
	at org.thymeleaf.engine.CloseElementTag.beHandled(CloseElementTag.java:139) ~[thymeleaf-3.1.3.RELEASE.jar:3.1.3.RELEASE]
	at org.thymeleaf.engine.Model.process(Model.java:282) ~[thymeleaf-3.1.3.RELEASE.jar:3.1.3.RELEASE]
	at org.thymeleaf.engine.Model.process(Model.java:290) ~[thymeleaf-3.1.3.RELEASE.jar:3.1.3.RELEASE]
	at org.thymeleaf.engine.IteratedGatheringModelProcessable.processIterationModel(IteratedGatheringModelProcessable.java:368) ~[thymeleaf-3.1.3.RELEASE.jar:3.1.3.RELEASE]
	at org.thymeleaf.engine.IteratedGatheringModelProcessable.process(IteratedGatheringModelProcessable.java:222) ~[thymeleaf-3.1.3.RELEASE.jar:3.1.3.RELEASE]
	at org.thymeleaf.engine.ProcessorTemplateHandler.handleCloseElement(ProcessorTemplateHandler.java:1640) ~[thymeleaf-3.1.3.RELEASE.jar:3.1.3.RELEASE]
	at org.thymeleaf.engine.TemplateHandlerAdapterMarkupHandler.handleCloseElementEnd(TemplateHandlerAdapterMarkupHandler.java:388) ~[thymeleaf-3.1.3.RELEASE.jar:3.1.3.RELEASE]
	at org.thymeleaf.templateparser.markup.InlinedOutputExpressionMarkupHandler$InlineMarkupAdapterPreProcessorHandler.handleCloseElementEnd(InlinedOutputExpressionMarkupHandler.java:322) ~[thymeleaf-3.1.3.RELEASE.jar:3.1.3.RELEASE]
	at org.thymeleaf.standard.inline.OutputExpressionInlinePreProcessorHandler.handleCloseElementEnd(OutputExpressionInlinePreProcessorHandler.java:220) ~[thymeleaf-3.1.3.RELEASE.jar:3.1.3.RELEASE]
	at org.thymeleaf.templateparser.markup.InlinedOutputExpressionMarkupHandler.handleCloseElementEnd(InlinedOutputExpressionMarkupHandler.java:164) ~[thymeleaf-3.1.3.RELEASE.jar:3.1.3.RELEASE]
	at org.attoparser.HtmlElement.handleCloseElementEnd(HtmlElement.java:169) ~[attoparser-2.0.7.RELEASE.jar:2.0.7.RELEASE]
	at org.attoparser.HtmlMarkupHandler.handleCloseElementEnd(HtmlMarkupHandler.java:412) ~[attoparser-2.0.7.RELEASE.jar:2.0.7.RELEASE]
	at org.attoparser.MarkupEventProcessorHandler.handleCloseElementEnd(MarkupEventProcessorHandler.java:473) ~[attoparser-2.0.7.RELEASE.jar:2.0.7.RELEASE]
	at org.attoparser.ParsingElementMarkupUtil.parseCloseElement(ParsingElementMarkupUtil.java:201) ~[attoparser-2.0.7.RELEASE.jar:2.0.7.RELEASE]
	at org.attoparser.MarkupParser.parseBuffer(MarkupParser.java:725) ~[attoparser-2.0.7.RELEASE.jar:2.0.7.RELEASE]
	at org.attoparser.MarkupParser.parseDocument(MarkupParser.java:301) ~[attoparser-2.0.7.RELEASE.jar:2.0.7.RELEASE]
	at org.attoparser.MarkupParser.parse(MarkupParser.java:257) ~[attoparser-2.0.7.RELEASE.jar:2.0.7.RELEASE]
	at org.thymeleaf.templateparser.markup.AbstractMarkupTemplateParser.parse(AbstractMarkupTemplateParser.java:230) ~[thymeleaf-3.1.3.RELEASE.jar:3.1.3.RELEASE]
	at org.thymeleaf.templateparser.markup.AbstractMarkupTemplateParser.parseStandalone(AbstractMarkupTemplateParser.java:100) ~[thymeleaf-3.1.3.RELEASE.jar:3.1.3.RELEASE]
	at org.thymeleaf.engine.TemplateManager.parseAndProcess(TemplateManager.java:666) ~[thymeleaf-3.1.3.RELEASE.jar:3.1.3.RELEASE]
	at org.thymeleaf.TemplateEngine.process(TemplateEngine.java:1103) ~[thymeleaf-3.1.3.RELEASE.jar:3.1.3.RELEASE]
	at org.thymeleaf.TemplateEngine.process(TemplateEngine.java:1077) ~[thymeleaf-3.1.3.RELEASE.jar:3.1.3.RELEASE]
	at org.thymeleaf.spring6.view.ThymeleafView.renderFragment(ThymeleafView.java:372) ~[thymeleaf-spring6-3.1.3.RELEASE.jar:3.1.3.RELEASE]
	at org.thymeleaf.spring6.view.ThymeleafView.render(ThymeleafView.java:192) ~[thymeleaf-spring6-3.1.3.RELEASE.jar:3.1.3.RELEASE]
	at org.springframework.web.servlet.DispatcherServlet.render(DispatcherServlet.java:1437) ~[spring-webmvc-6.2.6.jar:6.2.6]
	at org.springframework.web.servlet.DispatcherServlet.processDispatchResult(DispatcherServlet.java:1168) ~[spring-webmvc-6.2.6.jar:6.2.6]
	at org.springframework.web.servlet.DispatcherServlet.doDispatch(DispatcherServlet.java:1106) ~[spring-webmvc-6.2.6.jar:6.2.6]
	at org.springframework.web.servlet.DispatcherServlet.doService(DispatcherServlet.java:979) ~[spring-webmvc-6.2.6.jar:6.2.6]
	at org.springframework.web.servlet.FrameworkServlet.processRequest(FrameworkServlet.java:1014) ~[spring-webmvc-6.2.6.jar:6.2.6]
	at org.springframework.web.servlet.FrameworkServlet.doGet(FrameworkServlet.java:903) ~[spring-webmvc-6.2.6.jar:6.2.6]
	at jakarta.servlet.http.HttpServlet.service(HttpServlet.java:564) ~[tomcat-embed-core-10.1.40.jar:6.0]
	at org.springframework.web.servlet.FrameworkServlet.service(FrameworkServlet.java:885) ~[spring-webmvc-6.2.6.jar:6.2.6]
	at jakarta.servlet.http.HttpServlet.service(HttpServlet.java:658) ~[tomcat-embed-core-10.1.40.jar:6.0]
	at org.apache.catalina.core.ApplicationFilterChain.internalDoFilter(ApplicationFilterChain.java:195) ~[tomcat-embed-core-10.1.40.jar:10.1.40]
	at org.apache.catalina.core.ApplicationFilterChain.doFilter(ApplicationFilterChain.java:140) ~[tomcat-embed-core-10.1.40.jar:10.1.40]
	at org.apache.tomcat.websocket.server.WsFilter.doFilter(WsFilter.java:51) ~[tomcat-embed-websocket-10.1.40.jar:10.1.40]
	at org.apache.catalina.core.ApplicationFilterChain.internalDoFilter(ApplicationFilterChain.java:164) ~[tomcat-embed-core-10.1.40.jar:10.1.40]
	at org.apache.catalina.core.ApplicationFilterChain.doFilter(ApplicationFilterChain.java:140) ~[tomcat-embed-core-10.1.40.jar:10.1.40]
	at org.springframework.web.filter.RequestContextFilter.doFilterInternal(RequestContextFilter.java:100) ~[spring-web-6.2.6.jar:6.2.6]
	at org.springframework.web.filter.OncePerRequestFilter.doFilter(OncePerRequestFilter.java:116) ~[spring-web-6.2.6.jar:6.2.6]
	at org.apache.catalina.core.ApplicationFilterChain.internalDoFilter(ApplicationFilterChain.java:164) ~[tomcat-embed-core-10.1.40.jar:10.1.40]
	at org.apache.catalina.core.ApplicationFilterChain.doFilter(ApplicationFilterChain.java:140) ~[tomcat-embed-core-10.1.40.jar:10.1.40]
	at org.springframework.web.filter.FormContentFilter.doFilterInternal(FormContentFilter.java:93) ~[spring-web-6.2.6.jar:6.2.6]
	at org.springframework.web.filter.OncePerRequestFilter.doFilter(OncePerRequestFilter.java:116) ~[spring-web-6.2.6.jar:6.2.6]
	at org.apache.catalina.core.ApplicationFilterChain.internalDoFilter(ApplicationFilterChain.java:164) ~[tomcat-embed-core-10.1.40.jar:10.1.40]
	at org.apache.catalina.core.ApplicationFilterChain.doFilter(ApplicationFilterChain.java:140) ~[tomcat-embed-core-10.1.40.jar:10.1.40]
	at org.springframework.web.filter.CharacterEncodingFilter.doFilterInternal(CharacterEncodingFilter.java:201) ~[spring-web-6.2.6.jar:6.2.6]
	at org.springframework.web.filter.OncePerRequestFilter.doFilter(OncePerRequestFilter.java:116) ~[spring-web-6.2.6.jar:6.2.6]
	at org.apache.catalina.core.ApplicationFilterChain.internalDoFilter(ApplicationFilterChain.java:164) ~[tomcat-embed-core-10.1.40.jar:10.1.40]
	at org.apache.catalina.core.ApplicationFilterChain.doFilter(ApplicationFilterChain.java:140) ~[tomcat-embed-core-10.1.40.jar:10.1.40]
	at org.apache.catalina.core.StandardWrapperValve.invoke(StandardWrapperValve.java:167) ~[tomcat-embed-core-10.1.40.jar:10.1.40]
	at org.apache.catalina.core.StandardContextValve.invoke(StandardContextValve.java:90) ~[tomcat-embed-core-10.1.40.jar:10.1.40]
	at org.apache.catalina.authenticator.AuthenticatorBase.invoke(AuthenticatorBase.java:483) ~[tomcat-embed-core-10.1.40.jar:10.1.40]
	at org.apache.catalina.core.StandardHostValve.invoke(StandardHostValve.java:116) ~[tomcat-embed-core-10.1.40.jar:10.1.40]
	at org.apache.catalina.valves.ErrorReportValve.invoke(ErrorReportValve.java:93) ~[tomcat-embed-core-10.1.40.jar:10.1.40]
	at org.apache.catalina.core.StandardEngineValve.invoke(StandardEngineValve.java:74) ~[tomcat-embed-core-10.1.40.jar:10.1.40]
	at org.apache.catalina.connector.CoyoteAdapter.service(CoyoteAdapter.java:344) ~[tomcat-embed-core-10.1.40.jar:10.1.40]
	at org.apache.coyote.http11.Http11Processor.service(Http11Processor.java:398) ~[tomcat-embed-core-10.1.40.jar:10.1.40]
	at org.apache.coyote.AbstractProcessorLight.process(AbstractProcessorLight.java:63) ~[tomcat-embed-core-10.1.40.jar:10.1.40]
	at org.apache.coyote.AbstractProtocol$ConnectionHandler.process(AbstractProtocol.java:903) ~[tomcat-embed-core-10.1.40.jar:10.1.40]
	at org.apache.tomcat.util.net.NioEndpoint$SocketProcessor.doRun(NioEndpoint.java:1740) ~[tomcat-embed-core-10.1.40.jar:10.1.40]
	at org.apache.tomcat.util.net.SocketProcessorBase.run(SocketProcessorBase.java:52) ~[tomcat-embed-core-10.1.40.jar:10.1.40]
	at org.apache.tomcat.util.threads.ThreadPoolExecutor.runWorker(ThreadPoolExecutor.java:1189) ~[tomcat-embed-core-10.1.40.jar:10.1.40]
	at org.apache.tomcat.util.threads.ThreadPoolExecutor$Worker.run(ThreadPoolExecutor.java:658) ~[tomcat-embed-core-10.1.40.jar:10.1.40]
	at org.apache.tomcat.util.threads.TaskThread$WrappingRunnable.run(TaskThread.java:63) ~[tomcat-embed-core-10.1.40.jar:10.1.40]
	at java.base/java.lang.Thread.run(Thread.java:1575) ~[na:na]

2025-05-13T00:36:04.369+07:00 DEBUG 33624 --- [http-nio-8080-exec-9] org.hibernate.SQL                        : 
    select
        u1_0.id,
        u1_0.avatar_url,
        u1_0.date_of_birth,
        u1_0.full_name,
        u1_0.username 
    from
        users u1_0 
    where
        u1_0.username=?
2025-05-13T00:36:04.372+07:00 DEBUG 33624 --- [http-nio-8080-exec-9] org.hibernate.SQL                        : 
    select
        count(f1_0.id) 
    from
        follows f1_0 
    where
        f1_0.following_id=?
2025-05-13T00:36:04.374+07:00 DEBUG 33624 --- [http-nio-8080-exec-9] org.hibernate.SQL                        : 
    select
        count(f1_0.id) 
    from
        follows f1_0 
    where
        f1_0.follower_id=?
2025-05-13T00:36:04.377+07:00 DEBUG 33624 --- [http-nio-8080-exec-9] org.hibernate.SQL                        : 
    select
        r1_0.id,
        r1_0.user_id,
        r1_0.description,
        r1_0.image_url,
        r1_0.title 
    from
        recipes r1_0 
    where
        r1_0.user_id=?
2025-05-13T00:36:04.380+07:00 DEBUG 33624 --- [http-nio-8080-exec-9] org.hibernate.SQL                        : 
    select
        avg(r1_0.score) 
    from
        ratings r1_0 
    join
        recipes r2_0 
            on r2_0.id=r1_0.recipe_id 
    where
        r2_0.user_id=?
2025-05-13T00:36:04.383+07:00 DEBUG 33624 --- [http-nio-8080-exec-9] org.hibernate.SQL                        : 
    select
        u1_0.id,
        u1_0.avatar_url,
        u1_0.date_of_birth,
        u1_0.full_name,
        u1_0.username 
    from
        users u1_0 
    where
        u1_0.username=?
2025-05-13T00:36:04.386+07:00 DEBUG 33624 --- [http-nio-8080-exec-9] org.hibernate.SQL                        : 
    select
        r1_0.id,
        r1_0.user_id,
        r1_0.description,
        r1_0.image_url,
        r1_0.title 
    from
        recipes r1_0 
    where
        r1_0.user_id=?
2025-05-13T00:36:04.389+07:00 DEBUG 33624 --- [http-nio-8080-exec-9] org.hibernate.SQL                        : 
    select
        r1_0.recipe_id,
        r1_0.id,
        r1_0.rated_at,
        r1_0.score,
        u1_0.id,
        u1_0.avatar_url,
        u1_0.date_of_birth,
        u1_0.full_name,
        u1_0.username 
    from
        ratings r1_0 
    left join
        users u1_0 
            on u1_0.id=r1_0.user_id 
    where
        r1_0.recipe_id=?
2025-05-13T00:36:04.391+07:00 DEBUG 33624 --- [http-nio-8080-exec-9] org.hibernate.SQL                        : 
    select
        l1_0.recipe_id,
        l1_0.id,
        l1_0.liked_at,
        u1_0.id,
        u1_0.avatar_url,
        u1_0.date_of_birth,
        u1_0.full_name,
        u1_0.username 
    from
        likes l1_0 
    left join
        users u1_0 
            on u1_0.id=l1_0.user_id 
    where
        l1_0.recipe_id=?
2025-05-13T00:36:04.396+07:00 DEBUG 33624 --- [http-nio-8080-exec-9] org.hibernate.SQL                        : 
    select
        c1_0.id,
        c1_0.content,
        c1_0.created_at,
        c1_0.recipe_id,
        c1_0.user_id 
    from
        comments c1_0 
    where
        c1_0.recipe_id=?
2025-05-13T00:36:04.399+07:00 DEBUG 33624 --- [http-nio-8080-exec-9] org.hibernate.SQL                        : 
    select
        r1_0.recipe_id,
        r1_0.id,
        r1_0.rated_at,
        r1_0.score,
        u1_0.id,
        u1_0.avatar_url,
        u1_0.date_of_birth,
        u1_0.full_name,
        u1_0.username 
    from
        ratings r1_0 
    left join
        users u1_0 
            on u1_0.id=r1_0.user_id 
    where
        r1_0.recipe_id=?
2025-05-13T00:36:04.401+07:00 DEBUG 33624 --- [http-nio-8080-exec-9] org.hibernate.SQL                        : 
    select
        l1_0.recipe_id,
        l1_0.id,
        l1_0.liked_at,
        u1_0.id,
        u1_0.avatar_url,
        u1_0.date_of_birth,
        u1_0.full_name,
        u1_0.username 
    from
        likes l1_0 
    left join
        users u1_0 
            on u1_0.id=l1_0.user_id 
    where
        l1_0.recipe_id=?
2025-05-13T00:36:04.404+07:00 DEBUG 33624 --- [http-nio-8080-exec-9] org.hibernate.SQL                        : 
    select
        c1_0.id,
        c1_0.content,
        c1_0.created_at,
        c1_0.recipe_id,
        c1_0.user_id 
    from
        comments c1_0 
    where
        c1_0.recipe_id=?
2025-05-13T00:36:51.180+07:00 DEBUG 33624 --- [http-nio-8080-exec-6] org.hibernate.SQL                        : 
    select
        u1_0.id,
        u1_0.avatar_url,
        u1_0.date_of_birth,
        u1_0.full_name,
        u1_0.username 
    from
        users u1_0 
    where
        u1_0.username=?
2025-05-13T00:36:51.184+07:00 DEBUG 33624 --- [http-nio-8080-exec-6] org.hibernate.SQL                        : 
    select
        count(f1_0.id) 
    from
        follows f1_0 
    where
        f1_0.following_id=?
2025-05-13T00:36:51.185+07:00 DEBUG 33624 --- [http-nio-8080-exec-6] org.hibernate.SQL                        : 
    select
        count(f1_0.id) 
    from
        follows f1_0 
    where
        f1_0.follower_id=?
2025-05-13T00:36:51.188+07:00 DEBUG 33624 --- [http-nio-8080-exec-6] org.hibernate.SQL                        : 
    select
        r1_0.id,
        r1_0.user_id,
        r1_0.description,
        r1_0.image_url,
        r1_0.title 
    from
        recipes r1_0 
    where
        r1_0.user_id=?
2025-05-13T00:36:51.191+07:00 DEBUG 33624 --- [http-nio-8080-exec-6] org.hibernate.SQL                        : 
    select
        avg(r1_0.score) 
    from
        ratings r1_0 
    join
        recipes r2_0 
            on r2_0.id=r1_0.recipe_id 
    where
        r2_0.user_id=?
2025-05-13T00:36:51.193+07:00 DEBUG 33624 --- [http-nio-8080-exec-6] org.hibernate.SQL                        : 
    select
        u1_0.id,
        u1_0.avatar_url,
        u1_0.date_of_birth,
        u1_0.full_name,
        u1_0.username 
    from
        users u1_0 
    where
        u1_0.username=?
2025-05-13T00:36:51.196+07:00 DEBUG 33624 --- [http-nio-8080-exec-6] org.hibernate.SQL                        : 
    select
        r1_0.id,
        r1_0.user_id,
        r1_0.description,
        r1_0.image_url,
        r1_0.title 
    from
        recipes r1_0 
    where
        r1_0.user_id=?
2025-05-13T00:36:51.198+07:00 DEBUG 33624 --- [http-nio-8080-exec-6] org.hibernate.SQL                        : 
    select
        r1_0.recipe_id,
        r1_0.id,
        r1_0.rated_at,
        r1_0.score,
        u1_0.id,
        u1_0.avatar_url,
        u1_0.date_of_birth,
        u1_0.full_name,
        u1_0.username 
    from
        ratings r1_0 
    left join
        users u1_0 
            on u1_0.id=r1_0.user_id 
    where
        r1_0.recipe_id=?
2025-05-13T00:36:51.200+07:00 DEBUG 33624 --- [http-nio-8080-exec-6] org.hibernate.SQL                        : 
    select
        l1_0.recipe_id,
        l1_0.id,
        l1_0.liked_at,
        u1_0.id,
        u1_0.avatar_url,
        u1_0.date_of_birth,
        u1_0.full_name,
        u1_0.username 
    from
        likes l1_0 
    left join
        users u1_0 
            on u1_0.id=l1_0.user_id 
    where
        l1_0.recipe_id=?
2025-05-13T00:36:51.204+07:00 DEBUG 33624 --- [http-nio-8080-exec-6] org.hibernate.SQL                        : 
    select
        c1_0.id,
        c1_0.content,
        c1_0.created_at,
        c1_0.recipe_id,
        c1_0.user_id 
    from
        comments c1_0 
    where
        c1_0.recipe_id=?
2025-05-13T00:36:51.207+07:00 DEBUG 33624 --- [http-nio-8080-exec-6] org.hibernate.SQL                        : 
    select
        r1_0.recipe_id,
        r1_0.id,
        r1_0.rated_at,
        r1_0.score,
        u1_0.id,
        u1_0.avatar_url,
        u1_0.date_of_birth,
        u1_0.full_name,
        u1_0.username 
    from
        ratings r1_0 
    left join
        users u1_0 
            on u1_0.id=r1_0.user_id 
    where
        r1_0.recipe_id=?
2025-05-13T00:36:51.216+07:00 DEBUG 33624 --- [http-nio-8080-exec-6] org.hibernate.SQL                        : 
    select
        l1_0.recipe_id,
        l1_0.id,
        l1_0.liked_at,
        u1_0.id,
        u1_0.avatar_url,
        u1_0.date_of_birth,
        u1_0.full_name,
        u1_0.username 
    from
        likes l1_0 
    left join
        users u1_0 
            on u1_0.id=l1_0.user_id 
    where
        l1_0.recipe_id=?
2025-05-13T00:36:51.222+07:00 DEBUG 33624 --- [http-nio-8080-exec-6] org.hibernate.SQL                        : 
    select
        c1_0.id,
        c1_0.content,
        c1_0.created_at,
        c1_0.recipe_id,
        c1_0.user_id 
    from
        comments c1_0 
    where
        c1_0.recipe_id=?
2025-05-13T00:37:46.364+07:00 DEBUG 33624 --- [http-nio-8080-exec-4] org.hibernate.SQL                        : 
    select
        u1_0.id,
        u1_0.avatar_url,
        u1_0.date_of_birth,
        u1_0.full_name,
        u1_0.username 
    from
        users u1_0 
    where
        u1_0.username=?
2025-05-13T00:37:46.367+07:00 DEBUG 33624 --- [http-nio-8080-exec-4] org.hibernate.SQL                        : 
    select
        count(f1_0.id) 
    from
        follows f1_0 
    where
        f1_0.following_id=?
2025-05-13T00:37:46.369+07:00 DEBUG 33624 --- [http-nio-8080-exec-4] org.hibernate.SQL                        : 
    select
        count(f1_0.id) 
    from
        follows f1_0 
    where
        f1_0.follower_id=?
2025-05-13T00:37:46.370+07:00 DEBUG 33624 --- [http-nio-8080-exec-4] org.hibernate.SQL                        : 
    select
        r1_0.id,
        r1_0.user_id,
        r1_0.description,
        r1_0.image_url,
        r1_0.title 
    from
        recipes r1_0 
    where
        r1_0.user_id=?
2025-05-13T00:37:46.374+07:00 DEBUG 33624 --- [http-nio-8080-exec-4] org.hibernate.SQL                        : 
    select
        avg(r1_0.score) 
    from
        ratings r1_0 
    join
        recipes r2_0 
            on r2_0.id=r1_0.recipe_id 
    where
        r2_0.user_id=?
2025-05-13T00:37:46.380+07:00 DEBUG 33624 --- [http-nio-8080-exec-4] org.hibernate.SQL                        : 
    select
        u1_0.id,
        u1_0.avatar_url,
        u1_0.date_of_birth,
        u1_0.full_name,
        u1_0.username 
    from
        users u1_0 
    where
        u1_0.username=?
2025-05-13T00:37:46.385+07:00 DEBUG 33624 --- [http-nio-8080-exec-4] org.hibernate.SQL                        : 
    select
        r1_0.id,
        r1_0.user_id,
        r1_0.description,
        r1_0.image_url,
        r1_0.title 
    from
        recipes r1_0 
    where
        r1_0.user_id=?
2025-05-13T00:37:46.387+07:00 DEBUG 33624 --- [http-nio-8080-exec-4] org.hibernate.SQL                        : 
    select
        r1_0.recipe_id,
        r1_0.id,
        r1_0.rated_at,
        r1_0.score,
        u1_0.id,
        u1_0.avatar_url,
        u1_0.date_of_birth,
        u1_0.full_name,
        u1_0.username 
    from
        ratings r1_0 
    left join
        users u1_0 
            on u1_0.id=r1_0.user_id 
    where
        r1_0.recipe_id=?
2025-05-13T00:37:46.388+07:00 DEBUG 33624 --- [http-nio-8080-exec-4] org.hibernate.SQL                        : 
    select
        l1_0.recipe_id,
        l1_0.id,
        l1_0.liked_at,
        u1_0.id,
        u1_0.avatar_url,
        u1_0.date_of_birth,
        u1_0.full_name,
        u1_0.username 
    from
        likes l1_0 
    left join
        users u1_0 
            on u1_0.id=l1_0.user_id 
    where
        l1_0.recipe_id=?
2025-05-13T00:37:46.393+07:00 DEBUG 33624 --- [http-nio-8080-exec-4] org.hibernate.SQL                        : 
    select
        c1_0.id,
        c1_0.content,
        c1_0.created_at,
        c1_0.recipe_id,
        c1_0.user_id 
    from
        comments c1_0 
    where
        c1_0.recipe_id=?
2025-05-13T00:37:46.395+07:00 DEBUG 33624 --- [http-nio-8080-exec-4] org.hibernate.SQL                        : 
    select
        r1_0.recipe_id,
        r1_0.id,
        r1_0.rated_at,
        r1_0.score,
        u1_0.id,
        u1_0.avatar_url,
        u1_0.date_of_birth,
        u1_0.full_name,
        u1_0.username 
    from
        ratings r1_0 
    left join
        users u1_0 
            on u1_0.id=r1_0.user_id 
    where
        r1_0.recipe_id=?
2025-05-13T00:37:46.398+07:00 DEBUG 33624 --- [http-nio-8080-exec-4] org.hibernate.SQL                        : 
    select
        l1_0.recipe_id,
        l1_0.id,
        l1_0.liked_at,
        u1_0.id,
        u1_0.avatar_url,
        u1_0.date_of_birth,
        u1_0.full_name,
        u1_0.username 
    from
        likes l1_0 
    left join
        users u1_0 
            on u1_0.id=l1_0.user_id 
    where
        l1_0.recipe_id=?
2025-05-13T00:37:46.400+07:00 DEBUG 33624 --- [http-nio-8080-exec-4] org.hibernate.SQL                        : 
    select
        c1_0.id,
        c1_0.content,
        c1_0.created_at,
        c1_0.recipe_id,
        c1_0.user_id 
    from
        comments c1_0 
    where
        c1_0.recipe_id=?
2025-05-13T00:40:48.250+07:00 DEBUG 33624 --- [http-nio-8080-exec-6] org.hibernate.SQL                        : 
    select
        u1_0.id,
        u1_0.avatar_url,
        u1_0.date_of_birth,
        u1_0.full_name,
        u1_0.username 
    from
        users u1_0 
    where
        u1_0.username=?
2025-05-13T00:40:48.253+07:00 DEBUG 33624 --- [http-nio-8080-exec-6] org.hibernate.SQL                        : 
    select
        count(f1_0.id) 
    from
        follows f1_0 
    where
        f1_0.following_id=?
2025-05-13T00:40:48.255+07:00 DEBUG 33624 --- [http-nio-8080-exec-6] org.hibernate.SQL                        : 
    select
        count(f1_0.id) 
    from
        follows f1_0 
    where
        f1_0.follower_id=?
2025-05-13T00:40:48.257+07:00 DEBUG 33624 --- [http-nio-8080-exec-6] org.hibernate.SQL                        : 
    select
        r1_0.id,
        r1_0.user_id,
        r1_0.description,
        r1_0.image_url,
        r1_0.title 
    from
        recipes r1_0 
    where
        r1_0.user_id=?
2025-05-13T00:40:48.258+07:00 DEBUG 33624 --- [http-nio-8080-exec-6] org.hibernate.SQL                        : 
    select
        avg(r1_0.score) 
    from
        ratings r1_0 
    join
        recipes r2_0 
            on r2_0.id=r1_0.recipe_id 
    where
        r2_0.user_id=?
2025-05-13T00:40:48.261+07:00 DEBUG 33624 --- [http-nio-8080-exec-6] org.hibernate.SQL                        : 
    select
        u1_0.id,
        u1_0.avatar_url,
        u1_0.date_of_birth,
        u1_0.full_name,
        u1_0.username 
    from
        users u1_0 
    where
        u1_0.username=?
2025-05-13T00:40:48.265+07:00 DEBUG 33624 --- [http-nio-8080-exec-6] org.hibernate.SQL                        : 
    select
        r1_0.id,
        r1_0.user_id,
        r1_0.description,
        r1_0.image_url,
        r1_0.title 
    from
        recipes r1_0 
    where
        r1_0.user_id=?
2025-05-13T00:40:48.267+07:00 DEBUG 33624 --- [http-nio-8080-exec-6] org.hibernate.SQL                        : 
    select
        r1_0.recipe_id,
        r1_0.id,
        r1_0.rated_at,
        r1_0.score,
        u1_0.id,
        u1_0.avatar_url,
        u1_0.date_of_birth,
        u1_0.full_name,
        u1_0.username 
    from
        ratings r1_0 
    left join
        users u1_0 
            on u1_0.id=r1_0.user_id 
    where
        r1_0.recipe_id=?
2025-05-13T00:40:48.268+07:00 DEBUG 33624 --- [http-nio-8080-exec-6] org.hibernate.SQL                        : 
    select
        l1_0.recipe_id,
        l1_0.id,
        l1_0.liked_at,
        u1_0.id,
        u1_0.avatar_url,
        u1_0.date_of_birth,
        u1_0.full_name,
        u1_0.username 
    from
        likes l1_0 
    left join
        users u1_0 
            on u1_0.id=l1_0.user_id 
    where
        l1_0.recipe_id=?
2025-05-13T00:40:48.272+07:00 DEBUG 33624 --- [http-nio-8080-exec-6] org.hibernate.SQL                        : 
    select
        c1_0.id,
        c1_0.content,
        c1_0.created_at,
        c1_0.recipe_id,
        c1_0.user_id 
    from
        comments c1_0 
    where
        c1_0.recipe_id=?
2025-05-13T00:40:48.274+07:00 DEBUG 33624 --- [http-nio-8080-exec-6] org.hibernate.SQL                        : 
    select
        r1_0.recipe_id,
        r1_0.id,
        r1_0.rated_at,
        r1_0.score,
        u1_0.id,
        u1_0.avatar_url,
        u1_0.date_of_birth,
        u1_0.full_name,
        u1_0.username 
    from
        ratings r1_0 
    left join
        users u1_0 
            on u1_0.id=r1_0.user_id 
    where
        r1_0.recipe_id=?
2025-05-13T00:40:48.275+07:00 DEBUG 33624 --- [http-nio-8080-exec-6] org.hibernate.SQL                        : 
    select
        l1_0.recipe_id,
        l1_0.id,
        l1_0.liked_at,
        u1_0.id,
        u1_0.avatar_url,
        u1_0.date_of_birth,
        u1_0.full_name,
        u1_0.username 
    from
        likes l1_0 
    left join
        users u1_0 
            on u1_0.id=l1_0.user_id 
    where
        l1_0.recipe_id=?
2025-05-13T00:40:48.279+07:00 DEBUG 33624 --- [http-nio-8080-exec-6] org.hibernate.SQL                        : 
    select
        c1_0.id,
        c1_0.content,
        c1_0.created_at,
        c1_0.recipe_id,
        c1_0.user_id 
    from
        comments c1_0 
    where
        c1_0.recipe_id=?
2025-05-13T00:44:55.429+07:00  INFO 33624 --- [SpringApplicationShutdownHook] o.s.b.w.e.tomcat.GracefulShutdown        : Commencing graceful shutdown. Waiting for active requests to complete
2025-05-13T00:44:55.438+07:00  INFO 33624 --- [tomcat-shutdown] o.s.b.w.e.tomcat.GracefulShutdown        : Graceful shutdown complete
2025-05-13T00:44:55.443+07:00  INFO 33624 --- [SpringApplicationShutdownHook] j.LocalContainerEntityManagerFactoryBean : Closing JPA EntityManagerFactory for persistence unit 'default'
2025-05-13T00:44:55.446+07:00  INFO 33624 --- [SpringApplicationShutdownHook] com.zaxxer.hikari.HikariDataSource       : HikariPool-1 - Shutdown initiated...
2025-05-13T00:44:55.458+07:00  INFO 33624 --- [SpringApplicationShutdownHook] com.zaxxer.hikari.HikariDataSource       : HikariPool-1 - Shutdown completed.
2025-05-13T00:44:57.760+07:00  INFO 31184 --- [restartedMain] c.r.backend.BackendApplication           : Starting BackendApplication using Java 23 with PID 31184 (C:\RecipeSharingWebsite\backend\target\classes started by haiye in C:\RecipeSharingWebsite\backend)
2025-05-13T00:44:57.762+07:00  INFO 31184 --- [restartedMain] c.r.backend.BackendApplication           : No active profile set, falling back to 1 default profile: "default"
2025-05-13T00:44:57.836+07:00  INFO 31184 --- [restartedMain] .e.DevToolsPropertyDefaultsPostProcessor : Devtools property defaults active! Set 'spring.devtools.add-properties' to 'false' to disable
2025-05-13T00:44:57.836+07:00  INFO 31184 --- [restartedMain] .e.DevToolsPropertyDefaultsPostProcessor : For additional web related logging consider setting the 'logging.level.web' property to 'DEBUG'
2025-05-13T00:44:58.582+07:00  INFO 31184 --- [restartedMain] .s.d.r.c.RepositoryConfigurationDelegate : Bootstrapping Spring Data JPA repositories in DEFAULT mode.
2025-05-13T00:44:58.651+07:00  INFO 31184 --- [restartedMain] .s.d.r.c.RepositoryConfigurationDelegate : Finished Spring Data repository scanning in 60 ms. Found 7 JPA repository interfaces.
2025-05-13T00:44:59.162+07:00  INFO 31184 --- [restartedMain] o.s.b.w.embedded.tomcat.TomcatWebServer  : Tomcat initialized with port 8080 (http)
2025-05-13T00:44:59.186+07:00  INFO 31184 --- [restartedMain] o.apache.catalina.core.StandardService   : Starting service [Tomcat]
2025-05-13T00:44:59.186+07:00  INFO 31184 --- [restartedMain] o.apache.catalina.core.StandardEngine    : Starting Servlet engine: [Apache Tomcat/10.1.40]
2025-05-13T00:44:59.248+07:00  INFO 31184 --- [restartedMain] o.a.c.c.C.[Tomcat].[localhost].[/]       : Initializing Spring embedded WebApplicationContext
2025-05-13T00:44:59.248+07:00  INFO 31184 --- [restartedMain] w.s.c.ServletWebServerApplicationContext : Root WebApplicationContext: initialization completed in 1411 ms
2025-05-13T00:44:59.378+07:00  INFO 31184 --- [restartedMain] o.hibernate.jpa.internal.util.LogHelper  : HHH000204: Processing PersistenceUnitInfo [name: default]
2025-05-13T00:44:59.455+07:00  INFO 31184 --- [restartedMain] org.hibernate.Version                    : HHH000412: Hibernate ORM core version 6.6.13.Final
2025-05-13T00:44:59.495+07:00  INFO 31184 --- [restartedMain] o.h.c.internal.RegionFactoryInitiator    : HHH000026: Second-level cache disabled
2025-05-13T00:44:59.786+07:00  INFO 31184 --- [restartedMain] o.s.o.j.p.SpringPersistenceUnitInfo      : No LoadTimeWeaver setup: ignoring JPA class transformer
2025-05-13T00:44:59.821+07:00  INFO 31184 --- [restartedMain] com.zaxxer.hikari.HikariDataSource       : HikariPool-1 - Starting...
2025-05-13T00:44:59.980+07:00  INFO 31184 --- [restartedMain] com.zaxxer.hikari.pool.HikariPool        : HikariPool-1 - Added connection com.mysql.cj.jdbc.ConnectionImpl@30203054
2025-05-13T00:44:59.982+07:00  INFO 31184 --- [restartedMain] com.zaxxer.hikari.HikariDataSource       : HikariPool-1 - Start completed.
2025-05-13T00:45:00.003+07:00  WARN 31184 --- [restartedMain] org.hibernate.orm.deprecation            : HHH90000025: MySQL8Dialect does not need to be specified explicitly using 'hibernate.dialect' (remove the property setting and it will be selected by default)
2025-05-13T00:45:00.005+07:00  WARN 31184 --- [restartedMain] org.hibernate.orm.deprecation            : HHH90000026: MySQL8Dialect has been deprecated; use org.hibernate.dialect.MySQLDialect instead
2025-05-13T00:45:00.025+07:00  INFO 31184 --- [restartedMain] org.hibernate.orm.connections.pooling    : HHH10001005: Database info:
	Database JDBC URL [Connecting through datasource 'HikariDataSource (HikariPool-1)']
	Database driver: undefined/unknown
	Database version: 8.0
	Autocommit mode: undefined/unknown
	Isolation level: undefined/unknown
	Minimum pool size: undefined/unknown
	Maximum pool size: undefined/unknown
2025-05-13T00:45:01.067+07:00  INFO 31184 --- [restartedMain] o.h.e.t.j.p.i.JtaPlatformInitiator       : HHH000489: No JTA platform available (set 'hibernate.transaction.jta.platform' to enable JTA platform integration)
2025-05-13T00:45:01.069+07:00  INFO 31184 --- [restartedMain] j.LocalContainerEntityManagerFactoryBean : Initialized JPA EntityManagerFactory for persistence unit 'default'
2025-05-13T00:45:01.419+07:00  INFO 31184 --- [restartedMain] o.s.d.j.r.query.QueryEnhancerFactory     : Hibernate is in classpath; If applicable, HQL parser will be used.
2025-05-13T00:45:01.896+07:00  WARN 31184 --- [restartedMain] JpaBaseConfiguration$JpaWebConfiguration : spring.jpa.open-in-view is enabled by default. Therefore, database queries may be performed during view rendering. Explicitly configure spring.jpa.open-in-view to disable this warning
2025-05-13T00:45:02.251+07:00  INFO 31184 --- [restartedMain] o.s.b.d.a.OptionalLiveReloadServer       : LiveReload server is running on port 35729
2025-05-13T00:45:02.293+07:00  INFO 31184 --- [restartedMain] o.s.b.w.embedded.tomcat.TomcatWebServer  : Tomcat started on port 8080 (http) with context path '/'
2025-05-13T00:45:02.299+07:00  INFO 31184 --- [restartedMain] c.r.backend.BackendApplication           : Started BackendApplication in 5.005 seconds (process running for 6.138)
2025-05-13T00:45:20.566+07:00  INFO 31184 --- [http-nio-8080-exec-1] o.a.c.c.C.[Tomcat].[localhost].[/]       : Initializing Spring DispatcherServlet 'dispatcherServlet'
2025-05-13T00:45:20.566+07:00  INFO 31184 --- [http-nio-8080-exec-1] o.s.web.servlet.DispatcherServlet        : Initializing Servlet 'dispatcherServlet'
2025-05-13T00:45:20.568+07:00  INFO 31184 --- [http-nio-8080-exec-1] o.s.web.servlet.DispatcherServlet        : Completed initialization in 2 ms
2025-05-13T00:45:20.766+07:00 DEBUG 31184 --- [http-nio-8080-exec-1] org.hibernate.SQL                        : 
    select
        u1_0.id,
        u1_0.avatar_url,
        u1_0.date_of_birth,
        u1_0.full_name,
        u1_0.username 
    from
        users u1_0 
    where
        u1_0.username=?
2025-05-13T00:45:20.904+07:00 DEBUG 31184 --- [http-nio-8080-exec-1] org.hibernate.SQL                        : 
    select
        count(f1_0.id) 
    from
        follows f1_0 
    where
        f1_0.following_id=?
2025-05-13T00:45:20.910+07:00 DEBUG 31184 --- [http-nio-8080-exec-1] org.hibernate.SQL                        : 
    select
        count(f1_0.id) 
    from
        follows f1_0 
    where
        f1_0.follower_id=?
2025-05-13T00:45:20.917+07:00 DEBUG 31184 --- [http-nio-8080-exec-1] org.hibernate.SQL                        : 
    select
        r1_0.id,
        r1_0.user_id,
        r1_0.description,
        r1_0.image_url,
        r1_0.title 
    from
        recipes r1_0 
    where
        r1_0.user_id=?
2025-05-13T00:45:20.938+07:00 DEBUG 31184 --- [http-nio-8080-exec-1] org.hibernate.SQL                        : 
    select
        avg(r1_0.score) 
    from
        ratings r1_0 
    join
        recipes r2_0 
            on r2_0.id=r1_0.recipe_id 
    where
        r2_0.user_id=?
2025-05-13T00:45:20.943+07:00 DEBUG 31184 --- [http-nio-8080-exec-1] org.hibernate.SQL                        : 
    select
        u1_0.id,
        u1_0.avatar_url,
        u1_0.date_of_birth,
        u1_0.full_name,
        u1_0.username 
    from
        users u1_0 
    where
        u1_0.username=?
2025-05-13T00:45:20.948+07:00 DEBUG 31184 --- [http-nio-8080-exec-1] org.hibernate.SQL                        : 
    select
        r1_0.id,
        r1_0.user_id,
        r1_0.description,
        r1_0.image_url,
        r1_0.title 
    from
        recipes r1_0 
    where
        r1_0.user_id=?
2025-05-13T00:45:20.956+07:00 DEBUG 31184 --- [http-nio-8080-exec-1] org.hibernate.SQL                        : 
    select
        r1_0.recipe_id,
        r1_0.id,
        r1_0.rated_at,
        r1_0.score,
        u1_0.id,
        u1_0.avatar_url,
        u1_0.date_of_birth,
        u1_0.full_name,
        u1_0.username 
    from
        ratings r1_0 
    left join
        users u1_0 
            on u1_0.id=r1_0.user_id 
    where
        r1_0.recipe_id=?
2025-05-13T00:45:20.968+07:00 DEBUG 31184 --- [http-nio-8080-exec-1] org.hibernate.SQL                        : 
    select
        l1_0.recipe_id,
        l1_0.id,
        l1_0.liked_at,
        u1_0.id,
        u1_0.avatar_url,
        u1_0.date_of_birth,
        u1_0.full_name,
        u1_0.username 
    from
        likes l1_0 
    left join
        users u1_0 
            on u1_0.id=l1_0.user_id 
    where
        l1_0.recipe_id=?
2025-05-13T00:45:20.982+07:00 DEBUG 31184 --- [http-nio-8080-exec-1] org.hibernate.SQL                        : 
    select
        c1_0.id,
        c1_0.content,
        c1_0.created_at,
        c1_0.recipe_id,
        c1_0.user_id 
    from
        comments c1_0 
    where
        c1_0.recipe_id=?
2025-05-13T00:45:20.993+07:00 DEBUG 31184 --- [http-nio-8080-exec-1] org.hibernate.SQL                        : 
    select
        r1_0.recipe_id,
        r1_0.id,
        r1_0.rated_at,
        r1_0.score,
        u1_0.id,
        u1_0.avatar_url,
        u1_0.date_of_birth,
        u1_0.full_name,
        u1_0.username 
    from
        ratings r1_0 
    left join
        users u1_0 
            on u1_0.id=r1_0.user_id 
    where
        r1_0.recipe_id=?
2025-05-13T00:45:20.997+07:00 DEBUG 31184 --- [http-nio-8080-exec-1] org.hibernate.SQL                        : 
    select
        l1_0.recipe_id,
        l1_0.id,
        l1_0.liked_at,
        u1_0.id,
        u1_0.avatar_url,
        u1_0.date_of_birth,
        u1_0.full_name,
        u1_0.username 
    from
        likes l1_0 
    left join
        users u1_0 
            on u1_0.id=l1_0.user_id 
    where
        l1_0.recipe_id=?
2025-05-13T00:45:21.006+07:00 DEBUG 31184 --- [http-nio-8080-exec-1] org.hibernate.SQL                        : 
    select
        c1_0.id,
        c1_0.content,
        c1_0.created_at,
        c1_0.recipe_id,
        c1_0.user_id 
    from
        comments c1_0 
    where
        c1_0.recipe_id=?
2025-05-13T00:58:45.361+07:00 DEBUG 31184 --- [http-nio-8080-exec-9] org.hibernate.SQL                        : 
    select
        u1_0.id,
        u1_0.avatar_url,
        u1_0.date_of_birth,
        u1_0.full_name,
        u1_0.username 
    from
        users u1_0 
    where
        u1_0.username=?
2025-05-13T00:58:45.366+07:00 DEBUG 31184 --- [http-nio-8080-exec-9] org.hibernate.SQL                        : 
    select
        count(f1_0.id) 
    from
        follows f1_0 
    where
        f1_0.following_id=?
2025-05-13T00:58:45.370+07:00 DEBUG 31184 --- [http-nio-8080-exec-9] org.hibernate.SQL                        : 
    select
        count(f1_0.id) 
    from
        follows f1_0 
    where
        f1_0.follower_id=?
2025-05-13T00:58:45.379+07:00 DEBUG 31184 --- [http-nio-8080-exec-9] org.hibernate.SQL                        : 
    select
        r1_0.id,
        r1_0.user_id,
        r1_0.description,
        r1_0.image_url,
        r1_0.title 
    from
        recipes r1_0 
    where
        r1_0.user_id=?
2025-05-13T00:58:45.384+07:00 DEBUG 31184 --- [http-nio-8080-exec-9] org.hibernate.SQL                        : 
    select
        avg(r1_0.score) 
    from
        ratings r1_0 
    join
        recipes r2_0 
            on r2_0.id=r1_0.recipe_id 
    where
        r2_0.user_id=?
2025-05-13T00:58:45.389+07:00 DEBUG 31184 --- [http-nio-8080-exec-9] org.hibernate.SQL                        : 
    select
        u1_0.id,
        u1_0.avatar_url,
        u1_0.date_of_birth,
        u1_0.full_name,
        u1_0.username 
    from
        users u1_0 
    where
        u1_0.username=?
2025-05-13T00:58:45.391+07:00 DEBUG 31184 --- [http-nio-8080-exec-9] org.hibernate.SQL                        : 
    select
        r1_0.id,
        r1_0.user_id,
        r1_0.description,
        r1_0.image_url,
        r1_0.title 
    from
        recipes r1_0 
    where
        r1_0.user_id=?
2025-05-13T00:58:45.393+07:00 DEBUG 31184 --- [http-nio-8080-exec-9] org.hibernate.SQL                        : 
    select
        r1_0.recipe_id,
        r1_0.id,
        r1_0.rated_at,
        r1_0.score,
        u1_0.id,
        u1_0.avatar_url,
        u1_0.date_of_birth,
        u1_0.full_name,
        u1_0.username 
    from
        ratings r1_0 
    left join
        users u1_0 
            on u1_0.id=r1_0.user_id 
    where
        r1_0.recipe_id=?
2025-05-13T00:58:45.396+07:00 DEBUG 31184 --- [http-nio-8080-exec-9] org.hibernate.SQL                        : 
    select
        l1_0.recipe_id,
        l1_0.id,
        l1_0.liked_at,
        u1_0.id,
        u1_0.avatar_url,
        u1_0.date_of_birth,
        u1_0.full_name,
        u1_0.username 
    from
        likes l1_0 
    left join
        users u1_0 
            on u1_0.id=l1_0.user_id 
    where
        l1_0.recipe_id=?
2025-05-13T00:58:45.401+07:00 DEBUG 31184 --- [http-nio-8080-exec-9] org.hibernate.SQL                        : 
    select
        c1_0.id,
        c1_0.content,
        c1_0.created_at,
        c1_0.recipe_id,
        c1_0.user_id 
    from
        comments c1_0 
    where
        c1_0.recipe_id=?
2025-05-13T00:58:45.406+07:00 DEBUG 31184 --- [http-nio-8080-exec-9] org.hibernate.SQL                        : 
    select
        r1_0.recipe_id,
        r1_0.id,
        r1_0.rated_at,
        r1_0.score,
        u1_0.id,
        u1_0.avatar_url,
        u1_0.date_of_birth,
        u1_0.full_name,
        u1_0.username 
    from
        ratings r1_0 
    left join
        users u1_0 
            on u1_0.id=r1_0.user_id 
    where
        r1_0.recipe_id=?
2025-05-13T00:58:45.406+07:00 DEBUG 31184 --- [http-nio-8080-exec-9] org.hibernate.SQL                        : 
    select
        l1_0.recipe_id,
        l1_0.id,
        l1_0.liked_at,
        u1_0.id,
        u1_0.avatar_url,
        u1_0.date_of_birth,
        u1_0.full_name,
        u1_0.username 
    from
        likes l1_0 
    left join
        users u1_0 
            on u1_0.id=l1_0.user_id 
    where
        l1_0.recipe_id=?
2025-05-13T00:58:45.411+07:00 DEBUG 31184 --- [http-nio-8080-exec-9] org.hibernate.SQL                        : 
    select
        c1_0.id,
        c1_0.content,
        c1_0.created_at,
        c1_0.recipe_id,
        c1_0.user_id 
    from
        comments c1_0 
    where
        c1_0.recipe_id=?
2025-05-13T01:04:07.807+07:00 DEBUG 31184 --- [http-nio-8080-exec-2] org.hibernate.SQL                        : 
    select
        u1_0.id,
        u1_0.avatar_url,
        u1_0.date_of_birth,
        u1_0.full_name,
        u1_0.username 
    from
        users u1_0 
    where
        u1_0.username=?
2025-05-13T01:04:07.810+07:00 DEBUG 31184 --- [http-nio-8080-exec-2] org.hibernate.SQL                        : 
    select
        count(f1_0.id) 
    from
        follows f1_0 
    where
        f1_0.following_id=?
2025-05-13T01:04:07.812+07:00 DEBUG 31184 --- [http-nio-8080-exec-2] org.hibernate.SQL                        : 
    select
        count(f1_0.id) 
    from
        follows f1_0 
    where
        f1_0.follower_id=?
2025-05-13T01:04:07.815+07:00 DEBUG 31184 --- [http-nio-8080-exec-2] org.hibernate.SQL                        : 
    select
        r1_0.id,
        r1_0.user_id,
        r1_0.description,
        r1_0.image_url,
        r1_0.title 
    from
        recipes r1_0 
    where
        r1_0.user_id=?
2025-05-13T01:04:07.817+07:00 DEBUG 31184 --- [http-nio-8080-exec-2] org.hibernate.SQL                        : 
    select
        avg(r1_0.score) 
    from
        ratings r1_0 
    join
        recipes r2_0 
            on r2_0.id=r1_0.recipe_id 
    where
        r2_0.user_id=?
2025-05-13T01:04:07.819+07:00 DEBUG 31184 --- [http-nio-8080-exec-2] org.hibernate.SQL                        : 
    select
        u1_0.id,
        u1_0.avatar_url,
        u1_0.date_of_birth,
        u1_0.full_name,
        u1_0.username 
    from
        users u1_0 
    where
        u1_0.username=?
2025-05-13T01:04:07.822+07:00 DEBUG 31184 --- [http-nio-8080-exec-2] org.hibernate.SQL                        : 
    select
        r1_0.id,
        r1_0.user_id,
        r1_0.description,
        r1_0.image_url,
        r1_0.title 
    from
        recipes r1_0 
    where
        r1_0.user_id=?
2025-05-13T01:04:07.823+07:00 DEBUG 31184 --- [http-nio-8080-exec-2] org.hibernate.SQL                        : 
    select
        r1_0.recipe_id,
        r1_0.id,
        r1_0.rated_at,
        r1_0.score,
        u1_0.id,
        u1_0.avatar_url,
        u1_0.date_of_birth,
        u1_0.full_name,
        u1_0.username 
    from
        ratings r1_0 
    left join
        users u1_0 
            on u1_0.id=r1_0.user_id 
    where
        r1_0.recipe_id=?
2025-05-13T01:04:07.825+07:00 DEBUG 31184 --- [http-nio-8080-exec-2] org.hibernate.SQL                        : 
    select
        l1_0.recipe_id,
        l1_0.id,
        l1_0.liked_at,
        u1_0.id,
        u1_0.avatar_url,
        u1_0.date_of_birth,
        u1_0.full_name,
        u1_0.username 
    from
        likes l1_0 
    left join
        users u1_0 
            on u1_0.id=l1_0.user_id 
    where
        l1_0.recipe_id=?
2025-05-13T01:04:07.827+07:00 DEBUG 31184 --- [http-nio-8080-exec-2] org.hibernate.SQL                        : 
    select
        c1_0.id,
        c1_0.content,
        c1_0.created_at,
        c1_0.recipe_id,
        c1_0.user_id 
    from
        comments c1_0 
    where
        c1_0.recipe_id=?
2025-05-13T01:04:07.830+07:00 DEBUG 31184 --- [http-nio-8080-exec-2] org.hibernate.SQL                        : 
    select
        r1_0.recipe_id,
        r1_0.id,
        r1_0.rated_at,
        r1_0.score,
        u1_0.id,
        u1_0.avatar_url,
        u1_0.date_of_birth,
        u1_0.full_name,
        u1_0.username 
    from
        ratings r1_0 
    left join
        users u1_0 
            on u1_0.id=r1_0.user_id 
    where
        r1_0.recipe_id=?
2025-05-13T01:04:07.831+07:00 DEBUG 31184 --- [http-nio-8080-exec-2] org.hibernate.SQL                        : 
    select
        l1_0.recipe_id,
        l1_0.id,
        l1_0.liked_at,
        u1_0.id,
        u1_0.avatar_url,
        u1_0.date_of_birth,
        u1_0.full_name,
        u1_0.username 
    from
        likes l1_0 
    left join
        users u1_0 
            on u1_0.id=l1_0.user_id 
    where
        l1_0.recipe_id=?
2025-05-13T01:04:07.834+07:00 DEBUG 31184 --- [http-nio-8080-exec-2] org.hibernate.SQL                        : 
    select
        c1_0.id,
        c1_0.content,
        c1_0.created_at,
        c1_0.recipe_id,
        c1_0.user_id 
    from
        comments c1_0 
    where
        c1_0.recipe_id=?
2025-05-13T01:04:38.830+07:00 DEBUG 31184 --- [http-nio-8080-exec-6] org.hibernate.SQL                        : 
    select
        u1_0.id,
        u1_0.avatar_url,
        u1_0.date_of_birth,
        u1_0.full_name,
        u1_0.username 
    from
        users u1_0 
    where
        u1_0.username=?
2025-05-13T01:04:38.832+07:00 DEBUG 31184 --- [http-nio-8080-exec-6] org.hibernate.SQL                        : 
    select
        count(f1_0.id) 
    from
        follows f1_0 
    where
        f1_0.following_id=?
2025-05-13T01:04:38.835+07:00 DEBUG 31184 --- [http-nio-8080-exec-6] org.hibernate.SQL                        : 
    select
        count(f1_0.id) 
    from
        follows f1_0 
    where
        f1_0.follower_id=?
2025-05-13T01:04:38.838+07:00 DEBUG 31184 --- [http-nio-8080-exec-6] org.hibernate.SQL                        : 
    select
        r1_0.id,
        r1_0.user_id,
        r1_0.description,
        r1_0.image_url,
        r1_0.title 
    from
        recipes r1_0 
    where
        r1_0.user_id=?
2025-05-13T01:04:38.840+07:00 DEBUG 31184 --- [http-nio-8080-exec-6] org.hibernate.SQL                        : 
    select
        avg(r1_0.score) 
    from
        ratings r1_0 
    join
        recipes r2_0 
            on r2_0.id=r1_0.recipe_id 
    where
        r2_0.user_id=?
2025-05-13T01:04:38.842+07:00 DEBUG 31184 --- [http-nio-8080-exec-6] org.hibernate.SQL                        : 
    select
        u1_0.id,
        u1_0.avatar_url,
        u1_0.date_of_birth,
        u1_0.full_name,
        u1_0.username 
    from
        users u1_0 
    where
        u1_0.username=?
2025-05-13T01:04:38.844+07:00 DEBUG 31184 --- [http-nio-8080-exec-6] org.hibernate.SQL                        : 
    select
        r1_0.id,
        r1_0.user_id,
        r1_0.description,
        r1_0.image_url,
        r1_0.title 
    from
        recipes r1_0 
    where
        r1_0.user_id=?
2025-05-13T01:04:38.847+07:00 DEBUG 31184 --- [http-nio-8080-exec-6] org.hibernate.SQL                        : 
    select
        r1_0.recipe_id,
        r1_0.id,
        r1_0.rated_at,
        r1_0.score,
        u1_0.id,
        u1_0.avatar_url,
        u1_0.date_of_birth,
        u1_0.full_name,
        u1_0.username 
    from
        ratings r1_0 
    left join
        users u1_0 
            on u1_0.id=r1_0.user_id 
    where
        r1_0.recipe_id=?
2025-05-13T01:04:38.850+07:00 DEBUG 31184 --- [http-nio-8080-exec-6] org.hibernate.SQL                        : 
    select
        l1_0.recipe_id,
        l1_0.id,
        l1_0.liked_at,
        u1_0.id,
        u1_0.avatar_url,
        u1_0.date_of_birth,
        u1_0.full_name,
        u1_0.username 
    from
        likes l1_0 
    left join
        users u1_0 
            on u1_0.id=l1_0.user_id 
    where
        l1_0.recipe_id=?
2025-05-13T01:04:38.852+07:00 DEBUG 31184 --- [http-nio-8080-exec-6] org.hibernate.SQL                        : 
    select
        c1_0.id,
        c1_0.content,
        c1_0.created_at,
        c1_0.recipe_id,
        c1_0.user_id 
    from
        comments c1_0 
    where
        c1_0.recipe_id=?
2025-05-13T01:04:38.855+07:00 DEBUG 31184 --- [http-nio-8080-exec-6] org.hibernate.SQL                        : 
    select
        r1_0.recipe_id,
        r1_0.id,
        r1_0.rated_at,
        r1_0.score,
        u1_0.id,
        u1_0.avatar_url,
        u1_0.date_of_birth,
        u1_0.full_name,
        u1_0.username 
    from
        ratings r1_0 
    left join
        users u1_0 
            on u1_0.id=r1_0.user_id 
    where
        r1_0.recipe_id=?
2025-05-13T01:04:38.856+07:00 DEBUG 31184 --- [http-nio-8080-exec-6] org.hibernate.SQL                        : 
    select
        l1_0.recipe_id,
        l1_0.id,
        l1_0.liked_at,
        u1_0.id,
        u1_0.avatar_url,
        u1_0.date_of_birth,
        u1_0.full_name,
        u1_0.username 
    from
        likes l1_0 
    left join
        users u1_0 
            on u1_0.id=l1_0.user_id 
    where
        l1_0.recipe_id=?
2025-05-13T01:04:38.860+07:00 DEBUG 31184 --- [http-nio-8080-exec-6] org.hibernate.SQL                        : 
    select
        c1_0.id,
        c1_0.content,
        c1_0.created_at,
        c1_0.recipe_id,
        c1_0.user_id 
    from
        comments c1_0 
    where
        c1_0.recipe_id=?
2025-05-13T01:07:52.733+07:00  INFO 31184 --- [File Watcher] rtingClassPathChangeChangedEventListener : Restarting due to 1 class path change (0 additions, 1 deletion, 0 modifications)
2025-05-13T01:07:52.738+07:00  INFO 31184 --- [Thread-5] o.s.b.w.e.tomcat.GracefulShutdown        : Commencing graceful shutdown. Waiting for active requests to complete
2025-05-13T01:07:52.749+07:00  INFO 31184 --- [tomcat-shutdown] o.s.b.w.e.tomcat.GracefulShutdown        : Graceful shutdown complete
2025-05-13T01:07:52.755+07:00  INFO 31184 --- [Thread-5] j.LocalContainerEntityManagerFactoryBean : Closing JPA EntityManagerFactory for persistence unit 'default'
2025-05-13T01:07:52.760+07:00  INFO 31184 --- [Thread-5] com.zaxxer.hikari.HikariDataSource       : HikariPool-1 - Shutdown initiated...
2025-05-13T01:07:52.773+07:00  INFO 31184 --- [Thread-5] com.zaxxer.hikari.HikariDataSource       : HikariPool-1 - Shutdown completed.
2025-05-13T01:07:52.900+07:00  INFO 31184 --- [restartedMain] c.r.backend.BackendApplication           : Starting BackendApplication using Java 23 with PID 31184 (C:\RecipeSharingWebsite\backend\target\classes started by haiye in C:\RecipeSharingWebsite\backend)
2025-05-13T01:07:52.900+07:00  INFO 31184 --- [restartedMain] c.r.backend.BackendApplication           : No active profile set, falling back to 1 default profile: "default"
2025-05-13T01:07:53.226+07:00  INFO 31184 --- [restartedMain] .s.d.r.c.RepositoryConfigurationDelegate : Bootstrapping Spring Data JPA repositories in DEFAULT mode.
2025-05-13T01:07:53.264+07:00  INFO 31184 --- [restartedMain] .s.d.r.c.RepositoryConfigurationDelegate : Finished Spring Data repository scanning in 35 ms. Found 7 JPA repository interfaces.
2025-05-13T01:07:53.420+07:00  INFO 31184 --- [restartedMain] o.s.b.w.embedded.tomcat.TomcatWebServer  : Tomcat initialized with port 8080 (http)
2025-05-13T01:07:53.423+07:00  INFO 31184 --- [restartedMain] o.apache.catalina.core.StandardService   : Starting service [Tomcat]
2025-05-13T01:07:53.423+07:00  INFO 31184 --- [restartedMain] o.apache.catalina.core.StandardEngine    : Starting Servlet engine: [Apache Tomcat/10.1.40]
2025-05-13T01:07:53.451+07:00  INFO 31184 --- [restartedMain] o.a.c.c.C.[Tomcat].[localhost].[/]       : Initializing Spring embedded WebApplicationContext
2025-05-13T01:07:53.453+07:00  INFO 31184 --- [restartedMain] w.s.c.ServletWebServerApplicationContext : Root WebApplicationContext: initialization completed in 548 ms
2025-05-13T01:07:53.553+07:00  INFO 31184 --- [restartedMain] o.hibernate.jpa.internal.util.LogHelper  : HHH000204: Processing PersistenceUnitInfo [name: default]
2025-05-13T01:07:53.559+07:00  INFO 31184 --- [restartedMain] o.h.c.internal.RegionFactoryInitiator    : HHH000026: Second-level cache disabled
2025-05-13T01:07:53.589+07:00  INFO 31184 --- [restartedMain] o.s.o.j.p.SpringPersistenceUnitInfo      : No LoadTimeWeaver setup: ignoring JPA class transformer
2025-05-13T01:07:53.591+07:00  INFO 31184 --- [restartedMain] com.zaxxer.hikari.HikariDataSource       : HikariPool-2 - Starting...
2025-05-13T01:07:53.602+07:00  INFO 31184 --- [restartedMain] com.zaxxer.hikari.pool.HikariPool        : HikariPool-2 - Added connection com.mysql.cj.jdbc.ConnectionImpl@6a7fe82f
2025-05-13T01:07:53.603+07:00  INFO 31184 --- [restartedMain] com.zaxxer.hikari.HikariDataSource       : HikariPool-2 - Start completed.
2025-05-13T01:07:53.604+07:00  WARN 31184 --- [restartedMain] org.hibernate.orm.deprecation            : HHH90000025: MySQL8Dialect does not need to be specified explicitly using 'hibernate.dialect' (remove the property setting and it will be selected by default)
2025-05-13T01:07:53.604+07:00  WARN 31184 --- [restartedMain] org.hibernate.orm.deprecation            : HHH90000026: MySQL8Dialect has been deprecated; use org.hibernate.dialect.MySQLDialect instead
2025-05-13T01:07:53.605+07:00  INFO 31184 --- [restartedMain] org.hibernate.orm.connections.pooling    : HHH10001005: Database info:
	Database JDBC URL [Connecting through datasource 'HikariDataSource (HikariPool-2)']
	Database driver: undefined/unknown
	Database version: 8.0
	Autocommit mode: undefined/unknown
	Isolation level: undefined/unknown
	Minimum pool size: undefined/unknown
	Maximum pool size: undefined/unknown
2025-05-13T01:07:53.958+07:00  INFO 31184 --- [restartedMain] o.h.e.t.j.p.i.JtaPlatformInitiator       : HHH000489: No JTA platform available (set 'hibernate.transaction.jta.platform' to enable JTA platform integration)
2025-05-13T01:07:53.958+07:00  INFO 31184 --- [restartedMain] j.LocalContainerEntityManagerFactoryBean : Initialized JPA EntityManagerFactory for persistence unit 'default'
2025-05-13T01:07:54.216+07:00  WARN 31184 --- [restartedMain] JpaBaseConfiguration$JpaWebConfiguration : spring.jpa.open-in-view is enabled by default. Therefore, database queries may be performed during view rendering. Explicitly configure spring.jpa.open-in-view to disable this warning
2025-05-13T01:07:54.447+07:00  INFO 31184 --- [restartedMain] o.s.b.d.a.OptionalLiveReloadServer       : LiveReload server is running on port 35729
2025-05-13T01:07:54.471+07:00  INFO 31184 --- [restartedMain] o.s.b.w.embedded.tomcat.TomcatWebServer  : Tomcat started on port 8080 (http) with context path '/'
2025-05-13T01:07:54.477+07:00  INFO 31184 --- [restartedMain] c.r.backend.BackendApplication           : Started BackendApplication in 1.622 seconds (process running for 1378.316)
2025-05-13T01:07:54.480+07:00  INFO 31184 --- [restartedMain] .ConditionEvaluationDeltaLoggingListener : Condition evaluation unchanged
2025-05-13T01:07:55.898+07:00  INFO 31184 --- [File Watcher] rtingClassPathChangeChangedEventListener : Restarting due to 1 class path change (1 addition, 0 deletions, 0 modifications)
2025-05-13T01:07:55.900+07:00  INFO 31184 --- [Thread-7] o.s.b.w.e.tomcat.GracefulShutdown        : Commencing graceful shutdown. Waiting for active requests to complete
2025-05-13T01:07:55.911+07:00  INFO 31184 --- [tomcat-shutdown] o.s.b.w.e.tomcat.GracefulShutdown        : Graceful shutdown complete
2025-05-13T01:07:55.915+07:00  INFO 31184 --- [Thread-7] j.LocalContainerEntityManagerFactoryBean : Closing JPA EntityManagerFactory for persistence unit 'default'
2025-05-13T01:07:55.915+07:00  INFO 31184 --- [Thread-7] com.zaxxer.hikari.HikariDataSource       : HikariPool-2 - Shutdown initiated...
2025-05-13T01:07:55.917+07:00  INFO 31184 --- [Thread-7] com.zaxxer.hikari.HikariDataSource       : HikariPool-2 - Shutdown completed.
2025-05-13T01:07:56.017+07:00  INFO 31184 --- [restartedMain] c.r.backend.BackendApplication           : Starting BackendApplication using Java 23 with PID 31184 (C:\RecipeSharingWebsite\backend\target\classes started by haiye in C:\RecipeSharingWebsite\backend)
2025-05-13T01:07:56.017+07:00  INFO 31184 --- [restartedMain] c.r.backend.BackendApplication           : No active profile set, falling back to 1 default profile: "default"
2025-05-13T01:07:56.273+07:00  INFO 31184 --- [restartedMain] .s.d.r.c.RepositoryConfigurationDelegate : Bootstrapping Spring Data JPA repositories in DEFAULT mode.
2025-05-13T01:07:56.311+07:00  INFO 31184 --- [restartedMain] .s.d.r.c.RepositoryConfigurationDelegate : Finished Spring Data repository scanning in 36 ms. Found 7 JPA repository interfaces.
2025-05-13T01:07:56.433+07:00  INFO 31184 --- [restartedMain] o.s.b.w.embedded.tomcat.TomcatWebServer  : Tomcat initialized with port 8080 (http)
2025-05-13T01:07:56.433+07:00  INFO 31184 --- [restartedMain] o.apache.catalina.core.StandardService   : Starting service [Tomcat]
2025-05-13T01:07:56.433+07:00  INFO 31184 --- [restartedMain] o.apache.catalina.core.StandardEngine    : Starting Servlet engine: [Apache Tomcat/10.1.40]
2025-05-13T01:07:56.470+07:00  INFO 31184 --- [restartedMain] o.a.c.c.C.[Tomcat].[localhost].[/]       : Initializing Spring embedded WebApplicationContext
2025-05-13T01:07:56.471+07:00  INFO 31184 --- [restartedMain] w.s.c.ServletWebServerApplicationContext : Root WebApplicationContext: initialization completed in 450 ms
2025-05-13T01:07:56.541+07:00  INFO 31184 --- [restartedMain] o.hibernate.jpa.internal.util.LogHelper  : HHH000204: Processing PersistenceUnitInfo [name: default]
2025-05-13T01:07:56.543+07:00  INFO 31184 --- [restartedMain] o.h.c.internal.RegionFactoryInitiator    : HHH000026: Second-level cache disabled
2025-05-13T01:07:56.557+07:00  INFO 31184 --- [restartedMain] o.s.o.j.p.SpringPersistenceUnitInfo      : No LoadTimeWeaver setup: ignoring JPA class transformer
2025-05-13T01:07:56.558+07:00  INFO 31184 --- [restartedMain] com.zaxxer.hikari.HikariDataSource       : HikariPool-3 - Starting...
2025-05-13T01:07:56.565+07:00  INFO 31184 --- [restartedMain] com.zaxxer.hikari.pool.HikariPool        : HikariPool-3 - Added connection com.mysql.cj.jdbc.ConnectionImpl@682942c6
2025-05-13T01:07:56.565+07:00  INFO 31184 --- [restartedMain] com.zaxxer.hikari.HikariDataSource       : HikariPool-3 - Start completed.
2025-05-13T01:07:56.566+07:00  WARN 31184 --- [restartedMain] org.hibernate.orm.deprecation            : HHH90000025: MySQL8Dialect does not need to be specified explicitly using 'hibernate.dialect' (remove the property setting and it will be selected by default)
2025-05-13T01:07:56.566+07:00  WARN 31184 --- [restartedMain] org.hibernate.orm.deprecation            : HHH90000026: MySQL8Dialect has been deprecated; use org.hibernate.dialect.MySQLDialect instead
2025-05-13T01:07:56.566+07:00  INFO 31184 --- [restartedMain] org.hibernate.orm.connections.pooling    : HHH10001005: Database info:
	Database JDBC URL [Connecting through datasource 'HikariDataSource (HikariPool-3)']
	Database driver: undefined/unknown
	Database version: 8.0
	Autocommit mode: undefined/unknown
	Isolation level: undefined/unknown
	Minimum pool size: undefined/unknown
	Maximum pool size: undefined/unknown
2025-05-13T01:07:56.733+07:00  INFO 31184 --- [restartedMain] o.h.e.t.j.p.i.JtaPlatformInitiator       : HHH000489: No JTA platform available (set 'hibernate.transaction.jta.platform' to enable JTA platform integration)
2025-05-13T01:07:56.733+07:00  INFO 31184 --- [restartedMain] j.LocalContainerEntityManagerFactoryBean : Initialized JPA EntityManagerFactory for persistence unit 'default'
2025-05-13T01:07:56.935+07:00  WARN 31184 --- [restartedMain] JpaBaseConfiguration$JpaWebConfiguration : spring.jpa.open-in-view is enabled by default. Therefore, database queries may be performed during view rendering. Explicitly configure spring.jpa.open-in-view to disable this warning
2025-05-13T01:07:57.089+07:00  INFO 31184 --- [restartedMain] o.s.b.d.a.OptionalLiveReloadServer       : LiveReload server is running on port 35729
2025-05-13T01:07:57.111+07:00  INFO 31184 --- [restartedMain] o.s.b.w.embedded.tomcat.TomcatWebServer  : Tomcat started on port 8080 (http) with context path '/'
2025-05-13T01:07:57.117+07:00  INFO 31184 --- [restartedMain] c.r.backend.BackendApplication           : Started BackendApplication in 1.137 seconds (process running for 1380.955)
2025-05-13T01:07:57.119+07:00  INFO 31184 --- [restartedMain] .ConditionEvaluationDeltaLoggingListener : Condition evaluation unchanged
2025-05-13T01:10:12.365+07:00  INFO 31184 --- [File Watcher] rtingClassPathChangeChangedEventListener : Restarting due to 2 class path changes (1 addition, 1 deletion, 0 modifications)
2025-05-13T01:10:12.366+07:00  INFO 31184 --- [Thread-11] o.s.b.w.e.tomcat.GracefulShutdown        : Commencing graceful shutdown. Waiting for active requests to complete
2025-05-13T01:10:12.370+07:00  INFO 31184 --- [tomcat-shutdown] o.s.b.w.e.tomcat.GracefulShutdown        : Graceful shutdown complete
2025-05-13T01:10:12.372+07:00  INFO 31184 --- [Thread-11] j.LocalContainerEntityManagerFactoryBean : Closing JPA EntityManagerFactory for persistence unit 'default'
2025-05-13T01:10:12.373+07:00  INFO 31184 --- [Thread-11] com.zaxxer.hikari.HikariDataSource       : HikariPool-3 - Shutdown initiated...
2025-05-13T01:10:12.374+07:00  INFO 31184 --- [Thread-11] com.zaxxer.hikari.HikariDataSource       : HikariPool-3 - Shutdown completed.
2025-05-13T01:10:12.435+07:00  INFO 31184 --- [restartedMain] c.r.backend.BackendApplication           : Starting BackendApplication using Java 23 with PID 31184 (C:\RecipeSharingWebsite\backend\target\classes started by haiye in C:\RecipeSharingWebsite\backend)
2025-05-13T01:10:12.437+07:00  INFO 31184 --- [restartedMain] c.r.backend.BackendApplication           : No active profile set, falling back to 1 default profile: "default"
2025-05-13T01:10:12.578+07:00  INFO 31184 --- [restartedMain] .s.d.r.c.RepositoryConfigurationDelegate : Bootstrapping Spring Data JPA repositories in DEFAULT mode.
2025-05-13T01:10:12.595+07:00  INFO 31184 --- [restartedMain] .s.d.r.c.RepositoryConfigurationDelegate : Finished Spring Data repository scanning in 16 ms. Found 7 JPA repository interfaces.
2025-05-13T01:10:12.663+07:00  INFO 31184 --- [restartedMain] o.s.b.w.embedded.tomcat.TomcatWebServer  : Tomcat initialized with port 8080 (http)
2025-05-13T01:10:12.663+07:00  INFO 31184 --- [restartedMain] o.apache.catalina.core.StandardService   : Starting service [Tomcat]
2025-05-13T01:10:12.663+07:00  INFO 31184 --- [restartedMain] o.apache.catalina.core.StandardEngine    : Starting Servlet engine: [Apache Tomcat/10.1.40]
2025-05-13T01:10:12.681+07:00  INFO 31184 --- [restartedMain] o.a.c.c.C.[Tomcat].[localhost].[/]       : Initializing Spring embedded WebApplicationContext
2025-05-13T01:10:12.682+07:00  INFO 31184 --- [restartedMain] w.s.c.ServletWebServerApplicationContext : Root WebApplicationContext: initialization completed in 244 ms
2025-05-13T01:10:12.727+07:00  INFO 31184 --- [restartedMain] o.hibernate.jpa.internal.util.LogHelper  : HHH000204: Processing PersistenceUnitInfo [name: default]
2025-05-13T01:10:12.732+07:00  INFO 31184 --- [restartedMain] o.h.c.internal.RegionFactoryInitiator    : HHH000026: Second-level cache disabled
2025-05-13T01:10:12.741+07:00  INFO 31184 --- [restartedMain] o.s.o.j.p.SpringPersistenceUnitInfo      : No LoadTimeWeaver setup: ignoring JPA class transformer
2025-05-13T01:10:12.742+07:00  INFO 31184 --- [restartedMain] com.zaxxer.hikari.HikariDataSource       : HikariPool-4 - Starting...
2025-05-13T01:10:12.748+07:00  INFO 31184 --- [restartedMain] com.zaxxer.hikari.pool.HikariPool        : HikariPool-4 - Added connection com.mysql.cj.jdbc.ConnectionImpl@4a4b65b
2025-05-13T01:10:12.748+07:00  INFO 31184 --- [restartedMain] com.zaxxer.hikari.HikariDataSource       : HikariPool-4 - Start completed.
2025-05-13T01:10:12.750+07:00  WARN 31184 --- [restartedMain] org.hibernate.orm.deprecation            : HHH90000025: MySQL8Dialect does not need to be specified explicitly using 'hibernate.dialect' (remove the property setting and it will be selected by default)
2025-05-13T01:10:12.750+07:00  WARN 31184 --- [restartedMain] org.hibernate.orm.deprecation            : HHH90000026: MySQL8Dialect has been deprecated; use org.hibernate.dialect.MySQLDialect instead
2025-05-13T01:10:12.750+07:00  INFO 31184 --- [restartedMain] org.hibernate.orm.connections.pooling    : HHH10001005: Database info:
	Database JDBC URL [Connecting through datasource 'HikariDataSource (HikariPool-4)']
	Database driver: undefined/unknown
	Database version: 8.0
	Autocommit mode: undefined/unknown
	Isolation level: undefined/unknown
	Minimum pool size: undefined/unknown
	Maximum pool size: undefined/unknown
2025-05-13T01:10:12.901+07:00  INFO 31184 --- [restartedMain] o.h.e.t.j.p.i.JtaPlatformInitiator       : HHH000489: No JTA platform available (set 'hibernate.transaction.jta.platform' to enable JTA platform integration)
2025-05-13T01:10:12.901+07:00  INFO 31184 --- [restartedMain] j.LocalContainerEntityManagerFactoryBean : Initialized JPA EntityManagerFactory for persistence unit 'default'
2025-05-13T01:10:13.126+07:00  WARN 31184 --- [restartedMain] JpaBaseConfiguration$JpaWebConfiguration : spring.jpa.open-in-view is enabled by default. Therefore, database queries may be performed during view rendering. Explicitly configure spring.jpa.open-in-view to disable this warning
2025-05-13T01:10:13.278+07:00  INFO 31184 --- [restartedMain] o.s.b.d.a.OptionalLiveReloadServer       : LiveReload server is running on port 35729
2025-05-13T01:10:13.298+07:00  INFO 31184 --- [restartedMain] o.s.b.w.embedded.tomcat.TomcatWebServer  : Tomcat started on port 8080 (http) with context path '/'
2025-05-13T01:10:13.301+07:00  INFO 31184 --- [restartedMain] c.r.backend.BackendApplication           : Started BackendApplication in 0.887 seconds (process running for 1517.14)
2025-05-13T01:10:13.303+07:00  INFO 31184 --- [restartedMain] .ConditionEvaluationDeltaLoggingListener : Condition evaluation unchanged
2025-05-13T01:10:14.728+07:00  INFO 31184 --- [File Watcher] rtingClassPathChangeChangedEventListener : Restarting due to 1 class path change (1 addition, 0 deletions, 0 modifications)
2025-05-13T01:10:14.729+07:00  INFO 31184 --- [Thread-15] o.s.b.w.e.tomcat.GracefulShutdown        : Commencing graceful shutdown. Waiting for active requests to complete
2025-05-13T01:10:14.737+07:00  INFO 31184 --- [tomcat-shutdown] o.s.b.w.e.tomcat.GracefulShutdown        : Graceful shutdown complete
2025-05-13T01:10:14.739+07:00  INFO 31184 --- [Thread-15] j.LocalContainerEntityManagerFactoryBean : Closing JPA EntityManagerFactory for persistence unit 'default'
2025-05-13T01:10:14.740+07:00  INFO 31184 --- [Thread-15] com.zaxxer.hikari.HikariDataSource       : HikariPool-4 - Shutdown initiated...
2025-05-13T01:10:14.742+07:00  INFO 31184 --- [Thread-15] com.zaxxer.hikari.HikariDataSource       : HikariPool-4 - Shutdown completed.
2025-05-13T01:10:14.827+07:00  INFO 31184 --- [restartedMain] c.r.backend.BackendApplication           : Starting BackendApplication using Java 23 with PID 31184 (C:\RecipeSharingWebsite\backend\target\classes started by haiye in C:\RecipeSharingWebsite\backend)
2025-05-13T01:10:14.828+07:00  INFO 31184 --- [restartedMain] c.r.backend.BackendApplication           : No active profile set, falling back to 1 default profile: "default"
2025-05-13T01:10:15.016+07:00  INFO 31184 --- [restartedMain] .s.d.r.c.RepositoryConfigurationDelegate : Bootstrapping Spring Data JPA repositories in DEFAULT mode.
2025-05-13T01:10:15.040+07:00  INFO 31184 --- [restartedMain] .s.d.r.c.RepositoryConfigurationDelegate : Finished Spring Data repository scanning in 24 ms. Found 7 JPA repository interfaces.
2025-05-13T01:10:15.133+07:00  INFO 31184 --- [restartedMain] o.s.b.w.embedded.tomcat.TomcatWebServer  : Tomcat initialized with port 8080 (http)
2025-05-13T01:10:15.134+07:00  INFO 31184 --- [restartedMain] o.apache.catalina.core.StandardService   : Starting service [Tomcat]
2025-05-13T01:10:15.134+07:00  INFO 31184 --- [restartedMain] o.apache.catalina.core.StandardEngine    : Starting Servlet engine: [Apache Tomcat/10.1.40]
2025-05-13T01:10:15.156+07:00  INFO 31184 --- [restartedMain] o.a.c.c.C.[Tomcat].[localhost].[/]       : Initializing Spring embedded WebApplicationContext
2025-05-13T01:10:15.156+07:00  INFO 31184 --- [restartedMain] w.s.c.ServletWebServerApplicationContext : Root WebApplicationContext: initialization completed in 324 ms
2025-05-13T01:10:15.201+07:00  INFO 31184 --- [restartedMain] o.hibernate.jpa.internal.util.LogHelper  : HHH000204: Processing PersistenceUnitInfo [name: default]
2025-05-13T01:10:15.203+07:00  INFO 31184 --- [restartedMain] o.h.c.internal.RegionFactoryInitiator    : HHH000026: Second-level cache disabled
2025-05-13T01:10:15.212+07:00  INFO 31184 --- [restartedMain] o.s.o.j.p.SpringPersistenceUnitInfo      : No LoadTimeWeaver setup: ignoring JPA class transformer
2025-05-13T01:10:15.212+07:00  INFO 31184 --- [restartedMain] com.zaxxer.hikari.HikariDataSource       : HikariPool-5 - Starting...
2025-05-13T01:10:15.218+07:00  INFO 31184 --- [restartedMain] com.zaxxer.hikari.pool.HikariPool        : HikariPool-5 - Added connection com.mysql.cj.jdbc.ConnectionImpl@23d62f6f
2025-05-13T01:10:15.218+07:00  INFO 31184 --- [restartedMain] com.zaxxer.hikari.HikariDataSource       : HikariPool-5 - Start completed.
2025-05-13T01:10:15.219+07:00  WARN 31184 --- [restartedMain] org.hibernate.orm.deprecation            : HHH90000025: MySQL8Dialect does not need to be specified explicitly using 'hibernate.dialect' (remove the property setting and it will be selected by default)
2025-05-13T01:10:15.219+07:00  WARN 31184 --- [restartedMain] org.hibernate.orm.deprecation            : HHH90000026: MySQL8Dialect has been deprecated; use org.hibernate.dialect.MySQLDialect instead
2025-05-13T01:10:15.219+07:00  INFO 31184 --- [restartedMain] org.hibernate.orm.connections.pooling    : HHH10001005: Database info:
	Database JDBC URL [Connecting through datasource 'HikariDataSource (HikariPool-5)']
	Database driver: undefined/unknown
	Database version: 8.0
	Autocommit mode: undefined/unknown
	Isolation level: undefined/unknown
	Minimum pool size: undefined/unknown
	Maximum pool size: undefined/unknown
2025-05-13T01:10:15.338+07:00  INFO 31184 --- [restartedMain] o.h.e.t.j.p.i.JtaPlatformInitiator       : HHH000489: No JTA platform available (set 'hibernate.transaction.jta.platform' to enable JTA platform integration)
2025-05-13T01:10:15.338+07:00  INFO 31184 --- [restartedMain] j.LocalContainerEntityManagerFactoryBean : Initialized JPA EntityManagerFactory for persistence unit 'default'
2025-05-13T01:10:15.494+07:00  WARN 31184 --- [restartedMain] JpaBaseConfiguration$JpaWebConfiguration : spring.jpa.open-in-view is enabled by default. Therefore, database queries may be performed during view rendering. Explicitly configure spring.jpa.open-in-view to disable this warning
2025-05-13T01:10:15.592+07:00  INFO 31184 --- [restartedMain] o.s.b.d.a.OptionalLiveReloadServer       : LiveReload server is running on port 35729
2025-05-13T01:10:15.607+07:00  INFO 31184 --- [restartedMain] o.s.b.w.embedded.tomcat.TomcatWebServer  : Tomcat started on port 8080 (http) with context path '/'
2025-05-13T01:10:15.610+07:00  INFO 31184 --- [restartedMain] c.r.backend.BackendApplication           : Started BackendApplication in 0.813 seconds (process running for 1519.449)
2025-05-13T01:10:15.611+07:00  INFO 31184 --- [restartedMain] .ConditionEvaluationDeltaLoggingListener : Condition evaluation unchanged
2025-05-13T01:10:26.605+07:00  INFO 31184 --- [http-nio-8080-exec-1] o.a.c.c.C.[Tomcat].[localhost].[/]       : Initializing Spring DispatcherServlet 'dispatcherServlet'
2025-05-13T01:10:26.605+07:00  INFO 31184 --- [http-nio-8080-exec-1] o.s.web.servlet.DispatcherServlet        : Initializing Servlet 'dispatcherServlet'
2025-05-13T01:10:26.606+07:00  INFO 31184 --- [http-nio-8080-exec-1] o.s.web.servlet.DispatcherServlet        : Completed initialization in 1 ms
2025-05-13T01:10:26.609+07:00 DEBUG 31184 --- [http-nio-8080-exec-1] org.hibernate.SQL                        : 
    select
        u1_0.id,
        u1_0.avatar_url,
        u1_0.date_of_birth,
        u1_0.full_name,
        u1_0.username 
    from
        users u1_0 
    where
        u1_0.username=?
2025-05-13T01:10:26.614+07:00 DEBUG 31184 --- [http-nio-8080-exec-1] org.hibernate.SQL                        : 
    select
        count(f1_0.id) 
    from
        follows f1_0 
    where
        f1_0.following_id=?
2025-05-13T01:10:26.617+07:00 DEBUG 31184 --- [http-nio-8080-exec-1] org.hibernate.SQL                        : 
    select
        count(f1_0.id) 
    from
        follows f1_0 
    where
        f1_0.follower_id=?
2025-05-13T01:10:26.621+07:00 DEBUG 31184 --- [http-nio-8080-exec-1] org.hibernate.SQL                        : 
    select
        r1_0.id,
        r1_0.user_id,
        r1_0.description,
        r1_0.image_url,
        r1_0.title 
    from
        recipes r1_0 
    where
        r1_0.user_id=?
2025-05-13T01:10:26.624+07:00 DEBUG 31184 --- [http-nio-8080-exec-1] org.hibernate.SQL                        : 
    select
        avg(r1_0.score) 
    from
        ratings r1_0 
    join
        recipes r2_0 
            on r2_0.id=r1_0.recipe_id 
    where
        r2_0.user_id=?
2025-05-13T01:10:26.627+07:00 DEBUG 31184 --- [http-nio-8080-exec-1] org.hibernate.SQL                        : 
    select
        u1_0.id,
        u1_0.avatar_url,
        u1_0.date_of_birth,
        u1_0.full_name,
        u1_0.username 
    from
        users u1_0 
    where
        u1_0.username=?
2025-05-13T01:10:26.630+07:00 DEBUG 31184 --- [http-nio-8080-exec-1] org.hibernate.SQL                        : 
    select
        r1_0.id,
        r1_0.user_id,
        r1_0.description,
        r1_0.image_url,
        r1_0.title 
    from
        recipes r1_0 
    where
        r1_0.user_id=?
2025-05-13T01:10:26.633+07:00 DEBUG 31184 --- [http-nio-8080-exec-1] org.hibernate.SQL                        : 
    select
        r1_0.recipe_id,
        r1_0.id,
        r1_0.rated_at,
        r1_0.score,
        u1_0.id,
        u1_0.avatar_url,
        u1_0.date_of_birth,
        u1_0.full_name,
        u1_0.username 
    from
        ratings r1_0 
    left join
        users u1_0 
            on u1_0.id=r1_0.user_id 
    where
        r1_0.recipe_id=?
2025-05-13T01:10:26.637+07:00 DEBUG 31184 --- [http-nio-8080-exec-1] org.hibernate.SQL                        : 
    select
        l1_0.recipe_id,
        l1_0.id,
        l1_0.liked_at,
        u1_0.id,
        u1_0.avatar_url,
        u1_0.date_of_birth,
        u1_0.full_name,
        u1_0.username 
    from
        likes l1_0 
    left join
        users u1_0 
            on u1_0.id=l1_0.user_id 
    where
        l1_0.recipe_id=?
2025-05-13T01:10:26.640+07:00 DEBUG 31184 --- [http-nio-8080-exec-1] org.hibernate.SQL                        : 
    select
        c1_0.id,
        c1_0.content,
        c1_0.created_at,
        c1_0.recipe_id,
        c1_0.user_id 
    from
        comments c1_0 
    where
        c1_0.recipe_id=?
2025-05-13T01:10:26.643+07:00 DEBUG 31184 --- [http-nio-8080-exec-1] org.hibernate.SQL                        : 
    select
        r1_0.recipe_id,
        r1_0.id,
        r1_0.rated_at,
        r1_0.score,
        u1_0.id,
        u1_0.avatar_url,
        u1_0.date_of_birth,
        u1_0.full_name,
        u1_0.username 
    from
        ratings r1_0 
    left join
        users u1_0 
            on u1_0.id=r1_0.user_id 
    where
        r1_0.recipe_id=?
2025-05-13T01:10:26.644+07:00 DEBUG 31184 --- [http-nio-8080-exec-1] org.hibernate.SQL                        : 
    select
        l1_0.recipe_id,
        l1_0.id,
        l1_0.liked_at,
        u1_0.id,
        u1_0.avatar_url,
        u1_0.date_of_birth,
        u1_0.full_name,
        u1_0.username 
    from
        likes l1_0 
    left join
        users u1_0 
            on u1_0.id=l1_0.user_id 
    where
        l1_0.recipe_id=?
2025-05-13T01:10:26.650+07:00 DEBUG 31184 --- [http-nio-8080-exec-1] org.hibernate.SQL                        : 
    select
        c1_0.id,
        c1_0.content,
        c1_0.created_at,
        c1_0.recipe_id,
        c1_0.user_id 
    from
        comments c1_0 
    where
        c1_0.recipe_id=?
2025-05-13T01:17:16.804+07:00  INFO 31184 --- [File Watcher] rtingClassPathChangeChangedEventListener : Restarting due to 1 class path change (0 additions, 1 deletion, 0 modifications)
2025-05-13T01:17:16.806+07:00  INFO 31184 --- [Thread-19] o.s.b.w.e.tomcat.GracefulShutdown        : Commencing graceful shutdown. Waiting for active requests to complete
2025-05-13T01:17:16.810+07:00  INFO 31184 --- [tomcat-shutdown] o.s.b.w.e.tomcat.GracefulShutdown        : Graceful shutdown complete
2025-05-13T01:17:16.811+07:00  INFO 31184 --- [Thread-19] j.LocalContainerEntityManagerFactoryBean : Closing JPA EntityManagerFactory for persistence unit 'default'
2025-05-13T01:17:16.812+07:00  INFO 31184 --- [Thread-19] com.zaxxer.hikari.HikariDataSource       : HikariPool-5 - Shutdown initiated...
2025-05-13T01:17:16.813+07:00  INFO 31184 --- [Thread-19] com.zaxxer.hikari.HikariDataSource       : HikariPool-5 - Shutdown completed.
2025-05-13T01:17:16.873+07:00  INFO 31184 --- [restartedMain] c.r.backend.BackendApplication           : Starting BackendApplication using Java 23 with PID 31184 (C:\RecipeSharingWebsite\backend\target\classes started by haiye in C:\RecipeSharingWebsite\backend)
2025-05-13T01:17:16.873+07:00  INFO 31184 --- [restartedMain] c.r.backend.BackendApplication           : No active profile set, falling back to 1 default profile: "default"
2025-05-13T01:17:17.040+07:00  INFO 31184 --- [restartedMain] .s.d.r.c.RepositoryConfigurationDelegate : Bootstrapping Spring Data JPA repositories in DEFAULT mode.
2025-05-13T01:17:17.055+07:00  INFO 31184 --- [restartedMain] .s.d.r.c.RepositoryConfigurationDelegate : Finished Spring Data repository scanning in 14 ms. Found 7 JPA repository interfaces.
2025-05-13T01:17:17.122+07:00  INFO 31184 --- [restartedMain] o.s.b.w.embedded.tomcat.TomcatWebServer  : Tomcat initialized with port 8080 (http)
2025-05-13T01:17:17.123+07:00  INFO 31184 --- [restartedMain] o.apache.catalina.core.StandardService   : Starting service [Tomcat]
2025-05-13T01:17:17.123+07:00  INFO 31184 --- [restartedMain] o.apache.catalina.core.StandardEngine    : Starting Servlet engine: [Apache Tomcat/10.1.40]
2025-05-13T01:17:17.142+07:00  INFO 31184 --- [restartedMain] o.a.c.c.C.[Tomcat].[localhost].[/]       : Initializing Spring embedded WebApplicationContext
2025-05-13T01:17:17.142+07:00  INFO 31184 --- [restartedMain] w.s.c.ServletWebServerApplicationContext : Root WebApplicationContext: initialization completed in 267 ms
2025-05-13T01:17:17.175+07:00  INFO 31184 --- [restartedMain] o.hibernate.jpa.internal.util.LogHelper  : HHH000204: Processing PersistenceUnitInfo [name: default]
2025-05-13T01:17:17.176+07:00  INFO 31184 --- [restartedMain] o.h.c.internal.RegionFactoryInitiator    : HHH000026: Second-level cache disabled
2025-05-13T01:17:17.182+07:00  INFO 31184 --- [restartedMain] o.s.o.j.p.SpringPersistenceUnitInfo      : No LoadTimeWeaver setup: ignoring JPA class transformer
2025-05-13T01:17:17.183+07:00  INFO 31184 --- [restartedMain] com.zaxxer.hikari.HikariDataSource       : HikariPool-6 - Starting...
2025-05-13T01:17:17.187+07:00  INFO 31184 --- [restartedMain] com.zaxxer.hikari.pool.HikariPool        : HikariPool-6 - Added connection com.mysql.cj.jdbc.ConnectionImpl@4ea9ddfc
2025-05-13T01:17:17.187+07:00  INFO 31184 --- [restartedMain] com.zaxxer.hikari.HikariDataSource       : HikariPool-6 - Start completed.
2025-05-13T01:17:17.188+07:00  WARN 31184 --- [restartedMain] org.hibernate.orm.deprecation            : HHH90000025: MySQL8Dialect does not need to be specified explicitly using 'hibernate.dialect' (remove the property setting and it will be selected by default)
2025-05-13T01:17:17.188+07:00  WARN 31184 --- [restartedMain] org.hibernate.orm.deprecation            : HHH90000026: MySQL8Dialect has been deprecated; use org.hibernate.dialect.MySQLDialect instead
2025-05-13T01:17:17.188+07:00  INFO 31184 --- [restartedMain] org.hibernate.orm.connections.pooling    : HHH10001005: Database info:
	Database JDBC URL [Connecting through datasource 'HikariDataSource (HikariPool-6)']
	Database driver: undefined/unknown
	Database version: 8.0
	Autocommit mode: undefined/unknown
	Isolation level: undefined/unknown
	Minimum pool size: undefined/unknown
	Maximum pool size: undefined/unknown
2025-05-13T01:17:17.242+07:00  INFO 31184 --- [restartedMain] o.h.e.t.j.p.i.JtaPlatformInitiator       : HHH000489: No JTA platform available (set 'hibernate.transaction.jta.platform' to enable JTA platform integration)
2025-05-13T01:17:17.242+07:00  INFO 31184 --- [restartedMain] j.LocalContainerEntityManagerFactoryBean : Initialized JPA EntityManagerFactory for persistence unit 'default'
2025-05-13T01:17:17.321+07:00  WARN 31184 --- [restartedMain] JpaBaseConfiguration$JpaWebConfiguration : spring.jpa.open-in-view is enabled by default. Therefore, database queries may be performed during view rendering. Explicitly configure spring.jpa.open-in-view to disable this warning
2025-05-13T01:17:17.378+07:00  INFO 31184 --- [restartedMain] o.s.b.d.a.OptionalLiveReloadServer       : LiveReload server is running on port 35729
2025-05-13T01:17:17.387+07:00  INFO 31184 --- [restartedMain] o.s.b.w.embedded.tomcat.TomcatWebServer  : Tomcat started on port 8080 (http) with context path '/'
2025-05-13T01:17:17.388+07:00  INFO 31184 --- [restartedMain] c.r.backend.BackendApplication           : Started BackendApplication in 0.536 seconds (process running for 1941.228)
2025-05-13T01:17:17.390+07:00  INFO 31184 --- [restartedMain] .ConditionEvaluationDeltaLoggingListener : Condition evaluation unchanged
2025-05-13T01:18:48.912+07:00  INFO 31184 --- [File Watcher] rtingClassPathChangeChangedEventListener : Restarting due to 1 class path change (1 addition, 0 deletions, 0 modifications)
2025-05-13T01:18:48.913+07:00  INFO 31184 --- [Thread-23] o.s.b.w.e.tomcat.GracefulShutdown        : Commencing graceful shutdown. Waiting for active requests to complete
2025-05-13T01:18:48.921+07:00  INFO 31184 --- [tomcat-shutdown] o.s.b.w.e.tomcat.GracefulShutdown        : Graceful shutdown complete
2025-05-13T01:18:48.924+07:00  INFO 31184 --- [Thread-23] j.LocalContainerEntityManagerFactoryBean : Closing JPA EntityManagerFactory for persistence unit 'default'
2025-05-13T01:18:48.925+07:00  INFO 31184 --- [Thread-23] com.zaxxer.hikari.HikariDataSource       : HikariPool-6 - Shutdown initiated...
2025-05-13T01:18:48.929+07:00  INFO 31184 --- [Thread-23] com.zaxxer.hikari.HikariDataSource       : HikariPool-6 - Shutdown completed.
2025-05-13T01:18:48.998+07:00  INFO 31184 --- [restartedMain] c.r.backend.BackendApplication           : Starting BackendApplication using Java 23 with PID 31184 (C:\RecipeSharingWebsite\backend\target\classes started by haiye in C:\RecipeSharingWebsite\backend)
2025-05-13T01:18:48.999+07:00  INFO 31184 --- [restartedMain] c.r.backend.BackendApplication           : No active profile set, falling back to 1 default profile: "default"
2025-05-13T01:18:49.083+07:00  INFO 31184 --- [restartedMain] .s.d.r.c.RepositoryConfigurationDelegate : Bootstrapping Spring Data JPA repositories in DEFAULT mode.
2025-05-13T01:18:49.095+07:00  INFO 31184 --- [restartedMain] .s.d.r.c.RepositoryConfigurationDelegate : Finished Spring Data repository scanning in 10 ms. Found 7 JPA repository interfaces.
2025-05-13T01:18:49.134+07:00  INFO 31184 --- [restartedMain] o.s.b.w.embedded.tomcat.TomcatWebServer  : Tomcat initialized with port 8080 (http)
2025-05-13T01:18:49.135+07:00  INFO 31184 --- [restartedMain] o.apache.catalina.core.StandardService   : Starting service [Tomcat]
2025-05-13T01:18:49.135+07:00  INFO 31184 --- [restartedMain] o.apache.catalina.core.StandardEngine    : Starting Servlet engine: [Apache Tomcat/10.1.40]
2025-05-13T01:18:49.145+07:00  INFO 31184 --- [restartedMain] o.a.c.c.C.[Tomcat].[localhost].[/]       : Initializing Spring embedded WebApplicationContext
2025-05-13T01:18:49.145+07:00  INFO 31184 --- [restartedMain] w.s.c.ServletWebServerApplicationContext : Root WebApplicationContext: initialization completed in 145 ms
2025-05-13T01:18:49.175+07:00  INFO 31184 --- [restartedMain] o.hibernate.jpa.internal.util.LogHelper  : HHH000204: Processing PersistenceUnitInfo [name: default]
2025-05-13T01:18:49.177+07:00  INFO 31184 --- [restartedMain] o.h.c.internal.RegionFactoryInitiator    : HHH000026: Second-level cache disabled
2025-05-13T01:18:49.181+07:00  INFO 31184 --- [restartedMain] o.s.o.j.p.SpringPersistenceUnitInfo      : No LoadTimeWeaver setup: ignoring JPA class transformer
2025-05-13T01:18:49.182+07:00  INFO 31184 --- [restartedMain] com.zaxxer.hikari.HikariDataSource       : HikariPool-7 - Starting...
2025-05-13T01:18:49.185+07:00  INFO 31184 --- [restartedMain] com.zaxxer.hikari.pool.HikariPool        : HikariPool-7 - Added connection com.mysql.cj.jdbc.ConnectionImpl@70bde032
2025-05-13T01:18:49.185+07:00  INFO 31184 --- [restartedMain] com.zaxxer.hikari.HikariDataSource       : HikariPool-7 - Start completed.
2025-05-13T01:18:49.187+07:00  WARN 31184 --- [restartedMain] org.hibernate.orm.deprecation            : HHH90000025: MySQL8Dialect does not need to be specified explicitly using 'hibernate.dialect' (remove the property setting and it will be selected by default)
2025-05-13T01:18:49.187+07:00  WARN 31184 --- [restartedMain] org.hibernate.orm.deprecation            : HHH90000026: MySQL8Dialect has been deprecated; use org.hibernate.dialect.MySQLDialect instead
2025-05-13T01:18:49.187+07:00  INFO 31184 --- [restartedMain] org.hibernate.orm.connections.pooling    : HHH10001005: Database info:
	Database JDBC URL [Connecting through datasource 'HikariDataSource (HikariPool-7)']
	Database driver: undefined/unknown
	Database version: 8.0
	Autocommit mode: undefined/unknown
	Isolation level: undefined/unknown
	Minimum pool size: undefined/unknown
	Maximum pool size: undefined/unknown
2025-05-13T01:18:49.242+07:00  INFO 31184 --- [restartedMain] o.h.e.t.j.p.i.JtaPlatformInitiator       : HHH000489: No JTA platform available (set 'hibernate.transaction.jta.platform' to enable JTA platform integration)
2025-05-13T01:18:49.243+07:00  INFO 31184 --- [restartedMain] j.LocalContainerEntityManagerFactoryBean : Initialized JPA EntityManagerFactory for persistence unit 'default'
2025-05-13T01:18:49.324+07:00  WARN 31184 --- [restartedMain] JpaBaseConfiguration$JpaWebConfiguration : spring.jpa.open-in-view is enabled by default. Therefore, database queries may be performed during view rendering. Explicitly configure spring.jpa.open-in-view to disable this warning
2025-05-13T01:18:49.370+07:00  INFO 31184 --- [restartedMain] o.s.b.d.a.OptionalLiveReloadServer       : LiveReload server is running on port 35729
2025-05-13T01:18:49.377+07:00  INFO 31184 --- [restartedMain] o.s.b.w.embedded.tomcat.TomcatWebServer  : Tomcat started on port 8080 (http) with context path '/'
2025-05-13T01:18:49.379+07:00  INFO 31184 --- [restartedMain] c.r.backend.BackendApplication           : Started BackendApplication in 0.396 seconds (process running for 2033.218)
2025-05-13T01:18:49.379+07:00  INFO 31184 --- [restartedMain] .ConditionEvaluationDeltaLoggingListener : Condition evaluation unchanged
2025-05-13T01:20:44.877+07:00  INFO 31184 --- [File Watcher] rtingClassPathChangeChangedEventListener : Restarting due to 1 class path change (0 additions, 1 deletion, 0 modifications)
2025-05-13T01:20:44.878+07:00  INFO 31184 --- [Thread-27] o.s.b.w.e.tomcat.GracefulShutdown        : Commencing graceful shutdown. Waiting for active requests to complete
2025-05-13T01:20:44.885+07:00  INFO 31184 --- [tomcat-shutdown] o.s.b.w.e.tomcat.GracefulShutdown        : Graceful shutdown complete
2025-05-13T01:20:44.886+07:00  INFO 31184 --- [Thread-27] j.LocalContainerEntityManagerFactoryBean : Closing JPA EntityManagerFactory for persistence unit 'default'
2025-05-13T01:20:44.887+07:00  INFO 31184 --- [Thread-27] com.zaxxer.hikari.HikariDataSource       : HikariPool-7 - Shutdown initiated...
2025-05-13T01:20:44.889+07:00  INFO 31184 --- [Thread-27] com.zaxxer.hikari.HikariDataSource       : HikariPool-7 - Shutdown completed.
2025-05-13T01:20:44.955+07:00  INFO 31184 --- [restartedMain] c.r.backend.BackendApplication           : Starting BackendApplication using Java 23 with PID 31184 (C:\RecipeSharingWebsite\backend\target\classes started by haiye in C:\RecipeSharingWebsite\backend)
2025-05-13T01:20:44.956+07:00  INFO 31184 --- [restartedMain] c.r.backend.BackendApplication           : No active profile set, falling back to 1 default profile: "default"
2025-05-13T01:20:45.079+07:00  INFO 31184 --- [restartedMain] .s.d.r.c.RepositoryConfigurationDelegate : Bootstrapping Spring Data JPA repositories in DEFAULT mode.
2025-05-13T01:20:45.096+07:00  INFO 31184 --- [restartedMain] .s.d.r.c.RepositoryConfigurationDelegate : Finished Spring Data repository scanning in 15 ms. Found 7 JPA repository interfaces.
2025-05-13T01:20:45.152+07:00  INFO 31184 --- [restartedMain] o.s.b.w.embedded.tomcat.TomcatWebServer  : Tomcat initialized with port 8080 (http)
2025-05-13T01:20:45.152+07:00  INFO 31184 --- [restartedMain] o.apache.catalina.core.StandardService   : Starting service [Tomcat]
2025-05-13T01:20:45.152+07:00  INFO 31184 --- [restartedMain] o.apache.catalina.core.StandardEngine    : Starting Servlet engine: [Apache Tomcat/10.1.40]
2025-05-13T01:20:45.167+07:00  INFO 31184 --- [restartedMain] o.a.c.c.C.[Tomcat].[localhost].[/]       : Initializing Spring embedded WebApplicationContext
2025-05-13T01:20:45.167+07:00  INFO 31184 --- [restartedMain] w.s.c.ServletWebServerApplicationContext : Root WebApplicationContext: initialization completed in 210 ms
2025-05-13T01:20:45.207+07:00  INFO 31184 --- [restartedMain] o.hibernate.jpa.internal.util.LogHelper  : HHH000204: Processing PersistenceUnitInfo [name: default]
2025-05-13T01:20:45.209+07:00  INFO 31184 --- [restartedMain] o.h.c.internal.RegionFactoryInitiator    : HHH000026: Second-level cache disabled
2025-05-13T01:20:45.215+07:00  INFO 31184 --- [restartedMain] o.s.o.j.p.SpringPersistenceUnitInfo      : No LoadTimeWeaver setup: ignoring JPA class transformer
2025-05-13T01:20:45.216+07:00  INFO 31184 --- [restartedMain] com.zaxxer.hikari.HikariDataSource       : HikariPool-8 - Starting...
2025-05-13T01:20:45.221+07:00  INFO 31184 --- [restartedMain] com.zaxxer.hikari.pool.HikariPool        : HikariPool-8 - Added connection com.mysql.cj.jdbc.ConnectionImpl@4e5a29ce
2025-05-13T01:20:45.221+07:00  INFO 31184 --- [restartedMain] com.zaxxer.hikari.HikariDataSource       : HikariPool-8 - Start completed.
2025-05-13T01:20:45.221+07:00  WARN 31184 --- [restartedMain] org.hibernate.orm.deprecation            : HHH90000025: MySQL8Dialect does not need to be specified explicitly using 'hibernate.dialect' (remove the property setting and it will be selected by default)
2025-05-13T01:20:45.221+07:00  WARN 31184 --- [restartedMain] org.hibernate.orm.deprecation            : HHH90000026: MySQL8Dialect has been deprecated; use org.hibernate.dialect.MySQLDialect instead
2025-05-13T01:20:45.222+07:00  INFO 31184 --- [restartedMain] org.hibernate.orm.connections.pooling    : HHH10001005: Database info:
	Database JDBC URL [Connecting through datasource 'HikariDataSource (HikariPool-8)']
	Database driver: undefined/unknown
	Database version: 8.0
	Autocommit mode: undefined/unknown
	Isolation level: undefined/unknown
	Minimum pool size: undefined/unknown
	Maximum pool size: undefined/unknown
2025-05-13T01:20:45.293+07:00  INFO 31184 --- [restartedMain] o.h.e.t.j.p.i.JtaPlatformInitiator       : HHH000489: No JTA platform available (set 'hibernate.transaction.jta.platform' to enable JTA platform integration)
2025-05-13T01:20:45.293+07:00  INFO 31184 --- [restartedMain] j.LocalContainerEntityManagerFactoryBean : Initialized JPA EntityManagerFactory for persistence unit 'default'
2025-05-13T01:20:45.385+07:00  WARN 31184 --- [restartedMain] JpaBaseConfiguration$JpaWebConfiguration : spring.jpa.open-in-view is enabled by default. Therefore, database queries may be performed during view rendering. Explicitly configure spring.jpa.open-in-view to disable this warning
2025-05-13T01:20:45.452+07:00  INFO 31184 --- [restartedMain] o.s.b.d.a.OptionalLiveReloadServer       : LiveReload server is running on port 35729
2025-05-13T01:20:45.461+07:00  INFO 31184 --- [restartedMain] o.s.b.w.embedded.tomcat.TomcatWebServer  : Tomcat started on port 8080 (http) with context path '/'
2025-05-13T01:20:45.464+07:00  INFO 31184 --- [restartedMain] c.r.backend.BackendApplication           : Started BackendApplication in 0.531 seconds (process running for 2149.302)
2025-05-13T01:20:45.465+07:00  INFO 31184 --- [restartedMain] .ConditionEvaluationDeltaLoggingListener : Condition evaluation unchanged
2025-05-13T01:20:46.902+07:00  INFO 31184 --- [File Watcher] rtingClassPathChangeChangedEventListener : Restarting due to 1 class path change (1 addition, 0 deletions, 0 modifications)
2025-05-13T01:20:46.903+07:00  INFO 31184 --- [Thread-31] o.s.b.w.e.tomcat.GracefulShutdown        : Commencing graceful shutdown. Waiting for active requests to complete
2025-05-13T01:20:46.907+07:00  INFO 31184 --- [tomcat-shutdown] o.s.b.w.e.tomcat.GracefulShutdown        : Graceful shutdown complete
2025-05-13T01:20:46.908+07:00  INFO 31184 --- [Thread-31] j.LocalContainerEntityManagerFactoryBean : Closing JPA EntityManagerFactory for persistence unit 'default'
2025-05-13T01:20:46.908+07:00  INFO 31184 --- [Thread-31] com.zaxxer.hikari.HikariDataSource       : HikariPool-8 - Shutdown initiated...
2025-05-13T01:20:46.909+07:00  INFO 31184 --- [Thread-31] com.zaxxer.hikari.HikariDataSource       : HikariPool-8 - Shutdown completed.
2025-05-13T01:20:46.963+07:00  INFO 31184 --- [restartedMain] c.r.backend.BackendApplication           : Starting BackendApplication using Java 23 with PID 31184 (C:\RecipeSharingWebsite\backend\target\classes started by haiye in C:\RecipeSharingWebsite\backend)
2025-05-13T01:20:46.965+07:00  INFO 31184 --- [restartedMain] c.r.backend.BackendApplication           : No active profile set, falling back to 1 default profile: "default"
2025-05-13T01:20:47.071+07:00  INFO 31184 --- [restartedMain] .s.d.r.c.RepositoryConfigurationDelegate : Bootstrapping Spring Data JPA repositories in DEFAULT mode.
2025-05-13T01:20:47.086+07:00  INFO 31184 --- [restartedMain] .s.d.r.c.RepositoryConfigurationDelegate : Finished Spring Data repository scanning in 13 ms. Found 7 JPA repository interfaces.
2025-05-13T01:20:47.138+07:00  INFO 31184 --- [restartedMain] o.s.b.w.embedded.tomcat.TomcatWebServer  : Tomcat initialized with port 8080 (http)
2025-05-13T01:20:47.138+07:00  INFO 31184 --- [restartedMain] o.apache.catalina.core.StandardService   : Starting service [Tomcat]
2025-05-13T01:20:47.138+07:00  INFO 31184 --- [restartedMain] o.apache.catalina.core.StandardEngine    : Starting Servlet engine: [Apache Tomcat/10.1.40]
2025-05-13T01:20:47.152+07:00  INFO 31184 --- [restartedMain] o.a.c.c.C.[Tomcat].[localhost].[/]       : Initializing Spring embedded WebApplicationContext
2025-05-13T01:20:47.152+07:00  INFO 31184 --- [restartedMain] w.s.c.ServletWebServerApplicationContext : Root WebApplicationContext: initialization completed in 186 ms
2025-05-13T01:20:47.183+07:00  INFO 31184 --- [restartedMain] o.hibernate.jpa.internal.util.LogHelper  : HHH000204: Processing PersistenceUnitInfo [name: default]
2025-05-13T01:20:47.184+07:00  INFO 31184 --- [restartedMain] o.h.c.internal.RegionFactoryInitiator    : HHH000026: Second-level cache disabled
2025-05-13T01:20:47.190+07:00  INFO 31184 --- [restartedMain] o.s.o.j.p.SpringPersistenceUnitInfo      : No LoadTimeWeaver setup: ignoring JPA class transformer
2025-05-13T01:20:47.190+07:00  INFO 31184 --- [restartedMain] com.zaxxer.hikari.HikariDataSource       : HikariPool-9 - Starting...
2025-05-13T01:20:47.193+07:00  INFO 31184 --- [restartedMain] com.zaxxer.hikari.pool.HikariPool        : HikariPool-9 - Added connection com.mysql.cj.jdbc.ConnectionImpl@1d26bc47
2025-05-13T01:20:47.193+07:00  INFO 31184 --- [restartedMain] com.zaxxer.hikari.HikariDataSource       : HikariPool-9 - Start completed.
2025-05-13T01:20:47.194+07:00  WARN 31184 --- [restartedMain] org.hibernate.orm.deprecation            : HHH90000025: MySQL8Dialect does not need to be specified explicitly using 'hibernate.dialect' (remove the property setting and it will be selected by default)
2025-05-13T01:20:47.194+07:00  WARN 31184 --- [restartedMain] org.hibernate.orm.deprecation            : HHH90000026: MySQL8Dialect has been deprecated; use org.hibernate.dialect.MySQLDialect instead
2025-05-13T01:20:47.194+07:00  INFO 31184 --- [restartedMain] org.hibernate.orm.connections.pooling    : HHH10001005: Database info:
	Database JDBC URL [Connecting through datasource 'HikariDataSource (HikariPool-9)']
	Database driver: undefined/unknown
	Database version: 8.0
	Autocommit mode: undefined/unknown
	Isolation level: undefined/unknown
	Minimum pool size: undefined/unknown
	Maximum pool size: undefined/unknown
2025-05-13T01:20:47.259+07:00  INFO 31184 --- [restartedMain] o.h.e.t.j.p.i.JtaPlatformInitiator       : HHH000489: No JTA platform available (set 'hibernate.transaction.jta.platform' to enable JTA platform integration)
2025-05-13T01:20:47.259+07:00  INFO 31184 --- [restartedMain] j.LocalContainerEntityManagerFactoryBean : Initialized JPA EntityManagerFactory for persistence unit 'default'
2025-05-13T01:20:47.344+07:00  WARN 31184 --- [restartedMain] JpaBaseConfiguration$JpaWebConfiguration : spring.jpa.open-in-view is enabled by default. Therefore, database queries may be performed during view rendering. Explicitly configure spring.jpa.open-in-view to disable this warning
2025-05-13T01:20:47.405+07:00  INFO 31184 --- [restartedMain] o.s.b.d.a.OptionalLiveReloadServer       : LiveReload server is running on port 35729
2025-05-13T01:20:47.413+07:00  INFO 31184 --- [restartedMain] o.s.b.w.embedded.tomcat.TomcatWebServer  : Tomcat started on port 8080 (http) with context path '/'
2025-05-13T01:20:47.415+07:00  INFO 31184 --- [restartedMain] c.r.backend.BackendApplication           : Started BackendApplication in 0.47 seconds (process running for 2151.255)
2025-05-13T01:20:47.416+07:00  INFO 31184 --- [restartedMain] .ConditionEvaluationDeltaLoggingListener : Condition evaluation unchanged
2025-05-13T01:21:09.273+07:00  INFO 31184 --- [File Watcher] rtingClassPathChangeChangedEventListener : Restarting due to 1 class path change (0 additions, 1 deletion, 0 modifications)
2025-05-13T01:21:09.274+07:00  INFO 31184 --- [Thread-35] o.s.b.w.e.tomcat.GracefulShutdown        : Commencing graceful shutdown. Waiting for active requests to complete
2025-05-13T01:21:09.279+07:00  INFO 31184 --- [tomcat-shutdown] o.s.b.w.e.tomcat.GracefulShutdown        : Graceful shutdown complete
2025-05-13T01:21:09.280+07:00  INFO 31184 --- [Thread-35] j.LocalContainerEntityManagerFactoryBean : Closing JPA EntityManagerFactory for persistence unit 'default'
2025-05-13T01:21:09.281+07:00  INFO 31184 --- [Thread-35] com.zaxxer.hikari.HikariDataSource       : HikariPool-9 - Shutdown initiated...
2025-05-13T01:21:09.282+07:00  INFO 31184 --- [Thread-35] com.zaxxer.hikari.HikariDataSource       : HikariPool-9 - Shutdown completed.
2025-05-13T01:21:09.337+07:00  INFO 31184 --- [restartedMain] c.r.backend.BackendApplication           : Starting BackendApplication using Java 23 with PID 31184 (C:\RecipeSharingWebsite\backend\target\classes started by haiye in C:\RecipeSharingWebsite\backend)
2025-05-13T01:21:09.339+07:00  INFO 31184 --- [restartedMain] c.r.backend.BackendApplication           : No active profile set, falling back to 1 default profile: "default"
2025-05-13T01:21:09.459+07:00  INFO 31184 --- [restartedMain] .s.d.r.c.RepositoryConfigurationDelegate : Bootstrapping Spring Data JPA repositories in DEFAULT mode.
2025-05-13T01:21:09.476+07:00  INFO 31184 --- [restartedMain] .s.d.r.c.RepositoryConfigurationDelegate : Finished Spring Data repository scanning in 15 ms. Found 7 JPA repository interfaces.
2025-05-13T01:21:09.532+07:00  INFO 31184 --- [restartedMain] o.s.b.w.embedded.tomcat.TomcatWebServer  : Tomcat initialized with port 8080 (http)
2025-05-13T01:21:09.532+07:00  INFO 31184 --- [restartedMain] o.apache.catalina.core.StandardService   : Starting service [Tomcat]
2025-05-13T01:21:09.532+07:00  INFO 31184 --- [restartedMain] o.apache.catalina.core.StandardEngine    : Starting Servlet engine: [Apache Tomcat/10.1.40]
2025-05-13T01:21:09.546+07:00  INFO 31184 --- [restartedMain] o.a.c.c.C.[Tomcat].[localhost].[/]       : Initializing Spring embedded WebApplicationContext
2025-05-13T01:21:09.546+07:00  INFO 31184 --- [restartedMain] w.s.c.ServletWebServerApplicationContext : Root WebApplicationContext: initialization completed in 206 ms
2025-05-13T01:21:09.577+07:00  INFO 31184 --- [restartedMain] o.hibernate.jpa.internal.util.LogHelper  : HHH000204: Processing PersistenceUnitInfo [name: default]
2025-05-13T01:21:09.580+07:00  INFO 31184 --- [restartedMain] o.h.c.internal.RegionFactoryInitiator    : HHH000026: Second-level cache disabled
2025-05-13T01:21:09.588+07:00  INFO 31184 --- [restartedMain] o.s.o.j.p.SpringPersistenceUnitInfo      : No LoadTimeWeaver setup: ignoring JPA class transformer
2025-05-13T01:21:09.588+07:00  INFO 31184 --- [restartedMain] com.zaxxer.hikari.HikariDataSource       : HikariPool-10 - Starting...
2025-05-13T01:21:09.591+07:00  INFO 31184 --- [restartedMain] com.zaxxer.hikari.pool.HikariPool        : HikariPool-10 - Added connection com.mysql.cj.jdbc.ConnectionImpl@73c69093
2025-05-13T01:21:09.591+07:00  INFO 31184 --- [restartedMain] com.zaxxer.hikari.HikariDataSource       : HikariPool-10 - Start completed.
2025-05-13T01:21:09.591+07:00  WARN 31184 --- [restartedMain] org.hibernate.orm.deprecation            : HHH90000025: MySQL8Dialect does not need to be specified explicitly using 'hibernate.dialect' (remove the property setting and it will be selected by default)
2025-05-13T01:21:09.591+07:00  WARN 31184 --- [restartedMain] org.hibernate.orm.deprecation            : HHH90000026: MySQL8Dialect has been deprecated; use org.hibernate.dialect.MySQLDialect instead
2025-05-13T01:21:09.592+07:00  INFO 31184 --- [restartedMain] org.hibernate.orm.connections.pooling    : HHH10001005: Database info:
	Database JDBC URL [Connecting through datasource 'HikariDataSource (HikariPool-10)']
	Database driver: undefined/unknown
	Database version: 8.0
	Autocommit mode: undefined/unknown
	Isolation level: undefined/unknown
	Minimum pool size: undefined/unknown
	Maximum pool size: undefined/unknown
2025-05-13T01:21:09.667+07:00  INFO 31184 --- [restartedMain] o.h.e.t.j.p.i.JtaPlatformInitiator       : HHH000489: No JTA platform available (set 'hibernate.transaction.jta.platform' to enable JTA platform integration)
2025-05-13T01:21:09.668+07:00  INFO 31184 --- [restartedMain] j.LocalContainerEntityManagerFactoryBean : Initialized JPA EntityManagerFactory for persistence unit 'default'
2025-05-13T01:21:09.753+07:00  WARN 31184 --- [restartedMain] JpaBaseConfiguration$JpaWebConfiguration : spring.jpa.open-in-view is enabled by default. Therefore, database queries may be performed during view rendering. Explicitly configure spring.jpa.open-in-view to disable this warning
2025-05-13T01:21:09.809+07:00  INFO 31184 --- [restartedMain] o.s.b.d.a.OptionalLiveReloadServer       : LiveReload server is running on port 35729
2025-05-13T01:21:09.817+07:00  INFO 31184 --- [restartedMain] o.s.b.w.embedded.tomcat.TomcatWebServer  : Tomcat started on port 8080 (http) with context path '/'
2025-05-13T01:21:09.819+07:00  INFO 31184 --- [restartedMain] c.r.backend.BackendApplication           : Started BackendApplication in 0.499 seconds (process running for 2173.658)
2025-05-13T01:21:09.820+07:00  INFO 31184 --- [restartedMain] .ConditionEvaluationDeltaLoggingListener : Condition evaluation unchanged
2025-05-13T01:21:11.240+07:00  INFO 31184 --- [File Watcher] rtingClassPathChangeChangedEventListener : Restarting due to 1 class path change (1 addition, 0 deletions, 0 modifications)
2025-05-13T01:21:11.241+07:00  INFO 31184 --- [Thread-39] o.s.b.w.e.tomcat.GracefulShutdown        : Commencing graceful shutdown. Waiting for active requests to complete
2025-05-13T01:21:11.247+07:00  INFO 31184 --- [tomcat-shutdown] o.s.b.w.e.tomcat.GracefulShutdown        : Graceful shutdown complete
2025-05-13T01:21:11.249+07:00  INFO 31184 --- [Thread-39] j.LocalContainerEntityManagerFactoryBean : Closing JPA EntityManagerFactory for persistence unit 'default'
2025-05-13T01:21:11.250+07:00  INFO 31184 --- [Thread-39] com.zaxxer.hikari.HikariDataSource       : HikariPool-10 - Shutdown initiated...
2025-05-13T01:21:11.252+07:00  INFO 31184 --- [Thread-39] com.zaxxer.hikari.HikariDataSource       : HikariPool-10 - Shutdown completed.
2025-05-13T01:21:11.319+07:00  INFO 31184 --- [restartedMain] c.r.backend.BackendApplication           : Starting BackendApplication using Java 23 with PID 31184 (C:\RecipeSharingWebsite\backend\target\classes started by haiye in C:\RecipeSharingWebsite\backend)
2025-05-13T01:21:11.319+07:00  INFO 31184 --- [restartedMain] c.r.backend.BackendApplication           : No active profile set, falling back to 1 default profile: "default"
2025-05-13T01:21:11.446+07:00  INFO 31184 --- [restartedMain] .s.d.r.c.RepositoryConfigurationDelegate : Bootstrapping Spring Data JPA repositories in DEFAULT mode.
2025-05-13T01:21:11.470+07:00  INFO 31184 --- [restartedMain] .s.d.r.c.RepositoryConfigurationDelegate : Finished Spring Data repository scanning in 24 ms. Found 7 JPA repository interfaces.
2025-05-13T01:21:11.540+07:00  INFO 31184 --- [restartedMain] o.s.b.w.embedded.tomcat.TomcatWebServer  : Tomcat initialized with port 8080 (http)
2025-05-13T01:21:11.540+07:00  INFO 31184 --- [restartedMain] o.apache.catalina.core.StandardService   : Starting service [Tomcat]
2025-05-13T01:21:11.540+07:00  INFO 31184 --- [restartedMain] o.apache.catalina.core.StandardEngine    : Starting Servlet engine: [Apache Tomcat/10.1.40]
2025-05-13T01:21:11.558+07:00  INFO 31184 --- [restartedMain] o.a.c.c.C.[Tomcat].[localhost].[/]       : Initializing Spring embedded WebApplicationContext
2025-05-13T01:21:11.558+07:00  INFO 31184 --- [restartedMain] w.s.c.ServletWebServerApplicationContext : Root WebApplicationContext: initialization completed in 237 ms
2025-05-13T01:21:11.596+07:00  INFO 31184 --- [restartedMain] o.hibernate.jpa.internal.util.LogHelper  : HHH000204: Processing PersistenceUnitInfo [name: default]
2025-05-13T01:21:11.599+07:00  INFO 31184 --- [restartedMain] o.h.c.internal.RegionFactoryInitiator    : HHH000026: Second-level cache disabled
2025-05-13T01:21:11.605+07:00  INFO 31184 --- [restartedMain] o.s.o.j.p.SpringPersistenceUnitInfo      : No LoadTimeWeaver setup: ignoring JPA class transformer
2025-05-13T01:21:11.606+07:00  INFO 31184 --- [restartedMain] com.zaxxer.hikari.HikariDataSource       : HikariPool-11 - Starting...
2025-05-13T01:21:11.609+07:00  INFO 31184 --- [restartedMain] com.zaxxer.hikari.pool.HikariPool        : HikariPool-11 - Added connection com.mysql.cj.jdbc.ConnectionImpl@43b59432
2025-05-13T01:21:11.610+07:00  INFO 31184 --- [restartedMain] com.zaxxer.hikari.HikariDataSource       : HikariPool-11 - Start completed.
2025-05-13T01:21:11.610+07:00  WARN 31184 --- [restartedMain] org.hibernate.orm.deprecation            : HHH90000025: MySQL8Dialect does not need to be specified explicitly using 'hibernate.dialect' (remove the property setting and it will be selected by default)
2025-05-13T01:21:11.610+07:00  WARN 31184 --- [restartedMain] org.hibernate.orm.deprecation            : HHH90000026: MySQL8Dialect has been deprecated; use org.hibernate.dialect.MySQLDialect instead
2025-05-13T01:21:11.610+07:00  INFO 31184 --- [restartedMain] org.hibernate.orm.connections.pooling    : HHH10001005: Database info:
	Database JDBC URL [Connecting through datasource 'HikariDataSource (HikariPool-11)']
	Database driver: undefined/unknown
	Database version: 8.0
	Autocommit mode: undefined/unknown
	Isolation level: undefined/unknown
	Minimum pool size: undefined/unknown
	Maximum pool size: undefined/unknown
2025-05-13T01:21:11.691+07:00  INFO 31184 --- [restartedMain] o.h.e.t.j.p.i.JtaPlatformInitiator       : HHH000489: No JTA platform available (set 'hibernate.transaction.jta.platform' to enable JTA platform integration)
2025-05-13T01:21:11.691+07:00  INFO 31184 --- [restartedMain] j.LocalContainerEntityManagerFactoryBean : Initialized JPA EntityManagerFactory for persistence unit 'default'
2025-05-13T01:21:11.807+07:00  WARN 31184 --- [restartedMain] JpaBaseConfiguration$JpaWebConfiguration : spring.jpa.open-in-view is enabled by default. Therefore, database queries may be performed during view rendering. Explicitly configure spring.jpa.open-in-view to disable this warning
2025-05-13T01:21:11.869+07:00  INFO 31184 --- [restartedMain] o.s.b.d.a.OptionalLiveReloadServer       : LiveReload server is running on port 35729
2025-05-13T01:21:11.877+07:00  INFO 31184 --- [restartedMain] o.s.b.w.embedded.tomcat.TomcatWebServer  : Tomcat started on port 8080 (http) with context path '/'
2025-05-13T01:21:11.879+07:00  INFO 31184 --- [restartedMain] c.r.backend.BackendApplication           : Started BackendApplication in 0.58 seconds (process running for 2175.718)
2025-05-13T01:21:11.880+07:00  INFO 31184 --- [restartedMain] .ConditionEvaluationDeltaLoggingListener : Condition evaluation unchanged
2025-05-13T01:21:15.132+07:00  INFO 31184 --- [http-nio-8080-exec-1] o.a.c.c.C.[Tomcat].[localhost].[/]       : Initializing Spring DispatcherServlet 'dispatcherServlet'
2025-05-13T01:21:15.132+07:00  INFO 31184 --- [http-nio-8080-exec-1] o.s.web.servlet.DispatcherServlet        : Initializing Servlet 'dispatcherServlet'
2025-05-13T01:21:15.132+07:00  INFO 31184 --- [http-nio-8080-exec-1] o.s.web.servlet.DispatcherServlet        : Completed initialization in 0 ms
2025-05-13T01:21:46.521+07:00 DEBUG 31184 --- [http-nio-8080-exec-3] org.hibernate.SQL                        : 
    select
        u1_0.id,
        u1_0.avatar_url,
        u1_0.date_of_birth,
        u1_0.full_name,
        u1_0.username 
    from
        users u1_0 
    where
        u1_0.username=?
2025-05-13T01:21:46.528+07:00 DEBUG 31184 --- [http-nio-8080-exec-3] org.hibernate.SQL                        : 
    select
        count(f1_0.id) 
    from
        follows f1_0 
    where
        f1_0.following_id=?
2025-05-13T01:21:46.531+07:00 DEBUG 31184 --- [http-nio-8080-exec-3] org.hibernate.SQL                        : 
    select
        count(f1_0.id) 
    from
        follows f1_0 
    where
        f1_0.follower_id=?
2025-05-13T01:21:46.536+07:00 DEBUG 31184 --- [http-nio-8080-exec-3] org.hibernate.SQL                        : 
    select
        r1_0.id,
        r1_0.user_id,
        r1_0.description,
        r1_0.image_url,
        r1_0.title 
    from
        recipes r1_0 
    where
        r1_0.user_id=?
2025-05-13T01:21:46.541+07:00 DEBUG 31184 --- [http-nio-8080-exec-3] org.hibernate.SQL                        : 
    select
        avg(r1_0.score) 
    from
        ratings r1_0 
    join
        recipes r2_0 
            on r2_0.id=r1_0.recipe_id 
    where
        r2_0.user_id=?
2025-05-13T01:21:46.543+07:00 DEBUG 31184 --- [http-nio-8080-exec-3] org.hibernate.SQL                        : 
    select
        u1_0.id,
        u1_0.avatar_url,
        u1_0.date_of_birth,
        u1_0.full_name,
        u1_0.username 
    from
        users u1_0 
    where
        u1_0.username=?
2025-05-13T01:21:46.546+07:00 DEBUG 31184 --- [http-nio-8080-exec-3] org.hibernate.SQL                        : 
    select
        r1_0.id,
        r1_0.user_id,
        r1_0.description,
        r1_0.image_url,
        r1_0.title 
    from
        recipes r1_0 
    where
        r1_0.user_id=?
2025-05-13T01:21:46.549+07:00 DEBUG 31184 --- [http-nio-8080-exec-3] org.hibernate.SQL                        : 
    select
        r1_0.recipe_id,
        r1_0.id,
        r1_0.rated_at,
        r1_0.score,
        u1_0.id,
        u1_0.avatar_url,
        u1_0.date_of_birth,
        u1_0.full_name,
        u1_0.username 
    from
        ratings r1_0 
    left join
        users u1_0 
            on u1_0.id=r1_0.user_id 
    where
        r1_0.recipe_id=?
2025-05-13T01:21:46.553+07:00 DEBUG 31184 --- [http-nio-8080-exec-3] org.hibernate.SQL                        : 
    select
        l1_0.recipe_id,
        l1_0.id,
        l1_0.liked_at,
        u1_0.id,
        u1_0.avatar_url,
        u1_0.date_of_birth,
        u1_0.full_name,
        u1_0.username 
    from
        likes l1_0 
    left join
        users u1_0 
            on u1_0.id=l1_0.user_id 
    where
        l1_0.recipe_id=?
2025-05-13T01:21:46.557+07:00 DEBUG 31184 --- [http-nio-8080-exec-3] org.hibernate.SQL                        : 
    select
        c1_0.id,
        c1_0.content,
        c1_0.created_at,
        c1_0.recipe_id,
        c1_0.user_id 
    from
        comments c1_0 
    where
        c1_0.recipe_id=?
2025-05-13T01:21:46.561+07:00 DEBUG 31184 --- [http-nio-8080-exec-3] org.hibernate.SQL                        : 
    select
        r1_0.recipe_id,
        r1_0.id,
        r1_0.rated_at,
        r1_0.score,
        u1_0.id,
        u1_0.avatar_url,
        u1_0.date_of_birth,
        u1_0.full_name,
        u1_0.username 
    from
        ratings r1_0 
    left join
        users u1_0 
            on u1_0.id=r1_0.user_id 
    where
        r1_0.recipe_id=?
2025-05-13T01:21:46.563+07:00 DEBUG 31184 --- [http-nio-8080-exec-3] org.hibernate.SQL                        : 
    select
        l1_0.recipe_id,
        l1_0.id,
        l1_0.liked_at,
        u1_0.id,
        u1_0.avatar_url,
        u1_0.date_of_birth,
        u1_0.full_name,
        u1_0.username 
    from
        likes l1_0 
    left join
        users u1_0 
            on u1_0.id=l1_0.user_id 
    where
        l1_0.recipe_id=?
2025-05-13T01:21:46.569+07:00 DEBUG 31184 --- [http-nio-8080-exec-3] org.hibernate.SQL                        : 
    select
        c1_0.id,
        c1_0.content,
        c1_0.created_at,
        c1_0.recipe_id,
        c1_0.user_id 
    from
        comments c1_0 
    where
        c1_0.recipe_id=?
2025-05-13T01:25:12.612+07:00  INFO 31184 --- [File Watcher] rtingClassPathChangeChangedEventListener : Restarting due to 1 class path change (0 additions, 1 deletion, 0 modifications)
2025-05-13T01:25:12.615+07:00  INFO 31184 --- [Thread-43] o.s.b.w.e.tomcat.GracefulShutdown        : Commencing graceful shutdown. Waiting for active requests to complete
2025-05-13T01:25:12.629+07:00  INFO 31184 --- [tomcat-shutdown] o.s.b.w.e.tomcat.GracefulShutdown        : Graceful shutdown complete
2025-05-13T01:25:12.631+07:00  INFO 31184 --- [Thread-43] j.LocalContainerEntityManagerFactoryBean : Closing JPA EntityManagerFactory for persistence unit 'default'
2025-05-13T01:25:12.632+07:00  INFO 31184 --- [Thread-43] com.zaxxer.hikari.HikariDataSource       : HikariPool-11 - Shutdown initiated...
2025-05-13T01:25:12.635+07:00  INFO 31184 --- [Thread-43] com.zaxxer.hikari.HikariDataSource       : HikariPool-11 - Shutdown completed.
2025-05-13T01:25:12.737+07:00  INFO 31184 --- [restartedMain] c.r.backend.BackendApplication           : Starting BackendApplication using Java 23 with PID 31184 (C:\RecipeSharingWebsite\backend\target\classes started by haiye in C:\RecipeSharingWebsite\backend)
2025-05-13T01:25:12.738+07:00  INFO 31184 --- [restartedMain] c.r.backend.BackendApplication           : No active profile set, falling back to 1 default profile: "default"
2025-05-13T01:25:12.959+07:00  INFO 31184 --- [restartedMain] .s.d.r.c.RepositoryConfigurationDelegate : Bootstrapping Spring Data JPA repositories in DEFAULT mode.
2025-05-13T01:25:12.985+07:00  INFO 31184 --- [restartedMain] .s.d.r.c.RepositoryConfigurationDelegate : Finished Spring Data repository scanning in 25 ms. Found 7 JPA repository interfaces.
2025-05-13T01:25:13.094+07:00  INFO 31184 --- [restartedMain] o.s.b.w.embedded.tomcat.TomcatWebServer  : Tomcat initialized with port 8080 (http)
2025-05-13T01:25:13.095+07:00  INFO 31184 --- [restartedMain] o.apache.catalina.core.StandardService   : Starting service [Tomcat]
2025-05-13T01:25:13.095+07:00  INFO 31184 --- [restartedMain] o.apache.catalina.core.StandardEngine    : Starting Servlet engine: [Apache Tomcat/10.1.40]
2025-05-13T01:25:13.145+07:00  INFO 31184 --- [restartedMain] o.a.c.c.C.[Tomcat].[localhost].[/]       : Initializing Spring embedded WebApplicationContext
2025-05-13T01:25:13.145+07:00  INFO 31184 --- [restartedMain] w.s.c.ServletWebServerApplicationContext : Root WebApplicationContext: initialization completed in 406 ms
2025-05-13T01:25:13.186+07:00  INFO 31184 --- [restartedMain] o.hibernate.jpa.internal.util.LogHelper  : HHH000204: Processing PersistenceUnitInfo [name: default]
2025-05-13T01:25:13.189+07:00  INFO 31184 --- [restartedMain] o.h.c.internal.RegionFactoryInitiator    : HHH000026: Second-level cache disabled
2025-05-13T01:25:13.199+07:00  INFO 31184 --- [restartedMain] o.s.o.j.p.SpringPersistenceUnitInfo      : No LoadTimeWeaver setup: ignoring JPA class transformer
2025-05-13T01:25:13.202+07:00  INFO 31184 --- [restartedMain] com.zaxxer.hikari.HikariDataSource       : HikariPool-12 - Starting...
2025-05-13T01:25:13.208+07:00  INFO 31184 --- [restartedMain] com.zaxxer.hikari.pool.HikariPool        : HikariPool-12 - Added connection com.mysql.cj.jdbc.ConnectionImpl@7f6ad84
2025-05-13T01:25:13.208+07:00  INFO 31184 --- [restartedMain] com.zaxxer.hikari.HikariDataSource       : HikariPool-12 - Start completed.
2025-05-13T01:25:13.209+07:00  WARN 31184 --- [restartedMain] org.hibernate.orm.deprecation            : HHH90000025: MySQL8Dialect does not need to be specified explicitly using 'hibernate.dialect' (remove the property setting and it will be selected by default)
2025-05-13T01:25:13.209+07:00  WARN 31184 --- [restartedMain] org.hibernate.orm.deprecation            : HHH90000026: MySQL8Dialect has been deprecated; use org.hibernate.dialect.MySQLDialect instead
2025-05-13T01:25:13.209+07:00  INFO 31184 --- [restartedMain] org.hibernate.orm.connections.pooling    : HHH10001005: Database info:
	Database JDBC URL [Connecting through datasource 'HikariDataSource (HikariPool-12)']
	Database driver: undefined/unknown
	Database version: 8.0
	Autocommit mode: undefined/unknown
	Isolation level: undefined/unknown
	Minimum pool size: undefined/unknown
	Maximum pool size: undefined/unknown
2025-05-13T01:25:13.341+07:00  INFO 31184 --- [restartedMain] o.h.e.t.j.p.i.JtaPlatformInitiator       : HHH000489: No JTA platform available (set 'hibernate.transaction.jta.platform' to enable JTA platform integration)
2025-05-13T01:25:13.342+07:00  INFO 31184 --- [restartedMain] j.LocalContainerEntityManagerFactoryBean : Initialized JPA EntityManagerFactory for persistence unit 'default'
2025-05-13T01:25:13.509+07:00  WARN 31184 --- [restartedMain] JpaBaseConfiguration$JpaWebConfiguration : spring.jpa.open-in-view is enabled by default. Therefore, database queries may be performed during view rendering. Explicitly configure spring.jpa.open-in-view to disable this warning
2025-05-13T01:25:13.611+07:00  INFO 31184 --- [restartedMain] o.s.b.d.a.OptionalLiveReloadServer       : LiveReload server is running on port 35729
2025-05-13T01:25:13.624+07:00  INFO 31184 --- [restartedMain] o.s.b.w.embedded.tomcat.TomcatWebServer  : Tomcat started on port 8080 (http) with context path '/'
2025-05-13T01:25:13.627+07:00  INFO 31184 --- [restartedMain] c.r.backend.BackendApplication           : Started BackendApplication in 0.921 seconds (process running for 2417.466)
2025-05-13T01:25:13.628+07:00  INFO 31184 --- [restartedMain] .ConditionEvaluationDeltaLoggingListener : Condition evaluation unchanged
2025-05-13T01:25:15.060+07:00  INFO 31184 --- [File Watcher] rtingClassPathChangeChangedEventListener : Restarting due to 1 class path change (1 addition, 0 deletions, 0 modifications)
2025-05-13T01:25:15.062+07:00  INFO 31184 --- [Thread-47] o.s.b.w.e.tomcat.GracefulShutdown        : Commencing graceful shutdown. Waiting for active requests to complete
2025-05-13T01:25:15.067+07:00  INFO 31184 --- [tomcat-shutdown] o.s.b.w.e.tomcat.GracefulShutdown        : Graceful shutdown complete
2025-05-13T01:25:15.068+07:00  INFO 31184 --- [Thread-47] j.LocalContainerEntityManagerFactoryBean : Closing JPA EntityManagerFactory for persistence unit 'default'
2025-05-13T01:25:15.069+07:00  INFO 31184 --- [Thread-47] com.zaxxer.hikari.HikariDataSource       : HikariPool-12 - Shutdown initiated...
2025-05-13T01:25:15.070+07:00  INFO 31184 --- [Thread-47] com.zaxxer.hikari.HikariDataSource       : HikariPool-12 - Shutdown completed.
2025-05-13T01:25:15.137+07:00  INFO 31184 --- [restartedMain] c.r.backend.BackendApplication           : Starting BackendApplication using Java 23 with PID 31184 (C:\RecipeSharingWebsite\backend\target\classes started by haiye in C:\RecipeSharingWebsite\backend)
2025-05-13T01:25:15.137+07:00  INFO 31184 --- [restartedMain] c.r.backend.BackendApplication           : No active profile set, falling back to 1 default profile: "default"
2025-05-13T01:25:15.258+07:00  INFO 31184 --- [restartedMain] .s.d.r.c.RepositoryConfigurationDelegate : Bootstrapping Spring Data JPA repositories in DEFAULT mode.
2025-05-13T01:25:15.276+07:00  INFO 31184 --- [restartedMain] .s.d.r.c.RepositoryConfigurationDelegate : Finished Spring Data repository scanning in 17 ms. Found 7 JPA repository interfaces.
2025-05-13T01:25:15.336+07:00  INFO 31184 --- [restartedMain] o.s.b.w.embedded.tomcat.TomcatWebServer  : Tomcat initialized with port 8080 (http)
2025-05-13T01:25:15.336+07:00  INFO 31184 --- [restartedMain] o.apache.catalina.core.StandardService   : Starting service [Tomcat]
2025-05-13T01:25:15.336+07:00  INFO 31184 --- [restartedMain] o.apache.catalina.core.StandardEngine    : Starting Servlet engine: [Apache Tomcat/10.1.40]
2025-05-13T01:25:15.353+07:00  INFO 31184 --- [restartedMain] o.a.c.c.C.[Tomcat].[localhost].[/]       : Initializing Spring embedded WebApplicationContext
2025-05-13T01:25:15.353+07:00  INFO 31184 --- [restartedMain] w.s.c.ServletWebServerApplicationContext : Root WebApplicationContext: initialization completed in 215 ms
2025-05-13T01:25:15.393+07:00  INFO 31184 --- [restartedMain] o.hibernate.jpa.internal.util.LogHelper  : HHH000204: Processing PersistenceUnitInfo [name: default]
2025-05-13T01:25:15.396+07:00  INFO 31184 --- [restartedMain] o.h.c.internal.RegionFactoryInitiator    : HHH000026: Second-level cache disabled
2025-05-13T01:25:15.403+07:00  INFO 31184 --- [restartedMain] o.s.o.j.p.SpringPersistenceUnitInfo      : No LoadTimeWeaver setup: ignoring JPA class transformer
2025-05-13T01:25:15.406+07:00  INFO 31184 --- [restartedMain] com.zaxxer.hikari.HikariDataSource       : HikariPool-13 - Starting...
2025-05-13T01:25:15.410+07:00  INFO 31184 --- [restartedMain] com.zaxxer.hikari.pool.HikariPool        : HikariPool-13 - Added connection com.mysql.cj.jdbc.ConnectionImpl@415a09f3
2025-05-13T01:25:15.410+07:00  INFO 31184 --- [restartedMain] com.zaxxer.hikari.HikariDataSource       : HikariPool-13 - Start completed.
2025-05-13T01:25:15.411+07:00  WARN 31184 --- [restartedMain] org.hibernate.orm.deprecation            : HHH90000025: MySQL8Dialect does not need to be specified explicitly using 'hibernate.dialect' (remove the property setting and it will be selected by default)
2025-05-13T01:25:15.411+07:00  WARN 31184 --- [restartedMain] org.hibernate.orm.deprecation            : HHH90000026: MySQL8Dialect has been deprecated; use org.hibernate.dialect.MySQLDialect instead
2025-05-13T01:25:15.411+07:00  INFO 31184 --- [restartedMain] org.hibernate.orm.connections.pooling    : HHH10001005: Database info:
	Database JDBC URL [Connecting through datasource 'HikariDataSource (HikariPool-13)']
	Database driver: undefined/unknown
	Database version: 8.0
	Autocommit mode: undefined/unknown
	Isolation level: undefined/unknown
	Minimum pool size: undefined/unknown
	Maximum pool size: undefined/unknown
2025-05-13T01:25:15.504+07:00  INFO 31184 --- [restartedMain] o.h.e.t.j.p.i.JtaPlatformInitiator       : HHH000489: No JTA platform available (set 'hibernate.transaction.jta.platform' to enable JTA platform integration)
2025-05-13T01:25:15.504+07:00  INFO 31184 --- [restartedMain] j.LocalContainerEntityManagerFactoryBean : Initialized JPA EntityManagerFactory for persistence unit 'default'
2025-05-13T01:25:15.633+07:00  WARN 31184 --- [restartedMain] JpaBaseConfiguration$JpaWebConfiguration : spring.jpa.open-in-view is enabled by default. Therefore, database queries may be performed during view rendering. Explicitly configure spring.jpa.open-in-view to disable this warning
2025-05-13T01:25:15.709+07:00  INFO 31184 --- [restartedMain] o.s.b.d.a.OptionalLiveReloadServer       : LiveReload server is running on port 35729
2025-05-13T01:25:15.719+07:00  INFO 31184 --- [restartedMain] o.s.b.w.embedded.tomcat.TomcatWebServer  : Tomcat started on port 8080 (http) with context path '/'
2025-05-13T01:25:15.722+07:00  INFO 31184 --- [restartedMain] c.r.backend.BackendApplication           : Started BackendApplication in 0.606 seconds (process running for 2419.561)
2025-05-13T01:25:15.723+07:00  INFO 31184 --- [restartedMain] .ConditionEvaluationDeltaLoggingListener : Condition evaluation unchanged
2025-05-13T01:25:58.467+07:00  INFO 31184 --- [File Watcher] rtingClassPathChangeChangedEventListener : Restarting due to 1 class path change (0 additions, 1 deletion, 0 modifications)
2025-05-13T01:25:58.468+07:00  INFO 31184 --- [Thread-51] o.s.b.w.e.tomcat.GracefulShutdown        : Commencing graceful shutdown. Waiting for active requests to complete
2025-05-13T01:25:58.479+07:00  INFO 31184 --- [tomcat-shutdown] o.s.b.w.e.tomcat.GracefulShutdown        : Graceful shutdown complete
2025-05-13T01:25:58.482+07:00  INFO 31184 --- [Thread-51] j.LocalContainerEntityManagerFactoryBean : Closing JPA EntityManagerFactory for persistence unit 'default'
2025-05-13T01:25:58.482+07:00  INFO 31184 --- [Thread-51] com.zaxxer.hikari.HikariDataSource       : HikariPool-13 - Shutdown initiated...
2025-05-13T01:25:58.484+07:00  INFO 31184 --- [Thread-51] com.zaxxer.hikari.HikariDataSource       : HikariPool-13 - Shutdown completed.
2025-05-13T01:25:58.586+07:00  INFO 31184 --- [restartedMain] c.r.backend.BackendApplication           : Starting BackendApplication using Java 23 with PID 31184 (C:\RecipeSharingWebsite\backend\target\classes started by haiye in C:\RecipeSharingWebsite\backend)
2025-05-13T01:25:58.587+07:00  INFO 31184 --- [restartedMain] c.r.backend.BackendApplication           : No active profile set, falling back to 1 default profile: "default"
2025-05-13T01:25:58.877+07:00  INFO 31184 --- [restartedMain] .s.d.r.c.RepositoryConfigurationDelegate : Bootstrapping Spring Data JPA repositories in DEFAULT mode.
2025-05-13T01:25:58.914+07:00  INFO 31184 --- [restartedMain] .s.d.r.c.RepositoryConfigurationDelegate : Finished Spring Data repository scanning in 35 ms. Found 7 JPA repository interfaces.
2025-05-13T01:25:59.073+07:00  INFO 31184 --- [restartedMain] o.s.b.w.embedded.tomcat.TomcatWebServer  : Tomcat initialized with port 8080 (http)
2025-05-13T01:25:59.073+07:00  INFO 31184 --- [restartedMain] o.apache.catalina.core.StandardService   : Starting service [Tomcat]
2025-05-13T01:25:59.074+07:00  INFO 31184 --- [restartedMain] o.apache.catalina.core.StandardEngine    : Starting Servlet engine: [Apache Tomcat/10.1.40]
2025-05-13T01:25:59.114+07:00  INFO 31184 --- [restartedMain] o.a.c.c.C.[Tomcat].[localhost].[/]       : Initializing Spring embedded WebApplicationContext
2025-05-13T01:25:59.114+07:00  INFO 31184 --- [restartedMain] w.s.c.ServletWebServerApplicationContext : Root WebApplicationContext: initialization completed in 523 ms
2025-05-13T01:25:59.216+07:00  INFO 31184 --- [restartedMain] o.hibernate.jpa.internal.util.LogHelper  : HHH000204: Processing PersistenceUnitInfo [name: default]
2025-05-13T01:25:59.219+07:00  INFO 31184 --- [restartedMain] o.h.c.internal.RegionFactoryInitiator    : HHH000026: Second-level cache disabled
2025-05-13T01:25:59.234+07:00  INFO 31184 --- [restartedMain] o.s.o.j.p.SpringPersistenceUnitInfo      : No LoadTimeWeaver setup: ignoring JPA class transformer
2025-05-13T01:25:59.235+07:00  INFO 31184 --- [restartedMain] com.zaxxer.hikari.HikariDataSource       : HikariPool-14 - Starting...
2025-05-13T01:25:59.243+07:00  INFO 31184 --- [restartedMain] com.zaxxer.hikari.pool.HikariPool        : HikariPool-14 - Added connection com.mysql.cj.jdbc.ConnectionImpl@7146a980
2025-05-13T01:25:59.244+07:00  INFO 31184 --- [restartedMain] com.zaxxer.hikari.HikariDataSource       : HikariPool-14 - Start completed.
2025-05-13T01:25:59.245+07:00  WARN 31184 --- [restartedMain] org.hibernate.orm.deprecation            : HHH90000025: MySQL8Dialect does not need to be specified explicitly using 'hibernate.dialect' (remove the property setting and it will be selected by default)
2025-05-13T01:25:59.245+07:00  WARN 31184 --- [restartedMain] org.hibernate.orm.deprecation            : HHH90000026: MySQL8Dialect has been deprecated; use org.hibernate.dialect.MySQLDialect instead
2025-05-13T01:25:59.245+07:00  INFO 31184 --- [restartedMain] org.hibernate.orm.connections.pooling    : HHH10001005: Database info:
	Database JDBC URL [Connecting through datasource 'HikariDataSource (HikariPool-14)']
	Database driver: undefined/unknown
	Database version: 8.0
	Autocommit mode: undefined/unknown
	Isolation level: undefined/unknown
	Minimum pool size: undefined/unknown
	Maximum pool size: undefined/unknown
2025-05-13T01:25:59.387+07:00  INFO 31184 --- [restartedMain] o.h.e.t.j.p.i.JtaPlatformInitiator       : HHH000489: No JTA platform available (set 'hibernate.transaction.jta.platform' to enable JTA platform integration)
2025-05-13T01:25:59.387+07:00  INFO 31184 --- [restartedMain] j.LocalContainerEntityManagerFactoryBean : Initialized JPA EntityManagerFactory for persistence unit 'default'
2025-05-13T01:25:59.611+07:00  WARN 31184 --- [restartedMain] JpaBaseConfiguration$JpaWebConfiguration : spring.jpa.open-in-view is enabled by default. Therefore, database queries may be performed during view rendering. Explicitly configure spring.jpa.open-in-view to disable this warning
2025-05-13T01:25:59.786+07:00  INFO 31184 --- [restartedMain] o.s.b.d.a.OptionalLiveReloadServer       : LiveReload server is running on port 35729
2025-05-13T01:25:59.809+07:00  INFO 31184 --- [restartedMain] o.s.b.w.embedded.tomcat.TomcatWebServer  : Tomcat started on port 8080 (http) with context path '/'
2025-05-13T01:25:59.813+07:00  INFO 31184 --- [restartedMain] c.r.backend.BackendApplication           : Started BackendApplication in 1.265 seconds (process running for 2463.653)
2025-05-13T01:25:59.816+07:00  INFO 31184 --- [restartedMain] .ConditionEvaluationDeltaLoggingListener : Condition evaluation unchanged
2025-05-13T01:26:01.228+07:00  INFO 31184 --- [File Watcher] rtingClassPathChangeChangedEventListener : Restarting due to 1 class path change (1 addition, 0 deletions, 0 modifications)
2025-05-13T01:26:01.230+07:00  INFO 31184 --- [Thread-55] o.s.b.w.e.tomcat.GracefulShutdown        : Commencing graceful shutdown. Waiting for active requests to complete
2025-05-13T01:26:01.240+07:00  INFO 31184 --- [tomcat-shutdown] o.s.b.w.e.tomcat.GracefulShutdown        : Graceful shutdown complete
2025-05-13T01:26:01.243+07:00  INFO 31184 --- [Thread-55] j.LocalContainerEntityManagerFactoryBean : Closing JPA EntityManagerFactory for persistence unit 'default'
2025-05-13T01:26:01.245+07:00  INFO 31184 --- [Thread-55] com.zaxxer.hikari.HikariDataSource       : HikariPool-14 - Shutdown initiated...
2025-05-13T01:26:01.251+07:00  INFO 31184 --- [Thread-55] com.zaxxer.hikari.HikariDataSource       : HikariPool-14 - Shutdown completed.
2025-05-13T01:26:01.446+07:00  INFO 31184 --- [restartedMain] c.r.backend.BackendApplication           : Starting BackendApplication using Java 23 with PID 31184 (C:\RecipeSharingWebsite\backend\target\classes started by haiye in C:\RecipeSharingWebsite\backend)
2025-05-13T01:26:01.447+07:00  INFO 31184 --- [restartedMain] c.r.backend.BackendApplication           : No active profile set, falling back to 1 default profile: "default"
2025-05-13T01:26:01.868+07:00  INFO 31184 --- [restartedMain] .s.d.r.c.RepositoryConfigurationDelegate : Bootstrapping Spring Data JPA repositories in DEFAULT mode.
2025-05-13T01:26:01.915+07:00  INFO 31184 --- [restartedMain] .s.d.r.c.RepositoryConfigurationDelegate : Finished Spring Data repository scanning in 44 ms. Found 7 JPA repository interfaces.
2025-05-13T01:26:02.126+07:00  INFO 31184 --- [restartedMain] o.s.b.w.embedded.tomcat.TomcatWebServer  : Tomcat initialized with port 8080 (http)
2025-05-13T01:26:02.128+07:00  INFO 31184 --- [restartedMain] o.apache.catalina.core.StandardService   : Starting service [Tomcat]
2025-05-13T01:26:02.128+07:00  INFO 31184 --- [restartedMain] o.apache.catalina.core.StandardEngine    : Starting Servlet engine: [Apache Tomcat/10.1.40]
2025-05-13T01:26:02.174+07:00  INFO 31184 --- [restartedMain] o.a.c.c.C.[Tomcat].[localhost].[/]       : Initializing Spring embedded WebApplicationContext
2025-05-13T01:26:02.174+07:00  INFO 31184 --- [restartedMain] w.s.c.ServletWebServerApplicationContext : Root WebApplicationContext: initialization completed in 719 ms
2025-05-13T01:26:02.279+07:00  INFO 31184 --- [restartedMain] o.hibernate.jpa.internal.util.LogHelper  : HHH000204: Processing PersistenceUnitInfo [name: default]
2025-05-13T01:26:02.285+07:00  INFO 31184 --- [restartedMain] o.h.c.internal.RegionFactoryInitiator    : HHH000026: Second-level cache disabled
2025-05-13T01:26:02.308+07:00  INFO 31184 --- [restartedMain] o.s.o.j.p.SpringPersistenceUnitInfo      : No LoadTimeWeaver setup: ignoring JPA class transformer
2025-05-13T01:26:02.309+07:00  INFO 31184 --- [restartedMain] com.zaxxer.hikari.HikariDataSource       : HikariPool-15 - Starting...
2025-05-13T01:26:02.315+07:00  INFO 31184 --- [restartedMain] com.zaxxer.hikari.pool.HikariPool        : HikariPool-15 - Added connection com.mysql.cj.jdbc.ConnectionImpl@6366b5ab
2025-05-13T01:26:02.315+07:00  INFO 31184 --- [restartedMain] com.zaxxer.hikari.HikariDataSource       : HikariPool-15 - Start completed.
2025-05-13T01:26:02.315+07:00  WARN 31184 --- [restartedMain] org.hibernate.orm.deprecation            : HHH90000025: MySQL8Dialect does not need to be specified explicitly using 'hibernate.dialect' (remove the property setting and it will be selected by default)
2025-05-13T01:26:02.317+07:00  WARN 31184 --- [restartedMain] org.hibernate.orm.deprecation            : HHH90000026: MySQL8Dialect has been deprecated; use org.hibernate.dialect.MySQLDialect instead
2025-05-13T01:26:02.317+07:00  INFO 31184 --- [restartedMain] org.hibernate.orm.connections.pooling    : HHH10001005: Database info:
	Database JDBC URL [Connecting through datasource 'HikariDataSource (HikariPool-15)']
	Database driver: undefined/unknown
	Database version: 8.0
	Autocommit mode: undefined/unknown
	Isolation level: undefined/unknown
	Minimum pool size: undefined/unknown
	Maximum pool size: undefined/unknown
2025-05-13T01:26:02.533+07:00  INFO 31184 --- [restartedMain] o.h.e.t.j.p.i.JtaPlatformInitiator       : HHH000489: No JTA platform available (set 'hibernate.transaction.jta.platform' to enable JTA platform integration)
2025-05-13T01:26:02.533+07:00  INFO 31184 --- [restartedMain] j.LocalContainerEntityManagerFactoryBean : Initialized JPA EntityManagerFactory for persistence unit 'default'
2025-05-13T01:26:02.798+07:00  WARN 31184 --- [restartedMain] JpaBaseConfiguration$JpaWebConfiguration : spring.jpa.open-in-view is enabled by default. Therefore, database queries may be performed during view rendering. Explicitly configure spring.jpa.open-in-view to disable this warning
2025-05-13T01:26:02.985+07:00  INFO 31184 --- [restartedMain] o.s.b.d.a.OptionalLiveReloadServer       : LiveReload server is running on port 35729
2025-05-13T01:26:03.007+07:00  INFO 31184 --- [restartedMain] o.s.b.w.embedded.tomcat.TomcatWebServer  : Tomcat started on port 8080 (http) with context path '/'
2025-05-13T01:26:03.013+07:00  INFO 31184 --- [restartedMain] c.r.backend.BackendApplication           : Started BackendApplication in 1.639 seconds (process running for 2466.852)
2025-05-13T01:26:03.014+07:00  INFO 31184 --- [restartedMain] .ConditionEvaluationDeltaLoggingListener : Condition evaluation unchanged
2025-05-13T01:26:05.940+07:00  INFO 31184 --- [http-nio-8080-exec-1] o.a.c.c.C.[Tomcat].[localhost].[/]       : Initializing Spring DispatcherServlet 'dispatcherServlet'
2025-05-13T01:26:05.940+07:00  INFO 31184 --- [http-nio-8080-exec-1] o.s.web.servlet.DispatcherServlet        : Initializing Servlet 'dispatcherServlet'
2025-05-13T01:26:05.942+07:00  INFO 31184 --- [http-nio-8080-exec-1] o.s.web.servlet.DispatcherServlet        : Completed initialization in 2 ms
2025-05-13T01:26:21.717+07:00 DEBUG 31184 --- [http-nio-8080-exec-7] org.hibernate.SQL                        : 
    select
        u1_0.id,
        u1_0.avatar_url,
        u1_0.date_of_birth,
        u1_0.full_name,
        u1_0.username 
    from
        users u1_0 
    where
        u1_0.username=?
2025-05-13T01:26:21.726+07:00 DEBUG 31184 --- [http-nio-8080-exec-7] org.hibernate.SQL                        : 
    select
        count(f1_0.id) 
    from
        follows f1_0 
    where
        f1_0.following_id=?
2025-05-13T01:26:21.732+07:00 DEBUG 31184 --- [http-nio-8080-exec-7] org.hibernate.SQL                        : 
    select
        count(f1_0.id) 
    from
        follows f1_0 
    where
        f1_0.follower_id=?
2025-05-13T01:26:21.737+07:00 DEBUG 31184 --- [http-nio-8080-exec-7] org.hibernate.SQL                        : 
    select
        r1_0.id,
        r1_0.user_id,
        r1_0.description,
        r1_0.image_url,
        r1_0.title 
    from
        recipes r1_0 
    where
        r1_0.user_id=?
2025-05-13T01:26:21.744+07:00 DEBUG 31184 --- [http-nio-8080-exec-7] org.hibernate.SQL                        : 
    select
        avg(r1_0.score) 
    from
        ratings r1_0 
    join
        recipes r2_0 
            on r2_0.id=r1_0.recipe_id 
    where
        r2_0.user_id=?
2025-05-13T01:26:21.748+07:00 DEBUG 31184 --- [http-nio-8080-exec-7] org.hibernate.SQL                        : 
    select
        u1_0.id,
        u1_0.avatar_url,
        u1_0.date_of_birth,
        u1_0.full_name,
        u1_0.username 
    from
        users u1_0 
    where
        u1_0.username=?
2025-05-13T01:26:21.753+07:00 DEBUG 31184 --- [http-nio-8080-exec-7] org.hibernate.SQL                        : 
    select
        r1_0.id,
        r1_0.user_id,
        r1_0.description,
        r1_0.image_url,
        r1_0.title 
    from
        recipes r1_0 
    where
        r1_0.user_id=?
2025-05-13T01:26:21.758+07:00 DEBUG 31184 --- [http-nio-8080-exec-7] org.hibernate.SQL                        : 
    select
        r1_0.recipe_id,
        r1_0.id,
        r1_0.rated_at,
        r1_0.score,
        u1_0.id,
        u1_0.avatar_url,
        u1_0.date_of_birth,
        u1_0.full_name,
        u1_0.username 
    from
        ratings r1_0 
    left join
        users u1_0 
            on u1_0.id=r1_0.user_id 
    where
        r1_0.recipe_id=?
2025-05-13T01:26:21.766+07:00 DEBUG 31184 --- [http-nio-8080-exec-7] org.hibernate.SQL                        : 
    select
        l1_0.recipe_id,
        l1_0.id,
        l1_0.liked_at,
        u1_0.id,
        u1_0.avatar_url,
        u1_0.date_of_birth,
        u1_0.full_name,
        u1_0.username 
    from
        likes l1_0 
    left join
        users u1_0 
            on u1_0.id=l1_0.user_id 
    where
        l1_0.recipe_id=?
2025-05-13T01:26:21.775+07:00 DEBUG 31184 --- [http-nio-8080-exec-7] org.hibernate.SQL                        : 
    select
        c1_0.id,
        c1_0.content,
        c1_0.created_at,
        c1_0.recipe_id,
        c1_0.user_id 
    from
        comments c1_0 
    where
        c1_0.recipe_id=?
2025-05-13T01:26:21.781+07:00 DEBUG 31184 --- [http-nio-8080-exec-7] org.hibernate.SQL                        : 
    select
        r1_0.recipe_id,
        r1_0.id,
        r1_0.rated_at,
        r1_0.score,
        u1_0.id,
        u1_0.avatar_url,
        u1_0.date_of_birth,
        u1_0.full_name,
        u1_0.username 
    from
        ratings r1_0 
    left join
        users u1_0 
            on u1_0.id=r1_0.user_id 
    where
        r1_0.recipe_id=?
2025-05-13T01:26:21.784+07:00 DEBUG 31184 --- [http-nio-8080-exec-7] org.hibernate.SQL                        : 
    select
        l1_0.recipe_id,
        l1_0.id,
        l1_0.liked_at,
        u1_0.id,
        u1_0.avatar_url,
        u1_0.date_of_birth,
        u1_0.full_name,
        u1_0.username 
    from
        likes l1_0 
    left join
        users u1_0 
            on u1_0.id=l1_0.user_id 
    where
        l1_0.recipe_id=?
2025-05-13T01:26:21.791+07:00 DEBUG 31184 --- [http-nio-8080-exec-7] org.hibernate.SQL                        : 
    select
        c1_0.id,
        c1_0.content,
        c1_0.created_at,
        c1_0.recipe_id,
        c1_0.user_id 
    from
        comments c1_0 
    where
        c1_0.recipe_id=?
2025-05-13T01:42:45.615+07:00  INFO 31184 --- [File Watcher] rtingClassPathChangeChangedEventListener : Restarting due to 1 class path change (0 additions, 0 deletions, 1 modification)
2025-05-13T01:42:45.618+07:00  INFO 31184 --- [Thread-59] o.s.b.w.e.tomcat.GracefulShutdown        : Commencing graceful shutdown. Waiting for active requests to complete
2025-05-13T01:42:45.627+07:00  INFO 31184 --- [tomcat-shutdown] o.s.b.w.e.tomcat.GracefulShutdown        : Graceful shutdown complete
2025-05-13T01:42:45.630+07:00  INFO 31184 --- [Thread-59] j.LocalContainerEntityManagerFactoryBean : Closing JPA EntityManagerFactory for persistence unit 'default'
2025-05-13T01:42:45.631+07:00  INFO 31184 --- [Thread-59] com.zaxxer.hikari.HikariDataSource       : HikariPool-15 - Shutdown initiated...
2025-05-13T01:42:45.634+07:00  INFO 31184 --- [Thread-59] com.zaxxer.hikari.HikariDataSource       : HikariPool-15 - Shutdown completed.
2025-05-13T01:42:45.731+07:00  INFO 31184 --- [restartedMain] c.r.backend.BackendApplication           : Starting BackendApplication using Java 23 with PID 31184 (C:\RecipeSharingWebsite\backend\target\classes started by haiye in C:\RecipeSharingWebsite\backend)
2025-05-13T01:42:45.731+07:00  INFO 31184 --- [restartedMain] c.r.backend.BackendApplication           : No active profile set, falling back to 1 default profile: "default"
2025-05-13T01:42:45.992+07:00  INFO 31184 --- [restartedMain] .s.d.r.c.RepositoryConfigurationDelegate : Bootstrapping Spring Data JPA repositories in DEFAULT mode.
2025-05-13T01:42:46.016+07:00  INFO 31184 --- [restartedMain] .s.d.r.c.RepositoryConfigurationDelegate : Finished Spring Data repository scanning in 23 ms. Found 7 JPA repository interfaces.
2025-05-13T01:42:46.152+07:00  INFO 31184 --- [restartedMain] o.s.b.w.embedded.tomcat.TomcatWebServer  : Tomcat initialized with port 8080 (http)
2025-05-13T01:42:46.155+07:00  INFO 31184 --- [restartedMain] o.apache.catalina.core.StandardService   : Starting service [Tomcat]
2025-05-13T01:42:46.155+07:00  INFO 31184 --- [restartedMain] o.apache.catalina.core.StandardEngine    : Starting Servlet engine: [Apache Tomcat/10.1.40]
2025-05-13T01:42:46.206+07:00  INFO 31184 --- [restartedMain] o.a.c.c.C.[Tomcat].[localhost].[/]       : Initializing Spring embedded WebApplicationContext
2025-05-13T01:42:46.206+07:00  INFO 31184 --- [restartedMain] w.s.c.ServletWebServerApplicationContext : Root WebApplicationContext: initialization completed in 472 ms
2025-05-13T01:42:46.255+07:00  INFO 31184 --- [restartedMain] o.hibernate.jpa.internal.util.LogHelper  : HHH000204: Processing PersistenceUnitInfo [name: default]
2025-05-13T01:42:46.257+07:00  INFO 31184 --- [restartedMain] o.h.c.internal.RegionFactoryInitiator    : HHH000026: Second-level cache disabled
2025-05-13T01:42:46.270+07:00  INFO 31184 --- [restartedMain] o.s.o.j.p.SpringPersistenceUnitInfo      : No LoadTimeWeaver setup: ignoring JPA class transformer
2025-05-13T01:42:46.272+07:00  INFO 31184 --- [restartedMain] com.zaxxer.hikari.HikariDataSource       : HikariPool-16 - Starting...
2025-05-13T01:42:46.277+07:00  INFO 31184 --- [restartedMain] com.zaxxer.hikari.pool.HikariPool        : HikariPool-16 - Added connection com.mysql.cj.jdbc.ConnectionImpl@215e55e9
2025-05-13T01:42:46.278+07:00  INFO 31184 --- [restartedMain] com.zaxxer.hikari.HikariDataSource       : HikariPool-16 - Start completed.
2025-05-13T01:42:46.278+07:00  WARN 31184 --- [restartedMain] org.hibernate.orm.deprecation            : HHH90000025: MySQL8Dialect does not need to be specified explicitly using 'hibernate.dialect' (remove the property setting and it will be selected by default)
2025-05-13T01:42:46.278+07:00  WARN 31184 --- [restartedMain] org.hibernate.orm.deprecation            : HHH90000026: MySQL8Dialect has been deprecated; use org.hibernate.dialect.MySQLDialect instead
2025-05-13T01:42:46.279+07:00  INFO 31184 --- [restartedMain] org.hibernate.orm.connections.pooling    : HHH10001005: Database info:
	Database JDBC URL [Connecting through datasource 'HikariDataSource (HikariPool-16)']
	Database driver: undefined/unknown
	Database version: 8.0
	Autocommit mode: undefined/unknown
	Isolation level: undefined/unknown
	Minimum pool size: undefined/unknown
	Maximum pool size: undefined/unknown
2025-05-13T01:42:46.417+07:00  INFO 31184 --- [restartedMain] o.h.e.t.j.p.i.JtaPlatformInitiator       : HHH000489: No JTA platform available (set 'hibernate.transaction.jta.platform' to enable JTA platform integration)
2025-05-13T01:42:46.417+07:00  INFO 31184 --- [restartedMain] j.LocalContainerEntityManagerFactoryBean : Initialized JPA EntityManagerFactory for persistence unit 'default'
2025-05-13T01:42:46.610+07:00  WARN 31184 --- [restartedMain] JpaBaseConfiguration$JpaWebConfiguration : spring.jpa.open-in-view is enabled by default. Therefore, database queries may be performed during view rendering. Explicitly configure spring.jpa.open-in-view to disable this warning
2025-05-13T01:42:46.755+07:00  INFO 31184 --- [restartedMain] o.s.b.d.a.OptionalLiveReloadServer       : LiveReload server is running on port 35729
2025-05-13T01:42:46.778+07:00  INFO 31184 --- [restartedMain] o.s.b.w.embedded.tomcat.TomcatWebServer  : Tomcat started on port 8080 (http) with context path '/'
2025-05-13T01:42:46.782+07:00  INFO 31184 --- [restartedMain] c.r.backend.BackendApplication           : Started BackendApplication in 1.083 seconds (process running for 3470.621)
2025-05-13T01:42:46.784+07:00  INFO 31184 --- [restartedMain] .ConditionEvaluationDeltaLoggingListener : Condition evaluation unchanged
2025-05-13T01:57:03.314+07:00  INFO 31184 --- [SpringApplicationShutdownHook] o.s.b.w.e.tomcat.GracefulShutdown        : Commencing graceful shutdown. Waiting for active requests to complete
2025-05-13T01:57:03.320+07:00  INFO 31184 --- [tomcat-shutdown] o.s.b.w.e.tomcat.GracefulShutdown        : Graceful shutdown complete
2025-05-13T01:57:03.323+07:00  INFO 31184 --- [SpringApplicationShutdownHook] j.LocalContainerEntityManagerFactoryBean : Closing JPA EntityManagerFactory for persistence unit 'default'
2025-05-13T01:57:03.323+07:00  INFO 31184 --- [SpringApplicationShutdownHook] com.zaxxer.hikari.HikariDataSource       : HikariPool-16 - Shutdown initiated...
2025-05-13T01:57:03.326+07:00  INFO 31184 --- [SpringApplicationShutdownHook] com.zaxxer.hikari.HikariDataSource       : HikariPool-16 - Shutdown completed.
2025-05-13T01:57:07.467+07:00  INFO 23576 --- [restartedMain] c.r.backend.BackendApplication           : Starting BackendApplication using Java 23 with PID 23576 (C:\RecipeSharingWebsite\backend\target\classes started by haiye in C:\RecipeSharingWebsite\backend)
2025-05-13T01:57:07.469+07:00  INFO 23576 --- [restartedMain] c.r.backend.BackendApplication           : No active profile set, falling back to 1 default profile: "default"
2025-05-13T01:57:07.639+07:00  INFO 23576 --- [restartedMain] .e.DevToolsPropertyDefaultsPostProcessor : Devtools property defaults active! Set 'spring.devtools.add-properties' to 'false' to disable
2025-05-13T01:57:07.641+07:00  INFO 23576 --- [restartedMain] .e.DevToolsPropertyDefaultsPostProcessor : For additional web related logging consider setting the 'logging.level.web' property to 'DEBUG'
2025-05-13T01:57:09.350+07:00  INFO 23576 --- [restartedMain] .s.d.r.c.RepositoryConfigurationDelegate : Bootstrapping Spring Data JPA repositories in DEFAULT mode.
2025-05-13T01:57:09.563+07:00  INFO 23576 --- [restartedMain] .s.d.r.c.RepositoryConfigurationDelegate : Finished Spring Data repository scanning in 189 ms. Found 7 JPA repository interfaces.
2025-05-13T01:57:10.652+07:00  INFO 23576 --- [restartedMain] o.s.b.w.embedded.tomcat.TomcatWebServer  : Tomcat initialized with port 8080 (http)
2025-05-13T01:57:10.678+07:00  INFO 23576 --- [restartedMain] o.apache.catalina.core.StandardService   : Starting service [Tomcat]
2025-05-13T01:57:10.678+07:00  INFO 23576 --- [restartedMain] o.apache.catalina.core.StandardEngine    : Starting Servlet engine: [Apache Tomcat/10.1.40]
2025-05-13T01:57:10.770+07:00  INFO 23576 --- [restartedMain] o.a.c.c.C.[Tomcat].[localhost].[/]       : Initializing Spring embedded WebApplicationContext
2025-05-13T01:57:10.771+07:00  INFO 23576 --- [restartedMain] w.s.c.ServletWebServerApplicationContext : Root WebApplicationContext: initialization completed in 3128 ms
2025-05-13T01:57:11.074+07:00  INFO 23576 --- [restartedMain] o.hibernate.jpa.internal.util.LogHelper  : HHH000204: Processing PersistenceUnitInfo [name: default]
2025-05-13T01:57:11.221+07:00  INFO 23576 --- [restartedMain] org.hibernate.Version                    : HHH000412: Hibernate ORM core version 6.6.13.Final
2025-05-13T01:57:11.312+07:00  INFO 23576 --- [restartedMain] o.h.c.internal.RegionFactoryInitiator    : HHH000026: Second-level cache disabled
2025-05-13T01:57:11.982+07:00  INFO 23576 --- [restartedMain] o.s.o.j.p.SpringPersistenceUnitInfo      : No LoadTimeWeaver setup: ignoring JPA class transformer
2025-05-13T01:57:12.050+07:00  INFO 23576 --- [restartedMain] com.zaxxer.hikari.HikariDataSource       : HikariPool-1 - Starting...
2025-05-13T01:57:12.304+07:00  INFO 23576 --- [restartedMain] com.zaxxer.hikari.pool.HikariPool        : HikariPool-1 - Added connection com.mysql.cj.jdbc.ConnectionImpl@48450c28
2025-05-13T01:57:12.308+07:00  INFO 23576 --- [restartedMain] com.zaxxer.hikari.HikariDataSource       : HikariPool-1 - Start completed.
2025-05-13T01:57:12.355+07:00  WARN 23576 --- [restartedMain] org.hibernate.orm.deprecation            : HHH90000025: MySQL8Dialect does not need to be specified explicitly using 'hibernate.dialect' (remove the property setting and it will be selected by default)
2025-05-13T01:57:12.356+07:00  WARN 23576 --- [restartedMain] org.hibernate.orm.deprecation            : HHH90000026: MySQL8Dialect has been deprecated; use org.hibernate.dialect.MySQLDialect instead
2025-05-13T01:57:12.386+07:00  INFO 23576 --- [restartedMain] org.hibernate.orm.connections.pooling    : HHH10001005: Database info:
	Database JDBC URL [Connecting through datasource 'HikariDataSource (HikariPool-1)']
	Database driver: undefined/unknown
	Database version: 8.0
	Autocommit mode: undefined/unknown
	Isolation level: undefined/unknown
	Minimum pool size: undefined/unknown
	Maximum pool size: undefined/unknown
2025-05-13T01:57:15.272+07:00  INFO 23576 --- [restartedMain] o.h.e.t.j.p.i.JtaPlatformInitiator       : HHH000489: No JTA platform available (set 'hibernate.transaction.jta.platform' to enable JTA platform integration)
2025-05-13T01:57:15.280+07:00  INFO 23576 --- [restartedMain] j.LocalContainerEntityManagerFactoryBean : Initialized JPA EntityManagerFactory for persistence unit 'default'
2025-05-13T01:57:16.137+07:00  INFO 23576 --- [restartedMain] o.s.d.j.r.query.QueryEnhancerFactory     : Hibernate is in classpath; If applicable, HQL parser will be used.
2025-05-13T01:57:17.714+07:00  WARN 23576 --- [restartedMain] JpaBaseConfiguration$JpaWebConfiguration : spring.jpa.open-in-view is enabled by default. Therefore, database queries may be performed during view rendering. Explicitly configure spring.jpa.open-in-view to disable this warning
2025-05-13T01:57:18.736+07:00  INFO 23576 --- [restartedMain] o.s.b.d.a.OptionalLiveReloadServer       : LiveReload server is running on port 35729
2025-05-13T01:57:18.823+07:00  INFO 23576 --- [restartedMain] o.s.b.w.embedded.tomcat.TomcatWebServer  : Tomcat started on port 8080 (http) with context path '/'
2025-05-13T01:57:18.840+07:00  INFO 23576 --- [restartedMain] c.r.backend.BackendApplication           : Started BackendApplication in 12.272 seconds (process running for 14.699)
2025-05-13T01:57:20.617+07:00  INFO 23576 --- [http-nio-8080-exec-1] o.a.c.c.C.[Tomcat].[localhost].[/]       : Initializing Spring DispatcherServlet 'dispatcherServlet'
2025-05-13T01:57:20.618+07:00  INFO 23576 --- [http-nio-8080-exec-1] o.s.web.servlet.DispatcherServlet        : Initializing Servlet 'dispatcherServlet'
2025-05-13T01:57:20.620+07:00  INFO 23576 --- [http-nio-8080-exec-1] o.s.web.servlet.DispatcherServlet        : Completed initialization in 2 ms
2025-05-13T01:57:20.919+07:00 DEBUG 23576 --- [http-nio-8080-exec-1] org.hibernate.SQL                        : 
    select
        u1_0.id,
        u1_0.avatar_url,
        u1_0.date_of_birth,
        u1_0.full_name,
        u1_0.username 
    from
        users u1_0 
    where
        u1_0.username=?
2025-05-13T01:57:21.078+07:00 DEBUG 23576 --- [http-nio-8080-exec-1] org.hibernate.SQL                        : 
    select
        count(f1_0.id) 
    from
        follows f1_0 
    where
        f1_0.following_id=?
2025-05-13T01:57:21.085+07:00 DEBUG 23576 --- [http-nio-8080-exec-1] org.hibernate.SQL                        : 
    select
        count(f1_0.id) 
    from
        follows f1_0 
    where
        f1_0.follower_id=?
2025-05-13T01:57:21.094+07:00 DEBUG 23576 --- [http-nio-8080-exec-1] org.hibernate.SQL                        : 
    select
        r1_0.id,
        r1_0.user_id,
        r1_0.description,
        r1_0.image_url,
        r1_0.title 
    from
        recipes r1_0 
    where
        r1_0.user_id=?
2025-05-13T01:57:21.122+07:00 DEBUG 23576 --- [http-nio-8080-exec-1] org.hibernate.SQL                        : 
    select
        avg(r1_0.score) 
    from
        ratings r1_0 
    join
        recipes r2_0 
            on r2_0.id=r1_0.recipe_id 
    where
        r2_0.user_id=?
2025-05-13T01:57:21.129+07:00 DEBUG 23576 --- [http-nio-8080-exec-1] org.hibernate.SQL                        : 
    select
        u1_0.id,
        u1_0.avatar_url,
        u1_0.date_of_birth,
        u1_0.full_name,
        u1_0.username 
    from
        users u1_0 
    where
        u1_0.username=?
2025-05-13T01:57:21.137+07:00 DEBUG 23576 --- [http-nio-8080-exec-1] org.hibernate.SQL                        : 
    select
        r1_0.id,
        r1_0.user_id,
        r1_0.description,
        r1_0.image_url,
        r1_0.title 
    from
        recipes r1_0 
    where
        r1_0.user_id=?
2025-05-13T01:57:21.148+07:00 DEBUG 23576 --- [http-nio-8080-exec-1] org.hibernate.SQL                        : 
    select
        r1_0.recipe_id,
        r1_0.id,
        r1_0.rated_at,
        r1_0.score,
        u1_0.id,
        u1_0.avatar_url,
        u1_0.date_of_birth,
        u1_0.full_name,
        u1_0.username 
    from
        ratings r1_0 
    left join
        users u1_0 
            on u1_0.id=r1_0.user_id 
    where
        r1_0.recipe_id=?
2025-05-13T01:57:21.169+07:00 DEBUG 23576 --- [http-nio-8080-exec-1] org.hibernate.SQL                        : 
    select
        l1_0.recipe_id,
        l1_0.id,
        l1_0.liked_at,
        u1_0.id,
        u1_0.avatar_url,
        u1_0.date_of_birth,
        u1_0.full_name,
        u1_0.username 
    from
        likes l1_0 
    left join
        users u1_0 
            on u1_0.id=l1_0.user_id 
    where
        l1_0.recipe_id=?
2025-05-13T01:57:21.189+07:00 DEBUG 23576 --- [http-nio-8080-exec-1] org.hibernate.SQL                        : 
    select
        c1_0.id,
        c1_0.content,
        c1_0.created_at,
        c1_0.recipe_id,
        c1_0.user_id 
    from
        comments c1_0 
    where
        c1_0.recipe_id=?
2025-05-13T01:57:21.203+07:00 DEBUG 23576 --- [http-nio-8080-exec-1] org.hibernate.SQL                        : 
    select
        r1_0.recipe_id,
        r1_0.id,
        r1_0.rated_at,
        r1_0.score,
        u1_0.id,
        u1_0.avatar_url,
        u1_0.date_of_birth,
        u1_0.full_name,
        u1_0.username 
    from
        ratings r1_0 
    left join
        users u1_0 
            on u1_0.id=r1_0.user_id 
    where
        r1_0.recipe_id=?
2025-05-13T01:57:21.209+07:00 DEBUG 23576 --- [http-nio-8080-exec-1] org.hibernate.SQL                        : 
    select
        l1_0.recipe_id,
        l1_0.id,
        l1_0.liked_at,
        u1_0.id,
        u1_0.avatar_url,
        u1_0.date_of_birth,
        u1_0.full_name,
        u1_0.username 
    from
        likes l1_0 
    left join
        users u1_0 
            on u1_0.id=l1_0.user_id 
    where
        l1_0.recipe_id=?
2025-05-13T01:57:21.224+07:00 DEBUG 23576 --- [http-nio-8080-exec-1] org.hibernate.SQL                        : 
    select
        c1_0.id,
        c1_0.content,
        c1_0.created_at,
        c1_0.recipe_id,
        c1_0.user_id 
    from
        comments c1_0 
    where
        c1_0.recipe_id=?
2025-05-13T01:57:31.747+07:00 DEBUG 23576 --- [http-nio-8080-exec-5] org.hibernate.SQL                        : 
    select
        u1_0.id,
        u1_0.avatar_url,
        u1_0.date_of_birth,
        u1_0.full_name,
        u1_0.username 
    from
        users u1_0 
    where
        u1_0.username=?
2025-05-13T01:57:31.750+07:00 DEBUG 23576 --- [http-nio-8080-exec-5] org.hibernate.SQL                        : 
    select
        count(f1_0.id) 
    from
        follows f1_0 
    where
        f1_0.following_id=?
2025-05-13T01:57:31.753+07:00 DEBUG 23576 --- [http-nio-8080-exec-5] org.hibernate.SQL                        : 
    select
        count(f1_0.id) 
    from
        follows f1_0 
    where
        f1_0.follower_id=?
2025-05-13T01:57:31.757+07:00 DEBUG 23576 --- [http-nio-8080-exec-5] org.hibernate.SQL                        : 
    select
        r1_0.id,
        r1_0.user_id,
        r1_0.description,
        r1_0.image_url,
        r1_0.title 
    from
        recipes r1_0 
    where
        r1_0.user_id=?
2025-05-13T01:57:31.762+07:00 DEBUG 23576 --- [http-nio-8080-exec-5] org.hibernate.SQL                        : 
    select
        avg(r1_0.score) 
    from
        ratings r1_0 
    join
        recipes r2_0 
            on r2_0.id=r1_0.recipe_id 
    where
        r2_0.user_id=?
2025-05-13T01:57:41.369+07:00 DEBUG 23576 --- [http-nio-8080-exec-6] org.hibernate.SQL                        : 
    select
        u1_0.id,
        u1_0.avatar_url,
        u1_0.date_of_birth,
        u1_0.full_name,
        u1_0.username 
    from
        users u1_0 
    where
        u1_0.username=?
2025-05-13T01:57:41.470+07:00 DEBUG 23576 --- [http-nio-8080-exec-6] org.hibernate.SQL                        : 
    update
        users 
    set
        avatar_url=?,
        date_of_birth=?,
        full_name=?,
        username=? 
    where
        id=?
2025-05-13T01:57:44.034+07:00 DEBUG 23576 --- [http-nio-8080-exec-8] org.hibernate.SQL                        : 
    select
        u1_0.id,
        u1_0.avatar_url,
        u1_0.date_of_birth,
        u1_0.full_name,
        u1_0.username 
    from
        users u1_0 
    where
        u1_0.username=?
2025-05-13T01:57:44.039+07:00 DEBUG 23576 --- [http-nio-8080-exec-8] org.hibernate.SQL                        : 
    select
        count(f1_0.id) 
    from
        follows f1_0 
    where
        f1_0.following_id=?
2025-05-13T01:57:44.044+07:00 DEBUG 23576 --- [http-nio-8080-exec-8] org.hibernate.SQL                        : 
    select
        count(f1_0.id) 
    from
        follows f1_0 
    where
        f1_0.follower_id=?
2025-05-13T01:57:44.076+07:00 DEBUG 23576 --- [http-nio-8080-exec-8] org.hibernate.SQL                        : 
    select
        r1_0.id,
        r1_0.user_id,
        r1_0.description,
        r1_0.image_url,
        r1_0.title 
    from
        recipes r1_0 
    where
        r1_0.user_id=?
2025-05-13T01:57:44.084+07:00 DEBUG 23576 --- [http-nio-8080-exec-8] org.hibernate.SQL                        : 
    select
        avg(r1_0.score) 
    from
        ratings r1_0 
    join
        recipes r2_0 
            on r2_0.id=r1_0.recipe_id 
    where
        r2_0.user_id=?
2025-05-13T01:57:44.099+07:00 DEBUG 23576 --- [http-nio-8080-exec-8] org.hibernate.SQL                        : 
    select
        u1_0.id,
        u1_0.avatar_url,
        u1_0.date_of_birth,
        u1_0.full_name,
        u1_0.username 
    from
        users u1_0 
    where
        u1_0.username=?
2025-05-13T01:57:44.109+07:00 DEBUG 23576 --- [http-nio-8080-exec-8] org.hibernate.SQL                        : 
    select
        r1_0.id,
        r1_0.user_id,
        r1_0.description,
        r1_0.image_url,
        r1_0.title 
    from
        recipes r1_0 
    where
        r1_0.user_id=?
2025-05-13T01:57:44.123+07:00 DEBUG 23576 --- [http-nio-8080-exec-8] org.hibernate.SQL                        : 
    select
        r1_0.recipe_id,
        r1_0.id,
        r1_0.rated_at,
        r1_0.score,
        u1_0.id,
        u1_0.avatar_url,
        u1_0.date_of_birth,
        u1_0.full_name,
        u1_0.username 
    from
        ratings r1_0 
    left join
        users u1_0 
            on u1_0.id=r1_0.user_id 
    where
        r1_0.recipe_id=?
2025-05-13T01:57:44.136+07:00 DEBUG 23576 --- [http-nio-8080-exec-8] org.hibernate.SQL                        : 
    select
        l1_0.recipe_id,
        l1_0.id,
        l1_0.liked_at,
        u1_0.id,
        u1_0.avatar_url,
        u1_0.date_of_birth,
        u1_0.full_name,
        u1_0.username 
    from
        likes l1_0 
    left join
        users u1_0 
            on u1_0.id=l1_0.user_id 
    where
        l1_0.recipe_id=?
2025-05-13T01:57:44.153+07:00 DEBUG 23576 --- [http-nio-8080-exec-8] org.hibernate.SQL                        : 
    select
        c1_0.id,
        c1_0.content,
        c1_0.created_at,
        c1_0.recipe_id,
        c1_0.user_id 
    from
        comments c1_0 
    where
        c1_0.recipe_id=?
2025-05-13T01:57:44.160+07:00 DEBUG 23576 --- [http-nio-8080-exec-8] org.hibernate.SQL                        : 
    select
        r1_0.recipe_id,
        r1_0.id,
        r1_0.rated_at,
        r1_0.score,
        u1_0.id,
        u1_0.avatar_url,
        u1_0.date_of_birth,
        u1_0.full_name,
        u1_0.username 
    from
        ratings r1_0 
    left join
        users u1_0 
            on u1_0.id=r1_0.user_id 
    where
        r1_0.recipe_id=?
2025-05-13T01:57:44.166+07:00 DEBUG 23576 --- [http-nio-8080-exec-8] org.hibernate.SQL                        : 
    select
        l1_0.recipe_id,
        l1_0.id,
        l1_0.liked_at,
        u1_0.id,
        u1_0.avatar_url,
        u1_0.date_of_birth,
        u1_0.full_name,
        u1_0.username 
    from
        likes l1_0 
    left join
        users u1_0 
            on u1_0.id=l1_0.user_id 
    where
        l1_0.recipe_id=?
2025-05-13T01:57:44.184+07:00 DEBUG 23576 --- [http-nio-8080-exec-8] org.hibernate.SQL                        : 
    select
        c1_0.id,
        c1_0.content,
        c1_0.created_at,
        c1_0.recipe_id,
        c1_0.user_id 
    from
        comments c1_0 
    where
        c1_0.recipe_id=?
2025-05-13T01:57:47.766+07:00 DEBUG 23576 --- [http-nio-8080-exec-10] org.hibernate.SQL                        : 
    select
        u1_0.id,
        u1_0.avatar_url,
        u1_0.date_of_birth,
        u1_0.full_name,
        u1_0.username 
    from
        users u1_0 
    where
        u1_0.username=?
2025-05-13T01:57:47.772+07:00 DEBUG 23576 --- [http-nio-8080-exec-10] org.hibernate.SQL                        : 
    select
        count(f1_0.id) 
    from
        follows f1_0 
    where
        f1_0.following_id=?
2025-05-13T01:57:47.775+07:00 DEBUG 23576 --- [http-nio-8080-exec-10] org.hibernate.SQL                        : 
    select
        count(f1_0.id) 
    from
        follows f1_0 
    where
        f1_0.follower_id=?
2025-05-13T01:57:47.780+07:00 DEBUG 23576 --- [http-nio-8080-exec-10] org.hibernate.SQL                        : 
    select
        r1_0.id,
        r1_0.user_id,
        r1_0.description,
        r1_0.image_url,
        r1_0.title 
    from
        recipes r1_0 
    where
        r1_0.user_id=?
2025-05-13T01:57:47.783+07:00 DEBUG 23576 --- [http-nio-8080-exec-10] org.hibernate.SQL                        : 
    select
        avg(r1_0.score) 
    from
        ratings r1_0 
    join
        recipes r2_0 
            on r2_0.id=r1_0.recipe_id 
    where
        r2_0.user_id=?
2025-05-13T01:58:41.762+07:00 DEBUG 23576 --- [http-nio-8080-exec-4] org.hibernate.SQL                        : 
    select
        u1_0.id,
        u1_0.avatar_url,
        u1_0.date_of_birth,
        u1_0.full_name,
        u1_0.username 
    from
        users u1_0 
    where
        u1_0.username=?
2025-05-13T01:58:44.295+07:00 DEBUG 23576 --- [http-nio-8080-exec-2] org.hibernate.SQL                        : 
    select
        u1_0.id,
        u1_0.avatar_url,
        u1_0.date_of_birth,
        u1_0.full_name,
        u1_0.username 
    from
        users u1_0 
    where
        u1_0.username=?
2025-05-13T01:58:44.298+07:00 DEBUG 23576 --- [http-nio-8080-exec-2] org.hibernate.SQL                        : 
    select
        count(f1_0.id) 
    from
        follows f1_0 
    where
        f1_0.following_id=?
2025-05-13T01:58:44.299+07:00 DEBUG 23576 --- [http-nio-8080-exec-2] org.hibernate.SQL                        : 
    select
        count(f1_0.id) 
    from
        follows f1_0 
    where
        f1_0.follower_id=?
2025-05-13T01:58:44.301+07:00 DEBUG 23576 --- [http-nio-8080-exec-2] org.hibernate.SQL                        : 
    select
        r1_0.id,
        r1_0.user_id,
        r1_0.description,
        r1_0.image_url,
        r1_0.title 
    from
        recipes r1_0 
    where
        r1_0.user_id=?
2025-05-13T01:58:44.303+07:00 DEBUG 23576 --- [http-nio-8080-exec-2] org.hibernate.SQL                        : 
    select
        avg(r1_0.score) 
    from
        ratings r1_0 
    join
        recipes r2_0 
            on r2_0.id=r1_0.recipe_id 
    where
        r2_0.user_id=?
2025-05-13T01:58:44.304+07:00 DEBUG 23576 --- [http-nio-8080-exec-2] org.hibernate.SQL                        : 
    select
        u1_0.id,
        u1_0.avatar_url,
        u1_0.date_of_birth,
        u1_0.full_name,
        u1_0.username 
    from
        users u1_0 
    where
        u1_0.username=?
2025-05-13T01:58:44.306+07:00 DEBUG 23576 --- [http-nio-8080-exec-2] org.hibernate.SQL                        : 
    select
        r1_0.id,
        r1_0.user_id,
        r1_0.description,
        r1_0.image_url,
        r1_0.title 
    from
        recipes r1_0 
    where
        r1_0.user_id=?
2025-05-13T01:58:44.307+07:00 DEBUG 23576 --- [http-nio-8080-exec-2] org.hibernate.SQL                        : 
    select
        r1_0.recipe_id,
        r1_0.id,
        r1_0.rated_at,
        r1_0.score,
        u1_0.id,
        u1_0.avatar_url,
        u1_0.date_of_birth,
        u1_0.full_name,
        u1_0.username 
    from
        ratings r1_0 
    left join
        users u1_0 
            on u1_0.id=r1_0.user_id 
    where
        r1_0.recipe_id=?
2025-05-13T01:58:44.309+07:00 DEBUG 23576 --- [http-nio-8080-exec-2] org.hibernate.SQL                        : 
    select
        l1_0.recipe_id,
        l1_0.id,
        l1_0.liked_at,
        u1_0.id,
        u1_0.avatar_url,
        u1_0.date_of_birth,
        u1_0.full_name,
        u1_0.username 
    from
        likes l1_0 
    left join
        users u1_0 
            on u1_0.id=l1_0.user_id 
    where
        l1_0.recipe_id=?
2025-05-13T01:58:44.312+07:00 DEBUG 23576 --- [http-nio-8080-exec-2] org.hibernate.SQL                        : 
    select
        c1_0.id,
        c1_0.content,
        c1_0.created_at,
        c1_0.recipe_id,
        c1_0.user_id 
    from
        comments c1_0 
    where
        c1_0.recipe_id=?
2025-05-13T01:58:44.313+07:00 DEBUG 23576 --- [http-nio-8080-exec-2] org.hibernate.SQL                        : 
    select
        r1_0.recipe_id,
        r1_0.id,
        r1_0.rated_at,
        r1_0.score,
        u1_0.id,
        u1_0.avatar_url,
        u1_0.date_of_birth,
        u1_0.full_name,
        u1_0.username 
    from
        ratings r1_0 
    left join
        users u1_0 
            on u1_0.id=r1_0.user_id 
    where
        r1_0.recipe_id=?
2025-05-13T01:58:44.314+07:00 DEBUG 23576 --- [http-nio-8080-exec-2] org.hibernate.SQL                        : 
    select
        l1_0.recipe_id,
        l1_0.id,
        l1_0.liked_at,
        u1_0.id,
        u1_0.avatar_url,
        u1_0.date_of_birth,
        u1_0.full_name,
        u1_0.username 
    from
        likes l1_0 
    left join
        users u1_0 
            on u1_0.id=l1_0.user_id 
    where
        l1_0.recipe_id=?
2025-05-13T01:58:44.319+07:00 DEBUG 23576 --- [http-nio-8080-exec-2] org.hibernate.SQL                        : 
    select
        c1_0.id,
        c1_0.content,
        c1_0.created_at,
        c1_0.recipe_id,
        c1_0.user_id 
    from
        comments c1_0 
    where
        c1_0.recipe_id=?
2025-05-13T01:58:48.906+07:00 DEBUG 23576 --- [http-nio-8080-exec-6] org.hibernate.SQL                        : 
    select
        u1_0.id,
        u1_0.avatar_url,
        u1_0.date_of_birth,
        u1_0.full_name,
        u1_0.username 
    from
        users u1_0 
    where
        u1_0.username=?
2025-05-13T01:58:48.908+07:00 DEBUG 23576 --- [http-nio-8080-exec-6] org.hibernate.SQL                        : 
    select
        count(f1_0.id) 
    from
        follows f1_0 
    where
        f1_0.following_id=?
2025-05-13T01:58:48.909+07:00 DEBUG 23576 --- [http-nio-8080-exec-6] org.hibernate.SQL                        : 
    select
        count(f1_0.id) 
    from
        follows f1_0 
    where
        f1_0.follower_id=?
2025-05-13T01:58:48.911+07:00 DEBUG 23576 --- [http-nio-8080-exec-6] org.hibernate.SQL                        : 
    select
        r1_0.id,
        r1_0.user_id,
        r1_0.description,
        r1_0.image_url,
        r1_0.title 
    from
        recipes r1_0 
    where
        r1_0.user_id=?
2025-05-13T01:58:48.913+07:00 DEBUG 23576 --- [http-nio-8080-exec-6] org.hibernate.SQL                        : 
    select
        avg(r1_0.score) 
    from
        ratings r1_0 
    join
        recipes r2_0 
            on r2_0.id=r1_0.recipe_id 
    where
        r2_0.user_id=?
2025-05-13T01:58:58.536+07:00 DEBUG 23576 --- [http-nio-8080-exec-8] org.hibernate.SQL                        : 
    select
        u1_0.id,
        u1_0.avatar_url,
        u1_0.date_of_birth,
        u1_0.full_name,
        u1_0.username 
    from
        users u1_0 
    where
        u1_0.username=?
2025-05-13T01:59:06.154+07:00 DEBUG 23576 --- [http-nio-8080-exec-7] org.hibernate.SQL                        : 
    select
        u1_0.id,
        u1_0.avatar_url,
        u1_0.date_of_birth,
        u1_0.full_name,
        u1_0.username 
    from
        users u1_0 
    where
        u1_0.username=?
2025-05-13T01:59:16.955+07:00 DEBUG 23576 --- [http-nio-8080-exec-9] org.hibernate.SQL                        : 
    select
        u1_0.id,
        u1_0.avatar_url,
        u1_0.date_of_birth,
        u1_0.full_name,
        u1_0.username 
    from
        users u1_0 
    where
        u1_0.username=?
2025-05-13T01:59:16.958+07:00 DEBUG 23576 --- [http-nio-8080-exec-9] org.hibernate.SQL                        : 
    update
        users 
    set
        avatar_url=?,
        date_of_birth=?,
        full_name=?,
        username=? 
    where
        id=?
2025-05-13T01:59:19.483+07:00 DEBUG 23576 --- [http-nio-8080-exec-10] org.hibernate.SQL                        : 
    select
        u1_0.id,
        u1_0.avatar_url,
        u1_0.date_of_birth,
        u1_0.full_name,
        u1_0.username 
    from
        users u1_0 
    where
        u1_0.username=?
2025-05-13T01:59:19.487+07:00 DEBUG 23576 --- [http-nio-8080-exec-10] org.hibernate.SQL                        : 
    select
        count(f1_0.id) 
    from
        follows f1_0 
    where
        f1_0.following_id=?
2025-05-13T01:59:19.489+07:00 DEBUG 23576 --- [http-nio-8080-exec-10] org.hibernate.SQL                        : 
    select
        count(f1_0.id) 
    from
        follows f1_0 
    where
        f1_0.follower_id=?
2025-05-13T01:59:19.491+07:00 DEBUG 23576 --- [http-nio-8080-exec-10] org.hibernate.SQL                        : 
    select
        r1_0.id,
        r1_0.user_id,
        r1_0.description,
        r1_0.image_url,
        r1_0.title 
    from
        recipes r1_0 
    where
        r1_0.user_id=?
2025-05-13T01:59:19.494+07:00 DEBUG 23576 --- [http-nio-8080-exec-10] org.hibernate.SQL                        : 
    select
        avg(r1_0.score) 
    from
        ratings r1_0 
    join
        recipes r2_0 
            on r2_0.id=r1_0.recipe_id 
    where
        r2_0.user_id=?
2025-05-13T01:59:19.496+07:00 DEBUG 23576 --- [http-nio-8080-exec-10] org.hibernate.SQL                        : 
    select
        u1_0.id,
        u1_0.avatar_url,
        u1_0.date_of_birth,
        u1_0.full_name,
        u1_0.username 
    from
        users u1_0 
    where
        u1_0.username=?
2025-05-13T01:59:19.499+07:00 DEBUG 23576 --- [http-nio-8080-exec-10] org.hibernate.SQL                        : 
    select
        r1_0.id,
        r1_0.user_id,
        r1_0.description,
        r1_0.image_url,
        r1_0.title 
    from
        recipes r1_0 
    where
        r1_0.user_id=?
2025-05-13T01:59:19.500+07:00 DEBUG 23576 --- [http-nio-8080-exec-10] org.hibernate.SQL                        : 
    select
        r1_0.recipe_id,
        r1_0.id,
        r1_0.rated_at,
        r1_0.score,
        u1_0.id,
        u1_0.avatar_url,
        u1_0.date_of_birth,
        u1_0.full_name,
        u1_0.username 
    from
        ratings r1_0 
    left join
        users u1_0 
            on u1_0.id=r1_0.user_id 
    where
        r1_0.recipe_id=?
2025-05-13T01:59:19.502+07:00 DEBUG 23576 --- [http-nio-8080-exec-10] org.hibernate.SQL                        : 
    select
        l1_0.recipe_id,
        l1_0.id,
        l1_0.liked_at,
        u1_0.id,
        u1_0.avatar_url,
        u1_0.date_of_birth,
        u1_0.full_name,
        u1_0.username 
    from
        likes l1_0 
    left join
        users u1_0 
            on u1_0.id=l1_0.user_id 
    where
        l1_0.recipe_id=?
2025-05-13T01:59:19.505+07:00 DEBUG 23576 --- [http-nio-8080-exec-10] org.hibernate.SQL                        : 
    select
        c1_0.id,
        c1_0.content,
        c1_0.created_at,
        c1_0.recipe_id,
        c1_0.user_id 
    from
        comments c1_0 
    where
        c1_0.recipe_id=?
2025-05-13T01:59:19.508+07:00 DEBUG 23576 --- [http-nio-8080-exec-10] org.hibernate.SQL                        : 
    select
        r1_0.recipe_id,
        r1_0.id,
        r1_0.rated_at,
        r1_0.score,
        u1_0.id,
        u1_0.avatar_url,
        u1_0.date_of_birth,
        u1_0.full_name,
        u1_0.username 
    from
        ratings r1_0 
    left join
        users u1_0 
            on u1_0.id=r1_0.user_id 
    where
        r1_0.recipe_id=?
2025-05-13T01:59:19.510+07:00 DEBUG 23576 --- [http-nio-8080-exec-10] org.hibernate.SQL                        : 
    select
        l1_0.recipe_id,
        l1_0.id,
        l1_0.liked_at,
        u1_0.id,
        u1_0.avatar_url,
        u1_0.date_of_birth,
        u1_0.full_name,
        u1_0.username 
    from
        likes l1_0 
    left join
        users u1_0 
            on u1_0.id=l1_0.user_id 
    where
        l1_0.recipe_id=?
2025-05-13T01:59:19.513+07:00 DEBUG 23576 --- [http-nio-8080-exec-10] org.hibernate.SQL                        : 
    select
        c1_0.id,
        c1_0.content,
        c1_0.created_at,
        c1_0.recipe_id,
        c1_0.user_id 
    from
        comments c1_0 
    where
        c1_0.recipe_id=?
2025-05-13T02:00:31.677+07:00 DEBUG 23576 --- [http-nio-8080-exec-8] org.hibernate.SQL                        : 
    select
        u1_0.id,
        u1_0.avatar_url,
        u1_0.date_of_birth,
        u1_0.full_name,
        u1_0.username 
    from
        users u1_0 
    where
        u1_0.username=?
2025-05-13T02:00:31.682+07:00 DEBUG 23576 --- [http-nio-8080-exec-8] org.hibernate.SQL                        : 
    select
        count(f1_0.id) 
    from
        follows f1_0 
    where
        f1_0.following_id=?
2025-05-13T02:00:31.683+07:00 DEBUG 23576 --- [http-nio-8080-exec-8] org.hibernate.SQL                        : 
    select
        count(f1_0.id) 
    from
        follows f1_0 
    where
        f1_0.follower_id=?
2025-05-13T02:00:31.686+07:00 DEBUG 23576 --- [http-nio-8080-exec-8] org.hibernate.SQL                        : 
    select
        r1_0.id,
        r1_0.user_id,
        r1_0.description,
        r1_0.image_url,
        r1_0.title 
    from
        recipes r1_0 
    where
        r1_0.user_id=?
2025-05-13T02:00:31.690+07:00 DEBUG 23576 --- [http-nio-8080-exec-8] org.hibernate.SQL                        : 
    select
        avg(r1_0.score) 
    from
        ratings r1_0 
    join
        recipes r2_0 
            on r2_0.id=r1_0.recipe_id 
    where
        r2_0.user_id=?
2025-05-13T02:00:31.699+07:00 ERROR 23576 --- [http-nio-8080-exec-8] org.thymeleaf.TemplateEngine             : [THYMELEAF][http-nio-8080-exec-8] Exception processing template "edit-profile": An error happened during template parsing (template: "class path resource [templates/edit-profile.html]")

org.thymeleaf.exceptions.TemplateInputException: An error happened during template parsing (template: "class path resource [templates/edit-profile.html]")
	at org.thymeleaf.templateparser.markup.AbstractMarkupTemplateParser.parse(AbstractMarkupTemplateParser.java:241) ~[thymeleaf-3.1.3.RELEASE.jar:3.1.3.RELEASE]
	at org.thymeleaf.templateparser.markup.AbstractMarkupTemplateParser.parseStandalone(AbstractMarkupTemplateParser.java:100) ~[thymeleaf-3.1.3.RELEASE.jar:3.1.3.RELEASE]
	at org.thymeleaf.engine.TemplateManager.parseAndProcess(TemplateManager.java:666) ~[thymeleaf-3.1.3.RELEASE.jar:3.1.3.RELEASE]
	at org.thymeleaf.TemplateEngine.process(TemplateEngine.java:1103) ~[thymeleaf-3.1.3.RELEASE.jar:3.1.3.RELEASE]
	at org.thymeleaf.TemplateEngine.process(TemplateEngine.java:1077) ~[thymeleaf-3.1.3.RELEASE.jar:3.1.3.RELEASE]
	at org.thymeleaf.spring6.view.ThymeleafView.renderFragment(ThymeleafView.java:372) ~[thymeleaf-spring6-3.1.3.RELEASE.jar:3.1.3.RELEASE]
	at org.thymeleaf.spring6.view.ThymeleafView.render(ThymeleafView.java:192) ~[thymeleaf-spring6-3.1.3.RELEASE.jar:3.1.3.RELEASE]
	at org.springframework.web.servlet.DispatcherServlet.render(DispatcherServlet.java:1437) ~[spring-webmvc-6.2.6.jar:6.2.6]
	at org.springframework.web.servlet.DispatcherServlet.processDispatchResult(DispatcherServlet.java:1168) ~[spring-webmvc-6.2.6.jar:6.2.6]
	at org.springframework.web.servlet.DispatcherServlet.doDispatch(DispatcherServlet.java:1106) ~[spring-webmvc-6.2.6.jar:6.2.6]
	at org.springframework.web.servlet.DispatcherServlet.doService(DispatcherServlet.java:979) ~[spring-webmvc-6.2.6.jar:6.2.6]
	at org.springframework.web.servlet.FrameworkServlet.processRequest(FrameworkServlet.java:1014) ~[spring-webmvc-6.2.6.jar:6.2.6]
	at org.springframework.web.servlet.FrameworkServlet.doGet(FrameworkServlet.java:903) ~[spring-webmvc-6.2.6.jar:6.2.6]
	at jakarta.servlet.http.HttpServlet.service(HttpServlet.java:564) ~[tomcat-embed-core-10.1.40.jar:6.0]
	at org.springframework.web.servlet.FrameworkServlet.service(FrameworkServlet.java:885) ~[spring-webmvc-6.2.6.jar:6.2.6]
	at jakarta.servlet.http.HttpServlet.service(HttpServlet.java:658) ~[tomcat-embed-core-10.1.40.jar:6.0]
	at org.apache.catalina.core.ApplicationFilterChain.internalDoFilter(ApplicationFilterChain.java:195) ~[tomcat-embed-core-10.1.40.jar:10.1.40]
	at org.apache.catalina.core.ApplicationFilterChain.doFilter(ApplicationFilterChain.java:140) ~[tomcat-embed-core-10.1.40.jar:10.1.40]
	at org.apache.tomcat.websocket.server.WsFilter.doFilter(WsFilter.java:51) ~[tomcat-embed-websocket-10.1.40.jar:10.1.40]
	at org.apache.catalina.core.ApplicationFilterChain.internalDoFilter(ApplicationFilterChain.java:164) ~[tomcat-embed-core-10.1.40.jar:10.1.40]
	at org.apache.catalina.core.ApplicationFilterChain.doFilter(ApplicationFilterChain.java:140) ~[tomcat-embed-core-10.1.40.jar:10.1.40]
	at org.springframework.web.filter.RequestContextFilter.doFilterInternal(RequestContextFilter.java:100) ~[spring-web-6.2.6.jar:6.2.6]
	at org.springframework.web.filter.OncePerRequestFilter.doFilter(OncePerRequestFilter.java:116) ~[spring-web-6.2.6.jar:6.2.6]
	at org.apache.catalina.core.ApplicationFilterChain.internalDoFilter(ApplicationFilterChain.java:164) ~[tomcat-embed-core-10.1.40.jar:10.1.40]
	at org.apache.catalina.core.ApplicationFilterChain.doFilter(ApplicationFilterChain.java:140) ~[tomcat-embed-core-10.1.40.jar:10.1.40]
	at org.springframework.web.filter.FormContentFilter.doFilterInternal(FormContentFilter.java:93) ~[spring-web-6.2.6.jar:6.2.6]
	at org.springframework.web.filter.OncePerRequestFilter.doFilter(OncePerRequestFilter.java:116) ~[spring-web-6.2.6.jar:6.2.6]
	at org.apache.catalina.core.ApplicationFilterChain.internalDoFilter(ApplicationFilterChain.java:164) ~[tomcat-embed-core-10.1.40.jar:10.1.40]
	at org.apache.catalina.core.ApplicationFilterChain.doFilter(ApplicationFilterChain.java:140) ~[tomcat-embed-core-10.1.40.jar:10.1.40]
	at org.springframework.web.filter.CharacterEncodingFilter.doFilterInternal(CharacterEncodingFilter.java:201) ~[spring-web-6.2.6.jar:6.2.6]
	at org.springframework.web.filter.OncePerRequestFilter.doFilter(OncePerRequestFilter.java:116) ~[spring-web-6.2.6.jar:6.2.6]
	at org.apache.catalina.core.ApplicationFilterChain.internalDoFilter(ApplicationFilterChain.java:164) ~[tomcat-embed-core-10.1.40.jar:10.1.40]
	at org.apache.catalina.core.ApplicationFilterChain.doFilter(ApplicationFilterChain.java:140) ~[tomcat-embed-core-10.1.40.jar:10.1.40]
	at org.apache.catalina.core.StandardWrapperValve.invoke(StandardWrapperValve.java:167) ~[tomcat-embed-core-10.1.40.jar:10.1.40]
	at org.apache.catalina.core.StandardContextValve.invoke(StandardContextValve.java:90) ~[tomcat-embed-core-10.1.40.jar:10.1.40]
	at org.apache.catalina.authenticator.AuthenticatorBase.invoke(AuthenticatorBase.java:483) ~[tomcat-embed-core-10.1.40.jar:10.1.40]
	at org.apache.catalina.core.StandardHostValve.invoke(StandardHostValve.java:116) ~[tomcat-embed-core-10.1.40.jar:10.1.40]
	at org.apache.catalina.valves.ErrorReportValve.invoke(ErrorReportValve.java:93) ~[tomcat-embed-core-10.1.40.jar:10.1.40]
	at org.apache.catalina.core.StandardEngineValve.invoke(StandardEngineValve.java:74) ~[tomcat-embed-core-10.1.40.jar:10.1.40]
	at org.apache.catalina.connector.CoyoteAdapter.service(CoyoteAdapter.java:344) ~[tomcat-embed-core-10.1.40.jar:10.1.40]
	at org.apache.coyote.http11.Http11Processor.service(Http11Processor.java:398) ~[tomcat-embed-core-10.1.40.jar:10.1.40]
	at org.apache.coyote.AbstractProcessorLight.process(AbstractProcessorLight.java:63) ~[tomcat-embed-core-10.1.40.jar:10.1.40]
	at org.apache.coyote.AbstractProtocol$ConnectionHandler.process(AbstractProtocol.java:903) ~[tomcat-embed-core-10.1.40.jar:10.1.40]
	at org.apache.tomcat.util.net.NioEndpoint$SocketProcessor.doRun(NioEndpoint.java:1740) ~[tomcat-embed-core-10.1.40.jar:10.1.40]
	at org.apache.tomcat.util.net.SocketProcessorBase.run(SocketProcessorBase.java:52) ~[tomcat-embed-core-10.1.40.jar:10.1.40]
	at org.apache.tomcat.util.threads.ThreadPoolExecutor.runWorker(ThreadPoolExecutor.java:1189) ~[tomcat-embed-core-10.1.40.jar:10.1.40]
	at org.apache.tomcat.util.threads.ThreadPoolExecutor$Worker.run(ThreadPoolExecutor.java:658) ~[tomcat-embed-core-10.1.40.jar:10.1.40]
	at org.apache.tomcat.util.threads.TaskThread$WrappingRunnable.run(TaskThread.java:63) ~[tomcat-embed-core-10.1.40.jar:10.1.40]
	at java.base/java.lang.Thread.run(Thread.java:1575) ~[na:na]
Caused by: org.attoparser.ParseException: Could not parse as expression: "" (template: "edit-profile" - line 40, col 38)
	at org.attoparser.MarkupParser.parseDocument(MarkupParser.java:393) ~[attoparser-2.0.7.RELEASE.jar:2.0.7.RELEASE]
	at org.attoparser.MarkupParser.parse(MarkupParser.java:257) ~[attoparser-2.0.7.RELEASE.jar:2.0.7.RELEASE]
	at org.thymeleaf.templateparser.markup.AbstractMarkupTemplateParser.parse(AbstractMarkupTemplateParser.java:230) ~[thymeleaf-3.1.3.RELEASE.jar:3.1.3.RELEASE]
	... 48 common frames omitted
Caused by: org.thymeleaf.exceptions.TemplateProcessingException: Could not parse as expression: "" (template: "edit-profile" - line 40, col 38)
	at org.thymeleaf.standard.expression.StandardExpressionParser.parseExpression(StandardExpressionParser.java:131) ~[thymeleaf-3.1.3.RELEASE.jar:3.1.3.RELEASE]
	at org.thymeleaf.standard.expression.StandardExpressionParser.parseExpression(StandardExpressionParser.java:62) ~[thymeleaf-3.1.3.RELEASE.jar:3.1.3.RELEASE]
	at org.thymeleaf.standard.expression.StandardExpressionParser.parseExpression(StandardExpressionParser.java:44) ~[thymeleaf-3.1.3.RELEASE.jar:3.1.3.RELEASE]
	at org.thymeleaf.engine.EngineEventUtils.parseAttributeExpression(EngineEventUtils.java:220) ~[thymeleaf-3.1.3.RELEASE.jar:3.1.3.RELEASE]
	at org.thymeleaf.engine.EngineEventUtils.computeAttributeExpression(EngineEventUtils.java:207) ~[thymeleaf-3.1.3.RELEASE.jar:3.1.3.RELEASE]
	at org.thymeleaf.standard.processor.AbstractStandardExpressionAttributeTagProcessor.doProcess(AbstractStandardExpressionAttributeTagProcessor.java:125) ~[thymeleaf-3.1.3.RELEASE.jar:3.1.3.RELEASE]
	at org.thymeleaf.processor.element.AbstractAttributeTagProcessor.doProcess(AbstractAttributeTagProcessor.java:74) ~[thymeleaf-3.1.3.RELEASE.jar:3.1.3.RELEASE]
	at org.thymeleaf.processor.element.AbstractElementTagProcessor.process(AbstractElementTagProcessor.java:95) ~[thymeleaf-3.1.3.RELEASE.jar:3.1.3.RELEASE]
	at org.thymeleaf.util.ProcessorConfigurationUtils$ElementTagProcessorWrapper.process(ProcessorConfigurationUtils.java:633) ~[thymeleaf-3.1.3.RELEASE.jar:3.1.3.RELEASE]
	at org.thymeleaf.engine.ProcessorTemplateHandler.handleStandaloneElement(ProcessorTemplateHandler.java:918) ~[thymeleaf-3.1.3.RELEASE.jar:3.1.3.RELEASE]
	at org.thymeleaf.engine.TemplateHandlerAdapterMarkupHandler.handleStandaloneElementEnd(TemplateHandlerAdapterMarkupHandler.java:260) ~[thymeleaf-3.1.3.RELEASE.jar:3.1.3.RELEASE]
	at org.thymeleaf.templateparser.markup.InlinedOutputExpressionMarkupHandler$InlineMarkupAdapterPreProcessorHandler.handleStandaloneElementEnd(InlinedOutputExpressionMarkupHandler.java:256) ~[thymeleaf-3.1.3.RELEASE.jar:3.1.3.RELEASE]
	at org.thymeleaf.standard.inline.OutputExpressionInlinePreProcessorHandler.handleStandaloneElementEnd(OutputExpressionInlinePreProcessorHandler.java:169) ~[thymeleaf-3.1.3.RELEASE.jar:3.1.3.RELEASE]
	at org.thymeleaf.templateparser.markup.InlinedOutputExpressionMarkupHandler.handleStandaloneElementEnd(InlinedOutputExpressionMarkupHandler.java:104) ~[thymeleaf-3.1.3.RELEASE.jar:3.1.3.RELEASE]
	at org.attoparser.HtmlVoidElement.handleOpenElementEnd(HtmlVoidElement.java:92) ~[attoparser-2.0.7.RELEASE.jar:2.0.7.RELEASE]
	at org.attoparser.HtmlMarkupHandler.handleOpenElementEnd(HtmlMarkupHandler.java:297) ~[attoparser-2.0.7.RELEASE.jar:2.0.7.RELEASE]
	at org.attoparser.MarkupEventProcessorHandler.handleOpenElementEnd(MarkupEventProcessorHandler.java:402) ~[attoparser-2.0.7.RELEASE.jar:2.0.7.RELEASE]
	at org.attoparser.ParsingElementMarkupUtil.parseOpenElement(ParsingElementMarkupUtil.java:159) ~[attoparser-2.0.7.RELEASE.jar:2.0.7.RELEASE]
	at org.attoparser.MarkupParser.parseBuffer(MarkupParser.java:710) ~[attoparser-2.0.7.RELEASE.jar:2.0.7.RELEASE]
	at org.attoparser.MarkupParser.parseDocument(MarkupParser.java:301) ~[attoparser-2.0.7.RELEASE.jar:2.0.7.RELEASE]
	... 50 common frames omitted

2025-05-13T02:00:31.712+07:00 ERROR 23576 --- [http-nio-8080-exec-8] o.a.c.c.C.[.[.[/].[dispatcherServlet]    : Servlet.service() for servlet [dispatcherServlet] in context with path [] threw exception [Request processing failed: org.thymeleaf.exceptions.TemplateInputException: An error happened during template parsing (template: "class path resource [templates/edit-profile.html]")] with root cause

org.thymeleaf.exceptions.TemplateProcessingException: Could not parse as expression: "" (template: "edit-profile" - line 40, col 38)
	at org.thymeleaf.standard.expression.StandardExpressionParser.parseExpression(StandardExpressionParser.java:131) ~[thymeleaf-3.1.3.RELEASE.jar:3.1.3.RELEASE]
	at org.thymeleaf.standard.expression.StandardExpressionParser.parseExpression(StandardExpressionParser.java:62) ~[thymeleaf-3.1.3.RELEASE.jar:3.1.3.RELEASE]
	at org.thymeleaf.standard.expression.StandardExpressionParser.parseExpression(StandardExpressionParser.java:44) ~[thymeleaf-3.1.3.RELEASE.jar:3.1.3.RELEASE]
	at org.thymeleaf.engine.EngineEventUtils.parseAttributeExpression(EngineEventUtils.java:220) ~[thymeleaf-3.1.3.RELEASE.jar:3.1.3.RELEASE]
	at org.thymeleaf.engine.EngineEventUtils.computeAttributeExpression(EngineEventUtils.java:207) ~[thymeleaf-3.1.3.RELEASE.jar:3.1.3.RELEASE]
	at org.thymeleaf.standard.processor.AbstractStandardExpressionAttributeTagProcessor.doProcess(AbstractStandardExpressionAttributeTagProcessor.java:125) ~[thymeleaf-3.1.3.RELEASE.jar:3.1.3.RELEASE]
	at org.thymeleaf.processor.element.AbstractAttributeTagProcessor.doProcess(AbstractAttributeTagProcessor.java:74) ~[thymeleaf-3.1.3.RELEASE.jar:3.1.3.RELEASE]
	at org.thymeleaf.processor.element.AbstractElementTagProcessor.process(AbstractElementTagProcessor.java:95) ~[thymeleaf-3.1.3.RELEASE.jar:3.1.3.RELEASE]
	at org.thymeleaf.util.ProcessorConfigurationUtils$ElementTagProcessorWrapper.process(ProcessorConfigurationUtils.java:633) ~[thymeleaf-3.1.3.RELEASE.jar:3.1.3.RELEASE]
	at org.thymeleaf.engine.ProcessorTemplateHandler.handleStandaloneElement(ProcessorTemplateHandler.java:918) ~[thymeleaf-3.1.3.RELEASE.jar:3.1.3.RELEASE]
	at org.thymeleaf.engine.TemplateHandlerAdapterMarkupHandler.handleStandaloneElementEnd(TemplateHandlerAdapterMarkupHandler.java:260) ~[thymeleaf-3.1.3.RELEASE.jar:3.1.3.RELEASE]
	at org.thymeleaf.templateparser.markup.InlinedOutputExpressionMarkupHandler$InlineMarkupAdapterPreProcessorHandler.handleStandaloneElementEnd(InlinedOutputExpressionMarkupHandler.java:256) ~[thymeleaf-3.1.3.RELEASE.jar:3.1.3.RELEASE]
	at org.thymeleaf.standard.inline.OutputExpressionInlinePreProcessorHandler.handleStandaloneElementEnd(OutputExpressionInlinePreProcessorHandler.java:169) ~[thymeleaf-3.1.3.RELEASE.jar:3.1.3.RELEASE]
	at org.thymeleaf.templateparser.markup.InlinedOutputExpressionMarkupHandler.handleStandaloneElementEnd(InlinedOutputExpressionMarkupHandler.java:104) ~[thymeleaf-3.1.3.RELEASE.jar:3.1.3.RELEASE]
	at org.attoparser.HtmlVoidElement.handleOpenElementEnd(HtmlVoidElement.java:92) ~[attoparser-2.0.7.RELEASE.jar:2.0.7.RELEASE]
	at org.attoparser.HtmlMarkupHandler.handleOpenElementEnd(HtmlMarkupHandler.java:297) ~[attoparser-2.0.7.RELEASE.jar:2.0.7.RELEASE]
	at org.attoparser.MarkupEventProcessorHandler.handleOpenElementEnd(MarkupEventProcessorHandler.java:402) ~[attoparser-2.0.7.RELEASE.jar:2.0.7.RELEASE]
	at org.attoparser.ParsingElementMarkupUtil.parseOpenElement(ParsingElementMarkupUtil.java:159) ~[attoparser-2.0.7.RELEASE.jar:2.0.7.RELEASE]
	at org.attoparser.MarkupParser.parseBuffer(MarkupParser.java:710) ~[attoparser-2.0.7.RELEASE.jar:2.0.7.RELEASE]
	at org.attoparser.MarkupParser.parseDocument(MarkupParser.java:301) ~[attoparser-2.0.7.RELEASE.jar:2.0.7.RELEASE]
	at org.attoparser.MarkupParser.parse(MarkupParser.java:257) ~[attoparser-2.0.7.RELEASE.jar:2.0.7.RELEASE]
	at org.thymeleaf.templateparser.markup.AbstractMarkupTemplateParser.parse(AbstractMarkupTemplateParser.java:230) ~[thymeleaf-3.1.3.RELEASE.jar:3.1.3.RELEASE]
	at org.thymeleaf.templateparser.markup.AbstractMarkupTemplateParser.parseStandalone(AbstractMarkupTemplateParser.java:100) ~[thymeleaf-3.1.3.RELEASE.jar:3.1.3.RELEASE]
	at org.thymeleaf.engine.TemplateManager.parseAndProcess(TemplateManager.java:666) ~[thymeleaf-3.1.3.RELEASE.jar:3.1.3.RELEASE]
	at org.thymeleaf.TemplateEngine.process(TemplateEngine.java:1103) ~[thymeleaf-3.1.3.RELEASE.jar:3.1.3.RELEASE]
	at org.thymeleaf.TemplateEngine.process(TemplateEngine.java:1077) ~[thymeleaf-3.1.3.RELEASE.jar:3.1.3.RELEASE]
	at org.thymeleaf.spring6.view.ThymeleafView.renderFragment(ThymeleafView.java:372) ~[thymeleaf-spring6-3.1.3.RELEASE.jar:3.1.3.RELEASE]
	at org.thymeleaf.spring6.view.ThymeleafView.render(ThymeleafView.java:192) ~[thymeleaf-spring6-3.1.3.RELEASE.jar:3.1.3.RELEASE]
	at org.springframework.web.servlet.DispatcherServlet.render(DispatcherServlet.java:1437) ~[spring-webmvc-6.2.6.jar:6.2.6]
	at org.springframework.web.servlet.DispatcherServlet.processDispatchResult(DispatcherServlet.java:1168) ~[spring-webmvc-6.2.6.jar:6.2.6]
	at org.springframework.web.servlet.DispatcherServlet.doDispatch(DispatcherServlet.java:1106) ~[spring-webmvc-6.2.6.jar:6.2.6]
	at org.springframework.web.servlet.DispatcherServlet.doService(DispatcherServlet.java:979) ~[spring-webmvc-6.2.6.jar:6.2.6]
	at org.springframework.web.servlet.FrameworkServlet.processRequest(FrameworkServlet.java:1014) ~[spring-webmvc-6.2.6.jar:6.2.6]
	at org.springframework.web.servlet.FrameworkServlet.doGet(FrameworkServlet.java:903) ~[spring-webmvc-6.2.6.jar:6.2.6]
	at jakarta.servlet.http.HttpServlet.service(HttpServlet.java:564) ~[tomcat-embed-core-10.1.40.jar:6.0]
	at org.springframework.web.servlet.FrameworkServlet.service(FrameworkServlet.java:885) ~[spring-webmvc-6.2.6.jar:6.2.6]
	at jakarta.servlet.http.HttpServlet.service(HttpServlet.java:658) ~[tomcat-embed-core-10.1.40.jar:6.0]
	at org.apache.catalina.core.ApplicationFilterChain.internalDoFilter(ApplicationFilterChain.java:195) ~[tomcat-embed-core-10.1.40.jar:10.1.40]
	at org.apache.catalina.core.ApplicationFilterChain.doFilter(ApplicationFilterChain.java:140) ~[tomcat-embed-core-10.1.40.jar:10.1.40]
	at org.apache.tomcat.websocket.server.WsFilter.doFilter(WsFilter.java:51) ~[tomcat-embed-websocket-10.1.40.jar:10.1.40]
	at org.apache.catalina.core.ApplicationFilterChain.internalDoFilter(ApplicationFilterChain.java:164) ~[tomcat-embed-core-10.1.40.jar:10.1.40]
	at org.apache.catalina.core.ApplicationFilterChain.doFilter(ApplicationFilterChain.java:140) ~[tomcat-embed-core-10.1.40.jar:10.1.40]
	at org.springframework.web.filter.RequestContextFilter.doFilterInternal(RequestContextFilter.java:100) ~[spring-web-6.2.6.jar:6.2.6]
	at org.springframework.web.filter.OncePerRequestFilter.doFilter(OncePerRequestFilter.java:116) ~[spring-web-6.2.6.jar:6.2.6]
	at org.apache.catalina.core.ApplicationFilterChain.internalDoFilter(ApplicationFilterChain.java:164) ~[tomcat-embed-core-10.1.40.jar:10.1.40]
	at org.apache.catalina.core.ApplicationFilterChain.doFilter(ApplicationFilterChain.java:140) ~[tomcat-embed-core-10.1.40.jar:10.1.40]
	at org.springframework.web.filter.FormContentFilter.doFilterInternal(FormContentFilter.java:93) ~[spring-web-6.2.6.jar:6.2.6]
	at org.springframework.web.filter.OncePerRequestFilter.doFilter(OncePerRequestFilter.java:116) ~[spring-web-6.2.6.jar:6.2.6]
	at org.apache.catalina.core.ApplicationFilterChain.internalDoFilter(ApplicationFilterChain.java:164) ~[tomcat-embed-core-10.1.40.jar:10.1.40]
	at org.apache.catalina.core.ApplicationFilterChain.doFilter(ApplicationFilterChain.java:140) ~[tomcat-embed-core-10.1.40.jar:10.1.40]
	at org.springframework.web.filter.CharacterEncodingFilter.doFilterInternal(CharacterEncodingFilter.java:201) ~[spring-web-6.2.6.jar:6.2.6]
	at org.springframework.web.filter.OncePerRequestFilter.doFilter(OncePerRequestFilter.java:116) ~[spring-web-6.2.6.jar:6.2.6]
	at org.apache.catalina.core.ApplicationFilterChain.internalDoFilter(ApplicationFilterChain.java:164) ~[tomcat-embed-core-10.1.40.jar:10.1.40]
	at org.apache.catalina.core.ApplicationFilterChain.doFilter(ApplicationFilterChain.java:140) ~[tomcat-embed-core-10.1.40.jar:10.1.40]
	at org.apache.catalina.core.StandardWrapperValve.invoke(StandardWrapperValve.java:167) ~[tomcat-embed-core-10.1.40.jar:10.1.40]
	at org.apache.catalina.core.StandardContextValve.invoke(StandardContextValve.java:90) ~[tomcat-embed-core-10.1.40.jar:10.1.40]
	at org.apache.catalina.authenticator.AuthenticatorBase.invoke(AuthenticatorBase.java:483) ~[tomcat-embed-core-10.1.40.jar:10.1.40]
	at org.apache.catalina.core.StandardHostValve.invoke(StandardHostValve.java:116) ~[tomcat-embed-core-10.1.40.jar:10.1.40]
	at org.apache.catalina.valves.ErrorReportValve.invoke(ErrorReportValve.java:93) ~[tomcat-embed-core-10.1.40.jar:10.1.40]
	at org.apache.catalina.core.StandardEngineValve.invoke(StandardEngineValve.java:74) ~[tomcat-embed-core-10.1.40.jar:10.1.40]
	at org.apache.catalina.connector.CoyoteAdapter.service(CoyoteAdapter.java:344) ~[tomcat-embed-core-10.1.40.jar:10.1.40]
	at org.apache.coyote.http11.Http11Processor.service(Http11Processor.java:398) ~[tomcat-embed-core-10.1.40.jar:10.1.40]
	at org.apache.coyote.AbstractProcessorLight.process(AbstractProcessorLight.java:63) ~[tomcat-embed-core-10.1.40.jar:10.1.40]
	at org.apache.coyote.AbstractProtocol$ConnectionHandler.process(AbstractProtocol.java:903) ~[tomcat-embed-core-10.1.40.jar:10.1.40]
	at org.apache.tomcat.util.net.NioEndpoint$SocketProcessor.doRun(NioEndpoint.java:1740) ~[tomcat-embed-core-10.1.40.jar:10.1.40]
	at org.apache.tomcat.util.net.SocketProcessorBase.run(SocketProcessorBase.java:52) ~[tomcat-embed-core-10.1.40.jar:10.1.40]
	at org.apache.tomcat.util.threads.ThreadPoolExecutor.runWorker(ThreadPoolExecutor.java:1189) ~[tomcat-embed-core-10.1.40.jar:10.1.40]
	at org.apache.tomcat.util.threads.ThreadPoolExecutor$Worker.run(ThreadPoolExecutor.java:658) ~[tomcat-embed-core-10.1.40.jar:10.1.40]
	at org.apache.tomcat.util.threads.TaskThread$WrappingRunnable.run(TaskThread.java:63) ~[tomcat-embed-core-10.1.40.jar:10.1.40]
	at java.base/java.lang.Thread.run(Thread.java:1575) ~[na:na]

2025-05-13T02:01:49.055+07:00 DEBUG 23576 --- [http-nio-8080-exec-9] org.hibernate.SQL                        : 
    select
        u1_0.id,
        u1_0.avatar_url,
        u1_0.date_of_birth,
        u1_0.full_name,
        u1_0.username 
    from
        users u1_0 
    where
        u1_0.username=?
2025-05-13T02:01:49.060+07:00 DEBUG 23576 --- [http-nio-8080-exec-9] org.hibernate.SQL                        : 
    select
        count(f1_0.id) 
    from
        follows f1_0 
    where
        f1_0.following_id=?
2025-05-13T02:01:49.062+07:00 DEBUG 23576 --- [http-nio-8080-exec-9] org.hibernate.SQL                        : 
    select
        count(f1_0.id) 
    from
        follows f1_0 
    where
        f1_0.follower_id=?
2025-05-13T02:01:49.065+07:00 DEBUG 23576 --- [http-nio-8080-exec-9] org.hibernate.SQL                        : 
    select
        r1_0.id,
        r1_0.user_id,
        r1_0.description,
        r1_0.image_url,
        r1_0.title 
    from
        recipes r1_0 
    where
        r1_0.user_id=?
2025-05-13T02:01:49.068+07:00 DEBUG 23576 --- [http-nio-8080-exec-9] org.hibernate.SQL                        : 
    select
        avg(r1_0.score) 
    from
        ratings r1_0 
    join
        recipes r2_0 
            on r2_0.id=r1_0.recipe_id 
    where
        r2_0.user_id=?
2025-05-13T02:01:53.907+07:00 DEBUG 23576 --- [http-nio-8080-exec-10] org.hibernate.SQL                        : 
    select
        u1_0.id,
        u1_0.avatar_url,
        u1_0.date_of_birth,
        u1_0.full_name,
        u1_0.username 
    from
        users u1_0 
    where
        u1_0.username=?
2025-05-13T02:01:53.914+07:00 DEBUG 23576 --- [http-nio-8080-exec-10] org.hibernate.SQL                        : 
    select
        count(f1_0.id) 
    from
        follows f1_0 
    where
        f1_0.following_id=?
2025-05-13T02:01:53.917+07:00 DEBUG 23576 --- [http-nio-8080-exec-10] org.hibernate.SQL                        : 
    select
        count(f1_0.id) 
    from
        follows f1_0 
    where
        f1_0.follower_id=?
2025-05-13T02:01:53.921+07:00 DEBUG 23576 --- [http-nio-8080-exec-10] org.hibernate.SQL                        : 
    select
        r1_0.id,
        r1_0.user_id,
        r1_0.description,
        r1_0.image_url,
        r1_0.title 
    from
        recipes r1_0 
    where
        r1_0.user_id=?
2025-05-13T02:01:53.925+07:00 DEBUG 23576 --- [http-nio-8080-exec-10] org.hibernate.SQL                        : 
    select
        avg(r1_0.score) 
    from
        ratings r1_0 
    join
        recipes r2_0 
            on r2_0.id=r1_0.recipe_id 
    where
        r2_0.user_id=?
2025-05-13T02:05:34.085+07:00 DEBUG 23576 --- [http-nio-8080-exec-2] org.hibernate.SQL                        : 
    select
        u1_0.id,
        u1_0.avatar_url,
        u1_0.date_of_birth,
        u1_0.full_name,
        u1_0.username 
    from
        users u1_0 
    where
        u1_0.username=?
2025-05-13T02:05:34.092+07:00 DEBUG 23576 --- [http-nio-8080-exec-2] org.hibernate.SQL                        : 
    select
        count(f1_0.id) 
    from
        follows f1_0 
    where
        f1_0.following_id=?
2025-05-13T02:05:34.095+07:00 DEBUG 23576 --- [http-nio-8080-exec-2] org.hibernate.SQL                        : 
    select
        count(f1_0.id) 
    from
        follows f1_0 
    where
        f1_0.follower_id=?
2025-05-13T02:05:34.097+07:00 DEBUG 23576 --- [http-nio-8080-exec-2] org.hibernate.SQL                        : 
    select
        r1_0.id,
        r1_0.user_id,
        r1_0.description,
        r1_0.image_url,
        r1_0.title 
    from
        recipes r1_0 
    where
        r1_0.user_id=?
2025-05-13T02:05:34.099+07:00 DEBUG 23576 --- [http-nio-8080-exec-2] org.hibernate.SQL                        : 
    select
        avg(r1_0.score) 
    from
        ratings r1_0 
    join
        recipes r2_0 
            on r2_0.id=r1_0.recipe_id 
    where
        r2_0.user_id=?
2025-05-13T02:05:34.105+07:00 ERROR 23576 --- [http-nio-8080-exec-2] org.thymeleaf.TemplateEngine             : [THYMELEAF][http-nio-8080-exec-2] Exception processing template "edit-profile": An error happened during template parsing (template: "class path resource [templates/edit-profile.html]")

org.thymeleaf.exceptions.TemplateInputException: An error happened during template parsing (template: "class path resource [templates/edit-profile.html]")
	at org.thymeleaf.templateparser.markup.AbstractMarkupTemplateParser.parse(AbstractMarkupTemplateParser.java:241) ~[thymeleaf-3.1.3.RELEASE.jar:3.1.3.RELEASE]
	at org.thymeleaf.templateparser.markup.AbstractMarkupTemplateParser.parseStandalone(AbstractMarkupTemplateParser.java:100) ~[thymeleaf-3.1.3.RELEASE.jar:3.1.3.RELEASE]
	at org.thymeleaf.engine.TemplateManager.parseAndProcess(TemplateManager.java:666) ~[thymeleaf-3.1.3.RELEASE.jar:3.1.3.RELEASE]
	at org.thymeleaf.TemplateEngine.process(TemplateEngine.java:1103) ~[thymeleaf-3.1.3.RELEASE.jar:3.1.3.RELEASE]
	at org.thymeleaf.TemplateEngine.process(TemplateEngine.java:1077) ~[thymeleaf-3.1.3.RELEASE.jar:3.1.3.RELEASE]
	at org.thymeleaf.spring6.view.ThymeleafView.renderFragment(ThymeleafView.java:372) ~[thymeleaf-spring6-3.1.3.RELEASE.jar:3.1.3.RELEASE]
	at org.thymeleaf.spring6.view.ThymeleafView.render(ThymeleafView.java:192) ~[thymeleaf-spring6-3.1.3.RELEASE.jar:3.1.3.RELEASE]
	at org.springframework.web.servlet.DispatcherServlet.render(DispatcherServlet.java:1437) ~[spring-webmvc-6.2.6.jar:6.2.6]
	at org.springframework.web.servlet.DispatcherServlet.processDispatchResult(DispatcherServlet.java:1168) ~[spring-webmvc-6.2.6.jar:6.2.6]
	at org.springframework.web.servlet.DispatcherServlet.doDispatch(DispatcherServlet.java:1106) ~[spring-webmvc-6.2.6.jar:6.2.6]
	at org.springframework.web.servlet.DispatcherServlet.doService(DispatcherServlet.java:979) ~[spring-webmvc-6.2.6.jar:6.2.6]
	at org.springframework.web.servlet.FrameworkServlet.processRequest(FrameworkServlet.java:1014) ~[spring-webmvc-6.2.6.jar:6.2.6]
	at org.springframework.web.servlet.FrameworkServlet.doGet(FrameworkServlet.java:903) ~[spring-webmvc-6.2.6.jar:6.2.6]
	at jakarta.servlet.http.HttpServlet.service(HttpServlet.java:564) ~[tomcat-embed-core-10.1.40.jar:6.0]
	at org.springframework.web.servlet.FrameworkServlet.service(FrameworkServlet.java:885) ~[spring-webmvc-6.2.6.jar:6.2.6]
	at jakarta.servlet.http.HttpServlet.service(HttpServlet.java:658) ~[tomcat-embed-core-10.1.40.jar:6.0]
	at org.apache.catalina.core.ApplicationFilterChain.internalDoFilter(ApplicationFilterChain.java:195) ~[tomcat-embed-core-10.1.40.jar:10.1.40]
	at org.apache.catalina.core.ApplicationFilterChain.doFilter(ApplicationFilterChain.java:140) ~[tomcat-embed-core-10.1.40.jar:10.1.40]
	at org.apache.tomcat.websocket.server.WsFilter.doFilter(WsFilter.java:51) ~[tomcat-embed-websocket-10.1.40.jar:10.1.40]
	at org.apache.catalina.core.ApplicationFilterChain.internalDoFilter(ApplicationFilterChain.java:164) ~[tomcat-embed-core-10.1.40.jar:10.1.40]
	at org.apache.catalina.core.ApplicationFilterChain.doFilter(ApplicationFilterChain.java:140) ~[tomcat-embed-core-10.1.40.jar:10.1.40]
	at org.springframework.web.filter.RequestContextFilter.doFilterInternal(RequestContextFilter.java:100) ~[spring-web-6.2.6.jar:6.2.6]
	at org.springframework.web.filter.OncePerRequestFilter.doFilter(OncePerRequestFilter.java:116) ~[spring-web-6.2.6.jar:6.2.6]
	at org.apache.catalina.core.ApplicationFilterChain.internalDoFilter(ApplicationFilterChain.java:164) ~[tomcat-embed-core-10.1.40.jar:10.1.40]
	at org.apache.catalina.core.ApplicationFilterChain.doFilter(ApplicationFilterChain.java:140) ~[tomcat-embed-core-10.1.40.jar:10.1.40]
	at org.springframework.web.filter.FormContentFilter.doFilterInternal(FormContentFilter.java:93) ~[spring-web-6.2.6.jar:6.2.6]
	at org.springframework.web.filter.OncePerRequestFilter.doFilter(OncePerRequestFilter.java:116) ~[spring-web-6.2.6.jar:6.2.6]
	at org.apache.catalina.core.ApplicationFilterChain.internalDoFilter(ApplicationFilterChain.java:164) ~[tomcat-embed-core-10.1.40.jar:10.1.40]
	at org.apache.catalina.core.ApplicationFilterChain.doFilter(ApplicationFilterChain.java:140) ~[tomcat-embed-core-10.1.40.jar:10.1.40]
	at org.springframework.web.filter.CharacterEncodingFilter.doFilterInternal(CharacterEncodingFilter.java:201) ~[spring-web-6.2.6.jar:6.2.6]
	at org.springframework.web.filter.OncePerRequestFilter.doFilter(OncePerRequestFilter.java:116) ~[spring-web-6.2.6.jar:6.2.6]
	at org.apache.catalina.core.ApplicationFilterChain.internalDoFilter(ApplicationFilterChain.java:164) ~[tomcat-embed-core-10.1.40.jar:10.1.40]
	at org.apache.catalina.core.ApplicationFilterChain.doFilter(ApplicationFilterChain.java:140) ~[tomcat-embed-core-10.1.40.jar:10.1.40]
	at org.apache.catalina.core.StandardWrapperValve.invoke(StandardWrapperValve.java:167) ~[tomcat-embed-core-10.1.40.jar:10.1.40]
	at org.apache.catalina.core.StandardContextValve.invoke(StandardContextValve.java:90) ~[tomcat-embed-core-10.1.40.jar:10.1.40]
	at org.apache.catalina.authenticator.AuthenticatorBase.invoke(AuthenticatorBase.java:483) ~[tomcat-embed-core-10.1.40.jar:10.1.40]
	at org.apache.catalina.core.StandardHostValve.invoke(StandardHostValve.java:116) ~[tomcat-embed-core-10.1.40.jar:10.1.40]
	at org.apache.catalina.valves.ErrorReportValve.invoke(ErrorReportValve.java:93) ~[tomcat-embed-core-10.1.40.jar:10.1.40]
	at org.apache.catalina.core.StandardEngineValve.invoke(StandardEngineValve.java:74) ~[tomcat-embed-core-10.1.40.jar:10.1.40]
	at org.apache.catalina.connector.CoyoteAdapter.service(CoyoteAdapter.java:344) ~[tomcat-embed-core-10.1.40.jar:10.1.40]
	at org.apache.coyote.http11.Http11Processor.service(Http11Processor.java:398) ~[tomcat-embed-core-10.1.40.jar:10.1.40]
	at org.apache.coyote.AbstractProcessorLight.process(AbstractProcessorLight.java:63) ~[tomcat-embed-core-10.1.40.jar:10.1.40]
	at org.apache.coyote.AbstractProtocol$ConnectionHandler.process(AbstractProtocol.java:903) ~[tomcat-embed-core-10.1.40.jar:10.1.40]
	at org.apache.tomcat.util.net.NioEndpoint$SocketProcessor.doRun(NioEndpoint.java:1740) ~[tomcat-embed-core-10.1.40.jar:10.1.40]
	at org.apache.tomcat.util.net.SocketProcessorBase.run(SocketProcessorBase.java:52) ~[tomcat-embed-core-10.1.40.jar:10.1.40]
	at org.apache.tomcat.util.threads.ThreadPoolExecutor.runWorker(ThreadPoolExecutor.java:1189) ~[tomcat-embed-core-10.1.40.jar:10.1.40]
	at org.apache.tomcat.util.threads.ThreadPoolExecutor$Worker.run(ThreadPoolExecutor.java:658) ~[tomcat-embed-core-10.1.40.jar:10.1.40]
	at org.apache.tomcat.util.threads.TaskThread$WrappingRunnable.run(TaskThread.java:63) ~[tomcat-embed-core-10.1.40.jar:10.1.40]
	at java.base/java.lang.Thread.run(Thread.java:1575) ~[na:na]
Caused by: org.attoparser.ParseException: Could not parse as expression: "" (template: "edit-profile" - line 40, col 54)
	at org.attoparser.MarkupParser.parseDocument(MarkupParser.java:393) ~[attoparser-2.0.7.RELEASE.jar:2.0.7.RELEASE]
	at org.attoparser.MarkupParser.parse(MarkupParser.java:257) ~[attoparser-2.0.7.RELEASE.jar:2.0.7.RELEASE]
	at org.thymeleaf.templateparser.markup.AbstractMarkupTemplateParser.parse(AbstractMarkupTemplateParser.java:230) ~[thymeleaf-3.1.3.RELEASE.jar:3.1.3.RELEASE]
	... 48 common frames omitted
Caused by: org.thymeleaf.exceptions.TemplateProcessingException: Could not parse as expression: "" (template: "edit-profile" - line 40, col 54)
	at org.thymeleaf.standard.expression.StandardExpressionParser.parseExpression(StandardExpressionParser.java:131) ~[thymeleaf-3.1.3.RELEASE.jar:3.1.3.RELEASE]
	at org.thymeleaf.standard.expression.StandardExpressionParser.parseExpression(StandardExpressionParser.java:62) ~[thymeleaf-3.1.3.RELEASE.jar:3.1.3.RELEASE]
	at org.thymeleaf.standard.expression.StandardExpressionParser.parseExpression(StandardExpressionParser.java:44) ~[thymeleaf-3.1.3.RELEASE.jar:3.1.3.RELEASE]
	at org.thymeleaf.engine.EngineEventUtils.parseAttributeExpression(EngineEventUtils.java:220) ~[thymeleaf-3.1.3.RELEASE.jar:3.1.3.RELEASE]
	at org.thymeleaf.engine.EngineEventUtils.computeAttributeExpression(EngineEventUtils.java:207) ~[thymeleaf-3.1.3.RELEASE.jar:3.1.3.RELEASE]
	at org.thymeleaf.standard.processor.AbstractStandardExpressionAttributeTagProcessor.doProcess(AbstractStandardExpressionAttributeTagProcessor.java:125) ~[thymeleaf-3.1.3.RELEASE.jar:3.1.3.RELEASE]
	at org.thymeleaf.processor.element.AbstractAttributeTagProcessor.doProcess(AbstractAttributeTagProcessor.java:74) ~[thymeleaf-3.1.3.RELEASE.jar:3.1.3.RELEASE]
	at org.thymeleaf.processor.element.AbstractElementTagProcessor.process(AbstractElementTagProcessor.java:95) ~[thymeleaf-3.1.3.RELEASE.jar:3.1.3.RELEASE]
	at org.thymeleaf.util.ProcessorConfigurationUtils$ElementTagProcessorWrapper.process(ProcessorConfigurationUtils.java:633) ~[thymeleaf-3.1.3.RELEASE.jar:3.1.3.RELEASE]
	at org.thymeleaf.engine.ProcessorTemplateHandler.handleStandaloneElement(ProcessorTemplateHandler.java:918) ~[thymeleaf-3.1.3.RELEASE.jar:3.1.3.RELEASE]
	at org.thymeleaf.engine.TemplateHandlerAdapterMarkupHandler.handleStandaloneElementEnd(TemplateHandlerAdapterMarkupHandler.java:260) ~[thymeleaf-3.1.3.RELEASE.jar:3.1.3.RELEASE]
	at org.thymeleaf.templateparser.markup.InlinedOutputExpressionMarkupHandler$InlineMarkupAdapterPreProcessorHandler.handleStandaloneElementEnd(InlinedOutputExpressionMarkupHandler.java:256) ~[thymeleaf-3.1.3.RELEASE.jar:3.1.3.RELEASE]
	at org.thymeleaf.standard.inline.OutputExpressionInlinePreProcessorHandler.handleStandaloneElementEnd(OutputExpressionInlinePreProcessorHandler.java:169) ~[thymeleaf-3.1.3.RELEASE.jar:3.1.3.RELEASE]
	at org.thymeleaf.templateparser.markup.InlinedOutputExpressionMarkupHandler.handleStandaloneElementEnd(InlinedOutputExpressionMarkupHandler.java:104) ~[thymeleaf-3.1.3.RELEASE.jar:3.1.3.RELEASE]
	at org.attoparser.HtmlVoidElement.handleOpenElementEnd(HtmlVoidElement.java:92) ~[attoparser-2.0.7.RELEASE.jar:2.0.7.RELEASE]
	at org.attoparser.HtmlMarkupHandler.handleOpenElementEnd(HtmlMarkupHandler.java:297) ~[attoparser-2.0.7.RELEASE.jar:2.0.7.RELEASE]
	at org.attoparser.MarkupEventProcessorHandler.handleOpenElementEnd(MarkupEventProcessorHandler.java:402) ~[attoparser-2.0.7.RELEASE.jar:2.0.7.RELEASE]
	at org.attoparser.ParsingElementMarkupUtil.parseOpenElement(ParsingElementMarkupUtil.java:159) ~[attoparser-2.0.7.RELEASE.jar:2.0.7.RELEASE]
	at org.attoparser.MarkupParser.parseBuffer(MarkupParser.java:710) ~[attoparser-2.0.7.RELEASE.jar:2.0.7.RELEASE]
	at org.attoparser.MarkupParser.parseDocument(MarkupParser.java:301) ~[attoparser-2.0.7.RELEASE.jar:2.0.7.RELEASE]
	... 50 common frames omitted

2025-05-13T02:05:34.108+07:00 ERROR 23576 --- [http-nio-8080-exec-2] o.a.c.c.C.[.[.[/].[dispatcherServlet]    : Servlet.service() for servlet [dispatcherServlet] in context with path [] threw exception [Request processing failed: org.thymeleaf.exceptions.TemplateInputException: An error happened during template parsing (template: "class path resource [templates/edit-profile.html]")] with root cause

org.thymeleaf.exceptions.TemplateProcessingException: Could not parse as expression: "" (template: "edit-profile" - line 40, col 54)
	at org.thymeleaf.standard.expression.StandardExpressionParser.parseExpression(StandardExpressionParser.java:131) ~[thymeleaf-3.1.3.RELEASE.jar:3.1.3.RELEASE]
	at org.thymeleaf.standard.expression.StandardExpressionParser.parseExpression(StandardExpressionParser.java:62) ~[thymeleaf-3.1.3.RELEASE.jar:3.1.3.RELEASE]
	at org.thymeleaf.standard.expression.StandardExpressionParser.parseExpression(StandardExpressionParser.java:44) ~[thymeleaf-3.1.3.RELEASE.jar:3.1.3.RELEASE]
	at org.thymeleaf.engine.EngineEventUtils.parseAttributeExpression(EngineEventUtils.java:220) ~[thymeleaf-3.1.3.RELEASE.jar:3.1.3.RELEASE]
	at org.thymeleaf.engine.EngineEventUtils.computeAttributeExpression(EngineEventUtils.java:207) ~[thymeleaf-3.1.3.RELEASE.jar:3.1.3.RELEASE]
	at org.thymeleaf.standard.processor.AbstractStandardExpressionAttributeTagProcessor.doProcess(AbstractStandardExpressionAttributeTagProcessor.java:125) ~[thymeleaf-3.1.3.RELEASE.jar:3.1.3.RELEASE]
	at org.thymeleaf.processor.element.AbstractAttributeTagProcessor.doProcess(AbstractAttributeTagProcessor.java:74) ~[thymeleaf-3.1.3.RELEASE.jar:3.1.3.RELEASE]
	at org.thymeleaf.processor.element.AbstractElementTagProcessor.process(AbstractElementTagProcessor.java:95) ~[thymeleaf-3.1.3.RELEASE.jar:3.1.3.RELEASE]
	at org.thymeleaf.util.ProcessorConfigurationUtils$ElementTagProcessorWrapper.process(ProcessorConfigurationUtils.java:633) ~[thymeleaf-3.1.3.RELEASE.jar:3.1.3.RELEASE]
	at org.thymeleaf.engine.ProcessorTemplateHandler.handleStandaloneElement(ProcessorTemplateHandler.java:918) ~[thymeleaf-3.1.3.RELEASE.jar:3.1.3.RELEASE]
	at org.thymeleaf.engine.TemplateHandlerAdapterMarkupHandler.handleStandaloneElementEnd(TemplateHandlerAdapterMarkupHandler.java:260) ~[thymeleaf-3.1.3.RELEASE.jar:3.1.3.RELEASE]
	at org.thymeleaf.templateparser.markup.InlinedOutputExpressionMarkupHandler$InlineMarkupAdapterPreProcessorHandler.handleStandaloneElementEnd(InlinedOutputExpressionMarkupHandler.java:256) ~[thymeleaf-3.1.3.RELEASE.jar:3.1.3.RELEASE]
	at org.thymeleaf.standard.inline.OutputExpressionInlinePreProcessorHandler.handleStandaloneElementEnd(OutputExpressionInlinePreProcessorHandler.java:169) ~[thymeleaf-3.1.3.RELEASE.jar:3.1.3.RELEASE]
	at org.thymeleaf.templateparser.markup.InlinedOutputExpressionMarkupHandler.handleStandaloneElementEnd(InlinedOutputExpressionMarkupHandler.java:104) ~[thymeleaf-3.1.3.RELEASE.jar:3.1.3.RELEASE]
	at org.attoparser.HtmlVoidElement.handleOpenElementEnd(HtmlVoidElement.java:92) ~[attoparser-2.0.7.RELEASE.jar:2.0.7.RELEASE]
	at org.attoparser.HtmlMarkupHandler.handleOpenElementEnd(HtmlMarkupHandler.java:297) ~[attoparser-2.0.7.RELEASE.jar:2.0.7.RELEASE]
	at org.attoparser.MarkupEventProcessorHandler.handleOpenElementEnd(MarkupEventProcessorHandler.java:402) ~[attoparser-2.0.7.RELEASE.jar:2.0.7.RELEASE]
	at org.attoparser.ParsingElementMarkupUtil.parseOpenElement(ParsingElementMarkupUtil.java:159) ~[attoparser-2.0.7.RELEASE.jar:2.0.7.RELEASE]
	at org.attoparser.MarkupParser.parseBuffer(MarkupParser.java:710) ~[attoparser-2.0.7.RELEASE.jar:2.0.7.RELEASE]
	at org.attoparser.MarkupParser.parseDocument(MarkupParser.java:301) ~[attoparser-2.0.7.RELEASE.jar:2.0.7.RELEASE]
	at org.attoparser.MarkupParser.parse(MarkupParser.java:257) ~[attoparser-2.0.7.RELEASE.jar:2.0.7.RELEASE]
	at org.thymeleaf.templateparser.markup.AbstractMarkupTemplateParser.parse(AbstractMarkupTemplateParser.java:230) ~[thymeleaf-3.1.3.RELEASE.jar:3.1.3.RELEASE]
	at org.thymeleaf.templateparser.markup.AbstractMarkupTemplateParser.parseStandalone(AbstractMarkupTemplateParser.java:100) ~[thymeleaf-3.1.3.RELEASE.jar:3.1.3.RELEASE]
	at org.thymeleaf.engine.TemplateManager.parseAndProcess(TemplateManager.java:666) ~[thymeleaf-3.1.3.RELEASE.jar:3.1.3.RELEASE]
	at org.thymeleaf.TemplateEngine.process(TemplateEngine.java:1103) ~[thymeleaf-3.1.3.RELEASE.jar:3.1.3.RELEASE]
	at org.thymeleaf.TemplateEngine.process(TemplateEngine.java:1077) ~[thymeleaf-3.1.3.RELEASE.jar:3.1.3.RELEASE]
	at org.thymeleaf.spring6.view.ThymeleafView.renderFragment(ThymeleafView.java:372) ~[thymeleaf-spring6-3.1.3.RELEASE.jar:3.1.3.RELEASE]
	at org.thymeleaf.spring6.view.ThymeleafView.render(ThymeleafView.java:192) ~[thymeleaf-spring6-3.1.3.RELEASE.jar:3.1.3.RELEASE]
	at org.springframework.web.servlet.DispatcherServlet.render(DispatcherServlet.java:1437) ~[spring-webmvc-6.2.6.jar:6.2.6]
	at org.springframework.web.servlet.DispatcherServlet.processDispatchResult(DispatcherServlet.java:1168) ~[spring-webmvc-6.2.6.jar:6.2.6]
	at org.springframework.web.servlet.DispatcherServlet.doDispatch(DispatcherServlet.java:1106) ~[spring-webmvc-6.2.6.jar:6.2.6]
	at org.springframework.web.servlet.DispatcherServlet.doService(DispatcherServlet.java:979) ~[spring-webmvc-6.2.6.jar:6.2.6]
	at org.springframework.web.servlet.FrameworkServlet.processRequest(FrameworkServlet.java:1014) ~[spring-webmvc-6.2.6.jar:6.2.6]
	at org.springframework.web.servlet.FrameworkServlet.doGet(FrameworkServlet.java:903) ~[spring-webmvc-6.2.6.jar:6.2.6]
	at jakarta.servlet.http.HttpServlet.service(HttpServlet.java:564) ~[tomcat-embed-core-10.1.40.jar:6.0]
	at org.springframework.web.servlet.FrameworkServlet.service(FrameworkServlet.java:885) ~[spring-webmvc-6.2.6.jar:6.2.6]
	at jakarta.servlet.http.HttpServlet.service(HttpServlet.java:658) ~[tomcat-embed-core-10.1.40.jar:6.0]
	at org.apache.catalina.core.ApplicationFilterChain.internalDoFilter(ApplicationFilterChain.java:195) ~[tomcat-embed-core-10.1.40.jar:10.1.40]
	at org.apache.catalina.core.ApplicationFilterChain.doFilter(ApplicationFilterChain.java:140) ~[tomcat-embed-core-10.1.40.jar:10.1.40]
	at org.apache.tomcat.websocket.server.WsFilter.doFilter(WsFilter.java:51) ~[tomcat-embed-websocket-10.1.40.jar:10.1.40]
	at org.apache.catalina.core.ApplicationFilterChain.internalDoFilter(ApplicationFilterChain.java:164) ~[tomcat-embed-core-10.1.40.jar:10.1.40]
	at org.apache.catalina.core.ApplicationFilterChain.doFilter(ApplicationFilterChain.java:140) ~[tomcat-embed-core-10.1.40.jar:10.1.40]
	at org.springframework.web.filter.RequestContextFilter.doFilterInternal(RequestContextFilter.java:100) ~[spring-web-6.2.6.jar:6.2.6]
	at org.springframework.web.filter.OncePerRequestFilter.doFilter(OncePerRequestFilter.java:116) ~[spring-web-6.2.6.jar:6.2.6]
	at org.apache.catalina.core.ApplicationFilterChain.internalDoFilter(ApplicationFilterChain.java:164) ~[tomcat-embed-core-10.1.40.jar:10.1.40]
	at org.apache.catalina.core.ApplicationFilterChain.doFilter(ApplicationFilterChain.java:140) ~[tomcat-embed-core-10.1.40.jar:10.1.40]
	at org.springframework.web.filter.FormContentFilter.doFilterInternal(FormContentFilter.java:93) ~[spring-web-6.2.6.jar:6.2.6]
	at org.springframework.web.filter.OncePerRequestFilter.doFilter(OncePerRequestFilter.java:116) ~[spring-web-6.2.6.jar:6.2.6]
	at org.apache.catalina.core.ApplicationFilterChain.internalDoFilter(ApplicationFilterChain.java:164) ~[tomcat-embed-core-10.1.40.jar:10.1.40]
	at org.apache.catalina.core.ApplicationFilterChain.doFilter(ApplicationFilterChain.java:140) ~[tomcat-embed-core-10.1.40.jar:10.1.40]
	at org.springframework.web.filter.CharacterEncodingFilter.doFilterInternal(CharacterEncodingFilter.java:201) ~[spring-web-6.2.6.jar:6.2.6]
	at org.springframework.web.filter.OncePerRequestFilter.doFilter(OncePerRequestFilter.java:116) ~[spring-web-6.2.6.jar:6.2.6]
	at org.apache.catalina.core.ApplicationFilterChain.internalDoFilter(ApplicationFilterChain.java:164) ~[tomcat-embed-core-10.1.40.jar:10.1.40]
	at org.apache.catalina.core.ApplicationFilterChain.doFilter(ApplicationFilterChain.java:140) ~[tomcat-embed-core-10.1.40.jar:10.1.40]
	at org.apache.catalina.core.StandardWrapperValve.invoke(StandardWrapperValve.java:167) ~[tomcat-embed-core-10.1.40.jar:10.1.40]
	at org.apache.catalina.core.StandardContextValve.invoke(StandardContextValve.java:90) ~[tomcat-embed-core-10.1.40.jar:10.1.40]
	at org.apache.catalina.authenticator.AuthenticatorBase.invoke(AuthenticatorBase.java:483) ~[tomcat-embed-core-10.1.40.jar:10.1.40]
	at org.apache.catalina.core.StandardHostValve.invoke(StandardHostValve.java:116) ~[tomcat-embed-core-10.1.40.jar:10.1.40]
	at org.apache.catalina.valves.ErrorReportValve.invoke(ErrorReportValve.java:93) ~[tomcat-embed-core-10.1.40.jar:10.1.40]
	at org.apache.catalina.core.StandardEngineValve.invoke(StandardEngineValve.java:74) ~[tomcat-embed-core-10.1.40.jar:10.1.40]
	at org.apache.catalina.connector.CoyoteAdapter.service(CoyoteAdapter.java:344) ~[tomcat-embed-core-10.1.40.jar:10.1.40]
	at org.apache.coyote.http11.Http11Processor.service(Http11Processor.java:398) ~[tomcat-embed-core-10.1.40.jar:10.1.40]
	at org.apache.coyote.AbstractProcessorLight.process(AbstractProcessorLight.java:63) ~[tomcat-embed-core-10.1.40.jar:10.1.40]
	at org.apache.coyote.AbstractProtocol$ConnectionHandler.process(AbstractProtocol.java:903) ~[tomcat-embed-core-10.1.40.jar:10.1.40]
	at org.apache.tomcat.util.net.NioEndpoint$SocketProcessor.doRun(NioEndpoint.java:1740) ~[tomcat-embed-core-10.1.40.jar:10.1.40]
	at org.apache.tomcat.util.net.SocketProcessorBase.run(SocketProcessorBase.java:52) ~[tomcat-embed-core-10.1.40.jar:10.1.40]
	at org.apache.tomcat.util.threads.ThreadPoolExecutor.runWorker(ThreadPoolExecutor.java:1189) ~[tomcat-embed-core-10.1.40.jar:10.1.40]
	at org.apache.tomcat.util.threads.ThreadPoolExecutor$Worker.run(ThreadPoolExecutor.java:658) ~[tomcat-embed-core-10.1.40.jar:10.1.40]
	at org.apache.tomcat.util.threads.TaskThread$WrappingRunnable.run(TaskThread.java:63) ~[tomcat-embed-core-10.1.40.jar:10.1.40]
	at java.base/java.lang.Thread.run(Thread.java:1575) ~[na:na]

2025-05-13T02:07:35.773+07:00 DEBUG 23576 --- [http-nio-8080-exec-5] org.hibernate.SQL                        : 
    select
        u1_0.id,
        u1_0.avatar_url,
        u1_0.date_of_birth,
        u1_0.full_name,
        u1_0.username 
    from
        users u1_0 
    where
        u1_0.username=?
2025-05-13T02:07:35.777+07:00 DEBUG 23576 --- [http-nio-8080-exec-5] org.hibernate.SQL                        : 
    select
        count(f1_0.id) 
    from
        follows f1_0 
    where
        f1_0.following_id=?
2025-05-13T02:07:35.778+07:00 DEBUG 23576 --- [http-nio-8080-exec-5] org.hibernate.SQL                        : 
    select
        count(f1_0.id) 
    from
        follows f1_0 
    where
        f1_0.follower_id=?
2025-05-13T02:07:35.780+07:00 DEBUG 23576 --- [http-nio-8080-exec-5] org.hibernate.SQL                        : 
    select
        r1_0.id,
        r1_0.user_id,
        r1_0.description,
        r1_0.image_url,
        r1_0.title 
    from
        recipes r1_0 
    where
        r1_0.user_id=?
2025-05-13T02:07:35.781+07:00 DEBUG 23576 --- [http-nio-8080-exec-5] org.hibernate.SQL                        : 
    select
        avg(r1_0.score) 
    from
        ratings r1_0 
    join
        recipes r2_0 
            on r2_0.id=r1_0.recipe_id 
    where
        r2_0.user_id=?
2025-05-13T02:09:12.484+07:00 DEBUG 23576 --- [http-nio-8080-exec-7] org.hibernate.SQL                        : 
    select
        u1_0.id,
        u1_0.avatar_url,
        u1_0.date_of_birth,
        u1_0.full_name,
        u1_0.username 
    from
        users u1_0 
    where
        u1_0.username=?
2025-05-13T02:09:12.488+07:00 DEBUG 23576 --- [http-nio-8080-exec-7] org.hibernate.SQL                        : 
    select
        count(f1_0.id) 
    from
        follows f1_0 
    where
        f1_0.following_id=?
2025-05-13T02:09:12.491+07:00 DEBUG 23576 --- [http-nio-8080-exec-7] org.hibernate.SQL                        : 
    select
        count(f1_0.id) 
    from
        follows f1_0 
    where
        f1_0.follower_id=?
2025-05-13T02:09:12.493+07:00 DEBUG 23576 --- [http-nio-8080-exec-7] org.hibernate.SQL                        : 
    select
        r1_0.id,
        r1_0.user_id,
        r1_0.description,
        r1_0.image_url,
        r1_0.title 
    from
        recipes r1_0 
    where
        r1_0.user_id=?
2025-05-13T02:09:12.495+07:00 DEBUG 23576 --- [http-nio-8080-exec-7] org.hibernate.SQL                        : 
    select
        avg(r1_0.score) 
    from
        ratings r1_0 
    join
        recipes r2_0 
            on r2_0.id=r1_0.recipe_id 
    where
        r2_0.user_id=?
2025-05-13T02:09:13.527+07:00 DEBUG 23576 --- [http-nio-8080-exec-9] org.hibernate.SQL                        : 
    select
        u1_0.id,
        u1_0.avatar_url,
        u1_0.date_of_birth,
        u1_0.full_name,
        u1_0.username 
    from
        users u1_0 
    where
        u1_0.username=?
2025-05-13T02:09:13.531+07:00 DEBUG 23576 --- [http-nio-8080-exec-9] org.hibernate.SQL                        : 
    select
        count(f1_0.id) 
    from
        follows f1_0 
    where
        f1_0.following_id=?
2025-05-13T02:09:13.534+07:00 DEBUG 23576 --- [http-nio-8080-exec-9] org.hibernate.SQL                        : 
    select
        count(f1_0.id) 
    from
        follows f1_0 
    where
        f1_0.follower_id=?
2025-05-13T02:09:13.536+07:00 DEBUG 23576 --- [http-nio-8080-exec-9] org.hibernate.SQL                        : 
    select
        r1_0.id,
        r1_0.user_id,
        r1_0.description,
        r1_0.image_url,
        r1_0.title 
    from
        recipes r1_0 
    where
        r1_0.user_id=?
2025-05-13T02:09:13.538+07:00 DEBUG 23576 --- [http-nio-8080-exec-9] org.hibernate.SQL                        : 
    select
        avg(r1_0.score) 
    from
        ratings r1_0 
    join
        recipes r2_0 
            on r2_0.id=r1_0.recipe_id 
    where
        r2_0.user_id=?
2025-05-13T02:09:14.095+07:00 DEBUG 23576 --- [http-nio-8080-exec-10] org.hibernate.SQL                        : 
    select
        u1_0.id,
        u1_0.avatar_url,
        u1_0.date_of_birth,
        u1_0.full_name,
        u1_0.username 
    from
        users u1_0 
    where
        u1_0.username=?
2025-05-13T02:09:14.099+07:00 DEBUG 23576 --- [http-nio-8080-exec-10] org.hibernate.SQL                        : 
    select
        count(f1_0.id) 
    from
        follows f1_0 
    where
        f1_0.following_id=?
2025-05-13T02:09:14.102+07:00 DEBUG 23576 --- [http-nio-8080-exec-10] org.hibernate.SQL                        : 
    select
        count(f1_0.id) 
    from
        follows f1_0 
    where
        f1_0.follower_id=?
2025-05-13T02:09:14.104+07:00 DEBUG 23576 --- [http-nio-8080-exec-10] org.hibernate.SQL                        : 
    select
        r1_0.id,
        r1_0.user_id,
        r1_0.description,
        r1_0.image_url,
        r1_0.title 
    from
        recipes r1_0 
    where
        r1_0.user_id=?
2025-05-13T02:09:14.106+07:00 DEBUG 23576 --- [http-nio-8080-exec-10] org.hibernate.SQL                        : 
    select
        avg(r1_0.score) 
    from
        ratings r1_0 
    join
        recipes r2_0 
            on r2_0.id=r1_0.recipe_id 
    where
        r2_0.user_id=?
2025-05-13T02:09:20.678+07:00 DEBUG 23576 --- [http-nio-8080-exec-1] org.hibernate.SQL                        : 
    select
        u1_0.id,
        u1_0.avatar_url,
        u1_0.date_of_birth,
        u1_0.full_name,
        u1_0.username 
    from
        users u1_0 
    where
        u1_0.username=?
2025-05-13T02:09:20.681+07:00 DEBUG 23576 --- [http-nio-8080-exec-1] org.hibernate.SQL                        : 
    select
        count(f1_0.id) 
    from
        follows f1_0 
    where
        f1_0.following_id=?
2025-05-13T02:09:20.684+07:00 DEBUG 23576 --- [http-nio-8080-exec-1] org.hibernate.SQL                        : 
    select
        count(f1_0.id) 
    from
        follows f1_0 
    where
        f1_0.follower_id=?
2025-05-13T02:09:20.686+07:00 DEBUG 23576 --- [http-nio-8080-exec-1] org.hibernate.SQL                        : 
    select
        r1_0.id,
        r1_0.user_id,
        r1_0.description,
        r1_0.image_url,
        r1_0.title 
    from
        recipes r1_0 
    where
        r1_0.user_id=?
2025-05-13T02:09:20.688+07:00 DEBUG 23576 --- [http-nio-8080-exec-1] org.hibernate.SQL                        : 
    select
        avg(r1_0.score) 
    from
        ratings r1_0 
    join
        recipes r2_0 
            on r2_0.id=r1_0.recipe_id 
    where
        r2_0.user_id=?
2025-05-13T02:09:56.515+07:00 DEBUG 23576 --- [http-nio-8080-exec-2] org.hibernate.SQL                        : 
    select
        u1_0.id,
        u1_0.avatar_url,
        u1_0.date_of_birth,
        u1_0.full_name,
        u1_0.username 
    from
        users u1_0 
    where
        u1_0.username=?
2025-05-13T02:09:56.520+07:00 DEBUG 23576 --- [http-nio-8080-exec-2] org.hibernate.SQL                        : 
    select
        count(f1_0.id) 
    from
        follows f1_0 
    where
        f1_0.following_id=?
2025-05-13T02:09:56.524+07:00 DEBUG 23576 --- [http-nio-8080-exec-2] org.hibernate.SQL                        : 
    select
        count(f1_0.id) 
    from
        follows f1_0 
    where
        f1_0.follower_id=?
2025-05-13T02:09:56.527+07:00 DEBUG 23576 --- [http-nio-8080-exec-2] org.hibernate.SQL                        : 
    select
        r1_0.id,
        r1_0.user_id,
        r1_0.description,
        r1_0.image_url,
        r1_0.title 
    from
        recipes r1_0 
    where
        r1_0.user_id=?
2025-05-13T02:09:56.530+07:00 DEBUG 23576 --- [http-nio-8080-exec-2] org.hibernate.SQL                        : 
    select
        avg(r1_0.score) 
    from
        ratings r1_0 
    join
        recipes r2_0 
            on r2_0.id=r1_0.recipe_id 
    where
        r2_0.user_id=?
2025-05-13T02:11:40.691+07:00 DEBUG 23576 --- [http-nio-8080-exec-8] org.hibernate.SQL                        : 
    select
        u1_0.id,
        u1_0.avatar_url,
        u1_0.date_of_birth,
        u1_0.full_name,
        u1_0.username 
    from
        users u1_0 
    where
        u1_0.username=?
2025-05-13T02:11:40.695+07:00 DEBUG 23576 --- [http-nio-8080-exec-8] org.hibernate.SQL                        : 
    select
        count(f1_0.id) 
    from
        follows f1_0 
    where
        f1_0.following_id=?
2025-05-13T02:11:40.698+07:00 DEBUG 23576 --- [http-nio-8080-exec-8] org.hibernate.SQL                        : 
    select
        count(f1_0.id) 
    from
        follows f1_0 
    where
        f1_0.follower_id=?
2025-05-13T02:11:40.701+07:00 DEBUG 23576 --- [http-nio-8080-exec-8] org.hibernate.SQL                        : 
    select
        r1_0.id,
        r1_0.user_id,
        r1_0.description,
        r1_0.image_url,
        r1_0.title 
    from
        recipes r1_0 
    where
        r1_0.user_id=?
2025-05-13T02:11:40.704+07:00 DEBUG 23576 --- [http-nio-8080-exec-8] org.hibernate.SQL                        : 
    select
        avg(r1_0.score) 
    from
        ratings r1_0 
    join
        recipes r2_0 
            on r2_0.id=r1_0.recipe_id 
    where
        r2_0.user_id=?
2025-05-13T02:11:41.922+07:00 DEBUG 23576 --- [http-nio-8080-exec-3] org.hibernate.SQL                        : 
    select
        u1_0.id,
        u1_0.avatar_url,
        u1_0.date_of_birth,
        u1_0.full_name,
        u1_0.username 
    from
        users u1_0 
    where
        u1_0.username=?
2025-05-13T02:11:41.926+07:00 DEBUG 23576 --- [http-nio-8080-exec-3] org.hibernate.SQL                        : 
    select
        count(f1_0.id) 
    from
        follows f1_0 
    where
        f1_0.following_id=?
2025-05-13T02:11:41.928+07:00 DEBUG 23576 --- [http-nio-8080-exec-3] org.hibernate.SQL                        : 
    select
        count(f1_0.id) 
    from
        follows f1_0 
    where
        f1_0.follower_id=?
2025-05-13T02:11:41.931+07:00 DEBUG 23576 --- [http-nio-8080-exec-3] org.hibernate.SQL                        : 
    select
        r1_0.id,
        r1_0.user_id,
        r1_0.description,
        r1_0.image_url,
        r1_0.title 
    from
        recipes r1_0 
    where
        r1_0.user_id=?
2025-05-13T02:11:41.934+07:00 DEBUG 23576 --- [http-nio-8080-exec-3] org.hibernate.SQL                        : 
    select
        avg(r1_0.score) 
    from
        ratings r1_0 
    join
        recipes r2_0 
            on r2_0.id=r1_0.recipe_id 
    where
        r2_0.user_id=?
2025-05-13T02:11:46.318+07:00 DEBUG 23576 --- [http-nio-8080-exec-7] org.hibernate.SQL                        : 
    select
        u1_0.id,
        u1_0.avatar_url,
        u1_0.date_of_birth,
        u1_0.full_name,
        u1_0.username 
    from
        users u1_0 
    where
        u1_0.username=?
2025-05-13T02:11:46.321+07:00 DEBUG 23576 --- [http-nio-8080-exec-7] org.hibernate.SQL                        : 
    select
        count(f1_0.id) 
    from
        follows f1_0 
    where
        f1_0.following_id=?
2025-05-13T02:11:46.325+07:00 DEBUG 23576 --- [http-nio-8080-exec-7] org.hibernate.SQL                        : 
    select
        count(f1_0.id) 
    from
        follows f1_0 
    where
        f1_0.follower_id=?
2025-05-13T02:11:46.326+07:00 DEBUG 23576 --- [http-nio-8080-exec-7] org.hibernate.SQL                        : 
    select
        r1_0.id,
        r1_0.user_id,
        r1_0.description,
        r1_0.image_url,
        r1_0.title 
    from
        recipes r1_0 
    where
        r1_0.user_id=?
2025-05-13T02:11:46.330+07:00 DEBUG 23576 --- [http-nio-8080-exec-7] org.hibernate.SQL                        : 
    select
        avg(r1_0.score) 
    from
        ratings r1_0 
    join
        recipes r2_0 
            on r2_0.id=r1_0.recipe_id 
    where
        r2_0.user_id=?
2025-05-13T02:11:46.335+07:00 DEBUG 23576 --- [http-nio-8080-exec-7] org.hibernate.SQL                        : 
    select
        u1_0.id,
        u1_0.avatar_url,
        u1_0.date_of_birth,
        u1_0.full_name,
        u1_0.username 
    from
        users u1_0 
    where
        u1_0.username=?
2025-05-13T02:11:46.339+07:00 DEBUG 23576 --- [http-nio-8080-exec-7] org.hibernate.SQL                        : 
    select
        r1_0.id,
        r1_0.user_id,
        r1_0.description,
        r1_0.image_url,
        r1_0.title 
    from
        recipes r1_0 
    where
        r1_0.user_id=?
2025-05-13T02:11:46.341+07:00 DEBUG 23576 --- [http-nio-8080-exec-7] org.hibernate.SQL                        : 
    select
        r1_0.recipe_id,
        r1_0.id,
        r1_0.rated_at,
        r1_0.score,
        u1_0.id,
        u1_0.avatar_url,
        u1_0.date_of_birth,
        u1_0.full_name,
        u1_0.username 
    from
        ratings r1_0 
    left join
        users u1_0 
            on u1_0.id=r1_0.user_id 
    where
        r1_0.recipe_id=?
2025-05-13T02:11:46.343+07:00 DEBUG 23576 --- [http-nio-8080-exec-7] org.hibernate.SQL                        : 
    select
        l1_0.recipe_id,
        l1_0.id,
        l1_0.liked_at,
        u1_0.id,
        u1_0.avatar_url,
        u1_0.date_of_birth,
        u1_0.full_name,
        u1_0.username 
    from
        likes l1_0 
    left join
        users u1_0 
            on u1_0.id=l1_0.user_id 
    where
        l1_0.recipe_id=?
2025-05-13T02:11:46.348+07:00 DEBUG 23576 --- [http-nio-8080-exec-7] org.hibernate.SQL                        : 
    select
        c1_0.id,
        c1_0.content,
        c1_0.created_at,
        c1_0.recipe_id,
        c1_0.user_id 
    from
        comments c1_0 
    where
        c1_0.recipe_id=?
2025-05-13T02:11:46.350+07:00 DEBUG 23576 --- [http-nio-8080-exec-7] org.hibernate.SQL                        : 
    select
        r1_0.recipe_id,
        r1_0.id,
        r1_0.rated_at,
        r1_0.score,
        u1_0.id,
        u1_0.avatar_url,
        u1_0.date_of_birth,
        u1_0.full_name,
        u1_0.username 
    from
        ratings r1_0 
    left join
        users u1_0 
            on u1_0.id=r1_0.user_id 
    where
        r1_0.recipe_id=?
2025-05-13T02:11:46.352+07:00 DEBUG 23576 --- [http-nio-8080-exec-7] org.hibernate.SQL                        : 
    select
        l1_0.recipe_id,
        l1_0.id,
        l1_0.liked_at,
        u1_0.id,
        u1_0.avatar_url,
        u1_0.date_of_birth,
        u1_0.full_name,
        u1_0.username 
    from
        likes l1_0 
    left join
        users u1_0 
            on u1_0.id=l1_0.user_id 
    where
        l1_0.recipe_id=?
2025-05-13T02:11:46.357+07:00 DEBUG 23576 --- [http-nio-8080-exec-7] org.hibernate.SQL                        : 
    select
        c1_0.id,
        c1_0.content,
        c1_0.created_at,
        c1_0.recipe_id,
        c1_0.user_id 
    from
        comments c1_0 
    where
        c1_0.recipe_id=?
2025-05-13T02:11:48.364+07:00 DEBUG 23576 --- [http-nio-8080-exec-4] org.hibernate.SQL                        : 
    select
        u1_0.id,
        u1_0.avatar_url,
        u1_0.date_of_birth,
        u1_0.full_name,
        u1_0.username 
    from
        users u1_0 
    where
        u1_0.username=?
2025-05-13T02:11:48.371+07:00 DEBUG 23576 --- [http-nio-8080-exec-4] org.hibernate.SQL                        : 
    select
        count(f1_0.id) 
    from
        follows f1_0 
    where
        f1_0.following_id=?
2025-05-13T02:11:48.374+07:00 DEBUG 23576 --- [http-nio-8080-exec-4] org.hibernate.SQL                        : 
    select
        count(f1_0.id) 
    from
        follows f1_0 
    where
        f1_0.follower_id=?
2025-05-13T02:11:48.377+07:00 DEBUG 23576 --- [http-nio-8080-exec-4] org.hibernate.SQL                        : 
    select
        r1_0.id,
        r1_0.user_id,
        r1_0.description,
        r1_0.image_url,
        r1_0.title 
    from
        recipes r1_0 
    where
        r1_0.user_id=?
2025-05-13T02:11:48.380+07:00 DEBUG 23576 --- [http-nio-8080-exec-4] org.hibernate.SQL                        : 
    select
        avg(r1_0.score) 
    from
        ratings r1_0 
    join
        recipes r2_0 
            on r2_0.id=r1_0.recipe_id 
    where
        r2_0.user_id=?
2025-05-13T02:14:43.744+07:00 DEBUG 23576 --- [http-nio-8080-exec-5] org.hibernate.SQL                        : 
    select
        u1_0.id,
        u1_0.avatar_url,
        u1_0.date_of_birth,
        u1_0.full_name,
        u1_0.username 
    from
        users u1_0 
    where
        u1_0.username=?
2025-05-13T02:14:43.749+07:00 DEBUG 23576 --- [http-nio-8080-exec-5] org.hibernate.SQL                        : 
    select
        count(f1_0.id) 
    from
        follows f1_0 
    where
        f1_0.following_id=?
2025-05-13T02:14:43.751+07:00 DEBUG 23576 --- [http-nio-8080-exec-5] org.hibernate.SQL                        : 
    select
        count(f1_0.id) 
    from
        follows f1_0 
    where
        f1_0.follower_id=?
2025-05-13T02:14:43.755+07:00 DEBUG 23576 --- [http-nio-8080-exec-5] org.hibernate.SQL                        : 
    select
        r1_0.id,
        r1_0.user_id,
        r1_0.description,
        r1_0.image_url,
        r1_0.title 
    from
        recipes r1_0 
    where
        r1_0.user_id=?
2025-05-13T02:14:43.757+07:00 DEBUG 23576 --- [http-nio-8080-exec-5] org.hibernate.SQL                        : 
    select
        avg(r1_0.score) 
    from
        ratings r1_0 
    join
        recipes r2_0 
            on r2_0.id=r1_0.recipe_id 
    where
        r2_0.user_id=?
2025-05-13T02:14:44.740+07:00 DEBUG 23576 --- [http-nio-8080-exec-8] org.hibernate.SQL                        : 
    select
        u1_0.id,
        u1_0.avatar_url,
        u1_0.date_of_birth,
        u1_0.full_name,
        u1_0.username 
    from
        users u1_0 
    where
        u1_0.username=?
2025-05-13T02:14:44.744+07:00 DEBUG 23576 --- [http-nio-8080-exec-8] org.hibernate.SQL                        : 
    select
        count(f1_0.id) 
    from
        follows f1_0 
    where
        f1_0.following_id=?
2025-05-13T02:14:44.746+07:00 DEBUG 23576 --- [http-nio-8080-exec-8] org.hibernate.SQL                        : 
    select
        count(f1_0.id) 
    from
        follows f1_0 
    where
        f1_0.follower_id=?
2025-05-13T02:14:44.750+07:00 DEBUG 23576 --- [http-nio-8080-exec-8] org.hibernate.SQL                        : 
    select
        r1_0.id,
        r1_0.user_id,
        r1_0.description,
        r1_0.image_url,
        r1_0.title 
    from
        recipes r1_0 
    where
        r1_0.user_id=?
2025-05-13T02:14:44.752+07:00 DEBUG 23576 --- [http-nio-8080-exec-8] org.hibernate.SQL                        : 
    select
        avg(r1_0.score) 
    from
        ratings r1_0 
    join
        recipes r2_0 
            on r2_0.id=r1_0.recipe_id 
    where
        r2_0.user_id=?
2025-05-13T02:14:47.024+07:00 DEBUG 23576 --- [http-nio-8080-exec-3] org.hibernate.SQL                        : 
    select
        u1_0.id,
        u1_0.avatar_url,
        u1_0.date_of_birth,
        u1_0.full_name,
        u1_0.username 
    from
        users u1_0 
    where
        u1_0.username=?
2025-05-13T02:14:47.027+07:00 DEBUG 23576 --- [http-nio-8080-exec-3] org.hibernate.SQL                        : 
    select
        count(f1_0.id) 
    from
        follows f1_0 
    where
        f1_0.following_id=?
2025-05-13T02:14:47.029+07:00 DEBUG 23576 --- [http-nio-8080-exec-3] org.hibernate.SQL                        : 
    select
        count(f1_0.id) 
    from
        follows f1_0 
    where
        f1_0.follower_id=?
2025-05-13T02:14:47.031+07:00 DEBUG 23576 --- [http-nio-8080-exec-3] org.hibernate.SQL                        : 
    select
        r1_0.id,
        r1_0.user_id,
        r1_0.description,
        r1_0.image_url,
        r1_0.title 
    from
        recipes r1_0 
    where
        r1_0.user_id=?
2025-05-13T02:14:47.034+07:00 DEBUG 23576 --- [http-nio-8080-exec-3] org.hibernate.SQL                        : 
    select
        avg(r1_0.score) 
    from
        ratings r1_0 
    join
        recipes r2_0 
            on r2_0.id=r1_0.recipe_id 
    where
        r2_0.user_id=?
2025-05-13T02:14:47.036+07:00 DEBUG 23576 --- [http-nio-8080-exec-3] org.hibernate.SQL                        : 
    select
        u1_0.id,
        u1_0.avatar_url,
        u1_0.date_of_birth,
        u1_0.full_name,
        u1_0.username 
    from
        users u1_0 
    where
        u1_0.username=?
2025-05-13T02:14:47.039+07:00 DEBUG 23576 --- [http-nio-8080-exec-3] org.hibernate.SQL                        : 
    select
        r1_0.id,
        r1_0.user_id,
        r1_0.description,
        r1_0.image_url,
        r1_0.title 
    from
        recipes r1_0 
    where
        r1_0.user_id=?
2025-05-13T02:14:47.041+07:00 DEBUG 23576 --- [http-nio-8080-exec-3] org.hibernate.SQL                        : 
    select
        r1_0.recipe_id,
        r1_0.id,
        r1_0.rated_at,
        r1_0.score,
        u1_0.id,
        u1_0.avatar_url,
        u1_0.date_of_birth,
        u1_0.full_name,
        u1_0.username 
    from
        ratings r1_0 
    left join
        users u1_0 
            on u1_0.id=r1_0.user_id 
    where
        r1_0.recipe_id=?
2025-05-13T02:14:47.042+07:00 DEBUG 23576 --- [http-nio-8080-exec-3] org.hibernate.SQL                        : 
    select
        l1_0.recipe_id,
        l1_0.id,
        l1_0.liked_at,
        u1_0.id,
        u1_0.avatar_url,
        u1_0.date_of_birth,
        u1_0.full_name,
        u1_0.username 
    from
        likes l1_0 
    left join
        users u1_0 
            on u1_0.id=l1_0.user_id 
    where
        l1_0.recipe_id=?
2025-05-13T02:14:47.046+07:00 DEBUG 23576 --- [http-nio-8080-exec-3] org.hibernate.SQL                        : 
    select
        c1_0.id,
        c1_0.content,
        c1_0.created_at,
        c1_0.recipe_id,
        c1_0.user_id 
    from
        comments c1_0 
    where
        c1_0.recipe_id=?
2025-05-13T02:14:47.050+07:00 DEBUG 23576 --- [http-nio-8080-exec-3] org.hibernate.SQL                        : 
    select
        r1_0.recipe_id,
        r1_0.id,
        r1_0.rated_at,
        r1_0.score,
        u1_0.id,
        u1_0.avatar_url,
        u1_0.date_of_birth,
        u1_0.full_name,
        u1_0.username 
    from
        ratings r1_0 
    left join
        users u1_0 
            on u1_0.id=r1_0.user_id 
    where
        r1_0.recipe_id=?
2025-05-13T02:14:47.052+07:00 DEBUG 23576 --- [http-nio-8080-exec-3] org.hibernate.SQL                        : 
    select
        l1_0.recipe_id,
        l1_0.id,
        l1_0.liked_at,
        u1_0.id,
        u1_0.avatar_url,
        u1_0.date_of_birth,
        u1_0.full_name,
        u1_0.username 
    from
        likes l1_0 
    left join
        users u1_0 
            on u1_0.id=l1_0.user_id 
    where
        l1_0.recipe_id=?
2025-05-13T02:14:47.054+07:00 DEBUG 23576 --- [http-nio-8080-exec-3] org.hibernate.SQL                        : 
    select
        c1_0.id,
        c1_0.content,
        c1_0.created_at,
        c1_0.recipe_id,
        c1_0.user_id 
    from
        comments c1_0 
    where
        c1_0.recipe_id=?
2025-05-13T02:14:49.432+07:00 DEBUG 23576 --- [http-nio-8080-exec-1] org.hibernate.SQL                        : 
    select
        u1_0.id,
        u1_0.avatar_url,
        u1_0.date_of_birth,
        u1_0.full_name,
        u1_0.username 
    from
        users u1_0 
    where
        u1_0.username=?
2025-05-13T02:14:49.434+07:00 DEBUG 23576 --- [http-nio-8080-exec-1] org.hibernate.SQL                        : 
    select
        count(f1_0.id) 
    from
        follows f1_0 
    where
        f1_0.following_id=?
2025-05-13T02:14:49.437+07:00 DEBUG 23576 --- [http-nio-8080-exec-1] org.hibernate.SQL                        : 
    select
        count(f1_0.id) 
    from
        follows f1_0 
    where
        f1_0.follower_id=?
2025-05-13T02:14:49.439+07:00 DEBUG 23576 --- [http-nio-8080-exec-1] org.hibernate.SQL                        : 
    select
        r1_0.id,
        r1_0.user_id,
        r1_0.description,
        r1_0.image_url,
        r1_0.title 
    from
        recipes r1_0 
    where
        r1_0.user_id=?
2025-05-13T02:14:49.440+07:00 DEBUG 23576 --- [http-nio-8080-exec-1] org.hibernate.SQL                        : 
    select
        avg(r1_0.score) 
    from
        ratings r1_0 
    join
        recipes r2_0 
            on r2_0.id=r1_0.recipe_id 
    where
        r2_0.user_id=?
2025-05-13T02:15:49.218+07:00 DEBUG 23576 --- [http-nio-8080-exec-2] org.hibernate.SQL                        : 
    select
        u1_0.id,
        u1_0.avatar_url,
        u1_0.date_of_birth,
        u1_0.full_name,
        u1_0.username 
    from
        users u1_0 
    where
        u1_0.username=?
2025-05-13T02:15:49.220+07:00 DEBUG 23576 --- [http-nio-8080-exec-2] org.hibernate.SQL                        : 
    select
        count(f1_0.id) 
    from
        follows f1_0 
    where
        f1_0.following_id=?
2025-05-13T02:15:49.222+07:00 DEBUG 23576 --- [http-nio-8080-exec-2] org.hibernate.SQL                        : 
    select
        count(f1_0.id) 
    from
        follows f1_0 
    where
        f1_0.follower_id=?
2025-05-13T02:15:49.223+07:00 DEBUG 23576 --- [http-nio-8080-exec-2] org.hibernate.SQL                        : 
    select
        r1_0.id,
        r1_0.user_id,
        r1_0.description,
        r1_0.image_url,
        r1_0.title 
    from
        recipes r1_0 
    where
        r1_0.user_id=?
2025-05-13T02:15:49.224+07:00 DEBUG 23576 --- [http-nio-8080-exec-2] org.hibernate.SQL                        : 
    select
        avg(r1_0.score) 
    from
        ratings r1_0 
    join
        recipes r2_0 
            on r2_0.id=r1_0.recipe_id 
    where
        r2_0.user_id=?
2025-05-13T02:16:04.910+07:00 DEBUG 23576 --- [http-nio-8080-exec-6] org.hibernate.SQL                        : 
    select
        u1_0.id,
        u1_0.avatar_url,
        u1_0.date_of_birth,
        u1_0.full_name,
        u1_0.username 
    from
        users u1_0 
    where
        u1_0.username=?
2025-05-13T02:16:04.913+07:00 DEBUG 23576 --- [http-nio-8080-exec-6] org.hibernate.SQL                        : 
    select
        count(f1_0.id) 
    from
        follows f1_0 
    where
        f1_0.following_id=?
2025-05-13T02:16:04.914+07:00 DEBUG 23576 --- [http-nio-8080-exec-6] org.hibernate.SQL                        : 
    select
        count(f1_0.id) 
    from
        follows f1_0 
    where
        f1_0.follower_id=?
2025-05-13T02:16:04.917+07:00 DEBUG 23576 --- [http-nio-8080-exec-6] org.hibernate.SQL                        : 
    select
        r1_0.id,
        r1_0.user_id,
        r1_0.description,
        r1_0.image_url,
        r1_0.title 
    from
        recipes r1_0 
    where
        r1_0.user_id=?
2025-05-13T02:16:04.919+07:00 DEBUG 23576 --- [http-nio-8080-exec-6] org.hibernate.SQL                        : 
    select
        avg(r1_0.score) 
    from
        ratings r1_0 
    join
        recipes r2_0 
            on r2_0.id=r1_0.recipe_id 
    where
        r2_0.user_id=?
2025-05-13T02:17:48.266+07:00  INFO 23576 --- [SpringApplicationShutdownHook] o.s.b.w.e.tomcat.GracefulShutdown        : Commencing graceful shutdown. Waiting for active requests to complete
2025-05-13T02:17:48.271+07:00  INFO 23576 --- [tomcat-shutdown] o.s.b.w.e.tomcat.GracefulShutdown        : Graceful shutdown complete
2025-05-13T02:17:48.275+07:00  INFO 23576 --- [SpringApplicationShutdownHook] j.LocalContainerEntityManagerFactoryBean : Closing JPA EntityManagerFactory for persistence unit 'default'
2025-05-13T02:17:48.279+07:00  INFO 23576 --- [SpringApplicationShutdownHook] com.zaxxer.hikari.HikariDataSource       : HikariPool-1 - Shutdown initiated...
2025-05-13T02:17:48.285+07:00  INFO 23576 --- [SpringApplicationShutdownHook] com.zaxxer.hikari.HikariDataSource       : HikariPool-1 - Shutdown completed.
2025-05-13T02:17:51.556+07:00  INFO 16772 --- [restartedMain] c.r.backend.BackendApplication           : Starting BackendApplication using Java 23 with PID 16772 (C:\RecipeSharingWebsite\backend\target\classes started by haiye in C:\RecipeSharingWebsite\backend)
2025-05-13T02:17:51.562+07:00  INFO 16772 --- [restartedMain] c.r.backend.BackendApplication           : No active profile set, falling back to 1 default profile: "default"
2025-05-13T02:17:51.727+07:00  INFO 16772 --- [restartedMain] .e.DevToolsPropertyDefaultsPostProcessor : Devtools property defaults active! Set 'spring.devtools.add-properties' to 'false' to disable
2025-05-13T02:17:51.727+07:00  INFO 16772 --- [restartedMain] .e.DevToolsPropertyDefaultsPostProcessor : For additional web related logging consider setting the 'logging.level.web' property to 'DEBUG'
2025-05-13T02:17:53.106+07:00  INFO 16772 --- [restartedMain] .s.d.r.c.RepositoryConfigurationDelegate : Bootstrapping Spring Data JPA repositories in DEFAULT mode.
2025-05-13T02:17:53.222+07:00  INFO 16772 --- [restartedMain] .s.d.r.c.RepositoryConfigurationDelegate : Finished Spring Data repository scanning in 101 ms. Found 7 JPA repository interfaces.
2025-05-13T02:17:53.987+07:00  INFO 16772 --- [restartedMain] o.s.b.w.embedded.tomcat.TomcatWebServer  : Tomcat initialized with port 8080 (http)
2025-05-13T02:17:54.011+07:00  INFO 16772 --- [restartedMain] o.apache.catalina.core.StandardService   : Starting service [Tomcat]
2025-05-13T02:17:54.012+07:00  INFO 16772 --- [restartedMain] o.apache.catalina.core.StandardEngine    : Starting Servlet engine: [Apache Tomcat/10.1.40]
2025-05-13T02:17:54.088+07:00  INFO 16772 --- [restartedMain] o.a.c.c.C.[Tomcat].[localhost].[/]       : Initializing Spring embedded WebApplicationContext
2025-05-13T02:17:54.090+07:00  INFO 16772 --- [restartedMain] w.s.c.ServletWebServerApplicationContext : Root WebApplicationContext: initialization completed in 2361 ms
2025-05-13T02:17:54.311+07:00  INFO 16772 --- [restartedMain] o.hibernate.jpa.internal.util.LogHelper  : HHH000204: Processing PersistenceUnitInfo [name: default]
2025-05-13T02:17:54.417+07:00  INFO 16772 --- [restartedMain] org.hibernate.Version                    : HHH000412: Hibernate ORM core version 6.6.13.Final
2025-05-13T02:17:54.478+07:00  INFO 16772 --- [restartedMain] o.h.c.internal.RegionFactoryInitiator    : HHH000026: Second-level cache disabled
2025-05-13T02:17:54.928+07:00  INFO 16772 --- [restartedMain] o.s.o.j.p.SpringPersistenceUnitInfo      : No LoadTimeWeaver setup: ignoring JPA class transformer
2025-05-13T02:17:54.978+07:00  INFO 16772 --- [restartedMain] com.zaxxer.hikari.HikariDataSource       : HikariPool-1 - Starting...
2025-05-13T02:17:55.190+07:00  INFO 16772 --- [restartedMain] com.zaxxer.hikari.pool.HikariPool        : HikariPool-1 - Added connection com.mysql.cj.jdbc.ConnectionImpl@609e0d71
2025-05-13T02:17:55.194+07:00  INFO 16772 --- [restartedMain] com.zaxxer.hikari.HikariDataSource       : HikariPool-1 - Start completed.
2025-05-13T02:17:55.226+07:00  WARN 16772 --- [restartedMain] org.hibernate.orm.deprecation            : HHH90000025: MySQL8Dialect does not need to be specified explicitly using 'hibernate.dialect' (remove the property setting and it will be selected by default)
2025-05-13T02:17:55.227+07:00  WARN 16772 --- [restartedMain] org.hibernate.orm.deprecation            : HHH90000026: MySQL8Dialect has been deprecated; use org.hibernate.dialect.MySQLDialect instead
2025-05-13T02:17:55.258+07:00  INFO 16772 --- [restartedMain] org.hibernate.orm.connections.pooling    : HHH10001005: Database info:
	Database JDBC URL [Connecting through datasource 'HikariDataSource (HikariPool-1)']
	Database driver: undefined/unknown
	Database version: 8.0
	Autocommit mode: undefined/unknown
	Isolation level: undefined/unknown
	Minimum pool size: undefined/unknown
	Maximum pool size: undefined/unknown
2025-05-13T02:17:56.633+07:00  INFO 16772 --- [restartedMain] o.h.e.t.j.p.i.JtaPlatformInitiator       : HHH000489: No JTA platform available (set 'hibernate.transaction.jta.platform' to enable JTA platform integration)
2025-05-13T02:17:56.636+07:00  INFO 16772 --- [restartedMain] j.LocalContainerEntityManagerFactoryBean : Initialized JPA EntityManagerFactory for persistence unit 'default'
2025-05-13T02:17:57.230+07:00  INFO 16772 --- [restartedMain] o.s.d.j.r.query.QueryEnhancerFactory     : Hibernate is in classpath; If applicable, HQL parser will be used.
2025-05-13T02:17:58.549+07:00  WARN 16772 --- [restartedMain] JpaBaseConfiguration$JpaWebConfiguration : spring.jpa.open-in-view is enabled by default. Therefore, database queries may be performed during view rendering. Explicitly configure spring.jpa.open-in-view to disable this warning
2025-05-13T02:17:59.476+07:00  INFO 16772 --- [restartedMain] o.s.b.d.a.OptionalLiveReloadServer       : LiveReload server is running on port 35729
2025-05-13T02:17:59.580+07:00  INFO 16772 --- [restartedMain] o.s.b.w.embedded.tomcat.TomcatWebServer  : Tomcat started on port 8080 (http) with context path '/'
2025-05-13T02:17:59.600+07:00  INFO 16772 --- [restartedMain] c.r.backend.BackendApplication           : Started BackendApplication in 9.048 seconds (process running for 10.647)
2025-05-13T02:17:59.701+07:00  INFO 16772 --- [http-nio-8080-exec-1] o.a.c.c.C.[Tomcat].[localhost].[/]       : Initializing Spring DispatcherServlet 'dispatcherServlet'
2025-05-13T02:17:59.702+07:00  INFO 16772 --- [http-nio-8080-exec-1] o.s.web.servlet.DispatcherServlet        : Initializing Servlet 'dispatcherServlet'
2025-05-13T02:17:59.702+07:00  INFO 16772 --- [http-nio-8080-exec-1] o.s.web.servlet.DispatcherServlet        : Completed initialization in 0 ms
2025-05-13T02:17:59.918+07:00 DEBUG 16772 --- [http-nio-8080-exec-1] org.hibernate.SQL                        : 
    select
        u1_0.id,
        u1_0.avatar_url,
        u1_0.date_of_birth,
        u1_0.full_name,
        u1_0.username 
    from
        users u1_0 
    where
        u1_0.username=?
2025-05-13T02:18:00.132+07:00 DEBUG 16772 --- [http-nio-8080-exec-1] org.hibernate.SQL                        : 
    select
        count(f1_0.id) 
    from
        follows f1_0 
    where
        f1_0.following_id=?
2025-05-13T02:18:00.143+07:00 DEBUG 16772 --- [http-nio-8080-exec-1] org.hibernate.SQL                        : 
    select
        count(f1_0.id) 
    from
        follows f1_0 
    where
        f1_0.follower_id=?
2025-05-13T02:18:00.157+07:00 DEBUG 16772 --- [http-nio-8080-exec-1] org.hibernate.SQL                        : 
    select
        r1_0.id,
        r1_0.user_id,
        r1_0.description,
        r1_0.image_url,
        r1_0.title 
    from
        recipes r1_0 
    where
        r1_0.user_id=?
2025-05-13T02:18:00.178+07:00 DEBUG 16772 --- [http-nio-8080-exec-1] org.hibernate.SQL                        : 
    select
        avg(r1_0.score) 
    from
        ratings r1_0 
    join
        recipes r2_0 
            on r2_0.id=r1_0.recipe_id 
    where
        r2_0.user_id=?
2025-05-13T02:18:00.183+07:00 DEBUG 16772 --- [http-nio-8080-exec-1] org.hibernate.SQL                        : 
    select
        u1_0.id,
        u1_0.avatar_url,
        u1_0.date_of_birth,
        u1_0.full_name,
        u1_0.username 
    from
        users u1_0 
    where
        u1_0.username=?
2025-05-13T02:18:00.189+07:00 DEBUG 16772 --- [http-nio-8080-exec-1] org.hibernate.SQL                        : 
    select
        r1_0.id,
        r1_0.user_id,
        r1_0.description,
        r1_0.image_url,
        r1_0.title 
    from
        recipes r1_0 
    where
        r1_0.user_id=?
2025-05-13T02:18:00.195+07:00 DEBUG 16772 --- [http-nio-8080-exec-1] org.hibernate.SQL                        : 
    select
        r1_0.recipe_id,
        r1_0.id,
        r1_0.rated_at,
        r1_0.score,
        u1_0.id,
        u1_0.avatar_url,
        u1_0.date_of_birth,
        u1_0.full_name,
        u1_0.username 
    from
        ratings r1_0 
    left join
        users u1_0 
            on u1_0.id=r1_0.user_id 
    where
        r1_0.recipe_id=?
2025-05-13T02:18:00.210+07:00 DEBUG 16772 --- [http-nio-8080-exec-1] org.hibernate.SQL                        : 
    select
        l1_0.recipe_id,
        l1_0.id,
        l1_0.liked_at,
        u1_0.id,
        u1_0.avatar_url,
        u1_0.date_of_birth,
        u1_0.full_name,
        u1_0.username 
    from
        likes l1_0 
    left join
        users u1_0 
            on u1_0.id=l1_0.user_id 
    where
        l1_0.recipe_id=?
2025-05-13T02:18:00.220+07:00 DEBUG 16772 --- [http-nio-8080-exec-1] org.hibernate.SQL                        : 
    select
        c1_0.id,
        c1_0.content,
        c1_0.created_at,
        c1_0.recipe_id,
        c1_0.user_id 
    from
        comments c1_0 
    where
        c1_0.recipe_id=?
2025-05-13T02:18:00.226+07:00 DEBUG 16772 --- [http-nio-8080-exec-1] org.hibernate.SQL                        : 
    select
        r1_0.recipe_id,
        r1_0.id,
        r1_0.rated_at,
        r1_0.score,
        u1_0.id,
        u1_0.avatar_url,
        u1_0.date_of_birth,
        u1_0.full_name,
        u1_0.username 
    from
        ratings r1_0 
    left join
        users u1_0 
            on u1_0.id=r1_0.user_id 
    where
        r1_0.recipe_id=?
2025-05-13T02:18:00.229+07:00 DEBUG 16772 --- [http-nio-8080-exec-1] org.hibernate.SQL                        : 
    select
        l1_0.recipe_id,
        l1_0.id,
        l1_0.liked_at,
        u1_0.id,
        u1_0.avatar_url,
        u1_0.date_of_birth,
        u1_0.full_name,
        u1_0.username 
    from
        likes l1_0 
    left join
        users u1_0 
            on u1_0.id=l1_0.user_id 
    where
        l1_0.recipe_id=?
2025-05-13T02:18:00.241+07:00 DEBUG 16772 --- [http-nio-8080-exec-1] org.hibernate.SQL                        : 
    select
        c1_0.id,
        c1_0.content,
        c1_0.created_at,
        c1_0.recipe_id,
        c1_0.user_id 
    from
        comments c1_0 
    where
        c1_0.recipe_id=?
2025-05-13T02:18:14.262+07:00 DEBUG 16772 --- [http-nio-8080-exec-7] org.hibernate.SQL                        : 
    select
        u1_0.id,
        u1_0.avatar_url,
        u1_0.date_of_birth,
        u1_0.full_name,
        u1_0.username 
    from
        users u1_0 
    where
        u1_0.username=?
2025-05-13T02:18:14.266+07:00 DEBUG 16772 --- [http-nio-8080-exec-7] org.hibernate.SQL                        : 
    select
        count(f1_0.id) 
    from
        follows f1_0 
    where
        f1_0.following_id=?
2025-05-13T02:18:14.268+07:00 DEBUG 16772 --- [http-nio-8080-exec-7] org.hibernate.SQL                        : 
    select
        count(f1_0.id) 
    from
        follows f1_0 
    where
        f1_0.follower_id=?
2025-05-13T02:18:14.270+07:00 DEBUG 16772 --- [http-nio-8080-exec-7] org.hibernate.SQL                        : 
    select
        r1_0.id,
        r1_0.user_id,
        r1_0.description,
        r1_0.image_url,
        r1_0.title 
    from
        recipes r1_0 
    where
        r1_0.user_id=?
2025-05-13T02:18:14.273+07:00 DEBUG 16772 --- [http-nio-8080-exec-7] org.hibernate.SQL                        : 
    select
        avg(r1_0.score) 
    from
        ratings r1_0 
    join
        recipes r2_0 
            on r2_0.id=r1_0.recipe_id 
    where
        r2_0.user_id=?
2025-05-13T02:23:46.797+07:00 DEBUG 16772 --- [http-nio-8080-exec-9] org.hibernate.SQL                        : 
    select
        u1_0.id,
        u1_0.avatar_url,
        u1_0.date_of_birth,
        u1_0.full_name,
        u1_0.username 
    from
        users u1_0 
    where
        u1_0.username=?
2025-05-13T02:23:46.800+07:00 DEBUG 16772 --- [http-nio-8080-exec-9] org.hibernate.SQL                        : 
    select
        count(f1_0.id) 
    from
        follows f1_0 
    where
        f1_0.following_id=?
2025-05-13T02:23:46.802+07:00 DEBUG 16772 --- [http-nio-8080-exec-9] org.hibernate.SQL                        : 
    select
        count(f1_0.id) 
    from
        follows f1_0 
    where
        f1_0.follower_id=?
2025-05-13T02:23:46.804+07:00 DEBUG 16772 --- [http-nio-8080-exec-9] org.hibernate.SQL                        : 
    select
        r1_0.id,
        r1_0.user_id,
        r1_0.description,
        r1_0.image_url,
        r1_0.title 
    from
        recipes r1_0 
    where
        r1_0.user_id=?
2025-05-13T02:23:46.807+07:00 DEBUG 16772 --- [http-nio-8080-exec-9] org.hibernate.SQL                        : 
    select
        avg(r1_0.score) 
    from
        ratings r1_0 
    join
        recipes r2_0 
            on r2_0.id=r1_0.recipe_id 
    where
        r2_0.user_id=?
2025-05-13T02:25:17.826+07:00 DEBUG 16772 --- [http-nio-8080-exec-6] org.hibernate.SQL                        : 
    select
        u1_0.id,
        u1_0.avatar_url,
        u1_0.date_of_birth,
        u1_0.full_name,
        u1_0.username 
    from
        users u1_0 
    where
        u1_0.username=?
2025-05-13T02:25:17.829+07:00 DEBUG 16772 --- [http-nio-8080-exec-6] org.hibernate.SQL                        : 
    select
        u1_0.id,
        u1_0.avatar_url,
        u1_0.date_of_birth,
        u1_0.full_name,
        u1_0.username 
    from
        users u1_0 
    where
        u1_0.username=?
2025-05-13T02:25:17.862+07:00 DEBUG 16772 --- [http-nio-8080-exec-6] org.hibernate.SQL                        : 
    update
        users 
    set
        avatar_url=?,
        date_of_birth=?,
        full_name=?,
        username=? 
    where
        id=?
2025-05-13T02:25:20.407+07:00 DEBUG 16772 --- [http-nio-8080-exec-4] org.hibernate.SQL                        : 
    select
        u1_0.id,
        u1_0.avatar_url,
        u1_0.date_of_birth,
        u1_0.full_name,
        u1_0.username 
    from
        users u1_0 
    where
        u1_0.username=?
2025-05-13T02:25:20.412+07:00 ERROR 16772 --- [http-nio-8080-exec-4] o.a.c.c.C.[.[.[/].[dispatcherServlet]    : Servlet.service() for servlet [dispatcherServlet] in context with path [] threw exception [Request processing failed: java.lang.RuntimeException: User not found] with root cause

java.lang.RuntimeException: User not found
	at com.recipeshare.backend.service.UserServiceImpl.lambda$getPublicProfile$0(UserServiceImpl.java:41) ~[classes/:na]
	at java.base/java.util.Optional.orElseThrow(Optional.java:403) ~[na:na]
	at com.recipeshare.backend.service.UserServiceImpl.getPublicProfile(UserServiceImpl.java:41) ~[classes/:na]
	at com.recipeshare.backend.controller.PageController.profilePage(PageController.java:22) ~[classes/:na]
	at java.base/jdk.internal.reflect.DirectMethodHandleAccessor.invoke(DirectMethodHandleAccessor.java:103) ~[na:na]
	at java.base/java.lang.reflect.Method.invoke(Method.java:580) ~[na:na]
	at org.springframework.web.method.support.InvocableHandlerMethod.doInvoke(InvocableHandlerMethod.java:258) ~[spring-web-6.2.6.jar:6.2.6]
	at org.springframework.web.method.support.InvocableHandlerMethod.invokeForRequest(InvocableHandlerMethod.java:191) ~[spring-web-6.2.6.jar:6.2.6]
	at org.springframework.web.servlet.mvc.method.annotation.ServletInvocableHandlerMethod.invokeAndHandle(ServletInvocableHandlerMethod.java:118) ~[spring-webmvc-6.2.6.jar:6.2.6]
	at org.springframework.web.servlet.mvc.method.annotation.RequestMappingHandlerAdapter.invokeHandlerMethod(RequestMappingHandlerAdapter.java:986) ~[spring-webmvc-6.2.6.jar:6.2.6]
	at org.springframework.web.servlet.mvc.method.annotation.RequestMappingHandlerAdapter.handleInternal(RequestMappingHandlerAdapter.java:891) ~[spring-webmvc-6.2.6.jar:6.2.6]
	at org.springframework.web.servlet.mvc.method.AbstractHandlerMethodAdapter.handle(AbstractHandlerMethodAdapter.java:87) ~[spring-webmvc-6.2.6.jar:6.2.6]
	at org.springframework.web.servlet.DispatcherServlet.doDispatch(DispatcherServlet.java:1089) ~[spring-webmvc-6.2.6.jar:6.2.6]
	at org.springframework.web.servlet.DispatcherServlet.doService(DispatcherServlet.java:979) ~[spring-webmvc-6.2.6.jar:6.2.6]
	at org.springframework.web.servlet.FrameworkServlet.processRequest(FrameworkServlet.java:1014) ~[spring-webmvc-6.2.6.jar:6.2.6]
	at org.springframework.web.servlet.FrameworkServlet.doGet(FrameworkServlet.java:903) ~[spring-webmvc-6.2.6.jar:6.2.6]
	at jakarta.servlet.http.HttpServlet.service(HttpServlet.java:564) ~[tomcat-embed-core-10.1.40.jar:6.0]
	at org.springframework.web.servlet.FrameworkServlet.service(FrameworkServlet.java:885) ~[spring-webmvc-6.2.6.jar:6.2.6]
	at jakarta.servlet.http.HttpServlet.service(HttpServlet.java:658) ~[tomcat-embed-core-10.1.40.jar:6.0]
	at org.apache.catalina.core.ApplicationFilterChain.internalDoFilter(ApplicationFilterChain.java:195) ~[tomcat-embed-core-10.1.40.jar:10.1.40]
	at org.apache.catalina.core.ApplicationFilterChain.doFilter(ApplicationFilterChain.java:140) ~[tomcat-embed-core-10.1.40.jar:10.1.40]
	at org.apache.tomcat.websocket.server.WsFilter.doFilter(WsFilter.java:51) ~[tomcat-embed-websocket-10.1.40.jar:10.1.40]
	at org.apache.catalina.core.ApplicationFilterChain.internalDoFilter(ApplicationFilterChain.java:164) ~[tomcat-embed-core-10.1.40.jar:10.1.40]
	at org.apache.catalina.core.ApplicationFilterChain.doFilter(ApplicationFilterChain.java:140) ~[tomcat-embed-core-10.1.40.jar:10.1.40]
	at org.springframework.web.filter.RequestContextFilter.doFilterInternal(RequestContextFilter.java:100) ~[spring-web-6.2.6.jar:6.2.6]
	at org.springframework.web.filter.OncePerRequestFilter.doFilter(OncePerRequestFilter.java:116) ~[spring-web-6.2.6.jar:6.2.6]
	at org.apache.catalina.core.ApplicationFilterChain.internalDoFilter(ApplicationFilterChain.java:164) ~[tomcat-embed-core-10.1.40.jar:10.1.40]
	at org.apache.catalina.core.ApplicationFilterChain.doFilter(ApplicationFilterChain.java:140) ~[tomcat-embed-core-10.1.40.jar:10.1.40]
	at org.springframework.web.filter.FormContentFilter.doFilterInternal(FormContentFilter.java:93) ~[spring-web-6.2.6.jar:6.2.6]
	at org.springframework.web.filter.OncePerRequestFilter.doFilter(OncePerRequestFilter.java:116) ~[spring-web-6.2.6.jar:6.2.6]
	at org.apache.catalina.core.ApplicationFilterChain.internalDoFilter(ApplicationFilterChain.java:164) ~[tomcat-embed-core-10.1.40.jar:10.1.40]
	at org.apache.catalina.core.ApplicationFilterChain.doFilter(ApplicationFilterChain.java:140) ~[tomcat-embed-core-10.1.40.jar:10.1.40]
	at org.springframework.web.filter.CharacterEncodingFilter.doFilterInternal(CharacterEncodingFilter.java:201) ~[spring-web-6.2.6.jar:6.2.6]
	at org.springframework.web.filter.OncePerRequestFilter.doFilter(OncePerRequestFilter.java:116) ~[spring-web-6.2.6.jar:6.2.6]
	at org.apache.catalina.core.ApplicationFilterChain.internalDoFilter(ApplicationFilterChain.java:164) ~[tomcat-embed-core-10.1.40.jar:10.1.40]
	at org.apache.catalina.core.ApplicationFilterChain.doFilter(ApplicationFilterChain.java:140) ~[tomcat-embed-core-10.1.40.jar:10.1.40]
	at org.apache.catalina.core.StandardWrapperValve.invoke(StandardWrapperValve.java:167) ~[tomcat-embed-core-10.1.40.jar:10.1.40]
	at org.apache.catalina.core.StandardContextValve.invoke(StandardContextValve.java:90) ~[tomcat-embed-core-10.1.40.jar:10.1.40]
	at org.apache.catalina.authenticator.AuthenticatorBase.invoke(AuthenticatorBase.java:483) ~[tomcat-embed-core-10.1.40.jar:10.1.40]
	at org.apache.catalina.core.StandardHostValve.invoke(StandardHostValve.java:116) ~[tomcat-embed-core-10.1.40.jar:10.1.40]
	at org.apache.catalina.valves.ErrorReportValve.invoke(ErrorReportValve.java:93) ~[tomcat-embed-core-10.1.40.jar:10.1.40]
	at org.apache.catalina.core.StandardEngineValve.invoke(StandardEngineValve.java:74) ~[tomcat-embed-core-10.1.40.jar:10.1.40]
	at org.apache.catalina.connector.CoyoteAdapter.service(CoyoteAdapter.java:344) ~[tomcat-embed-core-10.1.40.jar:10.1.40]
	at org.apache.coyote.http11.Http11Processor.service(Http11Processor.java:398) ~[tomcat-embed-core-10.1.40.jar:10.1.40]
	at org.apache.coyote.AbstractProcessorLight.process(AbstractProcessorLight.java:63) ~[tomcat-embed-core-10.1.40.jar:10.1.40]
	at org.apache.coyote.AbstractProtocol$ConnectionHandler.process(AbstractProtocol.java:903) ~[tomcat-embed-core-10.1.40.jar:10.1.40]
	at org.apache.tomcat.util.net.NioEndpoint$SocketProcessor.doRun(NioEndpoint.java:1740) ~[tomcat-embed-core-10.1.40.jar:10.1.40]
	at org.apache.tomcat.util.net.SocketProcessorBase.run(SocketProcessorBase.java:52) ~[tomcat-embed-core-10.1.40.jar:10.1.40]
	at org.apache.tomcat.util.threads.ThreadPoolExecutor.runWorker(ThreadPoolExecutor.java:1189) ~[tomcat-embed-core-10.1.40.jar:10.1.40]
	at org.apache.tomcat.util.threads.ThreadPoolExecutor$Worker.run(ThreadPoolExecutor.java:658) ~[tomcat-embed-core-10.1.40.jar:10.1.40]
	at org.apache.tomcat.util.threads.TaskThread$WrappingRunnable.run(TaskThread.java:63) ~[tomcat-embed-core-10.1.40.jar:10.1.40]
	at java.base/java.lang.Thread.run(Thread.java:1575) ~[na:na]

2025-05-13T02:26:13.935+07:00 DEBUG 16772 --- [http-nio-8080-exec-2] org.hibernate.SQL                        : 
    select
        u1_0.id,
        u1_0.avatar_url,
        u1_0.date_of_birth,
        u1_0.full_name,
        u1_0.username 
    from
        users u1_0 
    where
        u1_0.username=?
2025-05-13T02:26:13.940+07:00 ERROR 16772 --- [http-nio-8080-exec-2] o.a.c.c.C.[.[.[/].[dispatcherServlet]    : Servlet.service() for servlet [dispatcherServlet] in context with path [] threw exception [Request processing failed: java.lang.RuntimeException: User not found] with root cause

java.lang.RuntimeException: User not found
	at com.recipeshare.backend.service.UserServiceImpl.lambda$getPublicProfile$0(UserServiceImpl.java:41) ~[classes/:na]
	at java.base/java.util.Optional.orElseThrow(Optional.java:403) ~[na:na]
	at com.recipeshare.backend.service.UserServiceImpl.getPublicProfile(UserServiceImpl.java:41) ~[classes/:na]
	at com.recipeshare.backend.controller.PageController.profilePage(PageController.java:22) ~[classes/:na]
	at java.base/jdk.internal.reflect.DirectMethodHandleAccessor.invoke(DirectMethodHandleAccessor.java:103) ~[na:na]
	at java.base/java.lang.reflect.Method.invoke(Method.java:580) ~[na:na]
	at org.springframework.web.method.support.InvocableHandlerMethod.doInvoke(InvocableHandlerMethod.java:258) ~[spring-web-6.2.6.jar:6.2.6]
	at org.springframework.web.method.support.InvocableHandlerMethod.invokeForRequest(InvocableHandlerMethod.java:191) ~[spring-web-6.2.6.jar:6.2.6]
	at org.springframework.web.servlet.mvc.method.annotation.ServletInvocableHandlerMethod.invokeAndHandle(ServletInvocableHandlerMethod.java:118) ~[spring-webmvc-6.2.6.jar:6.2.6]
	at org.springframework.web.servlet.mvc.method.annotation.RequestMappingHandlerAdapter.invokeHandlerMethod(RequestMappingHandlerAdapter.java:986) ~[spring-webmvc-6.2.6.jar:6.2.6]
	at org.springframework.web.servlet.mvc.method.annotation.RequestMappingHandlerAdapter.handleInternal(RequestMappingHandlerAdapter.java:891) ~[spring-webmvc-6.2.6.jar:6.2.6]
	at org.springframework.web.servlet.mvc.method.AbstractHandlerMethodAdapter.handle(AbstractHandlerMethodAdapter.java:87) ~[spring-webmvc-6.2.6.jar:6.2.6]
	at org.springframework.web.servlet.DispatcherServlet.doDispatch(DispatcherServlet.java:1089) ~[spring-webmvc-6.2.6.jar:6.2.6]
	at org.springframework.web.servlet.DispatcherServlet.doService(DispatcherServlet.java:979) ~[spring-webmvc-6.2.6.jar:6.2.6]
	at org.springframework.web.servlet.FrameworkServlet.processRequest(FrameworkServlet.java:1014) ~[spring-webmvc-6.2.6.jar:6.2.6]
	at org.springframework.web.servlet.FrameworkServlet.doGet(FrameworkServlet.java:903) ~[spring-webmvc-6.2.6.jar:6.2.6]
	at jakarta.servlet.http.HttpServlet.service(HttpServlet.java:564) ~[tomcat-embed-core-10.1.40.jar:6.0]
	at org.springframework.web.servlet.FrameworkServlet.service(FrameworkServlet.java:885) ~[spring-webmvc-6.2.6.jar:6.2.6]
	at jakarta.servlet.http.HttpServlet.service(HttpServlet.java:658) ~[tomcat-embed-core-10.1.40.jar:6.0]
	at org.apache.catalina.core.ApplicationFilterChain.internalDoFilter(ApplicationFilterChain.java:195) ~[tomcat-embed-core-10.1.40.jar:10.1.40]
	at org.apache.catalina.core.ApplicationFilterChain.doFilter(ApplicationFilterChain.java:140) ~[tomcat-embed-core-10.1.40.jar:10.1.40]
	at org.apache.tomcat.websocket.server.WsFilter.doFilter(WsFilter.java:51) ~[tomcat-embed-websocket-10.1.40.jar:10.1.40]
	at org.apache.catalina.core.ApplicationFilterChain.internalDoFilter(ApplicationFilterChain.java:164) ~[tomcat-embed-core-10.1.40.jar:10.1.40]
	at org.apache.catalina.core.ApplicationFilterChain.doFilter(ApplicationFilterChain.java:140) ~[tomcat-embed-core-10.1.40.jar:10.1.40]
	at org.springframework.web.filter.RequestContextFilter.doFilterInternal(RequestContextFilter.java:100) ~[spring-web-6.2.6.jar:6.2.6]
	at org.springframework.web.filter.OncePerRequestFilter.doFilter(OncePerRequestFilter.java:116) ~[spring-web-6.2.6.jar:6.2.6]
	at org.apache.catalina.core.ApplicationFilterChain.internalDoFilter(ApplicationFilterChain.java:164) ~[tomcat-embed-core-10.1.40.jar:10.1.40]
	at org.apache.catalina.core.ApplicationFilterChain.doFilter(ApplicationFilterChain.java:140) ~[tomcat-embed-core-10.1.40.jar:10.1.40]
	at org.springframework.web.filter.FormContentFilter.doFilterInternal(FormContentFilter.java:93) ~[spring-web-6.2.6.jar:6.2.6]
	at org.springframework.web.filter.OncePerRequestFilter.doFilter(OncePerRequestFilter.java:116) ~[spring-web-6.2.6.jar:6.2.6]
	at org.apache.catalina.core.ApplicationFilterChain.internalDoFilter(ApplicationFilterChain.java:164) ~[tomcat-embed-core-10.1.40.jar:10.1.40]
	at org.apache.catalina.core.ApplicationFilterChain.doFilter(ApplicationFilterChain.java:140) ~[tomcat-embed-core-10.1.40.jar:10.1.40]
	at org.springframework.web.filter.CharacterEncodingFilter.doFilterInternal(CharacterEncodingFilter.java:201) ~[spring-web-6.2.6.jar:6.2.6]
	at org.springframework.web.filter.OncePerRequestFilter.doFilter(OncePerRequestFilter.java:116) ~[spring-web-6.2.6.jar:6.2.6]
	at org.apache.catalina.core.ApplicationFilterChain.internalDoFilter(ApplicationFilterChain.java:164) ~[tomcat-embed-core-10.1.40.jar:10.1.40]
	at org.apache.catalina.core.ApplicationFilterChain.doFilter(ApplicationFilterChain.java:140) ~[tomcat-embed-core-10.1.40.jar:10.1.40]
	at org.apache.catalina.core.StandardWrapperValve.invoke(StandardWrapperValve.java:167) ~[tomcat-embed-core-10.1.40.jar:10.1.40]
	at org.apache.catalina.core.StandardContextValve.invoke(StandardContextValve.java:90) ~[tomcat-embed-core-10.1.40.jar:10.1.40]
	at org.apache.catalina.authenticator.AuthenticatorBase.invoke(AuthenticatorBase.java:483) ~[tomcat-embed-core-10.1.40.jar:10.1.40]
	at org.apache.catalina.core.StandardHostValve.invoke(StandardHostValve.java:116) ~[tomcat-embed-core-10.1.40.jar:10.1.40]
	at org.apache.catalina.valves.ErrorReportValve.invoke(ErrorReportValve.java:93) ~[tomcat-embed-core-10.1.40.jar:10.1.40]
	at org.apache.catalina.core.StandardEngineValve.invoke(StandardEngineValve.java:74) ~[tomcat-embed-core-10.1.40.jar:10.1.40]
	at org.apache.catalina.connector.CoyoteAdapter.service(CoyoteAdapter.java:344) ~[tomcat-embed-core-10.1.40.jar:10.1.40]
	at org.apache.coyote.http11.Http11Processor.service(Http11Processor.java:398) ~[tomcat-embed-core-10.1.40.jar:10.1.40]
	at org.apache.coyote.AbstractProcessorLight.process(AbstractProcessorLight.java:63) ~[tomcat-embed-core-10.1.40.jar:10.1.40]
	at org.apache.coyote.AbstractProtocol$ConnectionHandler.process(AbstractProtocol.java:903) ~[tomcat-embed-core-10.1.40.jar:10.1.40]
	at org.apache.tomcat.util.net.NioEndpoint$SocketProcessor.doRun(NioEndpoint.java:1740) ~[tomcat-embed-core-10.1.40.jar:10.1.40]
	at org.apache.tomcat.util.net.SocketProcessorBase.run(SocketProcessorBase.java:52) ~[tomcat-embed-core-10.1.40.jar:10.1.40]
	at org.apache.tomcat.util.threads.ThreadPoolExecutor.runWorker(ThreadPoolExecutor.java:1189) ~[tomcat-embed-core-10.1.40.jar:10.1.40]
	at org.apache.tomcat.util.threads.ThreadPoolExecutor$Worker.run(ThreadPoolExecutor.java:658) ~[tomcat-embed-core-10.1.40.jar:10.1.40]
	at org.apache.tomcat.util.threads.TaskThread$WrappingRunnable.run(TaskThread.java:63) ~[tomcat-embed-core-10.1.40.jar:10.1.40]
	at java.base/java.lang.Thread.run(Thread.java:1575) ~[na:na]

2025-05-13T02:26:14.820+07:00 DEBUG 16772 --- [http-nio-8080-exec-7] org.hibernate.SQL                        : 
    select
        u1_0.id,
        u1_0.avatar_url,
        u1_0.date_of_birth,
        u1_0.full_name,
        u1_0.username 
    from
        users u1_0 
    where
        u1_0.username=?
2025-05-13T02:26:14.822+07:00 ERROR 16772 --- [http-nio-8080-exec-7] o.a.c.c.C.[.[.[/].[dispatcherServlet]    : Servlet.service() for servlet [dispatcherServlet] in context with path [] threw exception [Request processing failed: java.lang.RuntimeException: User not found] with root cause

java.lang.RuntimeException: User not found
	at com.recipeshare.backend.service.UserServiceImpl.lambda$getPublicProfile$0(UserServiceImpl.java:41) ~[classes/:na]
	at java.base/java.util.Optional.orElseThrow(Optional.java:403) ~[na:na]
	at com.recipeshare.backend.service.UserServiceImpl.getPublicProfile(UserServiceImpl.java:41) ~[classes/:na]
	at com.recipeshare.backend.controller.PageController.profilePage(PageController.java:22) ~[classes/:na]
	at java.base/jdk.internal.reflect.DirectMethodHandleAccessor.invoke(DirectMethodHandleAccessor.java:103) ~[na:na]
	at java.base/java.lang.reflect.Method.invoke(Method.java:580) ~[na:na]
	at org.springframework.web.method.support.InvocableHandlerMethod.doInvoke(InvocableHandlerMethod.java:258) ~[spring-web-6.2.6.jar:6.2.6]
	at org.springframework.web.method.support.InvocableHandlerMethod.invokeForRequest(InvocableHandlerMethod.java:191) ~[spring-web-6.2.6.jar:6.2.6]
	at org.springframework.web.servlet.mvc.method.annotation.ServletInvocableHandlerMethod.invokeAndHandle(ServletInvocableHandlerMethod.java:118) ~[spring-webmvc-6.2.6.jar:6.2.6]
	at org.springframework.web.servlet.mvc.method.annotation.RequestMappingHandlerAdapter.invokeHandlerMethod(RequestMappingHandlerAdapter.java:986) ~[spring-webmvc-6.2.6.jar:6.2.6]
	at org.springframework.web.servlet.mvc.method.annotation.RequestMappingHandlerAdapter.handleInternal(RequestMappingHandlerAdapter.java:891) ~[spring-webmvc-6.2.6.jar:6.2.6]
	at org.springframework.web.servlet.mvc.method.AbstractHandlerMethodAdapter.handle(AbstractHandlerMethodAdapter.java:87) ~[spring-webmvc-6.2.6.jar:6.2.6]
	at org.springframework.web.servlet.DispatcherServlet.doDispatch(DispatcherServlet.java:1089) ~[spring-webmvc-6.2.6.jar:6.2.6]
	at org.springframework.web.servlet.DispatcherServlet.doService(DispatcherServlet.java:979) ~[spring-webmvc-6.2.6.jar:6.2.6]
	at org.springframework.web.servlet.FrameworkServlet.processRequest(FrameworkServlet.java:1014) ~[spring-webmvc-6.2.6.jar:6.2.6]
	at org.springframework.web.servlet.FrameworkServlet.doGet(FrameworkServlet.java:903) ~[spring-webmvc-6.2.6.jar:6.2.6]
	at jakarta.servlet.http.HttpServlet.service(HttpServlet.java:564) ~[tomcat-embed-core-10.1.40.jar:6.0]
	at org.springframework.web.servlet.FrameworkServlet.service(FrameworkServlet.java:885) ~[spring-webmvc-6.2.6.jar:6.2.6]
	at jakarta.servlet.http.HttpServlet.service(HttpServlet.java:658) ~[tomcat-embed-core-10.1.40.jar:6.0]
	at org.apache.catalina.core.ApplicationFilterChain.internalDoFilter(ApplicationFilterChain.java:195) ~[tomcat-embed-core-10.1.40.jar:10.1.40]
	at org.apache.catalina.core.ApplicationFilterChain.doFilter(ApplicationFilterChain.java:140) ~[tomcat-embed-core-10.1.40.jar:10.1.40]
	at org.apache.tomcat.websocket.server.WsFilter.doFilter(WsFilter.java:51) ~[tomcat-embed-websocket-10.1.40.jar:10.1.40]
	at org.apache.catalina.core.ApplicationFilterChain.internalDoFilter(ApplicationFilterChain.java:164) ~[tomcat-embed-core-10.1.40.jar:10.1.40]
	at org.apache.catalina.core.ApplicationFilterChain.doFilter(ApplicationFilterChain.java:140) ~[tomcat-embed-core-10.1.40.jar:10.1.40]
	at org.springframework.web.filter.RequestContextFilter.doFilterInternal(RequestContextFilter.java:100) ~[spring-web-6.2.6.jar:6.2.6]
	at org.springframework.web.filter.OncePerRequestFilter.doFilter(OncePerRequestFilter.java:116) ~[spring-web-6.2.6.jar:6.2.6]
	at org.apache.catalina.core.ApplicationFilterChain.internalDoFilter(ApplicationFilterChain.java:164) ~[tomcat-embed-core-10.1.40.jar:10.1.40]
	at org.apache.catalina.core.ApplicationFilterChain.doFilter(ApplicationFilterChain.java:140) ~[tomcat-embed-core-10.1.40.jar:10.1.40]
	at org.springframework.web.filter.FormContentFilter.doFilterInternal(FormContentFilter.java:93) ~[spring-web-6.2.6.jar:6.2.6]
	at org.springframework.web.filter.OncePerRequestFilter.doFilter(OncePerRequestFilter.java:116) ~[spring-web-6.2.6.jar:6.2.6]
	at org.apache.catalina.core.ApplicationFilterChain.internalDoFilter(ApplicationFilterChain.java:164) ~[tomcat-embed-core-10.1.40.jar:10.1.40]
	at org.apache.catalina.core.ApplicationFilterChain.doFilter(ApplicationFilterChain.java:140) ~[tomcat-embed-core-10.1.40.jar:10.1.40]
	at org.springframework.web.filter.CharacterEncodingFilter.doFilterInternal(CharacterEncodingFilter.java:201) ~[spring-web-6.2.6.jar:6.2.6]
	at org.springframework.web.filter.OncePerRequestFilter.doFilter(OncePerRequestFilter.java:116) ~[spring-web-6.2.6.jar:6.2.6]
	at org.apache.catalina.core.ApplicationFilterChain.internalDoFilter(ApplicationFilterChain.java:164) ~[tomcat-embed-core-10.1.40.jar:10.1.40]
	at org.apache.catalina.core.ApplicationFilterChain.doFilter(ApplicationFilterChain.java:140) ~[tomcat-embed-core-10.1.40.jar:10.1.40]
	at org.apache.catalina.core.StandardWrapperValve.invoke(StandardWrapperValve.java:167) ~[tomcat-embed-core-10.1.40.jar:10.1.40]
	at org.apache.catalina.core.StandardContextValve.invoke(StandardContextValve.java:90) ~[tomcat-embed-core-10.1.40.jar:10.1.40]
	at org.apache.catalina.authenticator.AuthenticatorBase.invoke(AuthenticatorBase.java:483) ~[tomcat-embed-core-10.1.40.jar:10.1.40]
	at org.apache.catalina.core.StandardHostValve.invoke(StandardHostValve.java:116) ~[tomcat-embed-core-10.1.40.jar:10.1.40]
	at org.apache.catalina.valves.ErrorReportValve.invoke(ErrorReportValve.java:93) ~[tomcat-embed-core-10.1.40.jar:10.1.40]
	at org.apache.catalina.core.StandardEngineValve.invoke(StandardEngineValve.java:74) ~[tomcat-embed-core-10.1.40.jar:10.1.40]
	at org.apache.catalina.connector.CoyoteAdapter.service(CoyoteAdapter.java:344) ~[tomcat-embed-core-10.1.40.jar:10.1.40]
	at org.apache.coyote.http11.Http11Processor.service(Http11Processor.java:398) ~[tomcat-embed-core-10.1.40.jar:10.1.40]
	at org.apache.coyote.AbstractProcessorLight.process(AbstractProcessorLight.java:63) ~[tomcat-embed-core-10.1.40.jar:10.1.40]
	at org.apache.coyote.AbstractProtocol$ConnectionHandler.process(AbstractProtocol.java:903) ~[tomcat-embed-core-10.1.40.jar:10.1.40]
	at org.apache.tomcat.util.net.NioEndpoint$SocketProcessor.doRun(NioEndpoint.java:1740) ~[tomcat-embed-core-10.1.40.jar:10.1.40]
	at org.apache.tomcat.util.net.SocketProcessorBase.run(SocketProcessorBase.java:52) ~[tomcat-embed-core-10.1.40.jar:10.1.40]
	at org.apache.tomcat.util.threads.ThreadPoolExecutor.runWorker(ThreadPoolExecutor.java:1189) ~[tomcat-embed-core-10.1.40.jar:10.1.40]
	at org.apache.tomcat.util.threads.ThreadPoolExecutor$Worker.run(ThreadPoolExecutor.java:658) ~[tomcat-embed-core-10.1.40.jar:10.1.40]
	at org.apache.tomcat.util.threads.TaskThread$WrappingRunnable.run(TaskThread.java:63) ~[tomcat-embed-core-10.1.40.jar:10.1.40]
	at java.base/java.lang.Thread.run(Thread.java:1575) ~[na:na]

2025-05-13T02:26:25.873+07:00 DEBUG 16772 --- [http-nio-8080-exec-3] org.hibernate.SQL                        : 
    select
        u1_0.id,
        u1_0.avatar_url,
        u1_0.date_of_birth,
        u1_0.full_name,
        u1_0.username 
    from
        users u1_0 
    where
        u1_0.username=?
2025-05-13T02:26:25.877+07:00 ERROR 16772 --- [http-nio-8080-exec-3] o.a.c.c.C.[.[.[/].[dispatcherServlet]    : Servlet.service() for servlet [dispatcherServlet] in context with path [] threw exception [Request processing failed: java.lang.RuntimeException: User not found] with root cause

java.lang.RuntimeException: User not found
	at com.recipeshare.backend.service.UserServiceImpl.lambda$getPublicProfile$0(UserServiceImpl.java:41) ~[classes/:na]
	at java.base/java.util.Optional.orElseThrow(Optional.java:403) ~[na:na]
	at com.recipeshare.backend.service.UserServiceImpl.getPublicProfile(UserServiceImpl.java:41) ~[classes/:na]
	at com.recipeshare.backend.controller.PageController.profilePage(PageController.java:22) ~[classes/:na]
	at java.base/jdk.internal.reflect.DirectMethodHandleAccessor.invoke(DirectMethodHandleAccessor.java:103) ~[na:na]
	at java.base/java.lang.reflect.Method.invoke(Method.java:580) ~[na:na]
	at org.springframework.web.method.support.InvocableHandlerMethod.doInvoke(InvocableHandlerMethod.java:258) ~[spring-web-6.2.6.jar:6.2.6]
	at org.springframework.web.method.support.InvocableHandlerMethod.invokeForRequest(InvocableHandlerMethod.java:191) ~[spring-web-6.2.6.jar:6.2.6]
	at org.springframework.web.servlet.mvc.method.annotation.ServletInvocableHandlerMethod.invokeAndHandle(ServletInvocableHandlerMethod.java:118) ~[spring-webmvc-6.2.6.jar:6.2.6]
	at org.springframework.web.servlet.mvc.method.annotation.RequestMappingHandlerAdapter.invokeHandlerMethod(RequestMappingHandlerAdapter.java:986) ~[spring-webmvc-6.2.6.jar:6.2.6]
	at org.springframework.web.servlet.mvc.method.annotation.RequestMappingHandlerAdapter.handleInternal(RequestMappingHandlerAdapter.java:891) ~[spring-webmvc-6.2.6.jar:6.2.6]
	at org.springframework.web.servlet.mvc.method.AbstractHandlerMethodAdapter.handle(AbstractHandlerMethodAdapter.java:87) ~[spring-webmvc-6.2.6.jar:6.2.6]
	at org.springframework.web.servlet.DispatcherServlet.doDispatch(DispatcherServlet.java:1089) ~[spring-webmvc-6.2.6.jar:6.2.6]
	at org.springframework.web.servlet.DispatcherServlet.doService(DispatcherServlet.java:979) ~[spring-webmvc-6.2.6.jar:6.2.6]
	at org.springframework.web.servlet.FrameworkServlet.processRequest(FrameworkServlet.java:1014) ~[spring-webmvc-6.2.6.jar:6.2.6]
	at org.springframework.web.servlet.FrameworkServlet.doGet(FrameworkServlet.java:903) ~[spring-webmvc-6.2.6.jar:6.2.6]
	at jakarta.servlet.http.HttpServlet.service(HttpServlet.java:564) ~[tomcat-embed-core-10.1.40.jar:6.0]
	at org.springframework.web.servlet.FrameworkServlet.service(FrameworkServlet.java:885) ~[spring-webmvc-6.2.6.jar:6.2.6]
	at jakarta.servlet.http.HttpServlet.service(HttpServlet.java:658) ~[tomcat-embed-core-10.1.40.jar:6.0]
	at org.apache.catalina.core.ApplicationFilterChain.internalDoFilter(ApplicationFilterChain.java:195) ~[tomcat-embed-core-10.1.40.jar:10.1.40]
	at org.apache.catalina.core.ApplicationFilterChain.doFilter(ApplicationFilterChain.java:140) ~[tomcat-embed-core-10.1.40.jar:10.1.40]
	at org.apache.tomcat.websocket.server.WsFilter.doFilter(WsFilter.java:51) ~[tomcat-embed-websocket-10.1.40.jar:10.1.40]
	at org.apache.catalina.core.ApplicationFilterChain.internalDoFilter(ApplicationFilterChain.java:164) ~[tomcat-embed-core-10.1.40.jar:10.1.40]
	at org.apache.catalina.core.ApplicationFilterChain.doFilter(ApplicationFilterChain.java:140) ~[tomcat-embed-core-10.1.40.jar:10.1.40]
	at org.springframework.web.filter.RequestContextFilter.doFilterInternal(RequestContextFilter.java:100) ~[spring-web-6.2.6.jar:6.2.6]
	at org.springframework.web.filter.OncePerRequestFilter.doFilter(OncePerRequestFilter.java:116) ~[spring-web-6.2.6.jar:6.2.6]
	at org.apache.catalina.core.ApplicationFilterChain.internalDoFilter(ApplicationFilterChain.java:164) ~[tomcat-embed-core-10.1.40.jar:10.1.40]
	at org.apache.catalina.core.ApplicationFilterChain.doFilter(ApplicationFilterChain.java:140) ~[tomcat-embed-core-10.1.40.jar:10.1.40]
	at org.springframework.web.filter.FormContentFilter.doFilterInternal(FormContentFilter.java:93) ~[spring-web-6.2.6.jar:6.2.6]
	at org.springframework.web.filter.OncePerRequestFilter.doFilter(OncePerRequestFilter.java:116) ~[spring-web-6.2.6.jar:6.2.6]
	at org.apache.catalina.core.ApplicationFilterChain.internalDoFilter(ApplicationFilterChain.java:164) ~[tomcat-embed-core-10.1.40.jar:10.1.40]
	at org.apache.catalina.core.ApplicationFilterChain.doFilter(ApplicationFilterChain.java:140) ~[tomcat-embed-core-10.1.40.jar:10.1.40]
	at org.springframework.web.filter.CharacterEncodingFilter.doFilterInternal(CharacterEncodingFilter.java:201) ~[spring-web-6.2.6.jar:6.2.6]
	at org.springframework.web.filter.OncePerRequestFilter.doFilter(OncePerRequestFilter.java:116) ~[spring-web-6.2.6.jar:6.2.6]
	at org.apache.catalina.core.ApplicationFilterChain.internalDoFilter(ApplicationFilterChain.java:164) ~[tomcat-embed-core-10.1.40.jar:10.1.40]
	at org.apache.catalina.core.ApplicationFilterChain.doFilter(ApplicationFilterChain.java:140) ~[tomcat-embed-core-10.1.40.jar:10.1.40]
	at org.apache.catalina.core.StandardWrapperValve.invoke(StandardWrapperValve.java:167) ~[tomcat-embed-core-10.1.40.jar:10.1.40]
	at org.apache.catalina.core.StandardContextValve.invoke(StandardContextValve.java:90) ~[tomcat-embed-core-10.1.40.jar:10.1.40]
	at org.apache.catalina.authenticator.AuthenticatorBase.invoke(AuthenticatorBase.java:483) ~[tomcat-embed-core-10.1.40.jar:10.1.40]
	at org.apache.catalina.core.StandardHostValve.invoke(StandardHostValve.java:116) ~[tomcat-embed-core-10.1.40.jar:10.1.40]
	at org.apache.catalina.valves.ErrorReportValve.invoke(ErrorReportValve.java:93) ~[tomcat-embed-core-10.1.40.jar:10.1.40]
	at org.apache.catalina.core.StandardEngineValve.invoke(StandardEngineValve.java:74) ~[tomcat-embed-core-10.1.40.jar:10.1.40]
	at org.apache.catalina.connector.CoyoteAdapter.service(CoyoteAdapter.java:344) ~[tomcat-embed-core-10.1.40.jar:10.1.40]
	at org.apache.coyote.http11.Http11Processor.service(Http11Processor.java:398) ~[tomcat-embed-core-10.1.40.jar:10.1.40]
	at org.apache.coyote.AbstractProcessorLight.process(AbstractProcessorLight.java:63) ~[tomcat-embed-core-10.1.40.jar:10.1.40]
	at org.apache.coyote.AbstractProtocol$ConnectionHandler.process(AbstractProtocol.java:903) ~[tomcat-embed-core-10.1.40.jar:10.1.40]
	at org.apache.tomcat.util.net.NioEndpoint$SocketProcessor.doRun(NioEndpoint.java:1740) ~[tomcat-embed-core-10.1.40.jar:10.1.40]
	at org.apache.tomcat.util.net.SocketProcessorBase.run(SocketProcessorBase.java:52) ~[tomcat-embed-core-10.1.40.jar:10.1.40]
	at org.apache.tomcat.util.threads.ThreadPoolExecutor.runWorker(ThreadPoolExecutor.java:1189) ~[tomcat-embed-core-10.1.40.jar:10.1.40]
	at org.apache.tomcat.util.threads.ThreadPoolExecutor$Worker.run(ThreadPoolExecutor.java:658) ~[tomcat-embed-core-10.1.40.jar:10.1.40]
	at org.apache.tomcat.util.threads.TaskThread$WrappingRunnable.run(TaskThread.java:63) ~[tomcat-embed-core-10.1.40.jar:10.1.40]
	at java.base/java.lang.Thread.run(Thread.java:1575) ~[na:na]

2025-05-13T02:26:26.611+07:00 DEBUG 16772 --- [http-nio-8080-exec-8] org.hibernate.SQL                        : 
    select
        u1_0.id,
        u1_0.avatar_url,
        u1_0.date_of_birth,
        u1_0.full_name,
        u1_0.username 
    from
        users u1_0 
    where
        u1_0.username=?
2025-05-13T02:26:26.614+07:00 ERROR 16772 --- [http-nio-8080-exec-8] o.a.c.c.C.[.[.[/].[dispatcherServlet]    : Servlet.service() for servlet [dispatcherServlet] in context with path [] threw exception [Request processing failed: java.lang.RuntimeException: User not found] with root cause

java.lang.RuntimeException: User not found
	at com.recipeshare.backend.service.UserServiceImpl.lambda$getPublicProfile$0(UserServiceImpl.java:41) ~[classes/:na]
	at java.base/java.util.Optional.orElseThrow(Optional.java:403) ~[na:na]
	at com.recipeshare.backend.service.UserServiceImpl.getPublicProfile(UserServiceImpl.java:41) ~[classes/:na]
	at com.recipeshare.backend.controller.PageController.profilePage(PageController.java:22) ~[classes/:na]
	at java.base/jdk.internal.reflect.DirectMethodHandleAccessor.invoke(DirectMethodHandleAccessor.java:103) ~[na:na]
	at java.base/java.lang.reflect.Method.invoke(Method.java:580) ~[na:na]
	at org.springframework.web.method.support.InvocableHandlerMethod.doInvoke(InvocableHandlerMethod.java:258) ~[spring-web-6.2.6.jar:6.2.6]
	at org.springframework.web.method.support.InvocableHandlerMethod.invokeForRequest(InvocableHandlerMethod.java:191) ~[spring-web-6.2.6.jar:6.2.6]
	at org.springframework.web.servlet.mvc.method.annotation.ServletInvocableHandlerMethod.invokeAndHandle(ServletInvocableHandlerMethod.java:118) ~[spring-webmvc-6.2.6.jar:6.2.6]
	at org.springframework.web.servlet.mvc.method.annotation.RequestMappingHandlerAdapter.invokeHandlerMethod(RequestMappingHandlerAdapter.java:986) ~[spring-webmvc-6.2.6.jar:6.2.6]
	at org.springframework.web.servlet.mvc.method.annotation.RequestMappingHandlerAdapter.handleInternal(RequestMappingHandlerAdapter.java:891) ~[spring-webmvc-6.2.6.jar:6.2.6]
	at org.springframework.web.servlet.mvc.method.AbstractHandlerMethodAdapter.handle(AbstractHandlerMethodAdapter.java:87) ~[spring-webmvc-6.2.6.jar:6.2.6]
	at org.springframework.web.servlet.DispatcherServlet.doDispatch(DispatcherServlet.java:1089) ~[spring-webmvc-6.2.6.jar:6.2.6]
	at org.springframework.web.servlet.DispatcherServlet.doService(DispatcherServlet.java:979) ~[spring-webmvc-6.2.6.jar:6.2.6]
	at org.springframework.web.servlet.FrameworkServlet.processRequest(FrameworkServlet.java:1014) ~[spring-webmvc-6.2.6.jar:6.2.6]
	at org.springframework.web.servlet.FrameworkServlet.doGet(FrameworkServlet.java:903) ~[spring-webmvc-6.2.6.jar:6.2.6]
	at jakarta.servlet.http.HttpServlet.service(HttpServlet.java:564) ~[tomcat-embed-core-10.1.40.jar:6.0]
	at org.springframework.web.servlet.FrameworkServlet.service(FrameworkServlet.java:885) ~[spring-webmvc-6.2.6.jar:6.2.6]
	at jakarta.servlet.http.HttpServlet.service(HttpServlet.java:658) ~[tomcat-embed-core-10.1.40.jar:6.0]
	at org.apache.catalina.core.ApplicationFilterChain.internalDoFilter(ApplicationFilterChain.java:195) ~[tomcat-embed-core-10.1.40.jar:10.1.40]
	at org.apache.catalina.core.ApplicationFilterChain.doFilter(ApplicationFilterChain.java:140) ~[tomcat-embed-core-10.1.40.jar:10.1.40]
	at org.apache.tomcat.websocket.server.WsFilter.doFilter(WsFilter.java:51) ~[tomcat-embed-websocket-10.1.40.jar:10.1.40]
	at org.apache.catalina.core.ApplicationFilterChain.internalDoFilter(ApplicationFilterChain.java:164) ~[tomcat-embed-core-10.1.40.jar:10.1.40]
	at org.apache.catalina.core.ApplicationFilterChain.doFilter(ApplicationFilterChain.java:140) ~[tomcat-embed-core-10.1.40.jar:10.1.40]
	at org.springframework.web.filter.RequestContextFilter.doFilterInternal(RequestContextFilter.java:100) ~[spring-web-6.2.6.jar:6.2.6]
	at org.springframework.web.filter.OncePerRequestFilter.doFilter(OncePerRequestFilter.java:116) ~[spring-web-6.2.6.jar:6.2.6]
	at org.apache.catalina.core.ApplicationFilterChain.internalDoFilter(ApplicationFilterChain.java:164) ~[tomcat-embed-core-10.1.40.jar:10.1.40]
	at org.apache.catalina.core.ApplicationFilterChain.doFilter(ApplicationFilterChain.java:140) ~[tomcat-embed-core-10.1.40.jar:10.1.40]
	at org.springframework.web.filter.FormContentFilter.doFilterInternal(FormContentFilter.java:93) ~[spring-web-6.2.6.jar:6.2.6]
	at org.springframework.web.filter.OncePerRequestFilter.doFilter(OncePerRequestFilter.java:116) ~[spring-web-6.2.6.jar:6.2.6]
	at org.apache.catalina.core.ApplicationFilterChain.internalDoFilter(ApplicationFilterChain.java:164) ~[tomcat-embed-core-10.1.40.jar:10.1.40]
	at org.apache.catalina.core.ApplicationFilterChain.doFilter(ApplicationFilterChain.java:140) ~[tomcat-embed-core-10.1.40.jar:10.1.40]
	at org.springframework.web.filter.CharacterEncodingFilter.doFilterInternal(CharacterEncodingFilter.java:201) ~[spring-web-6.2.6.jar:6.2.6]
	at org.springframework.web.filter.OncePerRequestFilter.doFilter(OncePerRequestFilter.java:116) ~[spring-web-6.2.6.jar:6.2.6]
	at org.apache.catalina.core.ApplicationFilterChain.internalDoFilter(ApplicationFilterChain.java:164) ~[tomcat-embed-core-10.1.40.jar:10.1.40]
	at org.apache.catalina.core.ApplicationFilterChain.doFilter(ApplicationFilterChain.java:140) ~[tomcat-embed-core-10.1.40.jar:10.1.40]
	at org.apache.catalina.core.StandardWrapperValve.invoke(StandardWrapperValve.java:167) ~[tomcat-embed-core-10.1.40.jar:10.1.40]
	at org.apache.catalina.core.StandardContextValve.invoke(StandardContextValve.java:90) ~[tomcat-embed-core-10.1.40.jar:10.1.40]
	at org.apache.catalina.authenticator.AuthenticatorBase.invoke(AuthenticatorBase.java:483) ~[tomcat-embed-core-10.1.40.jar:10.1.40]
	at org.apache.catalina.core.StandardHostValve.invoke(StandardHostValve.java:116) ~[tomcat-embed-core-10.1.40.jar:10.1.40]
	at org.apache.catalina.valves.ErrorReportValve.invoke(ErrorReportValve.java:93) ~[tomcat-embed-core-10.1.40.jar:10.1.40]
	at org.apache.catalina.core.StandardEngineValve.invoke(StandardEngineValve.java:74) ~[tomcat-embed-core-10.1.40.jar:10.1.40]
	at org.apache.catalina.connector.CoyoteAdapter.service(CoyoteAdapter.java:344) ~[tomcat-embed-core-10.1.40.jar:10.1.40]
	at org.apache.coyote.http11.Http11Processor.service(Http11Processor.java:398) ~[tomcat-embed-core-10.1.40.jar:10.1.40]
	at org.apache.coyote.AbstractProcessorLight.process(AbstractProcessorLight.java:63) ~[tomcat-embed-core-10.1.40.jar:10.1.40]
	at org.apache.coyote.AbstractProtocol$ConnectionHandler.process(AbstractProtocol.java:903) ~[tomcat-embed-core-10.1.40.jar:10.1.40]
	at org.apache.tomcat.util.net.NioEndpoint$SocketProcessor.doRun(NioEndpoint.java:1740) ~[tomcat-embed-core-10.1.40.jar:10.1.40]
	at org.apache.tomcat.util.net.SocketProcessorBase.run(SocketProcessorBase.java:52) ~[tomcat-embed-core-10.1.40.jar:10.1.40]
	at org.apache.tomcat.util.threads.ThreadPoolExecutor.runWorker(ThreadPoolExecutor.java:1189) ~[tomcat-embed-core-10.1.40.jar:10.1.40]
	at org.apache.tomcat.util.threads.ThreadPoolExecutor$Worker.run(ThreadPoolExecutor.java:658) ~[tomcat-embed-core-10.1.40.jar:10.1.40]
	at org.apache.tomcat.util.threads.TaskThread$WrappingRunnable.run(TaskThread.java:63) ~[tomcat-embed-core-10.1.40.jar:10.1.40]
	at java.base/java.lang.Thread.run(Thread.java:1575) ~[na:na]

2025-05-13T02:26:35.024+07:00  INFO 16772 --- [SpringApplicationShutdownHook] o.s.b.w.e.tomcat.GracefulShutdown        : Commencing graceful shutdown. Waiting for active requests to complete
2025-05-13T02:26:35.029+07:00  INFO 16772 --- [tomcat-shutdown] o.s.b.w.e.tomcat.GracefulShutdown        : Graceful shutdown complete
2025-05-13T02:26:35.031+07:00  INFO 16772 --- [SpringApplicationShutdownHook] j.LocalContainerEntityManagerFactoryBean : Closing JPA EntityManagerFactory for persistence unit 'default'
2025-05-13T02:26:35.034+07:00  INFO 16772 --- [SpringApplicationShutdownHook] com.zaxxer.hikari.HikariDataSource       : HikariPool-1 - Shutdown initiated...
2025-05-13T02:26:35.041+07:00  INFO 16772 --- [SpringApplicationShutdownHook] com.zaxxer.hikari.HikariDataSource       : HikariPool-1 - Shutdown completed.
2025-05-13T02:26:38.300+07:00  INFO 31360 --- [restartedMain] c.r.backend.BackendApplication           : Starting BackendApplication using Java 23 with PID 31360 (C:\RecipeSharingWebsite\backend\target\classes started by haiye in C:\RecipeSharingWebsite\backend)
2025-05-13T02:26:38.303+07:00  INFO 31360 --- [restartedMain] c.r.backend.BackendApplication           : No active profile set, falling back to 1 default profile: "default"
2025-05-13T02:26:38.403+07:00  INFO 31360 --- [restartedMain] .e.DevToolsPropertyDefaultsPostProcessor : Devtools property defaults active! Set 'spring.devtools.add-properties' to 'false' to disable
2025-05-13T02:26:38.404+07:00  INFO 31360 --- [restartedMain] .e.DevToolsPropertyDefaultsPostProcessor : For additional web related logging consider setting the 'logging.level.web' property to 'DEBUG'
2025-05-13T02:26:39.407+07:00  INFO 31360 --- [restartedMain] .s.d.r.c.RepositoryConfigurationDelegate : Bootstrapping Spring Data JPA repositories in DEFAULT mode.
2025-05-13T02:26:39.501+07:00  INFO 31360 --- [restartedMain] .s.d.r.c.RepositoryConfigurationDelegate : Finished Spring Data repository scanning in 83 ms. Found 7 JPA repository interfaces.
2025-05-13T02:26:40.097+07:00  INFO 31360 --- [restartedMain] o.s.b.w.embedded.tomcat.TomcatWebServer  : Tomcat initialized with port 8080 (http)
2025-05-13T02:26:40.113+07:00  INFO 31360 --- [restartedMain] o.apache.catalina.core.StandardService   : Starting service [Tomcat]
2025-05-13T02:26:40.113+07:00  INFO 31360 --- [restartedMain] o.apache.catalina.core.StandardEngine    : Starting Servlet engine: [Apache Tomcat/10.1.40]
2025-05-13T02:26:40.170+07:00  INFO 31360 --- [restartedMain] o.a.c.c.C.[Tomcat].[localhost].[/]       : Initializing Spring embedded WebApplicationContext
2025-05-13T02:26:40.170+07:00  INFO 31360 --- [restartedMain] w.s.c.ServletWebServerApplicationContext : Root WebApplicationContext: initialization completed in 1765 ms
2025-05-13T02:26:40.363+07:00  INFO 31360 --- [restartedMain] o.hibernate.jpa.internal.util.LogHelper  : HHH000204: Processing PersistenceUnitInfo [name: default]
2025-05-13T02:26:40.421+07:00  INFO 31360 --- [restartedMain] org.hibernate.Version                    : HHH000412: Hibernate ORM core version 6.6.13.Final
2025-05-13T02:26:40.464+07:00  INFO 31360 --- [restartedMain] o.h.c.internal.RegionFactoryInitiator    : HHH000026: Second-level cache disabled
2025-05-13T02:26:40.797+07:00  INFO 31360 --- [restartedMain] o.s.o.j.p.SpringPersistenceUnitInfo      : No LoadTimeWeaver setup: ignoring JPA class transformer
2025-05-13T02:26:40.826+07:00  INFO 31360 --- [restartedMain] com.zaxxer.hikari.HikariDataSource       : HikariPool-1 - Starting...
2025-05-13T02:26:40.975+07:00  INFO 31360 --- [restartedMain] com.zaxxer.hikari.pool.HikariPool        : HikariPool-1 - Added connection com.mysql.cj.jdbc.ConnectionImpl@302199bb
2025-05-13T02:26:40.977+07:00  INFO 31360 --- [restartedMain] com.zaxxer.hikari.HikariDataSource       : HikariPool-1 - Start completed.
2025-05-13T02:26:40.999+07:00  WARN 31360 --- [restartedMain] org.hibernate.orm.deprecation            : HHH90000025: MySQL8Dialect does not need to be specified explicitly using 'hibernate.dialect' (remove the property setting and it will be selected by default)
2025-05-13T02:26:41.000+07:00  WARN 31360 --- [restartedMain] org.hibernate.orm.deprecation            : HHH90000026: MySQL8Dialect has been deprecated; use org.hibernate.dialect.MySQLDialect instead
2025-05-13T02:26:41.017+07:00  INFO 31360 --- [restartedMain] org.hibernate.orm.connections.pooling    : HHH10001005: Database info:
	Database JDBC URL [Connecting through datasource 'HikariDataSource (HikariPool-1)']
	Database driver: undefined/unknown
	Database version: 8.0
	Autocommit mode: undefined/unknown
	Isolation level: undefined/unknown
	Minimum pool size: undefined/unknown
	Maximum pool size: undefined/unknown
2025-05-13T02:26:42.245+07:00  INFO 31360 --- [restartedMain] o.h.e.t.j.p.i.JtaPlatformInitiator       : HHH000489: No JTA platform available (set 'hibernate.transaction.jta.platform' to enable JTA platform integration)
2025-05-13T02:26:42.248+07:00  INFO 31360 --- [restartedMain] j.LocalContainerEntityManagerFactoryBean : Initialized JPA EntityManagerFactory for persistence unit 'default'
2025-05-13T02:26:42.630+07:00  INFO 31360 --- [restartedMain] o.s.d.j.r.query.QueryEnhancerFactory     : Hibernate is in classpath; If applicable, HQL parser will be used.
2025-05-13T02:26:43.165+07:00  WARN 31360 --- [restartedMain] JpaBaseConfiguration$JpaWebConfiguration : spring.jpa.open-in-view is enabled by default. Therefore, database queries may be performed during view rendering. Explicitly configure spring.jpa.open-in-view to disable this warning
2025-05-13T02:26:43.556+07:00  INFO 31360 --- [restartedMain] o.s.b.d.a.OptionalLiveReloadServer       : LiveReload server is running on port 35729
2025-05-13T02:26:43.596+07:00  INFO 31360 --- [restartedMain] o.s.b.w.embedded.tomcat.TomcatWebServer  : Tomcat started on port 8080 (http) with context path '/'
2025-05-13T02:26:43.604+07:00  INFO 31360 --- [restartedMain] c.r.backend.BackendApplication           : Started BackendApplication in 6.054 seconds (process running for 7.872)
2025-05-13T02:28:39.602+07:00  INFO 31360 --- [File Watcher] rtingClassPathChangeChangedEventListener : Restarting due to 1 class path change (0 additions, 1 deletion, 0 modifications)
2025-05-13T02:28:39.606+07:00  INFO 31360 --- [Thread-5] o.s.b.w.e.tomcat.GracefulShutdown        : Commencing graceful shutdown. Waiting for active requests to complete
2025-05-13T02:28:39.619+07:00  INFO 31360 --- [tomcat-shutdown] o.s.b.w.e.tomcat.GracefulShutdown        : Graceful shutdown complete
2025-05-13T02:28:39.624+07:00  INFO 31360 --- [Thread-5] j.LocalContainerEntityManagerFactoryBean : Closing JPA EntityManagerFactory for persistence unit 'default'
2025-05-13T02:28:39.629+07:00  INFO 31360 --- [Thread-5] com.zaxxer.hikari.HikariDataSource       : HikariPool-1 - Shutdown initiated...
2025-05-13T02:28:39.639+07:00  INFO 31360 --- [Thread-5] com.zaxxer.hikari.HikariDataSource       : HikariPool-1 - Shutdown completed.
2025-05-13T02:28:39.752+07:00  INFO 31360 --- [restartedMain] c.r.backend.BackendApplication           : Starting BackendApplication using Java 23 with PID 31360 (C:\RecipeSharingWebsite\backend\target\classes started by haiye in C:\RecipeSharingWebsite\backend)
2025-05-13T02:28:39.753+07:00  INFO 31360 --- [restartedMain] c.r.backend.BackendApplication           : No active profile set, falling back to 1 default profile: "default"
2025-05-13T02:28:39.997+07:00  INFO 31360 --- [restartedMain] .s.d.r.c.RepositoryConfigurationDelegate : Bootstrapping Spring Data JPA repositories in DEFAULT mode.
2025-05-13T02:28:40.029+07:00  INFO 31360 --- [restartedMain] .s.d.r.c.RepositoryConfigurationDelegate : Finished Spring Data repository scanning in 31 ms. Found 7 JPA repository interfaces.
2025-05-13T02:28:40.150+07:00  INFO 31360 --- [restartedMain] o.s.b.w.embedded.tomcat.TomcatWebServer  : Tomcat initialized with port 8080 (http)
2025-05-13T02:28:40.151+07:00  INFO 31360 --- [restartedMain] o.apache.catalina.core.StandardService   : Starting service [Tomcat]
2025-05-13T02:28:40.151+07:00  INFO 31360 --- [restartedMain] o.apache.catalina.core.StandardEngine    : Starting Servlet engine: [Apache Tomcat/10.1.40]
2025-05-13T02:28:40.176+07:00  INFO 31360 --- [restartedMain] o.a.c.c.C.[Tomcat].[localhost].[/]       : Initializing Spring embedded WebApplicationContext
2025-05-13T02:28:40.176+07:00  INFO 31360 --- [restartedMain] w.s.c.ServletWebServerApplicationContext : Root WebApplicationContext: initialization completed in 420 ms
2025-05-13T02:28:40.234+07:00  INFO 31360 --- [restartedMain] o.hibernate.jpa.internal.util.LogHelper  : HHH000204: Processing PersistenceUnitInfo [name: default]
2025-05-13T02:28:40.239+07:00  INFO 31360 --- [restartedMain] o.h.c.internal.RegionFactoryInitiator    : HHH000026: Second-level cache disabled
2025-05-13T02:28:40.255+07:00  INFO 31360 --- [restartedMain] o.s.o.j.p.SpringPersistenceUnitInfo      : No LoadTimeWeaver setup: ignoring JPA class transformer
2025-05-13T02:28:40.256+07:00  INFO 31360 --- [restartedMain] com.zaxxer.hikari.HikariDataSource       : HikariPool-2 - Starting...
2025-05-13T02:28:40.265+07:00  INFO 31360 --- [restartedMain] com.zaxxer.hikari.pool.HikariPool        : HikariPool-2 - Added connection com.mysql.cj.jdbc.ConnectionImpl@53a884a4
2025-05-13T02:28:40.265+07:00  INFO 31360 --- [restartedMain] com.zaxxer.hikari.HikariDataSource       : HikariPool-2 - Start completed.
2025-05-13T02:28:40.267+07:00  WARN 31360 --- [restartedMain] org.hibernate.orm.deprecation            : HHH90000025: MySQL8Dialect does not need to be specified explicitly using 'hibernate.dialect' (remove the property setting and it will be selected by default)
2025-05-13T02:28:40.267+07:00  WARN 31360 --- [restartedMain] org.hibernate.orm.deprecation            : HHH90000026: MySQL8Dialect has been deprecated; use org.hibernate.dialect.MySQLDialect instead
2025-05-13T02:28:40.268+07:00  INFO 31360 --- [restartedMain] org.hibernate.orm.connections.pooling    : HHH10001005: Database info:
	Database JDBC URL [Connecting through datasource 'HikariDataSource (HikariPool-2)']
	Database driver: undefined/unknown
	Database version: 8.0
	Autocommit mode: undefined/unknown
	Isolation level: undefined/unknown
	Minimum pool size: undefined/unknown
	Maximum pool size: undefined/unknown
2025-05-13T02:28:40.476+07:00  INFO 31360 --- [restartedMain] o.h.e.t.j.p.i.JtaPlatformInitiator       : HHH000489: No JTA platform available (set 'hibernate.transaction.jta.platform' to enable JTA platform integration)
2025-05-13T02:28:40.476+07:00  INFO 31360 --- [restartedMain] j.LocalContainerEntityManagerFactoryBean : Initialized JPA EntityManagerFactory for persistence unit 'default'
2025-05-13T02:28:40.639+07:00  WARN 31360 --- [restartedMain] JpaBaseConfiguration$JpaWebConfiguration : spring.jpa.open-in-view is enabled by default. Therefore, database queries may be performed during view rendering. Explicitly configure spring.jpa.open-in-view to disable this warning
2025-05-13T02:28:40.740+07:00  INFO 31360 --- [restartedMain] o.s.b.d.a.OptionalLiveReloadServer       : LiveReload server is running on port 35729
2025-05-13T02:28:40.754+07:00  INFO 31360 --- [restartedMain] o.s.b.w.embedded.tomcat.TomcatWebServer  : Tomcat started on port 8080 (http) with context path '/'
2025-05-13T02:28:40.756+07:00  INFO 31360 --- [restartedMain] c.r.backend.BackendApplication           : Started BackendApplication in 1.046 seconds (process running for 125.025)
2025-05-13T02:28:40.759+07:00  INFO 31360 --- [restartedMain] .ConditionEvaluationDeltaLoggingListener : Condition evaluation unchanged
2025-05-13T02:28:42.176+07:00  INFO 31360 --- [File Watcher] rtingClassPathChangeChangedEventListener : Restarting due to 1 class path change (1 addition, 0 deletions, 0 modifications)
2025-05-13T02:28:42.179+07:00  INFO 31360 --- [Thread-7] o.s.b.w.e.tomcat.GracefulShutdown        : Commencing graceful shutdown. Waiting for active requests to complete
2025-05-13T02:28:42.191+07:00  INFO 31360 --- [tomcat-shutdown] o.s.b.w.e.tomcat.GracefulShutdown        : Graceful shutdown complete
2025-05-13T02:28:42.195+07:00  INFO 31360 --- [Thread-7] j.LocalContainerEntityManagerFactoryBean : Closing JPA EntityManagerFactory for persistence unit 'default'
2025-05-13T02:28:42.195+07:00  INFO 31360 --- [Thread-7] com.zaxxer.hikari.HikariDataSource       : HikariPool-2 - Shutdown initiated...
2025-05-13T02:28:42.199+07:00  INFO 31360 --- [Thread-7] com.zaxxer.hikari.HikariDataSource       : HikariPool-2 - Shutdown completed.
2025-05-13T02:28:42.313+07:00  INFO 31360 --- [restartedMain] c.r.backend.BackendApplication           : Starting BackendApplication using Java 23 with PID 31360 (C:\RecipeSharingWebsite\backend\target\classes started by haiye in C:\RecipeSharingWebsite\backend)
2025-05-13T02:28:42.314+07:00  INFO 31360 --- [restartedMain] c.r.backend.BackendApplication           : No active profile set, falling back to 1 default profile: "default"
2025-05-13T02:28:42.593+07:00  INFO 31360 --- [restartedMain] .s.d.r.c.RepositoryConfigurationDelegate : Bootstrapping Spring Data JPA repositories in DEFAULT mode.
2025-05-13T02:28:42.622+07:00  INFO 31360 --- [restartedMain] .s.d.r.c.RepositoryConfigurationDelegate : Finished Spring Data repository scanning in 27 ms. Found 7 JPA repository interfaces.
2025-05-13T02:28:42.736+07:00  INFO 31360 --- [restartedMain] o.s.b.w.embedded.tomcat.TomcatWebServer  : Tomcat initialized with port 8080 (http)
2025-05-13T02:28:42.736+07:00  INFO 31360 --- [restartedMain] o.apache.catalina.core.StandardService   : Starting service [Tomcat]
2025-05-13T02:28:42.736+07:00  INFO 31360 --- [restartedMain] o.apache.catalina.core.StandardEngine    : Starting Servlet engine: [Apache Tomcat/10.1.40]
2025-05-13T02:28:42.767+07:00  INFO 31360 --- [restartedMain] o.a.c.c.C.[Tomcat].[localhost].[/]       : Initializing Spring embedded WebApplicationContext
2025-05-13T02:28:42.767+07:00  INFO 31360 --- [restartedMain] w.s.c.ServletWebServerApplicationContext : Root WebApplicationContext: initialization completed in 449 ms
2025-05-13T02:28:42.815+07:00  INFO 31360 --- [restartedMain] o.hibernate.jpa.internal.util.LogHelper  : HHH000204: Processing PersistenceUnitInfo [name: default]
2025-05-13T02:28:42.818+07:00  INFO 31360 --- [restartedMain] o.h.c.internal.RegionFactoryInitiator    : HHH000026: Second-level cache disabled
2025-05-13T02:28:42.830+07:00  INFO 31360 --- [restartedMain] o.s.o.j.p.SpringPersistenceUnitInfo      : No LoadTimeWeaver setup: ignoring JPA class transformer
2025-05-13T02:28:42.831+07:00  INFO 31360 --- [restartedMain] com.zaxxer.hikari.HikariDataSource       : HikariPool-3 - Starting...
2025-05-13T02:28:42.836+07:00  INFO 31360 --- [restartedMain] com.zaxxer.hikari.pool.HikariPool        : HikariPool-3 - Added connection com.mysql.cj.jdbc.ConnectionImpl@2717636e
2025-05-13T02:28:42.836+07:00  INFO 31360 --- [restartedMain] com.zaxxer.hikari.HikariDataSource       : HikariPool-3 - Start completed.
2025-05-13T02:28:42.837+07:00  WARN 31360 --- [restartedMain] org.hibernate.orm.deprecation            : HHH90000025: MySQL8Dialect does not need to be specified explicitly using 'hibernate.dialect' (remove the property setting and it will be selected by default)
2025-05-13T02:28:42.837+07:00  WARN 31360 --- [restartedMain] org.hibernate.orm.deprecation            : HHH90000026: MySQL8Dialect has been deprecated; use org.hibernate.dialect.MySQLDialect instead
2025-05-13T02:28:42.837+07:00  INFO 31360 --- [restartedMain] org.hibernate.orm.connections.pooling    : HHH10001005: Database info:
	Database JDBC URL [Connecting through datasource 'HikariDataSource (HikariPool-3)']
	Database driver: undefined/unknown
	Database version: 8.0
	Autocommit mode: undefined/unknown
	Isolation level: undefined/unknown
	Minimum pool size: undefined/unknown
	Maximum pool size: undefined/unknown
2025-05-13T02:28:43.013+07:00  INFO 31360 --- [restartedMain] o.h.e.t.j.p.i.JtaPlatformInitiator       : HHH000489: No JTA platform available (set 'hibernate.transaction.jta.platform' to enable JTA platform integration)
2025-05-13T02:28:43.014+07:00  INFO 31360 --- [restartedMain] j.LocalContainerEntityManagerFactoryBean : Initialized JPA EntityManagerFactory for persistence unit 'default'
2025-05-13T02:28:43.204+07:00  WARN 31360 --- [restartedMain] JpaBaseConfiguration$JpaWebConfiguration : spring.jpa.open-in-view is enabled by default. Therefore, database queries may be performed during view rendering. Explicitly configure spring.jpa.open-in-view to disable this warning
2025-05-13T02:28:43.337+07:00  INFO 31360 --- [restartedMain] o.s.b.d.a.OptionalLiveReloadServer       : LiveReload server is running on port 35729
2025-05-13T02:28:43.359+07:00  INFO 31360 --- [restartedMain] o.s.b.w.embedded.tomcat.TomcatWebServer  : Tomcat started on port 8080 (http) with context path '/'
2025-05-13T02:28:43.363+07:00  INFO 31360 --- [restartedMain] c.r.backend.BackendApplication           : Started BackendApplication in 1.09 seconds (process running for 127.631)
2025-05-13T02:28:43.365+07:00  INFO 31360 --- [restartedMain] .ConditionEvaluationDeltaLoggingListener : Condition evaluation unchanged
2025-05-13T02:28:44.064+07:00  INFO 31360 --- [http-nio-8080-exec-1] o.a.c.c.C.[Tomcat].[localhost].[/]       : Initializing Spring DispatcherServlet 'dispatcherServlet'
2025-05-13T02:28:44.066+07:00  INFO 31360 --- [http-nio-8080-exec-1] o.s.web.servlet.DispatcherServlet        : Initializing Servlet 'dispatcherServlet'
2025-05-13T02:28:44.067+07:00  INFO 31360 --- [http-nio-8080-exec-1] o.s.web.servlet.DispatcherServlet        : Completed initialization in 1 ms
2025-05-13T02:28:44.169+07:00 DEBUG 31360 --- [http-nio-8080-exec-1] org.hibernate.SQL                        : 
    select
        u1_0.id,
        u1_0.avatar_url,
        u1_0.date_of_birth,
        u1_0.full_name,
        u1_0.username 
    from
        users u1_0 
    where
        u1_0.username=?
2025-05-13T02:28:44.231+07:00 ERROR 31360 --- [http-nio-8080-exec-1] o.a.c.c.C.[.[.[/].[dispatcherServlet]    : Servlet.service() for servlet [dispatcherServlet] in context with path [] threw exception [Request processing failed: java.lang.RuntimeException: User not found] with root cause

java.lang.RuntimeException: User not found
	at com.recipeshare.backend.service.UserServiceImpl.lambda$getPublicProfile$0(UserServiceImpl.java:41) ~[classes/:na]
	at java.base/java.util.Optional.orElseThrow(Optional.java:403) ~[na:na]
	at com.recipeshare.backend.service.UserServiceImpl.getPublicProfile(UserServiceImpl.java:41) ~[classes/:na]
	at com.recipeshare.backend.controller.PageController.profilePage(PageController.java:22) ~[classes/:na]
	at java.base/jdk.internal.reflect.DirectMethodHandleAccessor.invoke(DirectMethodHandleAccessor.java:103) ~[na:na]
	at java.base/java.lang.reflect.Method.invoke(Method.java:580) ~[na:na]
	at org.springframework.web.method.support.InvocableHandlerMethod.doInvoke(InvocableHandlerMethod.java:258) ~[spring-web-6.2.6.jar:6.2.6]
	at org.springframework.web.method.support.InvocableHandlerMethod.invokeForRequest(InvocableHandlerMethod.java:191) ~[spring-web-6.2.6.jar:6.2.6]
	at org.springframework.web.servlet.mvc.method.annotation.ServletInvocableHandlerMethod.invokeAndHandle(ServletInvocableHandlerMethod.java:118) ~[spring-webmvc-6.2.6.jar:6.2.6]
	at org.springframework.web.servlet.mvc.method.annotation.RequestMappingHandlerAdapter.invokeHandlerMethod(RequestMappingHandlerAdapter.java:986) ~[spring-webmvc-6.2.6.jar:6.2.6]
	at org.springframework.web.servlet.mvc.method.annotation.RequestMappingHandlerAdapter.handleInternal(RequestMappingHandlerAdapter.java:891) ~[spring-webmvc-6.2.6.jar:6.2.6]
	at org.springframework.web.servlet.mvc.method.AbstractHandlerMethodAdapter.handle(AbstractHandlerMethodAdapter.java:87) ~[spring-webmvc-6.2.6.jar:6.2.6]
	at org.springframework.web.servlet.DispatcherServlet.doDispatch(DispatcherServlet.java:1089) ~[spring-webmvc-6.2.6.jar:6.2.6]
	at org.springframework.web.servlet.DispatcherServlet.doService(DispatcherServlet.java:979) ~[spring-webmvc-6.2.6.jar:6.2.6]
	at org.springframework.web.servlet.FrameworkServlet.processRequest(FrameworkServlet.java:1014) ~[spring-webmvc-6.2.6.jar:6.2.6]
	at org.springframework.web.servlet.FrameworkServlet.doGet(FrameworkServlet.java:903) ~[spring-webmvc-6.2.6.jar:6.2.6]
	at jakarta.servlet.http.HttpServlet.service(HttpServlet.java:564) ~[tomcat-embed-core-10.1.40.jar:6.0]
	at org.springframework.web.servlet.FrameworkServlet.service(FrameworkServlet.java:885) ~[spring-webmvc-6.2.6.jar:6.2.6]
	at jakarta.servlet.http.HttpServlet.service(HttpServlet.java:658) ~[tomcat-embed-core-10.1.40.jar:6.0]
	at org.apache.catalina.core.ApplicationFilterChain.internalDoFilter(ApplicationFilterChain.java:195) ~[tomcat-embed-core-10.1.40.jar:10.1.40]
	at org.apache.catalina.core.ApplicationFilterChain.doFilter(ApplicationFilterChain.java:140) ~[tomcat-embed-core-10.1.40.jar:10.1.40]
	at org.apache.tomcat.websocket.server.WsFilter.doFilter(WsFilter.java:51) ~[tomcat-embed-websocket-10.1.40.jar:10.1.40]
	at org.apache.catalina.core.ApplicationFilterChain.internalDoFilter(ApplicationFilterChain.java:164) ~[tomcat-embed-core-10.1.40.jar:10.1.40]
	at org.apache.catalina.core.ApplicationFilterChain.doFilter(ApplicationFilterChain.java:140) ~[tomcat-embed-core-10.1.40.jar:10.1.40]
	at org.springframework.web.filter.RequestContextFilter.doFilterInternal(RequestContextFilter.java:100) ~[spring-web-6.2.6.jar:6.2.6]
	at org.springframework.web.filter.OncePerRequestFilter.doFilter(OncePerRequestFilter.java:116) ~[spring-web-6.2.6.jar:6.2.6]
	at org.apache.catalina.core.ApplicationFilterChain.internalDoFilter(ApplicationFilterChain.java:164) ~[tomcat-embed-core-10.1.40.jar:10.1.40]
	at org.apache.catalina.core.ApplicationFilterChain.doFilter(ApplicationFilterChain.java:140) ~[tomcat-embed-core-10.1.40.jar:10.1.40]
	at org.springframework.web.filter.FormContentFilter.doFilterInternal(FormContentFilter.java:93) ~[spring-web-6.2.6.jar:6.2.6]
	at org.springframework.web.filter.OncePerRequestFilter.doFilter(OncePerRequestFilter.java:116) ~[spring-web-6.2.6.jar:6.2.6]
	at org.apache.catalina.core.ApplicationFilterChain.internalDoFilter(ApplicationFilterChain.java:164) ~[tomcat-embed-core-10.1.40.jar:10.1.40]
	at org.apache.catalina.core.ApplicationFilterChain.doFilter(ApplicationFilterChain.java:140) ~[tomcat-embed-core-10.1.40.jar:10.1.40]
	at org.springframework.web.filter.CharacterEncodingFilter.doFilterInternal(CharacterEncodingFilter.java:201) ~[spring-web-6.2.6.jar:6.2.6]
	at org.springframework.web.filter.OncePerRequestFilter.doFilter(OncePerRequestFilter.java:116) ~[spring-web-6.2.6.jar:6.2.6]
	at org.apache.catalina.core.ApplicationFilterChain.internalDoFilter(ApplicationFilterChain.java:164) ~[tomcat-embed-core-10.1.40.jar:10.1.40]
	at org.apache.catalina.core.ApplicationFilterChain.doFilter(ApplicationFilterChain.java:140) ~[tomcat-embed-core-10.1.40.jar:10.1.40]
	at org.apache.catalina.core.StandardWrapperValve.invoke(StandardWrapperValve.java:167) ~[tomcat-embed-core-10.1.40.jar:10.1.40]
	at org.apache.catalina.core.StandardContextValve.invoke(StandardContextValve.java:90) ~[tomcat-embed-core-10.1.40.jar:10.1.40]
	at org.apache.catalina.authenticator.AuthenticatorBase.invoke(AuthenticatorBase.java:483) ~[tomcat-embed-core-10.1.40.jar:10.1.40]
	at org.apache.catalina.core.StandardHostValve.invoke(StandardHostValve.java:116) ~[tomcat-embed-core-10.1.40.jar:10.1.40]
	at org.apache.catalina.valves.ErrorReportValve.invoke(ErrorReportValve.java:93) ~[tomcat-embed-core-10.1.40.jar:10.1.40]
	at org.apache.catalina.core.StandardEngineValve.invoke(StandardEngineValve.java:74) ~[tomcat-embed-core-10.1.40.jar:10.1.40]
	at org.apache.catalina.connector.CoyoteAdapter.service(CoyoteAdapter.java:344) ~[tomcat-embed-core-10.1.40.jar:10.1.40]
	at org.apache.coyote.http11.Http11Processor.service(Http11Processor.java:398) ~[tomcat-embed-core-10.1.40.jar:10.1.40]
	at org.apache.coyote.AbstractProcessorLight.process(AbstractProcessorLight.java:63) ~[tomcat-embed-core-10.1.40.jar:10.1.40]
	at org.apache.coyote.AbstractProtocol$ConnectionHandler.process(AbstractProtocol.java:903) ~[tomcat-embed-core-10.1.40.jar:10.1.40]
	at org.apache.tomcat.util.net.NioEndpoint$SocketProcessor.doRun(NioEndpoint.java:1740) ~[tomcat-embed-core-10.1.40.jar:10.1.40]
	at org.apache.tomcat.util.net.SocketProcessorBase.run(SocketProcessorBase.java:52) ~[tomcat-embed-core-10.1.40.jar:10.1.40]
	at org.apache.tomcat.util.threads.ThreadPoolExecutor.runWorker(ThreadPoolExecutor.java:1189) ~[tomcat-embed-core-10.1.40.jar:10.1.40]
	at org.apache.tomcat.util.threads.ThreadPoolExecutor$Worker.run(ThreadPoolExecutor.java:658) ~[tomcat-embed-core-10.1.40.jar:10.1.40]
	at org.apache.tomcat.util.threads.TaskThread$WrappingRunnable.run(TaskThread.java:63) ~[tomcat-embed-core-10.1.40.jar:10.1.40]
	at java.base/java.lang.Thread.run(Thread.java:1575) ~[na:na]

2025-05-13T02:28:45.698+07:00 DEBUG 31360 --- [http-nio-8080-exec-2] org.hibernate.SQL                        : 
    select
        u1_0.id,
        u1_0.avatar_url,
        u1_0.date_of_birth,
        u1_0.full_name,
        u1_0.username 
    from
        users u1_0 
    where
        u1_0.username=?
2025-05-13T02:28:45.703+07:00 ERROR 31360 --- [http-nio-8080-exec-2] o.a.c.c.C.[.[.[/].[dispatcherServlet]    : Servlet.service() for servlet [dispatcherServlet] in context with path [] threw exception [Request processing failed: java.lang.RuntimeException: User not found] with root cause

java.lang.RuntimeException: User not found
	at com.recipeshare.backend.service.UserServiceImpl.lambda$getPublicProfile$0(UserServiceImpl.java:41) ~[classes/:na]
	at java.base/java.util.Optional.orElseThrow(Optional.java:403) ~[na:na]
	at com.recipeshare.backend.service.UserServiceImpl.getPublicProfile(UserServiceImpl.java:41) ~[classes/:na]
	at com.recipeshare.backend.controller.PageController.profilePage(PageController.java:22) ~[classes/:na]
	at java.base/jdk.internal.reflect.DirectMethodHandleAccessor.invoke(DirectMethodHandleAccessor.java:103) ~[na:na]
	at java.base/java.lang.reflect.Method.invoke(Method.java:580) ~[na:na]
	at org.springframework.web.method.support.InvocableHandlerMethod.doInvoke(InvocableHandlerMethod.java:258) ~[spring-web-6.2.6.jar:6.2.6]
	at org.springframework.web.method.support.InvocableHandlerMethod.invokeForRequest(InvocableHandlerMethod.java:191) ~[spring-web-6.2.6.jar:6.2.6]
	at org.springframework.web.servlet.mvc.method.annotation.ServletInvocableHandlerMethod.invokeAndHandle(ServletInvocableHandlerMethod.java:118) ~[spring-webmvc-6.2.6.jar:6.2.6]
	at org.springframework.web.servlet.mvc.method.annotation.RequestMappingHandlerAdapter.invokeHandlerMethod(RequestMappingHandlerAdapter.java:986) ~[spring-webmvc-6.2.6.jar:6.2.6]
	at org.springframework.web.servlet.mvc.method.annotation.RequestMappingHandlerAdapter.handleInternal(RequestMappingHandlerAdapter.java:891) ~[spring-webmvc-6.2.6.jar:6.2.6]
	at org.springframework.web.servlet.mvc.method.AbstractHandlerMethodAdapter.handle(AbstractHandlerMethodAdapter.java:87) ~[spring-webmvc-6.2.6.jar:6.2.6]
	at org.springframework.web.servlet.DispatcherServlet.doDispatch(DispatcherServlet.java:1089) ~[spring-webmvc-6.2.6.jar:6.2.6]
	at org.springframework.web.servlet.DispatcherServlet.doService(DispatcherServlet.java:979) ~[spring-webmvc-6.2.6.jar:6.2.6]
	at org.springframework.web.servlet.FrameworkServlet.processRequest(FrameworkServlet.java:1014) ~[spring-webmvc-6.2.6.jar:6.2.6]
	at org.springframework.web.servlet.FrameworkServlet.doGet(FrameworkServlet.java:903) ~[spring-webmvc-6.2.6.jar:6.2.6]
	at jakarta.servlet.http.HttpServlet.service(HttpServlet.java:564) ~[tomcat-embed-core-10.1.40.jar:6.0]
	at org.springframework.web.servlet.FrameworkServlet.service(FrameworkServlet.java:885) ~[spring-webmvc-6.2.6.jar:6.2.6]
	at jakarta.servlet.http.HttpServlet.service(HttpServlet.java:658) ~[tomcat-embed-core-10.1.40.jar:6.0]
	at org.apache.catalina.core.ApplicationFilterChain.internalDoFilter(ApplicationFilterChain.java:195) ~[tomcat-embed-core-10.1.40.jar:10.1.40]
	at org.apache.catalina.core.ApplicationFilterChain.doFilter(ApplicationFilterChain.java:140) ~[tomcat-embed-core-10.1.40.jar:10.1.40]
	at org.apache.tomcat.websocket.server.WsFilter.doFilter(WsFilter.java:51) ~[tomcat-embed-websocket-10.1.40.jar:10.1.40]
	at org.apache.catalina.core.ApplicationFilterChain.internalDoFilter(ApplicationFilterChain.java:164) ~[tomcat-embed-core-10.1.40.jar:10.1.40]
	at org.apache.catalina.core.ApplicationFilterChain.doFilter(ApplicationFilterChain.java:140) ~[tomcat-embed-core-10.1.40.jar:10.1.40]
	at org.springframework.web.filter.RequestContextFilter.doFilterInternal(RequestContextFilter.java:100) ~[spring-web-6.2.6.jar:6.2.6]
	at org.springframework.web.filter.OncePerRequestFilter.doFilter(OncePerRequestFilter.java:116) ~[spring-web-6.2.6.jar:6.2.6]
	at org.apache.catalina.core.ApplicationFilterChain.internalDoFilter(ApplicationFilterChain.java:164) ~[tomcat-embed-core-10.1.40.jar:10.1.40]
	at org.apache.catalina.core.ApplicationFilterChain.doFilter(ApplicationFilterChain.java:140) ~[tomcat-embed-core-10.1.40.jar:10.1.40]
	at org.springframework.web.filter.FormContentFilter.doFilterInternal(FormContentFilter.java:93) ~[spring-web-6.2.6.jar:6.2.6]
	at org.springframework.web.filter.OncePerRequestFilter.doFilter(OncePerRequestFilter.java:116) ~[spring-web-6.2.6.jar:6.2.6]
	at org.apache.catalina.core.ApplicationFilterChain.internalDoFilter(ApplicationFilterChain.java:164) ~[tomcat-embed-core-10.1.40.jar:10.1.40]
	at org.apache.catalina.core.ApplicationFilterChain.doFilter(ApplicationFilterChain.java:140) ~[tomcat-embed-core-10.1.40.jar:10.1.40]
	at org.springframework.web.filter.CharacterEncodingFilter.doFilterInternal(CharacterEncodingFilter.java:201) ~[spring-web-6.2.6.jar:6.2.6]
	at org.springframework.web.filter.OncePerRequestFilter.doFilter(OncePerRequestFilter.java:116) ~[spring-web-6.2.6.jar:6.2.6]
	at org.apache.catalina.core.ApplicationFilterChain.internalDoFilter(ApplicationFilterChain.java:164) ~[tomcat-embed-core-10.1.40.jar:10.1.40]
	at org.apache.catalina.core.ApplicationFilterChain.doFilter(ApplicationFilterChain.java:140) ~[tomcat-embed-core-10.1.40.jar:10.1.40]
	at org.apache.catalina.core.StandardWrapperValve.invoke(StandardWrapperValve.java:167) ~[tomcat-embed-core-10.1.40.jar:10.1.40]
	at org.apache.catalina.core.StandardContextValve.invoke(StandardContextValve.java:90) ~[tomcat-embed-core-10.1.40.jar:10.1.40]
	at org.apache.catalina.authenticator.AuthenticatorBase.invoke(AuthenticatorBase.java:483) ~[tomcat-embed-core-10.1.40.jar:10.1.40]
	at org.apache.catalina.core.StandardHostValve.invoke(StandardHostValve.java:116) ~[tomcat-embed-core-10.1.40.jar:10.1.40]
	at org.apache.catalina.valves.ErrorReportValve.invoke(ErrorReportValve.java:93) ~[tomcat-embed-core-10.1.40.jar:10.1.40]
	at org.apache.catalina.core.StandardEngineValve.invoke(StandardEngineValve.java:74) ~[tomcat-embed-core-10.1.40.jar:10.1.40]
	at org.apache.catalina.connector.CoyoteAdapter.service(CoyoteAdapter.java:344) ~[tomcat-embed-core-10.1.40.jar:10.1.40]
	at org.apache.coyote.http11.Http11Processor.service(Http11Processor.java:398) ~[tomcat-embed-core-10.1.40.jar:10.1.40]
	at org.apache.coyote.AbstractProcessorLight.process(AbstractProcessorLight.java:63) ~[tomcat-embed-core-10.1.40.jar:10.1.40]
	at org.apache.coyote.AbstractProtocol$ConnectionHandler.process(AbstractProtocol.java:903) ~[tomcat-embed-core-10.1.40.jar:10.1.40]
	at org.apache.tomcat.util.net.NioEndpoint$SocketProcessor.doRun(NioEndpoint.java:1740) ~[tomcat-embed-core-10.1.40.jar:10.1.40]
	at org.apache.tomcat.util.net.SocketProcessorBase.run(SocketProcessorBase.java:52) ~[tomcat-embed-core-10.1.40.jar:10.1.40]
	at org.apache.tomcat.util.threads.ThreadPoolExecutor.runWorker(ThreadPoolExecutor.java:1189) ~[tomcat-embed-core-10.1.40.jar:10.1.40]
	at org.apache.tomcat.util.threads.ThreadPoolExecutor$Worker.run(ThreadPoolExecutor.java:658) ~[tomcat-embed-core-10.1.40.jar:10.1.40]
	at org.apache.tomcat.util.threads.TaskThread$WrappingRunnable.run(TaskThread.java:63) ~[tomcat-embed-core-10.1.40.jar:10.1.40]
	at java.base/java.lang.Thread.run(Thread.java:1575) ~[na:na]

2025-05-13T02:29:32.833+07:00  INFO 31360 --- [File Watcher] rtingClassPathChangeChangedEventListener : Restarting due to 1 class path change (0 additions, 1 deletion, 0 modifications)
2025-05-13T02:29:32.835+07:00  INFO 31360 --- [Thread-11] o.s.b.w.e.tomcat.GracefulShutdown        : Commencing graceful shutdown. Waiting for active requests to complete
2025-05-13T02:29:32.839+07:00  INFO 31360 --- [tomcat-shutdown] o.s.b.w.e.tomcat.GracefulShutdown        : Graceful shutdown complete
2025-05-13T02:29:32.839+07:00  INFO 31360 --- [Thread-11] j.LocalContainerEntityManagerFactoryBean : Closing JPA EntityManagerFactory for persistence unit 'default'
2025-05-13T02:29:32.841+07:00  INFO 31360 --- [Thread-11] com.zaxxer.hikari.HikariDataSource       : HikariPool-3 - Shutdown initiated...
2025-05-13T02:29:32.842+07:00  INFO 31360 --- [Thread-11] com.zaxxer.hikari.HikariDataSource       : HikariPool-3 - Shutdown completed.
2025-05-13T02:29:32.909+07:00  INFO 31360 --- [restartedMain] c.r.backend.BackendApplication           : Starting BackendApplication using Java 23 with PID 31360 (C:\RecipeSharingWebsite\backend\target\classes started by haiye in C:\RecipeSharingWebsite\backend)
2025-05-13T02:29:32.910+07:00  INFO 31360 --- [restartedMain] c.r.backend.BackendApplication           : No active profile set, falling back to 1 default profile: "default"
2025-05-13T02:29:33.061+07:00  INFO 31360 --- [restartedMain] .s.d.r.c.RepositoryConfigurationDelegate : Bootstrapping Spring Data JPA repositories in DEFAULT mode.
2025-05-13T02:29:33.085+07:00  INFO 31360 --- [restartedMain] .s.d.r.c.RepositoryConfigurationDelegate : Finished Spring Data repository scanning in 22 ms. Found 7 JPA repository interfaces.
2025-05-13T02:29:33.151+07:00  INFO 31360 --- [restartedMain] o.s.b.w.embedded.tomcat.TomcatWebServer  : Tomcat initialized with port 8080 (http)
2025-05-13T02:29:33.153+07:00  INFO 31360 --- [restartedMain] o.apache.catalina.core.StandardService   : Starting service [Tomcat]
2025-05-13T02:29:33.153+07:00  INFO 31360 --- [restartedMain] o.apache.catalina.core.StandardEngine    : Starting Servlet engine: [Apache Tomcat/10.1.40]
2025-05-13T02:29:33.170+07:00  INFO 31360 --- [restartedMain] o.a.c.c.C.[Tomcat].[localhost].[/]       : Initializing Spring embedded WebApplicationContext
2025-05-13T02:29:33.170+07:00  INFO 31360 --- [restartedMain] w.s.c.ServletWebServerApplicationContext : Root WebApplicationContext: initialization completed in 259 ms
2025-05-13T02:29:33.196+07:00  INFO 31360 --- [restartedMain] o.hibernate.jpa.internal.util.LogHelper  : HHH000204: Processing PersistenceUnitInfo [name: default]
2025-05-13T02:29:33.199+07:00  INFO 31360 --- [restartedMain] o.h.c.internal.RegionFactoryInitiator    : HHH000026: Second-level cache disabled
2025-05-13T02:29:33.204+07:00  INFO 31360 --- [restartedMain] o.s.o.j.p.SpringPersistenceUnitInfo      : No LoadTimeWeaver setup: ignoring JPA class transformer
2025-05-13T02:29:33.205+07:00  INFO 31360 --- [restartedMain] com.zaxxer.hikari.HikariDataSource       : HikariPool-4 - Starting...
2025-05-13T02:29:33.209+07:00  INFO 31360 --- [restartedMain] com.zaxxer.hikari.pool.HikariPool        : HikariPool-4 - Added connection com.mysql.cj.jdbc.ConnectionImpl@762d3c5a
2025-05-13T02:29:33.209+07:00  INFO 31360 --- [restartedMain] com.zaxxer.hikari.HikariDataSource       : HikariPool-4 - Start completed.
2025-05-13T02:29:33.210+07:00  WARN 31360 --- [restartedMain] org.hibernate.orm.deprecation            : HHH90000025: MySQL8Dialect does not need to be specified explicitly using 'hibernate.dialect' (remove the property setting and it will be selected by default)
2025-05-13T02:29:33.210+07:00  WARN 31360 --- [restartedMain] org.hibernate.orm.deprecation            : HHH90000026: MySQL8Dialect has been deprecated; use org.hibernate.dialect.MySQLDialect instead
2025-05-13T02:29:33.210+07:00  INFO 31360 --- [restartedMain] org.hibernate.orm.connections.pooling    : HHH10001005: Database info:
	Database JDBC URL [Connecting through datasource 'HikariDataSource (HikariPool-4)']
	Database driver: undefined/unknown
	Database version: 8.0
	Autocommit mode: undefined/unknown
	Isolation level: undefined/unknown
	Minimum pool size: undefined/unknown
	Maximum pool size: undefined/unknown
2025-05-13T02:29:33.319+07:00  INFO 31360 --- [restartedMain] o.h.e.t.j.p.i.JtaPlatformInitiator       : HHH000489: No JTA platform available (set 'hibernate.transaction.jta.platform' to enable JTA platform integration)
2025-05-13T02:29:33.320+07:00  INFO 31360 --- [restartedMain] j.LocalContainerEntityManagerFactoryBean : Initialized JPA EntityManagerFactory for persistence unit 'default'
2025-05-13T02:29:33.467+07:00  WARN 31360 --- [restartedMain] JpaBaseConfiguration$JpaWebConfiguration : spring.jpa.open-in-view is enabled by default. Therefore, database queries may be performed during view rendering. Explicitly configure spring.jpa.open-in-view to disable this warning
2025-05-13T02:29:33.596+07:00  INFO 31360 --- [restartedMain] o.s.b.d.a.OptionalLiveReloadServer       : LiveReload server is running on port 35729
2025-05-13T02:29:33.613+07:00  INFO 31360 --- [restartedMain] o.s.b.w.embedded.tomcat.TomcatWebServer  : Tomcat started on port 8080 (http) with context path '/'
2025-05-13T02:29:33.616+07:00  INFO 31360 --- [restartedMain] c.r.backend.BackendApplication           : Started BackendApplication in 0.728 seconds (process running for 177.884)
2025-05-13T02:29:33.618+07:00  INFO 31360 --- [restartedMain] .ConditionEvaluationDeltaLoggingListener : Condition evaluation unchanged
2025-05-13T02:29:35.034+07:00  INFO 31360 --- [File Watcher] rtingClassPathChangeChangedEventListener : Restarting due to 1 class path change (1 addition, 0 deletions, 0 modifications)
2025-05-13T02:29:35.036+07:00  INFO 31360 --- [Thread-15] o.s.b.w.e.tomcat.GracefulShutdown        : Commencing graceful shutdown. Waiting for active requests to complete
2025-05-13T02:29:35.046+07:00  INFO 31360 --- [tomcat-shutdown] o.s.b.w.e.tomcat.GracefulShutdown        : Graceful shutdown complete
2025-05-13T02:29:35.049+07:00  INFO 31360 --- [Thread-15] j.LocalContainerEntityManagerFactoryBean : Closing JPA EntityManagerFactory for persistence unit 'default'
2025-05-13T02:29:35.049+07:00  INFO 31360 --- [Thread-15] com.zaxxer.hikari.HikariDataSource       : HikariPool-4 - Shutdown initiated...
2025-05-13T02:29:35.052+07:00  INFO 31360 --- [Thread-15] com.zaxxer.hikari.HikariDataSource       : HikariPool-4 - Shutdown completed.
2025-05-13T02:29:35.144+07:00  INFO 31360 --- [restartedMain] c.r.backend.BackendApplication           : Starting BackendApplication using Java 23 with PID 31360 (C:\RecipeSharingWebsite\backend\target\classes started by haiye in C:\RecipeSharingWebsite\backend)
2025-05-13T02:29:35.146+07:00  INFO 31360 --- [restartedMain] c.r.backend.BackendApplication           : No active profile set, falling back to 1 default profile: "default"
2025-05-13T02:29:35.366+07:00  INFO 31360 --- [restartedMain] .s.d.r.c.RepositoryConfigurationDelegate : Bootstrapping Spring Data JPA repositories in DEFAULT mode.
2025-05-13T02:29:35.391+07:00  INFO 31360 --- [restartedMain] .s.d.r.c.RepositoryConfigurationDelegate : Finished Spring Data repository scanning in 23 ms. Found 7 JPA repository interfaces.
2025-05-13T02:29:35.488+07:00  INFO 31360 --- [restartedMain] o.s.b.w.embedded.tomcat.TomcatWebServer  : Tomcat initialized with port 8080 (http)
2025-05-13T02:29:35.488+07:00  INFO 31360 --- [restartedMain] o.apache.catalina.core.StandardService   : Starting service [Tomcat]
2025-05-13T02:29:35.489+07:00  INFO 31360 --- [restartedMain] o.apache.catalina.core.StandardEngine    : Starting Servlet engine: [Apache Tomcat/10.1.40]
2025-05-13T02:29:35.515+07:00  INFO 31360 --- [restartedMain] o.a.c.c.C.[Tomcat].[localhost].[/]       : Initializing Spring embedded WebApplicationContext
2025-05-13T02:29:35.515+07:00  INFO 31360 --- [restartedMain] w.s.c.ServletWebServerApplicationContext : Root WebApplicationContext: initialization completed in 367 ms
2025-05-13T02:29:35.549+07:00  INFO 31360 --- [restartedMain] o.hibernate.jpa.internal.util.LogHelper  : HHH000204: Processing PersistenceUnitInfo [name: default]
2025-05-13T02:29:35.551+07:00  INFO 31360 --- [restartedMain] o.h.c.internal.RegionFactoryInitiator    : HHH000026: Second-level cache disabled
2025-05-13T02:29:35.563+07:00  INFO 31360 --- [restartedMain] o.s.o.j.p.SpringPersistenceUnitInfo      : No LoadTimeWeaver setup: ignoring JPA class transformer
2025-05-13T02:29:35.563+07:00  INFO 31360 --- [restartedMain] com.zaxxer.hikari.HikariDataSource       : HikariPool-5 - Starting...
2025-05-13T02:29:35.569+07:00  INFO 31360 --- [restartedMain] com.zaxxer.hikari.pool.HikariPool        : HikariPool-5 - Added connection com.mysql.cj.jdbc.ConnectionImpl@598cfd95
2025-05-13T02:29:35.569+07:00  INFO 31360 --- [restartedMain] com.zaxxer.hikari.HikariDataSource       : HikariPool-5 - Start completed.
2025-05-13T02:29:35.570+07:00  WARN 31360 --- [restartedMain] org.hibernate.orm.deprecation            : HHH90000025: MySQL8Dialect does not need to be specified explicitly using 'hibernate.dialect' (remove the property setting and it will be selected by default)
2025-05-13T02:29:35.570+07:00  WARN 31360 --- [restartedMain] org.hibernate.orm.deprecation            : HHH90000026: MySQL8Dialect has been deprecated; use org.hibernate.dialect.MySQLDialect instead
2025-05-13T02:29:35.570+07:00  INFO 31360 --- [restartedMain] org.hibernate.orm.connections.pooling    : HHH10001005: Database info:
	Database JDBC URL [Connecting through datasource 'HikariDataSource (HikariPool-5)']
	Database driver: undefined/unknown
	Database version: 8.0
	Autocommit mode: undefined/unknown
	Isolation level: undefined/unknown
	Minimum pool size: undefined/unknown
	Maximum pool size: undefined/unknown
2025-05-13T02:29:35.844+07:00  INFO 31360 --- [restartedMain] o.h.e.t.j.p.i.JtaPlatformInitiator       : HHH000489: No JTA platform available (set 'hibernate.transaction.jta.platform' to enable JTA platform integration)
2025-05-13T02:29:35.844+07:00  INFO 31360 --- [restartedMain] j.LocalContainerEntityManagerFactoryBean : Initialized JPA EntityManagerFactory for persistence unit 'default'
2025-05-13T02:29:36.153+07:00  WARN 31360 --- [restartedMain] JpaBaseConfiguration$JpaWebConfiguration : spring.jpa.open-in-view is enabled by default. Therefore, database queries may be performed during view rendering. Explicitly configure spring.jpa.open-in-view to disable this warning
2025-05-13T02:29:36.441+07:00  INFO 31360 --- [restartedMain] o.s.b.d.a.OptionalLiveReloadServer       : LiveReload server is running on port 35729
2025-05-13T02:29:36.480+07:00  INFO 31360 --- [restartedMain] o.s.b.w.embedded.tomcat.TomcatWebServer  : Tomcat started on port 8080 (http) with context path '/'
2025-05-13T02:29:36.491+07:00  INFO 31360 --- [restartedMain] c.r.backend.BackendApplication           : Started BackendApplication in 1.378 seconds (process running for 180.759)
2025-05-13T02:29:36.494+07:00  INFO 31360 --- [restartedMain] .ConditionEvaluationDeltaLoggingListener : Condition evaluation unchanged
2025-05-13T02:29:37.621+07:00  INFO 31360 --- [http-nio-8080-exec-1] o.a.c.c.C.[Tomcat].[localhost].[/]       : Initializing Spring DispatcherServlet 'dispatcherServlet'
2025-05-13T02:29:37.621+07:00  INFO 31360 --- [http-nio-8080-exec-1] o.s.web.servlet.DispatcherServlet        : Initializing Servlet 'dispatcherServlet'
2025-05-13T02:29:37.622+07:00  INFO 31360 --- [http-nio-8080-exec-1] o.s.web.servlet.DispatcherServlet        : Completed initialization in 0 ms
2025-05-13T02:29:39.968+07:00 DEBUG 31360 --- [http-nio-8080-exec-2] org.hibernate.SQL                        : 
    select
        u1_0.id,
        u1_0.avatar_url,
        u1_0.date_of_birth,
        u1_0.full_name,
        u1_0.username 
    from
        users u1_0 
    where
        u1_0.username=?
2025-05-13T02:29:39.973+07:00 ERROR 31360 --- [http-nio-8080-exec-2] o.a.c.c.C.[.[.[/].[dispatcherServlet]    : Servlet.service() for servlet [dispatcherServlet] in context with path [] threw exception [Request processing failed: java.lang.RuntimeException: User not found] with root cause

java.lang.RuntimeException: User not found
	at com.recipeshare.backend.service.UserServiceImpl.lambda$getPublicProfile$0(UserServiceImpl.java:41) ~[classes/:na]
	at java.base/java.util.Optional.orElseThrow(Optional.java:403) ~[na:na]
	at com.recipeshare.backend.service.UserServiceImpl.getPublicProfile(UserServiceImpl.java:41) ~[classes/:na]
	at com.recipeshare.backend.controller.PageController.profilePage(PageController.java:22) ~[classes/:na]
	at java.base/jdk.internal.reflect.DirectMethodHandleAccessor.invoke(DirectMethodHandleAccessor.java:103) ~[na:na]
	at java.base/java.lang.reflect.Method.invoke(Method.java:580) ~[na:na]
	at org.springframework.web.method.support.InvocableHandlerMethod.doInvoke(InvocableHandlerMethod.java:258) ~[spring-web-6.2.6.jar:6.2.6]
	at org.springframework.web.method.support.InvocableHandlerMethod.invokeForRequest(InvocableHandlerMethod.java:191) ~[spring-web-6.2.6.jar:6.2.6]
	at org.springframework.web.servlet.mvc.method.annotation.ServletInvocableHandlerMethod.invokeAndHandle(ServletInvocableHandlerMethod.java:118) ~[spring-webmvc-6.2.6.jar:6.2.6]
	at org.springframework.web.servlet.mvc.method.annotation.RequestMappingHandlerAdapter.invokeHandlerMethod(RequestMappingHandlerAdapter.java:986) ~[spring-webmvc-6.2.6.jar:6.2.6]
	at org.springframework.web.servlet.mvc.method.annotation.RequestMappingHandlerAdapter.handleInternal(RequestMappingHandlerAdapter.java:891) ~[spring-webmvc-6.2.6.jar:6.2.6]
	at org.springframework.web.servlet.mvc.method.AbstractHandlerMethodAdapter.handle(AbstractHandlerMethodAdapter.java:87) ~[spring-webmvc-6.2.6.jar:6.2.6]
	at org.springframework.web.servlet.DispatcherServlet.doDispatch(DispatcherServlet.java:1089) ~[spring-webmvc-6.2.6.jar:6.2.6]
	at org.springframework.web.servlet.DispatcherServlet.doService(DispatcherServlet.java:979) ~[spring-webmvc-6.2.6.jar:6.2.6]
	at org.springframework.web.servlet.FrameworkServlet.processRequest(FrameworkServlet.java:1014) ~[spring-webmvc-6.2.6.jar:6.2.6]
	at org.springframework.web.servlet.FrameworkServlet.doGet(FrameworkServlet.java:903) ~[spring-webmvc-6.2.6.jar:6.2.6]
	at jakarta.servlet.http.HttpServlet.service(HttpServlet.java:564) ~[tomcat-embed-core-10.1.40.jar:6.0]
	at org.springframework.web.servlet.FrameworkServlet.service(FrameworkServlet.java:885) ~[spring-webmvc-6.2.6.jar:6.2.6]
	at jakarta.servlet.http.HttpServlet.service(HttpServlet.java:658) ~[tomcat-embed-core-10.1.40.jar:6.0]
	at org.apache.catalina.core.ApplicationFilterChain.internalDoFilter(ApplicationFilterChain.java:195) ~[tomcat-embed-core-10.1.40.jar:10.1.40]
	at org.apache.catalina.core.ApplicationFilterChain.doFilter(ApplicationFilterChain.java:140) ~[tomcat-embed-core-10.1.40.jar:10.1.40]
	at org.apache.tomcat.websocket.server.WsFilter.doFilter(WsFilter.java:51) ~[tomcat-embed-websocket-10.1.40.jar:10.1.40]
	at org.apache.catalina.core.ApplicationFilterChain.internalDoFilter(ApplicationFilterChain.java:164) ~[tomcat-embed-core-10.1.40.jar:10.1.40]
	at org.apache.catalina.core.ApplicationFilterChain.doFilter(ApplicationFilterChain.java:140) ~[tomcat-embed-core-10.1.40.jar:10.1.40]
	at org.springframework.web.filter.RequestContextFilter.doFilterInternal(RequestContextFilter.java:100) ~[spring-web-6.2.6.jar:6.2.6]
	at org.springframework.web.filter.OncePerRequestFilter.doFilter(OncePerRequestFilter.java:116) ~[spring-web-6.2.6.jar:6.2.6]
	at org.apache.catalina.core.ApplicationFilterChain.internalDoFilter(ApplicationFilterChain.java:164) ~[tomcat-embed-core-10.1.40.jar:10.1.40]
	at org.apache.catalina.core.ApplicationFilterChain.doFilter(ApplicationFilterChain.java:140) ~[tomcat-embed-core-10.1.40.jar:10.1.40]
	at org.springframework.web.filter.FormContentFilter.doFilterInternal(FormContentFilter.java:93) ~[spring-web-6.2.6.jar:6.2.6]
	at org.springframework.web.filter.OncePerRequestFilter.doFilter(OncePerRequestFilter.java:116) ~[spring-web-6.2.6.jar:6.2.6]
	at org.apache.catalina.core.ApplicationFilterChain.internalDoFilter(ApplicationFilterChain.java:164) ~[tomcat-embed-core-10.1.40.jar:10.1.40]
	at org.apache.catalina.core.ApplicationFilterChain.doFilter(ApplicationFilterChain.java:140) ~[tomcat-embed-core-10.1.40.jar:10.1.40]
	at org.springframework.web.filter.CharacterEncodingFilter.doFilterInternal(CharacterEncodingFilter.java:201) ~[spring-web-6.2.6.jar:6.2.6]
	at org.springframework.web.filter.OncePerRequestFilter.doFilter(OncePerRequestFilter.java:116) ~[spring-web-6.2.6.jar:6.2.6]
	at org.apache.catalina.core.ApplicationFilterChain.internalDoFilter(ApplicationFilterChain.java:164) ~[tomcat-embed-core-10.1.40.jar:10.1.40]
	at org.apache.catalina.core.ApplicationFilterChain.doFilter(ApplicationFilterChain.java:140) ~[tomcat-embed-core-10.1.40.jar:10.1.40]
	at org.apache.catalina.core.StandardWrapperValve.invoke(StandardWrapperValve.java:167) ~[tomcat-embed-core-10.1.40.jar:10.1.40]
	at org.apache.catalina.core.StandardContextValve.invoke(StandardContextValve.java:90) ~[tomcat-embed-core-10.1.40.jar:10.1.40]
	at org.apache.catalina.authenticator.AuthenticatorBase.invoke(AuthenticatorBase.java:483) ~[tomcat-embed-core-10.1.40.jar:10.1.40]
	at org.apache.catalina.core.StandardHostValve.invoke(StandardHostValve.java:116) ~[tomcat-embed-core-10.1.40.jar:10.1.40]
	at org.apache.catalina.valves.ErrorReportValve.invoke(ErrorReportValve.java:93) ~[tomcat-embed-core-10.1.40.jar:10.1.40]
	at org.apache.catalina.core.StandardEngineValve.invoke(StandardEngineValve.java:74) ~[tomcat-embed-core-10.1.40.jar:10.1.40]
	at org.apache.catalina.connector.CoyoteAdapter.service(CoyoteAdapter.java:344) ~[tomcat-embed-core-10.1.40.jar:10.1.40]
	at org.apache.coyote.http11.Http11Processor.service(Http11Processor.java:398) ~[tomcat-embed-core-10.1.40.jar:10.1.40]
	at org.apache.coyote.AbstractProcessorLight.process(AbstractProcessorLight.java:63) ~[tomcat-embed-core-10.1.40.jar:10.1.40]
	at org.apache.coyote.AbstractProtocol$ConnectionHandler.process(AbstractProtocol.java:903) ~[tomcat-embed-core-10.1.40.jar:10.1.40]
	at org.apache.tomcat.util.net.NioEndpoint$SocketProcessor.doRun(NioEndpoint.java:1740) ~[tomcat-embed-core-10.1.40.jar:10.1.40]
	at org.apache.tomcat.util.net.SocketProcessorBase.run(SocketProcessorBase.java:52) ~[tomcat-embed-core-10.1.40.jar:10.1.40]
	at org.apache.tomcat.util.threads.ThreadPoolExecutor.runWorker(ThreadPoolExecutor.java:1189) ~[tomcat-embed-core-10.1.40.jar:10.1.40]
	at org.apache.tomcat.util.threads.ThreadPoolExecutor$Worker.run(ThreadPoolExecutor.java:658) ~[tomcat-embed-core-10.1.40.jar:10.1.40]
	at org.apache.tomcat.util.threads.TaskThread$WrappingRunnable.run(TaskThread.java:63) ~[tomcat-embed-core-10.1.40.jar:10.1.40]
	at java.base/java.lang.Thread.run(Thread.java:1575) ~[na:na]

2025-05-13T02:29:40.736+07:00 DEBUG 31360 --- [http-nio-8080-exec-3] org.hibernate.SQL                        : 
    select
        u1_0.id,
        u1_0.avatar_url,
        u1_0.date_of_birth,
        u1_0.full_name,
        u1_0.username 
    from
        users u1_0 
    where
        u1_0.username=?
2025-05-13T02:29:40.742+07:00 ERROR 31360 --- [http-nio-8080-exec-3] o.a.c.c.C.[.[.[/].[dispatcherServlet]    : Servlet.service() for servlet [dispatcherServlet] in context with path [] threw exception [Request processing failed: java.lang.RuntimeException: User not found] with root cause

java.lang.RuntimeException: User not found
	at com.recipeshare.backend.service.UserServiceImpl.lambda$getPublicProfile$0(UserServiceImpl.java:41) ~[classes/:na]
	at java.base/java.util.Optional.orElseThrow(Optional.java:403) ~[na:na]
	at com.recipeshare.backend.service.UserServiceImpl.getPublicProfile(UserServiceImpl.java:41) ~[classes/:na]
	at com.recipeshare.backend.controller.PageController.profilePage(PageController.java:22) ~[classes/:na]
	at java.base/jdk.internal.reflect.DirectMethodHandleAccessor.invoke(DirectMethodHandleAccessor.java:103) ~[na:na]
	at java.base/java.lang.reflect.Method.invoke(Method.java:580) ~[na:na]
	at org.springframework.web.method.support.InvocableHandlerMethod.doInvoke(InvocableHandlerMethod.java:258) ~[spring-web-6.2.6.jar:6.2.6]
	at org.springframework.web.method.support.InvocableHandlerMethod.invokeForRequest(InvocableHandlerMethod.java:191) ~[spring-web-6.2.6.jar:6.2.6]
	at org.springframework.web.servlet.mvc.method.annotation.ServletInvocableHandlerMethod.invokeAndHandle(ServletInvocableHandlerMethod.java:118) ~[spring-webmvc-6.2.6.jar:6.2.6]
	at org.springframework.web.servlet.mvc.method.annotation.RequestMappingHandlerAdapter.invokeHandlerMethod(RequestMappingHandlerAdapter.java:986) ~[spring-webmvc-6.2.6.jar:6.2.6]
	at org.springframework.web.servlet.mvc.method.annotation.RequestMappingHandlerAdapter.handleInternal(RequestMappingHandlerAdapter.java:891) ~[spring-webmvc-6.2.6.jar:6.2.6]
	at org.springframework.web.servlet.mvc.method.AbstractHandlerMethodAdapter.handle(AbstractHandlerMethodAdapter.java:87) ~[spring-webmvc-6.2.6.jar:6.2.6]
	at org.springframework.web.servlet.DispatcherServlet.doDispatch(DispatcherServlet.java:1089) ~[spring-webmvc-6.2.6.jar:6.2.6]
	at org.springframework.web.servlet.DispatcherServlet.doService(DispatcherServlet.java:979) ~[spring-webmvc-6.2.6.jar:6.2.6]
	at org.springframework.web.servlet.FrameworkServlet.processRequest(FrameworkServlet.java:1014) ~[spring-webmvc-6.2.6.jar:6.2.6]
	at org.springframework.web.servlet.FrameworkServlet.doGet(FrameworkServlet.java:903) ~[spring-webmvc-6.2.6.jar:6.2.6]
	at jakarta.servlet.http.HttpServlet.service(HttpServlet.java:564) ~[tomcat-embed-core-10.1.40.jar:6.0]
	at org.springframework.web.servlet.FrameworkServlet.service(FrameworkServlet.java:885) ~[spring-webmvc-6.2.6.jar:6.2.6]
	at jakarta.servlet.http.HttpServlet.service(HttpServlet.java:658) ~[tomcat-embed-core-10.1.40.jar:6.0]
	at org.apache.catalina.core.ApplicationFilterChain.internalDoFilter(ApplicationFilterChain.java:195) ~[tomcat-embed-core-10.1.40.jar:10.1.40]
	at org.apache.catalina.core.ApplicationFilterChain.doFilter(ApplicationFilterChain.java:140) ~[tomcat-embed-core-10.1.40.jar:10.1.40]
	at org.apache.tomcat.websocket.server.WsFilter.doFilter(WsFilter.java:51) ~[tomcat-embed-websocket-10.1.40.jar:10.1.40]
	at org.apache.catalina.core.ApplicationFilterChain.internalDoFilter(ApplicationFilterChain.java:164) ~[tomcat-embed-core-10.1.40.jar:10.1.40]
	at org.apache.catalina.core.ApplicationFilterChain.doFilter(ApplicationFilterChain.java:140) ~[tomcat-embed-core-10.1.40.jar:10.1.40]
	at org.springframework.web.filter.RequestContextFilter.doFilterInternal(RequestContextFilter.java:100) ~[spring-web-6.2.6.jar:6.2.6]
	at org.springframework.web.filter.OncePerRequestFilter.doFilter(OncePerRequestFilter.java:116) ~[spring-web-6.2.6.jar:6.2.6]
	at org.apache.catalina.core.ApplicationFilterChain.internalDoFilter(ApplicationFilterChain.java:164) ~[tomcat-embed-core-10.1.40.jar:10.1.40]
	at org.apache.catalina.core.ApplicationFilterChain.doFilter(ApplicationFilterChain.java:140) ~[tomcat-embed-core-10.1.40.jar:10.1.40]
	at org.springframework.web.filter.FormContentFilter.doFilterInternal(FormContentFilter.java:93) ~[spring-web-6.2.6.jar:6.2.6]
	at org.springframework.web.filter.OncePerRequestFilter.doFilter(OncePerRequestFilter.java:116) ~[spring-web-6.2.6.jar:6.2.6]
	at org.apache.catalina.core.ApplicationFilterChain.internalDoFilter(ApplicationFilterChain.java:164) ~[tomcat-embed-core-10.1.40.jar:10.1.40]
	at org.apache.catalina.core.ApplicationFilterChain.doFilter(ApplicationFilterChain.java:140) ~[tomcat-embed-core-10.1.40.jar:10.1.40]
	at org.springframework.web.filter.CharacterEncodingFilter.doFilterInternal(CharacterEncodingFilter.java:201) ~[spring-web-6.2.6.jar:6.2.6]
	at org.springframework.web.filter.OncePerRequestFilter.doFilter(OncePerRequestFilter.java:116) ~[spring-web-6.2.6.jar:6.2.6]
	at org.apache.catalina.core.ApplicationFilterChain.internalDoFilter(ApplicationFilterChain.java:164) ~[tomcat-embed-core-10.1.40.jar:10.1.40]
	at org.apache.catalina.core.ApplicationFilterChain.doFilter(ApplicationFilterChain.java:140) ~[tomcat-embed-core-10.1.40.jar:10.1.40]
	at org.apache.catalina.core.StandardWrapperValve.invoke(StandardWrapperValve.java:167) ~[tomcat-embed-core-10.1.40.jar:10.1.40]
	at org.apache.catalina.core.StandardContextValve.invoke(StandardContextValve.java:90) ~[tomcat-embed-core-10.1.40.jar:10.1.40]
	at org.apache.catalina.authenticator.AuthenticatorBase.invoke(AuthenticatorBase.java:483) ~[tomcat-embed-core-10.1.40.jar:10.1.40]
	at org.apache.catalina.core.StandardHostValve.invoke(StandardHostValve.java:116) ~[tomcat-embed-core-10.1.40.jar:10.1.40]
	at org.apache.catalina.valves.ErrorReportValve.invoke(ErrorReportValve.java:93) ~[tomcat-embed-core-10.1.40.jar:10.1.40]
	at org.apache.catalina.core.StandardEngineValve.invoke(StandardEngineValve.java:74) ~[tomcat-embed-core-10.1.40.jar:10.1.40]
	at org.apache.catalina.connector.CoyoteAdapter.service(CoyoteAdapter.java:344) ~[tomcat-embed-core-10.1.40.jar:10.1.40]
	at org.apache.coyote.http11.Http11Processor.service(Http11Processor.java:398) ~[tomcat-embed-core-10.1.40.jar:10.1.40]
	at org.apache.coyote.AbstractProcessorLight.process(AbstractProcessorLight.java:63) ~[tomcat-embed-core-10.1.40.jar:10.1.40]
	at org.apache.coyote.AbstractProtocol$ConnectionHandler.process(AbstractProtocol.java:903) ~[tomcat-embed-core-10.1.40.jar:10.1.40]
	at org.apache.tomcat.util.net.NioEndpoint$SocketProcessor.doRun(NioEndpoint.java:1740) ~[tomcat-embed-core-10.1.40.jar:10.1.40]
	at org.apache.tomcat.util.net.SocketProcessorBase.run(SocketProcessorBase.java:52) ~[tomcat-embed-core-10.1.40.jar:10.1.40]
	at org.apache.tomcat.util.threads.ThreadPoolExecutor.runWorker(ThreadPoolExecutor.java:1189) ~[tomcat-embed-core-10.1.40.jar:10.1.40]
	at org.apache.tomcat.util.threads.ThreadPoolExecutor$Worker.run(ThreadPoolExecutor.java:658) ~[tomcat-embed-core-10.1.40.jar:10.1.40]
	at org.apache.tomcat.util.threads.TaskThread$WrappingRunnable.run(TaskThread.java:63) ~[tomcat-embed-core-10.1.40.jar:10.1.40]
	at java.base/java.lang.Thread.run(Thread.java:1575) ~[na:na]

2025-05-13T02:30:06.850+07:00  INFO 31360 --- [File Watcher] rtingClassPathChangeChangedEventListener : Restarting due to 1 class path change (0 additions, 1 deletion, 0 modifications)
2025-05-13T02:30:06.854+07:00  INFO 31360 --- [Thread-19] o.s.b.w.e.tomcat.GracefulShutdown        : Commencing graceful shutdown. Waiting for active requests to complete
2025-05-13T02:30:06.868+07:00  INFO 31360 --- [tomcat-shutdown] o.s.b.w.e.tomcat.GracefulShutdown        : Graceful shutdown complete
2025-05-13T02:30:06.871+07:00  INFO 31360 --- [Thread-19] j.LocalContainerEntityManagerFactoryBean : Closing JPA EntityManagerFactory for persistence unit 'default'
2025-05-13T02:30:06.872+07:00  INFO 31360 --- [Thread-19] com.zaxxer.hikari.HikariDataSource       : HikariPool-5 - Shutdown initiated...
2025-05-13T02:30:06.874+07:00  INFO 31360 --- [Thread-19] com.zaxxer.hikari.HikariDataSource       : HikariPool-5 - Shutdown completed.
2025-05-13T02:30:07.002+07:00  INFO 31360 --- [restartedMain] c.r.backend.BackendApplication           : Starting BackendApplication using Java 23 with PID 31360 (C:\RecipeSharingWebsite\backend\target\classes started by haiye in C:\RecipeSharingWebsite\backend)
2025-05-13T02:30:07.003+07:00  INFO 31360 --- [restartedMain] c.r.backend.BackendApplication           : No active profile set, falling back to 1 default profile: "default"
2025-05-13T02:30:07.271+07:00  INFO 31360 --- [restartedMain] .s.d.r.c.RepositoryConfigurationDelegate : Bootstrapping Spring Data JPA repositories in DEFAULT mode.
2025-05-13T02:30:07.306+07:00  INFO 31360 --- [restartedMain] .s.d.r.c.RepositoryConfigurationDelegate : Finished Spring Data repository scanning in 33 ms. Found 7 JPA repository interfaces.
2025-05-13T02:30:07.418+07:00  INFO 31360 --- [restartedMain] o.s.b.w.embedded.tomcat.TomcatWebServer  : Tomcat initialized with port 8080 (http)
2025-05-13T02:30:07.418+07:00  INFO 31360 --- [restartedMain] o.apache.catalina.core.StandardService   : Starting service [Tomcat]
2025-05-13T02:30:07.418+07:00  INFO 31360 --- [restartedMain] o.apache.catalina.core.StandardEngine    : Starting Servlet engine: [Apache Tomcat/10.1.40]
2025-05-13T02:30:07.455+07:00  INFO 31360 --- [restartedMain] o.a.c.c.C.[Tomcat].[localhost].[/]       : Initializing Spring embedded WebApplicationContext
2025-05-13T02:30:07.456+07:00  INFO 31360 --- [restartedMain] w.s.c.ServletWebServerApplicationContext : Root WebApplicationContext: initialization completed in 450 ms
2025-05-13T02:30:07.501+07:00  INFO 31360 --- [restartedMain] o.hibernate.jpa.internal.util.LogHelper  : HHH000204: Processing PersistenceUnitInfo [name: default]
2025-05-13T02:30:07.503+07:00  INFO 31360 --- [restartedMain] o.h.c.internal.RegionFactoryInitiator    : HHH000026: Second-level cache disabled
2025-05-13T02:30:07.514+07:00  INFO 31360 --- [restartedMain] o.s.o.j.p.SpringPersistenceUnitInfo      : No LoadTimeWeaver setup: ignoring JPA class transformer
2025-05-13T02:30:07.515+07:00  INFO 31360 --- [restartedMain] com.zaxxer.hikari.HikariDataSource       : HikariPool-6 - Starting...
2025-05-13T02:30:07.520+07:00  INFO 31360 --- [restartedMain] com.zaxxer.hikari.pool.HikariPool        : HikariPool-6 - Added connection com.mysql.cj.jdbc.ConnectionImpl@6d8d8f10
2025-05-13T02:30:07.520+07:00  INFO 31360 --- [restartedMain] com.zaxxer.hikari.HikariDataSource       : HikariPool-6 - Start completed.
2025-05-13T02:30:07.521+07:00  WARN 31360 --- [restartedMain] org.hibernate.orm.deprecation            : HHH90000025: MySQL8Dialect does not need to be specified explicitly using 'hibernate.dialect' (remove the property setting and it will be selected by default)
2025-05-13T02:30:07.521+07:00  WARN 31360 --- [restartedMain] org.hibernate.orm.deprecation            : HHH90000026: MySQL8Dialect has been deprecated; use org.hibernate.dialect.MySQLDialect instead
2025-05-13T02:30:07.521+07:00  INFO 31360 --- [restartedMain] org.hibernate.orm.connections.pooling    : HHH10001005: Database info:
	Database JDBC URL [Connecting through datasource 'HikariDataSource (HikariPool-6)']
	Database driver: undefined/unknown
	Database version: 8.0
	Autocommit mode: undefined/unknown
	Isolation level: undefined/unknown
	Minimum pool size: undefined/unknown
	Maximum pool size: undefined/unknown
2025-05-13T02:30:07.648+07:00  INFO 31360 --- [restartedMain] o.h.e.t.j.p.i.JtaPlatformInitiator       : HHH000489: No JTA platform available (set 'hibernate.transaction.jta.platform' to enable JTA platform integration)
2025-05-13T02:30:07.648+07:00  INFO 31360 --- [restartedMain] j.LocalContainerEntityManagerFactoryBean : Initialized JPA EntityManagerFactory for persistence unit 'default'
2025-05-13T02:30:07.801+07:00  WARN 31360 --- [restartedMain] JpaBaseConfiguration$JpaWebConfiguration : spring.jpa.open-in-view is enabled by default. Therefore, database queries may be performed during view rendering. Explicitly configure spring.jpa.open-in-view to disable this warning
2025-05-13T02:30:07.917+07:00  INFO 31360 --- [restartedMain] o.s.b.d.a.OptionalLiveReloadServer       : LiveReload server is running on port 35729
2025-05-13T02:30:07.934+07:00  INFO 31360 --- [restartedMain] o.s.b.w.embedded.tomcat.TomcatWebServer  : Tomcat started on port 8080 (http) with context path '/'
2025-05-13T02:30:07.938+07:00  INFO 31360 --- [restartedMain] c.r.backend.BackendApplication           : Started BackendApplication in 0.992 seconds (process running for 212.205)
2025-05-13T02:30:07.939+07:00  INFO 31360 --- [restartedMain] .ConditionEvaluationDeltaLoggingListener : Condition evaluation unchanged
2025-05-13T02:30:09.366+07:00  INFO 31360 --- [File Watcher] rtingClassPathChangeChangedEventListener : Restarting due to 1 class path change (1 addition, 0 deletions, 0 modifications)
2025-05-13T02:30:09.368+07:00  INFO 31360 --- [Thread-23] o.s.b.w.e.tomcat.GracefulShutdown        : Commencing graceful shutdown. Waiting for active requests to complete
2025-05-13T02:30:09.378+07:00  INFO 31360 --- [tomcat-shutdown] o.s.b.w.e.tomcat.GracefulShutdown        : Graceful shutdown complete
2025-05-13T02:30:09.379+07:00  INFO 31360 --- [Thread-23] j.LocalContainerEntityManagerFactoryBean : Closing JPA EntityManagerFactory for persistence unit 'default'
2025-05-13T02:30:09.379+07:00  INFO 31360 --- [Thread-23] com.zaxxer.hikari.HikariDataSource       : HikariPool-6 - Shutdown initiated...
2025-05-13T02:30:09.381+07:00  INFO 31360 --- [Thread-23] com.zaxxer.hikari.HikariDataSource       : HikariPool-6 - Shutdown completed.
2025-05-13T02:30:09.444+07:00  INFO 31360 --- [restartedMain] c.r.backend.BackendApplication           : Starting BackendApplication using Java 23 with PID 31360 (C:\RecipeSharingWebsite\backend\target\classes started by haiye in C:\RecipeSharingWebsite\backend)
2025-05-13T02:30:09.446+07:00  INFO 31360 --- [restartedMain] c.r.backend.BackendApplication           : No active profile set, falling back to 1 default profile: "default"
2025-05-13T02:30:09.571+07:00  INFO 31360 --- [restartedMain] .s.d.r.c.RepositoryConfigurationDelegate : Bootstrapping Spring Data JPA repositories in DEFAULT mode.
2025-05-13T02:30:09.589+07:00  INFO 31360 --- [restartedMain] .s.d.r.c.RepositoryConfigurationDelegate : Finished Spring Data repository scanning in 17 ms. Found 7 JPA repository interfaces.
2025-05-13T02:30:09.650+07:00  INFO 31360 --- [restartedMain] o.s.b.w.embedded.tomcat.TomcatWebServer  : Tomcat initialized with port 8080 (http)
2025-05-13T02:30:09.652+07:00  INFO 31360 --- [restartedMain] o.apache.catalina.core.StandardService   : Starting service [Tomcat]
2025-05-13T02:30:09.653+07:00  INFO 31360 --- [restartedMain] o.apache.catalina.core.StandardEngine    : Starting Servlet engine: [Apache Tomcat/10.1.40]
2025-05-13T02:30:09.669+07:00  INFO 31360 --- [restartedMain] o.a.c.c.C.[Tomcat].[localhost].[/]       : Initializing Spring embedded WebApplicationContext
2025-05-13T02:30:09.669+07:00  INFO 31360 --- [restartedMain] w.s.c.ServletWebServerApplicationContext : Root WebApplicationContext: initialization completed in 222 ms
2025-05-13T02:30:09.692+07:00  INFO 31360 --- [restartedMain] o.hibernate.jpa.internal.util.LogHelper  : HHH000204: Processing PersistenceUnitInfo [name: default]
2025-05-13T02:30:09.694+07:00  INFO 31360 --- [restartedMain] o.h.c.internal.RegionFactoryInitiator    : HHH000026: Second-level cache disabled
2025-05-13T02:30:09.700+07:00  INFO 31360 --- [restartedMain] o.s.o.j.p.SpringPersistenceUnitInfo      : No LoadTimeWeaver setup: ignoring JPA class transformer
2025-05-13T02:30:09.700+07:00  INFO 31360 --- [restartedMain] com.zaxxer.hikari.HikariDataSource       : HikariPool-7 - Starting...
2025-05-13T02:30:09.703+07:00  INFO 31360 --- [restartedMain] com.zaxxer.hikari.pool.HikariPool        : HikariPool-7 - Added connection com.mysql.cj.jdbc.ConnectionImpl@177336bf
2025-05-13T02:30:09.703+07:00  INFO 31360 --- [restartedMain] com.zaxxer.hikari.HikariDataSource       : HikariPool-7 - Start completed.
2025-05-13T02:30:09.703+07:00  WARN 31360 --- [restartedMain] org.hibernate.orm.deprecation            : HHH90000025: MySQL8Dialect does not need to be specified explicitly using 'hibernate.dialect' (remove the property setting and it will be selected by default)
2025-05-13T02:30:09.703+07:00  WARN 31360 --- [restartedMain] org.hibernate.orm.deprecation            : HHH90000026: MySQL8Dialect has been deprecated; use org.hibernate.dialect.MySQLDialect instead
2025-05-13T02:30:09.705+07:00  INFO 31360 --- [restartedMain] org.hibernate.orm.connections.pooling    : HHH10001005: Database info:
	Database JDBC URL [Connecting through datasource 'HikariDataSource (HikariPool-7)']
	Database driver: undefined/unknown
	Database version: 8.0
	Autocommit mode: undefined/unknown
	Isolation level: undefined/unknown
	Minimum pool size: undefined/unknown
	Maximum pool size: undefined/unknown
2025-05-13T02:30:09.792+07:00  INFO 31360 --- [restartedMain] o.h.e.t.j.p.i.JtaPlatformInitiator       : HHH000489: No JTA platform available (set 'hibernate.transaction.jta.platform' to enable JTA platform integration)
2025-05-13T02:30:09.792+07:00  INFO 31360 --- [restartedMain] j.LocalContainerEntityManagerFactoryBean : Initialized JPA EntityManagerFactory for persistence unit 'default'
2025-05-13T02:30:10.098+07:00  WARN 31360 --- [restartedMain] JpaBaseConfiguration$JpaWebConfiguration : spring.jpa.open-in-view is enabled by default. Therefore, database queries may be performed during view rendering. Explicitly configure spring.jpa.open-in-view to disable this warning
2025-05-13T02:30:10.311+07:00  INFO 31360 --- [restartedMain] o.s.b.d.a.OptionalLiveReloadServer       : LiveReload server is running on port 35729
2025-05-13T02:30:10.338+07:00  INFO 31360 --- [restartedMain] o.s.b.w.embedded.tomcat.TomcatWebServer  : Tomcat started on port 8080 (http) with context path '/'
2025-05-13T02:30:10.345+07:00  INFO 31360 --- [restartedMain] c.r.backend.BackendApplication           : Started BackendApplication in 0.92 seconds (process running for 214.613)
2025-05-13T02:30:10.346+07:00  INFO 31360 --- [restartedMain] .ConditionEvaluationDeltaLoggingListener : Condition evaluation unchanged
2025-05-13T02:30:12.324+07:00  INFO 31360 --- [http-nio-8080-exec-1] o.a.c.c.C.[Tomcat].[localhost].[/]       : Initializing Spring DispatcherServlet 'dispatcherServlet'
2025-05-13T02:30:12.324+07:00  INFO 31360 --- [http-nio-8080-exec-1] o.s.web.servlet.DispatcherServlet        : Initializing Servlet 'dispatcherServlet'
2025-05-13T02:30:12.325+07:00  INFO 31360 --- [http-nio-8080-exec-1] o.s.web.servlet.DispatcherServlet        : Completed initialization in 1 ms
2025-05-13T02:30:12.330+07:00 DEBUG 31360 --- [http-nio-8080-exec-1] org.hibernate.SQL                        : 
    select
        u1_0.id,
        u1_0.avatar_url,
        u1_0.date_of_birth,
        u1_0.full_name,
        u1_0.username 
    from
        users u1_0 
    where
        u1_0.username=?
2025-05-13T02:30:12.379+07:00 DEBUG 31360 --- [http-nio-8080-exec-1] org.hibernate.SQL                        : 
    select
        count(f1_0.id) 
    from
        follows f1_0 
    where
        f1_0.following_id=?
2025-05-13T02:30:12.383+07:00 DEBUG 31360 --- [http-nio-8080-exec-1] org.hibernate.SQL                        : 
    select
        count(f1_0.id) 
    from
        follows f1_0 
    where
        f1_0.follower_id=?
2025-05-13T02:30:12.386+07:00 DEBUG 31360 --- [http-nio-8080-exec-1] org.hibernate.SQL                        : 
    select
        r1_0.id,
        r1_0.user_id,
        r1_0.description,
        r1_0.image_url,
        r1_0.title 
    from
        recipes r1_0 
    where
        r1_0.user_id=?
2025-05-13T02:30:12.400+07:00 DEBUG 31360 --- [http-nio-8080-exec-1] org.hibernate.SQL                        : 
    select
        avg(r1_0.score) 
    from
        ratings r1_0 
    join
        recipes r2_0 
            on r2_0.id=r1_0.recipe_id 
    where
        r2_0.user_id=?
2025-05-13T02:30:12.404+07:00 DEBUG 31360 --- [http-nio-8080-exec-1] org.hibernate.SQL                        : 
    select
        u1_0.id,
        u1_0.avatar_url,
        u1_0.date_of_birth,
        u1_0.full_name,
        u1_0.username 
    from
        users u1_0 
    where
        u1_0.username=?
2025-05-13T02:30:12.408+07:00 DEBUG 31360 --- [http-nio-8080-exec-1] org.hibernate.SQL                        : 
    select
        r1_0.id,
        r1_0.user_id,
        r1_0.description,
        r1_0.image_url,
        r1_0.title 
    from
        recipes r1_0 
    where
        r1_0.user_id=?
2025-05-13T02:30:12.411+07:00 DEBUG 31360 --- [http-nio-8080-exec-1] org.hibernate.SQL                        : 
    select
        r1_0.recipe_id,
        r1_0.id,
        r1_0.rated_at,
        r1_0.score,
        u1_0.id,
        u1_0.avatar_url,
        u1_0.date_of_birth,
        u1_0.full_name,
        u1_0.username 
    from
        ratings r1_0 
    left join
        users u1_0 
            on u1_0.id=r1_0.user_id 
    where
        r1_0.recipe_id=?
2025-05-13T02:30:12.423+07:00 DEBUG 31360 --- [http-nio-8080-exec-1] org.hibernate.SQL                        : 
    select
        l1_0.recipe_id,
        l1_0.id,
        l1_0.liked_at,
        u1_0.id,
        u1_0.avatar_url,
        u1_0.date_of_birth,
        u1_0.full_name,
        u1_0.username 
    from
        likes l1_0 
    left join
        users u1_0 
            on u1_0.id=l1_0.user_id 
    where
        l1_0.recipe_id=?
2025-05-13T02:30:12.433+07:00 DEBUG 31360 --- [http-nio-8080-exec-1] org.hibernate.SQL                        : 
    select
        c1_0.id,
        c1_0.content,
        c1_0.created_at,
        c1_0.recipe_id,
        c1_0.user_id 
    from
        comments c1_0 
    where
        c1_0.recipe_id=?
2025-05-13T02:30:12.438+07:00 DEBUG 31360 --- [http-nio-8080-exec-1] org.hibernate.SQL                        : 
    select
        r1_0.recipe_id,
        r1_0.id,
        r1_0.rated_at,
        r1_0.score,
        u1_0.id,
        u1_0.avatar_url,
        u1_0.date_of_birth,
        u1_0.full_name,
        u1_0.username 
    from
        ratings r1_0 
    left join
        users u1_0 
            on u1_0.id=r1_0.user_id 
    where
        r1_0.recipe_id=?
2025-05-13T02:30:12.440+07:00 DEBUG 31360 --- [http-nio-8080-exec-1] org.hibernate.SQL                        : 
    select
        l1_0.recipe_id,
        l1_0.id,
        l1_0.liked_at,
        u1_0.id,
        u1_0.avatar_url,
        u1_0.date_of_birth,
        u1_0.full_name,
        u1_0.username 
    from
        likes l1_0 
    left join
        users u1_0 
            on u1_0.id=l1_0.user_id 
    where
        l1_0.recipe_id=?
2025-05-13T02:30:12.446+07:00 DEBUG 31360 --- [http-nio-8080-exec-1] org.hibernate.SQL                        : 
    select
        c1_0.id,
        c1_0.content,
        c1_0.created_at,
        c1_0.recipe_id,
        c1_0.user_id 
    from
        comments c1_0 
    where
        c1_0.recipe_id=?
2025-05-13T02:34:28.572+07:00  INFO 31360 --- [File Watcher] rtingClassPathChangeChangedEventListener : Restarting due to 1 class path change (0 additions, 1 deletion, 0 modifications)
2025-05-13T02:34:28.575+07:00  INFO 31360 --- [Thread-27] o.s.b.w.e.tomcat.GracefulShutdown        : Commencing graceful shutdown. Waiting for active requests to complete
2025-05-13T02:34:28.587+07:00  INFO 31360 --- [tomcat-shutdown] o.s.b.w.e.tomcat.GracefulShutdown        : Graceful shutdown complete
2025-05-13T02:34:28.590+07:00  INFO 31360 --- [Thread-27] j.LocalContainerEntityManagerFactoryBean : Closing JPA EntityManagerFactory for persistence unit 'default'
2025-05-13T02:34:28.590+07:00  INFO 31360 --- [Thread-27] com.zaxxer.hikari.HikariDataSource       : HikariPool-7 - Shutdown initiated...
2025-05-13T02:34:28.593+07:00  INFO 31360 --- [Thread-27] com.zaxxer.hikari.HikariDataSource       : HikariPool-7 - Shutdown completed.
2025-05-13T02:34:28.718+07:00  INFO 31360 --- [restartedMain] c.r.backend.BackendApplication           : Starting BackendApplication using Java 23 with PID 31360 (C:\RecipeSharingWebsite\backend\target\classes started by haiye in C:\RecipeSharingWebsite\backend)
2025-05-13T02:34:28.718+07:00  INFO 31360 --- [restartedMain] c.r.backend.BackendApplication           : No active profile set, falling back to 1 default profile: "default"
2025-05-13T02:34:28.992+07:00  INFO 31360 --- [restartedMain] .s.d.r.c.RepositoryConfigurationDelegate : Bootstrapping Spring Data JPA repositories in DEFAULT mode.
2025-05-13T02:34:29.032+07:00  INFO 31360 --- [restartedMain] .s.d.r.c.RepositoryConfigurationDelegate : Finished Spring Data repository scanning in 38 ms. Found 7 JPA repository interfaces.
2025-05-13T02:34:29.154+07:00  INFO 31360 --- [restartedMain] o.s.b.w.embedded.tomcat.TomcatWebServer  : Tomcat initialized with port 8080 (http)
2025-05-13T02:34:29.155+07:00  INFO 31360 --- [restartedMain] o.apache.catalina.core.StandardService   : Starting service [Tomcat]
2025-05-13T02:34:29.155+07:00  INFO 31360 --- [restartedMain] o.apache.catalina.core.StandardEngine    : Starting Servlet engine: [Apache Tomcat/10.1.40]
2025-05-13T02:34:29.196+07:00  INFO 31360 --- [restartedMain] o.a.c.c.C.[Tomcat].[localhost].[/]       : Initializing Spring embedded WebApplicationContext
2025-05-13T02:34:29.197+07:00  INFO 31360 --- [restartedMain] w.s.c.ServletWebServerApplicationContext : Root WebApplicationContext: initialization completed in 477 ms
2025-05-13T02:34:29.238+07:00  INFO 31360 --- [restartedMain] o.hibernate.jpa.internal.util.LogHelper  : HHH000204: Processing PersistenceUnitInfo [name: default]
2025-05-13T02:34:29.245+07:00  INFO 31360 --- [restartedMain] o.h.c.internal.RegionFactoryInitiator    : HHH000026: Second-level cache disabled
2025-05-13T02:34:29.257+07:00  INFO 31360 --- [restartedMain] o.s.o.j.p.SpringPersistenceUnitInfo      : No LoadTimeWeaver setup: ignoring JPA class transformer
2025-05-13T02:34:29.260+07:00  INFO 31360 --- [restartedMain] com.zaxxer.hikari.HikariDataSource       : HikariPool-8 - Starting...
2025-05-13T02:34:29.265+07:00  INFO 31360 --- [restartedMain] com.zaxxer.hikari.pool.HikariPool        : HikariPool-8 - Added connection com.mysql.cj.jdbc.ConnectionImpl@1c5a8f84
2025-05-13T02:34:29.266+07:00  INFO 31360 --- [restartedMain] com.zaxxer.hikari.HikariDataSource       : HikariPool-8 - Start completed.
2025-05-13T02:34:29.267+07:00  WARN 31360 --- [restartedMain] org.hibernate.orm.deprecation            : HHH90000025: MySQL8Dialect does not need to be specified explicitly using 'hibernate.dialect' (remove the property setting and it will be selected by default)
2025-05-13T02:34:29.267+07:00  WARN 31360 --- [restartedMain] org.hibernate.orm.deprecation            : HHH90000026: MySQL8Dialect has been deprecated; use org.hibernate.dialect.MySQLDialect instead
2025-05-13T02:34:29.267+07:00  INFO 31360 --- [restartedMain] org.hibernate.orm.connections.pooling    : HHH10001005: Database info:
	Database JDBC URL [Connecting through datasource 'HikariDataSource (HikariPool-8)']
	Database driver: undefined/unknown
	Database version: 8.0
	Autocommit mode: undefined/unknown
	Isolation level: undefined/unknown
	Minimum pool size: undefined/unknown
	Maximum pool size: undefined/unknown
2025-05-13T02:34:29.467+07:00  INFO 31360 --- [restartedMain] o.h.e.t.j.p.i.JtaPlatformInitiator       : HHH000489: No JTA platform available (set 'hibernate.transaction.jta.platform' to enable JTA platform integration)
2025-05-13T02:34:29.468+07:00  INFO 31360 --- [restartedMain] j.LocalContainerEntityManagerFactoryBean : Initialized JPA EntityManagerFactory for persistence unit 'default'
2025-05-13T02:34:29.655+07:00  WARN 31360 --- [restartedMain] JpaBaseConfiguration$JpaWebConfiguration : spring.jpa.open-in-view is enabled by default. Therefore, database queries may be performed during view rendering. Explicitly configure spring.jpa.open-in-view to disable this warning
2025-05-13T02:34:29.808+07:00  INFO 31360 --- [restartedMain] o.s.b.d.a.OptionalLiveReloadServer       : LiveReload server is running on port 35729
2025-05-13T02:34:29.840+07:00  INFO 31360 --- [restartedMain] o.s.b.w.embedded.tomcat.TomcatWebServer  : Tomcat started on port 8080 (http) with context path '/'
2025-05-13T02:34:29.845+07:00  INFO 31360 --- [restartedMain] c.r.backend.BackendApplication           : Started BackendApplication in 1.172 seconds (process running for 474.113)
2025-05-13T02:34:29.848+07:00  INFO 31360 --- [restartedMain] .ConditionEvaluationDeltaLoggingListener : Condition evaluation unchanged
2025-05-13T02:34:31.243+07:00  INFO 31360 --- [File Watcher] rtingClassPathChangeChangedEventListener : Restarting due to 1 class path change (1 addition, 0 deletions, 0 modifications)
2025-05-13T02:34:31.245+07:00  INFO 31360 --- [Thread-31] o.s.b.w.e.tomcat.GracefulShutdown        : Commencing graceful shutdown. Waiting for active requests to complete
2025-05-13T02:34:31.256+07:00  INFO 31360 --- [tomcat-shutdown] o.s.b.w.e.tomcat.GracefulShutdown        : Graceful shutdown complete
2025-05-13T02:34:31.259+07:00  INFO 31360 --- [Thread-31] j.LocalContainerEntityManagerFactoryBean : Closing JPA EntityManagerFactory for persistence unit 'default'
2025-05-13T02:34:31.260+07:00  INFO 31360 --- [Thread-31] com.zaxxer.hikari.HikariDataSource       : HikariPool-8 - Shutdown initiated...
2025-05-13T02:34:31.263+07:00  INFO 31360 --- [Thread-31] com.zaxxer.hikari.HikariDataSource       : HikariPool-8 - Shutdown completed.
2025-05-13T02:34:31.364+07:00  INFO 31360 --- [restartedMain] c.r.backend.BackendApplication           : Starting BackendApplication using Java 23 with PID 31360 (C:\RecipeSharingWebsite\backend\target\classes started by haiye in C:\RecipeSharingWebsite\backend)
2025-05-13T02:34:31.364+07:00  INFO 31360 --- [restartedMain] c.r.backend.BackendApplication           : No active profile set, falling back to 1 default profile: "default"
2025-05-13T02:34:31.705+07:00  INFO 31360 --- [restartedMain] .s.d.r.c.RepositoryConfigurationDelegate : Bootstrapping Spring Data JPA repositories in DEFAULT mode.
2025-05-13T02:34:31.754+07:00  INFO 31360 --- [restartedMain] .s.d.r.c.RepositoryConfigurationDelegate : Finished Spring Data repository scanning in 47 ms. Found 7 JPA repository interfaces.
2025-05-13T02:34:31.961+07:00  INFO 31360 --- [restartedMain] o.s.b.w.embedded.tomcat.TomcatWebServer  : Tomcat initialized with port 8080 (http)
2025-05-13T02:34:31.963+07:00  INFO 31360 --- [restartedMain] o.apache.catalina.core.StandardService   : Starting service [Tomcat]
2025-05-13T02:34:31.963+07:00  INFO 31360 --- [restartedMain] o.apache.catalina.core.StandardEngine    : Starting Servlet engine: [Apache Tomcat/10.1.40]
2025-05-13T02:34:32.012+07:00  INFO 31360 --- [restartedMain] o.a.c.c.C.[Tomcat].[localhost].[/]       : Initializing Spring embedded WebApplicationContext
2025-05-13T02:34:32.014+07:00  INFO 31360 --- [restartedMain] w.s.c.ServletWebServerApplicationContext : Root WebApplicationContext: initialization completed in 648 ms
2025-05-13T02:34:32.070+07:00  INFO 31360 --- [restartedMain] o.hibernate.jpa.internal.util.LogHelper  : HHH000204: Processing PersistenceUnitInfo [name: default]
2025-05-13T02:34:32.076+07:00  INFO 31360 --- [restartedMain] o.h.c.internal.RegionFactoryInitiator    : HHH000026: Second-level cache disabled
2025-05-13T02:34:32.094+07:00  INFO 31360 --- [restartedMain] o.s.o.j.p.SpringPersistenceUnitInfo      : No LoadTimeWeaver setup: ignoring JPA class transformer
2025-05-13T02:34:32.096+07:00  INFO 31360 --- [restartedMain] com.zaxxer.hikari.HikariDataSource       : HikariPool-9 - Starting...
2025-05-13T02:34:32.102+07:00  INFO 31360 --- [restartedMain] com.zaxxer.hikari.pool.HikariPool        : HikariPool-9 - Added connection com.mysql.cj.jdbc.ConnectionImpl@5d04828c
2025-05-13T02:34:32.102+07:00  INFO 31360 --- [restartedMain] com.zaxxer.hikari.HikariDataSource       : HikariPool-9 - Start completed.
2025-05-13T02:34:32.103+07:00  WARN 31360 --- [restartedMain] org.hibernate.orm.deprecation            : HHH90000025: MySQL8Dialect does not need to be specified explicitly using 'hibernate.dialect' (remove the property setting and it will be selected by default)
2025-05-13T02:34:32.103+07:00  WARN 31360 --- [restartedMain] org.hibernate.orm.deprecation            : HHH90000026: MySQL8Dialect has been deprecated; use org.hibernate.dialect.MySQLDialect instead
2025-05-13T02:34:32.103+07:00  INFO 31360 --- [restartedMain] org.hibernate.orm.connections.pooling    : HHH10001005: Database info:
	Database JDBC URL [Connecting through datasource 'HikariDataSource (HikariPool-9)']
	Database driver: undefined/unknown
	Database version: 8.0
	Autocommit mode: undefined/unknown
	Isolation level: undefined/unknown
	Minimum pool size: undefined/unknown
	Maximum pool size: undefined/unknown
2025-05-13T02:34:32.339+07:00  INFO 31360 --- [restartedMain] o.h.e.t.j.p.i.JtaPlatformInitiator       : HHH000489: No JTA platform available (set 'hibernate.transaction.jta.platform' to enable JTA platform integration)
2025-05-13T02:34:32.339+07:00  INFO 31360 --- [restartedMain] j.LocalContainerEntityManagerFactoryBean : Initialized JPA EntityManagerFactory for persistence unit 'default'
2025-05-13T02:34:32.585+07:00  WARN 31360 --- [restartedMain] JpaBaseConfiguration$JpaWebConfiguration : spring.jpa.open-in-view is enabled by default. Therefore, database queries may be performed during view rendering. Explicitly configure spring.jpa.open-in-view to disable this warning
2025-05-13T02:34:32.755+07:00  INFO 31360 --- [restartedMain] o.s.b.d.a.OptionalLiveReloadServer       : LiveReload server is running on port 35729
2025-05-13T02:34:32.783+07:00  INFO 31360 --- [restartedMain] o.s.b.w.embedded.tomcat.TomcatWebServer  : Tomcat started on port 8080 (http) with context path '/'
2025-05-13T02:34:32.792+07:00  INFO 31360 --- [restartedMain] c.r.backend.BackendApplication           : Started BackendApplication in 1.46 seconds (process running for 477.06)
2025-05-13T02:34:32.795+07:00  INFO 31360 --- [restartedMain] .ConditionEvaluationDeltaLoggingListener : Condition evaluation unchanged
2025-05-13T02:34:57.724+07:00  INFO 31360 --- [File Watcher] rtingClassPathChangeChangedEventListener : Restarting due to 1 class path change (0 additions, 1 deletion, 0 modifications)
2025-05-13T02:34:57.725+07:00  INFO 31360 --- [Thread-35] o.s.b.w.e.tomcat.GracefulShutdown        : Commencing graceful shutdown. Waiting for active requests to complete
2025-05-13T02:34:57.734+07:00  INFO 31360 --- [tomcat-shutdown] o.s.b.w.e.tomcat.GracefulShutdown        : Graceful shutdown complete
2025-05-13T02:34:57.737+07:00  INFO 31360 --- [Thread-35] j.LocalContainerEntityManagerFactoryBean : Closing JPA EntityManagerFactory for persistence unit 'default'
2025-05-13T02:34:57.737+07:00  INFO 31360 --- [Thread-35] com.zaxxer.hikari.HikariDataSource       : HikariPool-9 - Shutdown initiated...
2025-05-13T02:34:57.739+07:00  INFO 31360 --- [Thread-35] com.zaxxer.hikari.HikariDataSource       : HikariPool-9 - Shutdown completed.
2025-05-13T02:34:57.833+07:00  INFO 31360 --- [restartedMain] c.r.backend.BackendApplication           : Starting BackendApplication using Java 23 with PID 31360 (C:\RecipeSharingWebsite\backend\target\classes started by haiye in C:\RecipeSharingWebsite\backend)
2025-05-13T02:34:57.834+07:00  INFO 31360 --- [restartedMain] c.r.backend.BackendApplication           : No active profile set, falling back to 1 default profile: "default"
2025-05-13T02:34:58.049+07:00  INFO 31360 --- [restartedMain] .s.d.r.c.RepositoryConfigurationDelegate : Bootstrapping Spring Data JPA repositories in DEFAULT mode.
2025-05-13T02:34:58.108+07:00  INFO 31360 --- [restartedMain] .s.d.r.c.RepositoryConfigurationDelegate : Finished Spring Data repository scanning in 57 ms. Found 7 JPA repository interfaces.
2025-05-13T02:34:58.268+07:00  INFO 31360 --- [restartedMain] o.s.b.w.embedded.tomcat.TomcatWebServer  : Tomcat initialized with port 8080 (http)
2025-05-13T02:34:58.269+07:00  INFO 31360 --- [restartedMain] o.apache.catalina.core.StandardService   : Starting service [Tomcat]
2025-05-13T02:34:58.269+07:00  INFO 31360 --- [restartedMain] o.apache.catalina.core.StandardEngine    : Starting Servlet engine: [Apache Tomcat/10.1.40]
2025-05-13T02:34:58.322+07:00  INFO 31360 --- [restartedMain] o.a.c.c.C.[Tomcat].[localhost].[/]       : Initializing Spring embedded WebApplicationContext
2025-05-13T02:34:58.322+07:00  INFO 31360 --- [restartedMain] w.s.c.ServletWebServerApplicationContext : Root WebApplicationContext: initialization completed in 486 ms
2025-05-13T02:34:58.380+07:00  INFO 31360 --- [restartedMain] o.hibernate.jpa.internal.util.LogHelper  : HHH000204: Processing PersistenceUnitInfo [name: default]
2025-05-13T02:34:58.384+07:00  INFO 31360 --- [restartedMain] o.h.c.internal.RegionFactoryInitiator    : HHH000026: Second-level cache disabled
2025-05-13T02:34:58.403+07:00  INFO 31360 --- [restartedMain] o.s.o.j.p.SpringPersistenceUnitInfo      : No LoadTimeWeaver setup: ignoring JPA class transformer
2025-05-13T02:34:58.404+07:00  INFO 31360 --- [restartedMain] com.zaxxer.hikari.HikariDataSource       : HikariPool-10 - Starting...
2025-05-13T02:34:58.411+07:00  INFO 31360 --- [restartedMain] com.zaxxer.hikari.pool.HikariPool        : HikariPool-10 - Added connection com.mysql.cj.jdbc.ConnectionImpl@53ee3765
2025-05-13T02:34:58.411+07:00  INFO 31360 --- [restartedMain] com.zaxxer.hikari.HikariDataSource       : HikariPool-10 - Start completed.
2025-05-13T02:34:58.412+07:00  WARN 31360 --- [restartedMain] org.hibernate.orm.deprecation            : HHH90000025: MySQL8Dialect does not need to be specified explicitly using 'hibernate.dialect' (remove the property setting and it will be selected by default)
2025-05-13T02:34:58.412+07:00  WARN 31360 --- [restartedMain] org.hibernate.orm.deprecation            : HHH90000026: MySQL8Dialect has been deprecated; use org.hibernate.dialect.MySQLDialect instead
2025-05-13T02:34:58.412+07:00  INFO 31360 --- [restartedMain] org.hibernate.orm.connections.pooling    : HHH10001005: Database info:
	Database JDBC URL [Connecting through datasource 'HikariDataSource (HikariPool-10)']
	Database driver: undefined/unknown
	Database version: 8.0
	Autocommit mode: undefined/unknown
	Isolation level: undefined/unknown
	Minimum pool size: undefined/unknown
	Maximum pool size: undefined/unknown
2025-05-13T02:34:58.593+07:00  INFO 31360 --- [restartedMain] o.h.e.t.j.p.i.JtaPlatformInitiator       : HHH000489: No JTA platform available (set 'hibernate.transaction.jta.platform' to enable JTA platform integration)
2025-05-13T02:34:58.593+07:00  INFO 31360 --- [restartedMain] j.LocalContainerEntityManagerFactoryBean : Initialized JPA EntityManagerFactory for persistence unit 'default'
2025-05-13T02:34:58.768+07:00  WARN 31360 --- [restartedMain] JpaBaseConfiguration$JpaWebConfiguration : spring.jpa.open-in-view is enabled by default. Therefore, database queries may be performed during view rendering. Explicitly configure spring.jpa.open-in-view to disable this warning
2025-05-13T02:34:58.903+07:00  INFO 31360 --- [restartedMain] o.s.b.d.a.OptionalLiveReloadServer       : LiveReload server is running on port 35729
2025-05-13T02:34:58.919+07:00  INFO 31360 --- [restartedMain] o.s.b.w.embedded.tomcat.TomcatWebServer  : Tomcat started on port 8080 (http) with context path '/'
2025-05-13T02:34:58.924+07:00  INFO 31360 --- [restartedMain] c.r.backend.BackendApplication           : Started BackendApplication in 1.128 seconds (process running for 503.192)
2025-05-13T02:34:58.925+07:00  INFO 31360 --- [restartedMain] .ConditionEvaluationDeltaLoggingListener : Condition evaluation unchanged
2025-05-13T02:35:00.344+07:00  INFO 31360 --- [File Watcher] rtingClassPathChangeChangedEventListener : Restarting due to 1 class path change (1 addition, 0 deletions, 0 modifications)
2025-05-13T02:35:00.345+07:00  INFO 31360 --- [Thread-39] o.s.b.w.e.tomcat.GracefulShutdown        : Commencing graceful shutdown. Waiting for active requests to complete
2025-05-13T02:35:00.350+07:00  INFO 31360 --- [tomcat-shutdown] o.s.b.w.e.tomcat.GracefulShutdown        : Graceful shutdown complete
2025-05-13T02:35:00.352+07:00  INFO 31360 --- [Thread-39] j.LocalContainerEntityManagerFactoryBean : Closing JPA EntityManagerFactory for persistence unit 'default'
2025-05-13T02:35:00.353+07:00  INFO 31360 --- [Thread-39] com.zaxxer.hikari.HikariDataSource       : HikariPool-10 - Shutdown initiated...
2025-05-13T02:35:00.353+07:00  INFO 31360 --- [Thread-39] com.zaxxer.hikari.HikariDataSource       : HikariPool-10 - Shutdown completed.
2025-05-13T02:35:00.420+07:00  INFO 31360 --- [restartedMain] c.r.backend.BackendApplication           : Starting BackendApplication using Java 23 with PID 31360 (C:\RecipeSharingWebsite\backend\target\classes started by haiye in C:\RecipeSharingWebsite\backend)
2025-05-13T02:35:00.421+07:00  INFO 31360 --- [restartedMain] c.r.backend.BackendApplication           : No active profile set, falling back to 1 default profile: "default"
2025-05-13T02:35:00.566+07:00  INFO 31360 --- [restartedMain] .s.d.r.c.RepositoryConfigurationDelegate : Bootstrapping Spring Data JPA repositories in DEFAULT mode.
2025-05-13T02:35:00.584+07:00  INFO 31360 --- [restartedMain] .s.d.r.c.RepositoryConfigurationDelegate : Finished Spring Data repository scanning in 18 ms. Found 7 JPA repository interfaces.
2025-05-13T02:35:00.657+07:00  INFO 31360 --- [restartedMain] o.s.b.w.embedded.tomcat.TomcatWebServer  : Tomcat initialized with port 8080 (http)
2025-05-13T02:35:00.657+07:00  INFO 31360 --- [restartedMain] o.apache.catalina.core.StandardService   : Starting service [Tomcat]
2025-05-13T02:35:00.657+07:00  INFO 31360 --- [restartedMain] o.apache.catalina.core.StandardEngine    : Starting Servlet engine: [Apache Tomcat/10.1.40]
2025-05-13T02:35:00.678+07:00  INFO 31360 --- [restartedMain] o.a.c.c.C.[Tomcat].[localhost].[/]       : Initializing Spring embedded WebApplicationContext
2025-05-13T02:35:00.678+07:00  INFO 31360 --- [restartedMain] w.s.c.ServletWebServerApplicationContext : Root WebApplicationContext: initialization completed in 255 ms
2025-05-13T02:35:00.711+07:00  INFO 31360 --- [restartedMain] o.hibernate.jpa.internal.util.LogHelper  : HHH000204: Processing PersistenceUnitInfo [name: default]
2025-05-13T02:35:00.713+07:00  INFO 31360 --- [restartedMain] o.h.c.internal.RegionFactoryInitiator    : HHH000026: Second-level cache disabled
2025-05-13T02:35:00.720+07:00  INFO 31360 --- [restartedMain] o.s.o.j.p.SpringPersistenceUnitInfo      : No LoadTimeWeaver setup: ignoring JPA class transformer
2025-05-13T02:35:00.722+07:00  INFO 31360 --- [restartedMain] com.zaxxer.hikari.HikariDataSource       : HikariPool-11 - Starting...
2025-05-13T02:35:00.724+07:00  INFO 31360 --- [restartedMain] com.zaxxer.hikari.pool.HikariPool        : HikariPool-11 - Added connection com.mysql.cj.jdbc.ConnectionImpl@6bb7253a
2025-05-13T02:35:00.724+07:00  INFO 31360 --- [restartedMain] com.zaxxer.hikari.HikariDataSource       : HikariPool-11 - Start completed.
2025-05-13T02:35:00.726+07:00  WARN 31360 --- [restartedMain] org.hibernate.orm.deprecation            : HHH90000025: MySQL8Dialect does not need to be specified explicitly using 'hibernate.dialect' (remove the property setting and it will be selected by default)
2025-05-13T02:35:00.726+07:00  WARN 31360 --- [restartedMain] org.hibernate.orm.deprecation            : HHH90000026: MySQL8Dialect has been deprecated; use org.hibernate.dialect.MySQLDialect instead
2025-05-13T02:35:00.726+07:00  INFO 31360 --- [restartedMain] org.hibernate.orm.connections.pooling    : HHH10001005: Database info:
	Database JDBC URL [Connecting through datasource 'HikariDataSource (HikariPool-11)']
	Database driver: undefined/unknown
	Database version: 8.0
	Autocommit mode: undefined/unknown
	Isolation level: undefined/unknown
	Minimum pool size: undefined/unknown
	Maximum pool size: undefined/unknown
2025-05-13T02:35:00.848+07:00  INFO 31360 --- [restartedMain] o.h.e.t.j.p.i.JtaPlatformInitiator       : HHH000489: No JTA platform available (set 'hibernate.transaction.jta.platform' to enable JTA platform integration)
2025-05-13T02:35:00.848+07:00  INFO 31360 --- [restartedMain] j.LocalContainerEntityManagerFactoryBean : Initialized JPA EntityManagerFactory for persistence unit 'default'
2025-05-13T02:35:01.102+07:00  WARN 31360 --- [restartedMain] JpaBaseConfiguration$JpaWebConfiguration : spring.jpa.open-in-view is enabled by default. Therefore, database queries may be performed during view rendering. Explicitly configure spring.jpa.open-in-view to disable this warning
2025-05-13T02:35:01.309+07:00  INFO 31360 --- [restartedMain] o.s.b.d.a.OptionalLiveReloadServer       : LiveReload server is running on port 35729
2025-05-13T02:35:01.352+07:00  INFO 31360 --- [restartedMain] o.s.b.w.embedded.tomcat.TomcatWebServer  : Tomcat started on port 8080 (http) with context path '/'
2025-05-13T02:35:01.358+07:00  INFO 31360 --- [restartedMain] c.r.backend.BackendApplication           : Started BackendApplication in 0.961 seconds (process running for 505.626)
2025-05-13T02:35:01.359+07:00  INFO 31360 --- [restartedMain] .ConditionEvaluationDeltaLoggingListener : Condition evaluation unchanged
2025-05-13T02:36:17.057+07:00  INFO 31360 --- [File Watcher] rtingClassPathChangeChangedEventListener : Restarting due to 1 class path change (0 additions, 1 deletion, 0 modifications)
2025-05-13T02:36:17.059+07:00  INFO 31360 --- [Thread-43] o.s.b.w.e.tomcat.GracefulShutdown        : Commencing graceful shutdown. Waiting for active requests to complete
2025-05-13T02:36:17.064+07:00  INFO 31360 --- [tomcat-shutdown] o.s.b.w.e.tomcat.GracefulShutdown        : Graceful shutdown complete
2025-05-13T02:36:17.067+07:00  INFO 31360 --- [Thread-43] j.LocalContainerEntityManagerFactoryBean : Closing JPA EntityManagerFactory for persistence unit 'default'
2025-05-13T02:36:17.067+07:00  INFO 31360 --- [Thread-43] com.zaxxer.hikari.HikariDataSource       : HikariPool-11 - Shutdown initiated...
2025-05-13T02:36:17.068+07:00  INFO 31360 --- [Thread-43] com.zaxxer.hikari.HikariDataSource       : HikariPool-11 - Shutdown completed.
2025-05-13T02:36:17.144+07:00  INFO 31360 --- [restartedMain] c.r.backend.BackendApplication           : Starting BackendApplication using Java 23 with PID 31360 (C:\RecipeSharingWebsite\backend\target\classes started by haiye in C:\RecipeSharingWebsite\backend)
2025-05-13T02:36:17.144+07:00  INFO 31360 --- [restartedMain] c.r.backend.BackendApplication           : No active profile set, falling back to 1 default profile: "default"
2025-05-13T02:36:17.316+07:00  INFO 31360 --- [restartedMain] .s.d.r.c.RepositoryConfigurationDelegate : Bootstrapping Spring Data JPA repositories in DEFAULT mode.
2025-05-13T02:36:17.337+07:00  INFO 31360 --- [restartedMain] .s.d.r.c.RepositoryConfigurationDelegate : Finished Spring Data repository scanning in 20 ms. Found 7 JPA repository interfaces.
2025-05-13T02:36:17.423+07:00  INFO 31360 --- [restartedMain] o.s.b.w.embedded.tomcat.TomcatWebServer  : Tomcat initialized with port 8080 (http)
2025-05-13T02:36:17.424+07:00  INFO 31360 --- [restartedMain] o.apache.catalina.core.StandardService   : Starting service [Tomcat]
2025-05-13T02:36:17.424+07:00  INFO 31360 --- [restartedMain] o.apache.catalina.core.StandardEngine    : Starting Servlet engine: [Apache Tomcat/10.1.40]
2025-05-13T02:36:17.446+07:00  INFO 31360 --- [restartedMain] o.a.c.c.C.[Tomcat].[localhost].[/]       : Initializing Spring embedded WebApplicationContext
2025-05-13T02:36:17.446+07:00  INFO 31360 --- [restartedMain] w.s.c.ServletWebServerApplicationContext : Root WebApplicationContext: initialization completed in 300 ms
2025-05-13T02:36:17.480+07:00  INFO 31360 --- [restartedMain] o.hibernate.jpa.internal.util.LogHelper  : HHH000204: Processing PersistenceUnitInfo [name: default]
2025-05-13T02:36:17.484+07:00  INFO 31360 --- [restartedMain] o.h.c.internal.RegionFactoryInitiator    : HHH000026: Second-level cache disabled
2025-05-13T02:36:17.492+07:00  INFO 31360 --- [restartedMain] o.s.o.j.p.SpringPersistenceUnitInfo      : No LoadTimeWeaver setup: ignoring JPA class transformer
2025-05-13T02:36:17.492+07:00  INFO 31360 --- [restartedMain] com.zaxxer.hikari.HikariDataSource       : HikariPool-12 - Starting...
2025-05-13T02:36:17.498+07:00  INFO 31360 --- [restartedMain] com.zaxxer.hikari.pool.HikariPool        : HikariPool-12 - Added connection com.mysql.cj.jdbc.ConnectionImpl@13dbb499
2025-05-13T02:36:17.498+07:00  INFO 31360 --- [restartedMain] com.zaxxer.hikari.HikariDataSource       : HikariPool-12 - Start completed.
2025-05-13T02:36:17.499+07:00  WARN 31360 --- [restartedMain] org.hibernate.orm.deprecation            : HHH90000025: MySQL8Dialect does not need to be specified explicitly using 'hibernate.dialect' (remove the property setting and it will be selected by default)
2025-05-13T02:36:17.499+07:00  WARN 31360 --- [restartedMain] org.hibernate.orm.deprecation            : HHH90000026: MySQL8Dialect has been deprecated; use org.hibernate.dialect.MySQLDialect instead
2025-05-13T02:36:17.499+07:00  INFO 31360 --- [restartedMain] org.hibernate.orm.connections.pooling    : HHH10001005: Database info:
	Database JDBC URL [Connecting through datasource 'HikariDataSource (HikariPool-12)']
	Database driver: undefined/unknown
	Database version: 8.0
	Autocommit mode: undefined/unknown
	Isolation level: undefined/unknown
	Minimum pool size: undefined/unknown
	Maximum pool size: undefined/unknown
2025-05-13T02:36:17.605+07:00  INFO 31360 --- [restartedMain] o.h.e.t.j.p.i.JtaPlatformInitiator       : HHH000489: No JTA platform available (set 'hibernate.transaction.jta.platform' to enable JTA platform integration)
2025-05-13T02:36:17.605+07:00  INFO 31360 --- [restartedMain] j.LocalContainerEntityManagerFactoryBean : Initialized JPA EntityManagerFactory for persistence unit 'default'
2025-05-13T02:36:17.752+07:00  WARN 31360 --- [restartedMain] JpaBaseConfiguration$JpaWebConfiguration : spring.jpa.open-in-view is enabled by default. Therefore, database queries may be performed during view rendering. Explicitly configure spring.jpa.open-in-view to disable this warning
2025-05-13T02:36:17.870+07:00  INFO 31360 --- [restartedMain] o.s.b.d.a.OptionalLiveReloadServer       : LiveReload server is running on port 35729
2025-05-13T02:36:17.889+07:00  INFO 31360 --- [restartedMain] o.s.b.w.embedded.tomcat.TomcatWebServer  : Tomcat started on port 8080 (http) with context path '/'
2025-05-13T02:36:17.892+07:00  INFO 31360 --- [restartedMain] c.r.backend.BackendApplication           : Started BackendApplication in 0.771 seconds (process running for 582.16)
2025-05-13T02:36:17.893+07:00  INFO 31360 --- [restartedMain] .ConditionEvaluationDeltaLoggingListener : Condition evaluation unchanged
2025-05-13T02:36:19.313+07:00  INFO 31360 --- [File Watcher] rtingClassPathChangeChangedEventListener : Restarting due to 1 class path change (1 addition, 0 deletions, 0 modifications)
2025-05-13T02:36:19.315+07:00  INFO 31360 --- [Thread-47] o.s.b.w.e.tomcat.GracefulShutdown        : Commencing graceful shutdown. Waiting for active requests to complete
2025-05-13T02:36:19.329+07:00  INFO 31360 --- [tomcat-shutdown] o.s.b.w.e.tomcat.GracefulShutdown        : Graceful shutdown complete
2025-05-13T02:36:19.332+07:00  INFO 31360 --- [Thread-47] j.LocalContainerEntityManagerFactoryBean : Closing JPA EntityManagerFactory for persistence unit 'default'
2025-05-13T02:36:19.332+07:00  INFO 31360 --- [Thread-47] com.zaxxer.hikari.HikariDataSource       : HikariPool-12 - Shutdown initiated...
2025-05-13T02:36:19.335+07:00  INFO 31360 --- [Thread-47] com.zaxxer.hikari.HikariDataSource       : HikariPool-12 - Shutdown completed.
2025-05-13T02:36:19.444+07:00  INFO 31360 --- [restartedMain] c.r.backend.BackendApplication           : Starting BackendApplication using Java 23 with PID 31360 (C:\RecipeSharingWebsite\backend\target\classes started by haiye in C:\RecipeSharingWebsite\backend)
2025-05-13T02:36:19.445+07:00  INFO 31360 --- [restartedMain] c.r.backend.BackendApplication           : No active profile set, falling back to 1 default profile: "default"
2025-05-13T02:36:19.670+07:00  INFO 31360 --- [restartedMain] .s.d.r.c.RepositoryConfigurationDelegate : Bootstrapping Spring Data JPA repositories in DEFAULT mode.
2025-05-13T02:36:19.699+07:00  INFO 31360 --- [restartedMain] .s.d.r.c.RepositoryConfigurationDelegate : Finished Spring Data repository scanning in 28 ms. Found 7 JPA repository interfaces.
2025-05-13T02:36:19.817+07:00  INFO 31360 --- [restartedMain] o.s.b.w.embedded.tomcat.TomcatWebServer  : Tomcat initialized with port 8080 (http)
2025-05-13T02:36:19.818+07:00  INFO 31360 --- [restartedMain] o.apache.catalina.core.StandardService   : Starting service [Tomcat]
2025-05-13T02:36:19.818+07:00  INFO 31360 --- [restartedMain] o.apache.catalina.core.StandardEngine    : Starting Servlet engine: [Apache Tomcat/10.1.40]
2025-05-13T02:36:19.857+07:00  INFO 31360 --- [restartedMain] o.a.c.c.C.[Tomcat].[localhost].[/]       : Initializing Spring embedded WebApplicationContext
2025-05-13T02:36:19.857+07:00  INFO 31360 --- [restartedMain] w.s.c.ServletWebServerApplicationContext : Root WebApplicationContext: initialization completed in 410 ms
2025-05-13T02:36:19.907+07:00  INFO 31360 --- [restartedMain] o.hibernate.jpa.internal.util.LogHelper  : HHH000204: Processing PersistenceUnitInfo [name: default]
2025-05-13T02:36:19.911+07:00  INFO 31360 --- [restartedMain] o.h.c.internal.RegionFactoryInitiator    : HHH000026: Second-level cache disabled
2025-05-13T02:36:19.922+07:00  INFO 31360 --- [restartedMain] o.s.o.j.p.SpringPersistenceUnitInfo      : No LoadTimeWeaver setup: ignoring JPA class transformer
2025-05-13T02:36:19.924+07:00  INFO 31360 --- [restartedMain] com.zaxxer.hikari.HikariDataSource       : HikariPool-13 - Starting...
2025-05-13T02:36:19.930+07:00  INFO 31360 --- [restartedMain] com.zaxxer.hikari.pool.HikariPool        : HikariPool-13 - Added connection com.mysql.cj.jdbc.ConnectionImpl@9632db1
2025-05-13T02:36:19.930+07:00  INFO 31360 --- [restartedMain] com.zaxxer.hikari.HikariDataSource       : HikariPool-13 - Start completed.
2025-05-13T02:36:19.931+07:00  WARN 31360 --- [restartedMain] org.hibernate.orm.deprecation            : HHH90000025: MySQL8Dialect does not need to be specified explicitly using 'hibernate.dialect' (remove the property setting and it will be selected by default)
2025-05-13T02:36:19.931+07:00  WARN 31360 --- [restartedMain] org.hibernate.orm.deprecation            : HHH90000026: MySQL8Dialect has been deprecated; use org.hibernate.dialect.MySQLDialect instead
2025-05-13T02:36:19.931+07:00  INFO 31360 --- [restartedMain] org.hibernate.orm.connections.pooling    : HHH10001005: Database info:
	Database JDBC URL [Connecting through datasource 'HikariDataSource (HikariPool-13)']
	Database driver: undefined/unknown
	Database version: 8.0
	Autocommit mode: undefined/unknown
	Isolation level: undefined/unknown
	Minimum pool size: undefined/unknown
	Maximum pool size: undefined/unknown
2025-05-13T02:36:20.096+07:00  INFO 31360 --- [restartedMain] o.h.e.t.j.p.i.JtaPlatformInitiator       : HHH000489: No JTA platform available (set 'hibernate.transaction.jta.platform' to enable JTA platform integration)
2025-05-13T02:36:20.096+07:00  INFO 31360 --- [restartedMain] j.LocalContainerEntityManagerFactoryBean : Initialized JPA EntityManagerFactory for persistence unit 'default'
2025-05-13T02:36:20.292+07:00  WARN 31360 --- [restartedMain] JpaBaseConfiguration$JpaWebConfiguration : spring.jpa.open-in-view is enabled by default. Therefore, database queries may be performed during view rendering. Explicitly configure spring.jpa.open-in-view to disable this warning
2025-05-13T02:36:20.417+07:00  INFO 31360 --- [restartedMain] o.s.b.d.a.OptionalLiveReloadServer       : LiveReload server is running on port 35729
2025-05-13T02:36:20.428+07:00  INFO 31360 --- [restartedMain] o.s.b.w.embedded.tomcat.TomcatWebServer  : Tomcat started on port 8080 (http) with context path '/'
2025-05-13T02:36:20.431+07:00  INFO 31360 --- [restartedMain] c.r.backend.BackendApplication           : Started BackendApplication in 1.025 seconds (process running for 584.699)
2025-05-13T02:36:20.432+07:00  INFO 31360 --- [restartedMain] .ConditionEvaluationDeltaLoggingListener : Condition evaluation unchanged
2025-05-13T02:36:24.939+07:00  INFO 31360 --- [File Watcher] rtingClassPathChangeChangedEventListener : Restarting due to 1 class path change (0 additions, 1 deletion, 0 modifications)
2025-05-13T02:36:24.940+07:00  INFO 31360 --- [Thread-51] o.s.b.w.e.tomcat.GracefulShutdown        : Commencing graceful shutdown. Waiting for active requests to complete
2025-05-13T02:36:24.952+07:00  INFO 31360 --- [tomcat-shutdown] o.s.b.w.e.tomcat.GracefulShutdown        : Graceful shutdown complete
2025-05-13T02:36:24.954+07:00  INFO 31360 --- [Thread-51] j.LocalContainerEntityManagerFactoryBean : Closing JPA EntityManagerFactory for persistence unit 'default'
2025-05-13T02:36:24.956+07:00  INFO 31360 --- [Thread-51] com.zaxxer.hikari.HikariDataSource       : HikariPool-13 - Shutdown initiated...
2025-05-13T02:36:24.958+07:00  INFO 31360 --- [Thread-51] com.zaxxer.hikari.HikariDataSource       : HikariPool-13 - Shutdown completed.
2025-05-13T02:36:25.069+07:00  INFO 31360 --- [restartedMain] c.r.backend.BackendApplication           : Starting BackendApplication using Java 23 with PID 31360 (C:\RecipeSharingWebsite\backend\target\classes started by haiye in C:\RecipeSharingWebsite\backend)
2025-05-13T02:36:25.071+07:00  INFO 31360 --- [restartedMain] c.r.backend.BackendApplication           : No active profile set, falling back to 1 default profile: "default"
2025-05-13T02:36:25.307+07:00  INFO 31360 --- [restartedMain] .s.d.r.c.RepositoryConfigurationDelegate : Bootstrapping Spring Data JPA repositories in DEFAULT mode.
2025-05-13T02:36:25.340+07:00  INFO 31360 --- [restartedMain] .s.d.r.c.RepositoryConfigurationDelegate : Finished Spring Data repository scanning in 31 ms. Found 7 JPA repository interfaces.
2025-05-13T02:36:25.452+07:00  INFO 31360 --- [restartedMain] o.s.b.w.embedded.tomcat.TomcatWebServer  : Tomcat initialized with port 8080 (http)
2025-05-13T02:36:25.452+07:00  INFO 31360 --- [restartedMain] o.apache.catalina.core.StandardService   : Starting service [Tomcat]
2025-05-13T02:36:25.454+07:00  INFO 31360 --- [restartedMain] o.apache.catalina.core.StandardEngine    : Starting Servlet engine: [Apache Tomcat/10.1.40]
2025-05-13T02:36:25.484+07:00  INFO 31360 --- [restartedMain] o.a.c.c.C.[Tomcat].[localhost].[/]       : Initializing Spring embedded WebApplicationContext
2025-05-13T02:36:25.484+07:00  INFO 31360 --- [restartedMain] w.s.c.ServletWebServerApplicationContext : Root WebApplicationContext: initialization completed in 412 ms
2025-05-13T02:36:25.524+07:00  INFO 31360 --- [restartedMain] o.hibernate.jpa.internal.util.LogHelper  : HHH000204: Processing PersistenceUnitInfo [name: default]
2025-05-13T02:36:25.526+07:00  INFO 31360 --- [restartedMain] o.h.c.internal.RegionFactoryInitiator    : HHH000026: Second-level cache disabled
2025-05-13T02:36:25.537+07:00  INFO 31360 --- [restartedMain] o.s.o.j.p.SpringPersistenceUnitInfo      : No LoadTimeWeaver setup: ignoring JPA class transformer
2025-05-13T02:36:25.538+07:00  INFO 31360 --- [restartedMain] com.zaxxer.hikari.HikariDataSource       : HikariPool-14 - Starting...
2025-05-13T02:36:25.542+07:00  INFO 31360 --- [restartedMain] com.zaxxer.hikari.pool.HikariPool        : HikariPool-14 - Added connection com.mysql.cj.jdbc.ConnectionImpl@1186c449
2025-05-13T02:36:25.542+07:00  INFO 31360 --- [restartedMain] com.zaxxer.hikari.HikariDataSource       : HikariPool-14 - Start completed.
2025-05-13T02:36:25.542+07:00  WARN 31360 --- [restartedMain] org.hibernate.orm.deprecation            : HHH90000025: MySQL8Dialect does not need to be specified explicitly using 'hibernate.dialect' (remove the property setting and it will be selected by default)
2025-05-13T02:36:25.542+07:00  WARN 31360 --- [restartedMain] org.hibernate.orm.deprecation            : HHH90000026: MySQL8Dialect has been deprecated; use org.hibernate.dialect.MySQLDialect instead
2025-05-13T02:36:25.544+07:00  INFO 31360 --- [restartedMain] org.hibernate.orm.connections.pooling    : HHH10001005: Database info:
	Database JDBC URL [Connecting through datasource 'HikariDataSource (HikariPool-14)']
	Database driver: undefined/unknown
	Database version: 8.0
	Autocommit mode: undefined/unknown
	Isolation level: undefined/unknown
	Minimum pool size: undefined/unknown
	Maximum pool size: undefined/unknown
2025-05-13T02:36:25.662+07:00  INFO 31360 --- [restartedMain] o.h.e.t.j.p.i.JtaPlatformInitiator       : HHH000489: No JTA platform available (set 'hibernate.transaction.jta.platform' to enable JTA platform integration)
2025-05-13T02:36:25.662+07:00  INFO 31360 --- [restartedMain] j.LocalContainerEntityManagerFactoryBean : Initialized JPA EntityManagerFactory for persistence unit 'default'
2025-05-13T02:36:25.815+07:00  WARN 31360 --- [restartedMain] JpaBaseConfiguration$JpaWebConfiguration : spring.jpa.open-in-view is enabled by default. Therefore, database queries may be performed during view rendering. Explicitly configure spring.jpa.open-in-view to disable this warning
2025-05-13T02:36:25.928+07:00  INFO 31360 --- [restartedMain] o.s.b.d.a.OptionalLiveReloadServer       : LiveReload server is running on port 35729
2025-05-13T02:36:25.947+07:00  INFO 31360 --- [restartedMain] o.s.b.w.embedded.tomcat.TomcatWebServer  : Tomcat started on port 8080 (http) with context path '/'
2025-05-13T02:36:25.952+07:00  INFO 31360 --- [restartedMain] c.r.backend.BackendApplication           : Started BackendApplication in 0.924 seconds (process running for 590.22)
2025-05-13T02:36:25.954+07:00  INFO 31360 --- [restartedMain] .ConditionEvaluationDeltaLoggingListener : Condition evaluation unchanged
2025-05-13T02:36:27.371+07:00  INFO 31360 --- [File Watcher] rtingClassPathChangeChangedEventListener : Restarting due to 1 class path change (1 addition, 0 deletions, 0 modifications)
2025-05-13T02:36:27.372+07:00  INFO 31360 --- [Thread-55] o.s.b.w.e.tomcat.GracefulShutdown        : Commencing graceful shutdown. Waiting for active requests to complete
2025-05-13T02:36:27.382+07:00  INFO 31360 --- [tomcat-shutdown] o.s.b.w.e.tomcat.GracefulShutdown        : Graceful shutdown complete
2025-05-13T02:36:27.384+07:00  INFO 31360 --- [Thread-55] j.LocalContainerEntityManagerFactoryBean : Closing JPA EntityManagerFactory for persistence unit 'default'
2025-05-13T02:36:27.384+07:00  INFO 31360 --- [Thread-55] com.zaxxer.hikari.HikariDataSource       : HikariPool-14 - Shutdown initiated...
2025-05-13T02:36:27.387+07:00  INFO 31360 --- [Thread-55] com.zaxxer.hikari.HikariDataSource       : HikariPool-14 - Shutdown completed.
2025-05-13T02:36:27.472+07:00  INFO 31360 --- [restartedMain] c.r.backend.BackendApplication           : Starting BackendApplication using Java 23 with PID 31360 (C:\RecipeSharingWebsite\backend\target\classes started by haiye in C:\RecipeSharingWebsite\backend)
2025-05-13T02:36:27.472+07:00  INFO 31360 --- [restartedMain] c.r.backend.BackendApplication           : No active profile set, falling back to 1 default profile: "default"
2025-05-13T02:36:27.753+07:00  INFO 31360 --- [restartedMain] .s.d.r.c.RepositoryConfigurationDelegate : Bootstrapping Spring Data JPA repositories in DEFAULT mode.
2025-05-13T02:36:27.824+07:00  INFO 31360 --- [restartedMain] .s.d.r.c.RepositoryConfigurationDelegate : Finished Spring Data repository scanning in 69 ms. Found 7 JPA repository interfaces.
2025-05-13T02:36:28.052+07:00  INFO 31360 --- [restartedMain] o.s.b.w.embedded.tomcat.TomcatWebServer  : Tomcat initialized with port 8080 (http)
2025-05-13T02:36:28.052+07:00  INFO 31360 --- [restartedMain] o.apache.catalina.core.StandardService   : Starting service [Tomcat]
2025-05-13T02:36:28.052+07:00  INFO 31360 --- [restartedMain] o.apache.catalina.core.StandardEngine    : Starting Servlet engine: [Apache Tomcat/10.1.40]
2025-05-13T02:36:28.078+07:00  INFO 31360 --- [restartedMain] o.a.c.c.C.[Tomcat].[localhost].[/]       : Initializing Spring embedded WebApplicationContext
2025-05-13T02:36:28.078+07:00  INFO 31360 --- [restartedMain] w.s.c.ServletWebServerApplicationContext : Root WebApplicationContext: initialization completed in 604 ms
2025-05-13T02:36:28.114+07:00  INFO 31360 --- [restartedMain] o.hibernate.jpa.internal.util.LogHelper  : HHH000204: Processing PersistenceUnitInfo [name: default]
2025-05-13T02:36:28.116+07:00  INFO 31360 --- [restartedMain] o.h.c.internal.RegionFactoryInitiator    : HHH000026: Second-level cache disabled
2025-05-13T02:36:28.128+07:00  INFO 31360 --- [restartedMain] o.s.o.j.p.SpringPersistenceUnitInfo      : No LoadTimeWeaver setup: ignoring JPA class transformer
2025-05-13T02:36:28.128+07:00  INFO 31360 --- [restartedMain] com.zaxxer.hikari.HikariDataSource       : HikariPool-15 - Starting...
2025-05-13T02:36:28.136+07:00  INFO 31360 --- [restartedMain] com.zaxxer.hikari.pool.HikariPool        : HikariPool-15 - Added connection com.mysql.cj.jdbc.ConnectionImpl@7dc55d4e
2025-05-13T02:36:28.136+07:00  INFO 31360 --- [restartedMain] com.zaxxer.hikari.HikariDataSource       : HikariPool-15 - Start completed.
2025-05-13T02:36:28.136+07:00  WARN 31360 --- [restartedMain] org.hibernate.orm.deprecation            : HHH90000025: MySQL8Dialect does not need to be specified explicitly using 'hibernate.dialect' (remove the property setting and it will be selected by default)
2025-05-13T02:36:28.136+07:00  WARN 31360 --- [restartedMain] org.hibernate.orm.deprecation            : HHH90000026: MySQL8Dialect has been deprecated; use org.hibernate.dialect.MySQLDialect instead
2025-05-13T02:36:28.137+07:00  INFO 31360 --- [restartedMain] org.hibernate.orm.connections.pooling    : HHH10001005: Database info:
	Database JDBC URL [Connecting through datasource 'HikariDataSource (HikariPool-15)']
	Database driver: undefined/unknown
	Database version: 8.0
	Autocommit mode: undefined/unknown
	Isolation level: undefined/unknown
	Minimum pool size: undefined/unknown
	Maximum pool size: undefined/unknown
2025-05-13T02:36:28.477+07:00  INFO 31360 --- [restartedMain] o.h.e.t.j.p.i.JtaPlatformInitiator       : HHH000489: No JTA platform available (set 'hibernate.transaction.jta.platform' to enable JTA platform integration)
2025-05-13T02:36:28.478+07:00  INFO 31360 --- [restartedMain] j.LocalContainerEntityManagerFactoryBean : Initialized JPA EntityManagerFactory for persistence unit 'default'
2025-05-13T02:36:28.739+07:00  WARN 31360 --- [restartedMain] JpaBaseConfiguration$JpaWebConfiguration : spring.jpa.open-in-view is enabled by default. Therefore, database queries may be performed during view rendering. Explicitly configure spring.jpa.open-in-view to disable this warning
2025-05-13T02:36:28.932+07:00  INFO 31360 --- [restartedMain] o.s.b.d.a.OptionalLiveReloadServer       : LiveReload server is running on port 35729
2025-05-13T02:36:28.970+07:00  INFO 31360 --- [restartedMain] o.s.b.w.embedded.tomcat.TomcatWebServer  : Tomcat started on port 8080 (http) with context path '/'
2025-05-13T02:36:28.977+07:00  INFO 31360 --- [restartedMain] c.r.backend.BackendApplication           : Started BackendApplication in 1.532 seconds (process running for 593.245)
2025-05-13T02:36:28.980+07:00  INFO 31360 --- [restartedMain] .ConditionEvaluationDeltaLoggingListener : Condition evaluation unchanged
2025-05-13T02:37:59.827+07:00  INFO 31360 --- [File Watcher] rtingClassPathChangeChangedEventListener : Restarting due to 1 class path change (0 additions, 1 deletion, 0 modifications)
2025-05-13T02:37:59.829+07:00  INFO 31360 --- [Thread-59] o.s.b.w.e.tomcat.GracefulShutdown        : Commencing graceful shutdown. Waiting for active requests to complete
2025-05-13T02:37:59.841+07:00  INFO 31360 --- [tomcat-shutdown] o.s.b.w.e.tomcat.GracefulShutdown        : Graceful shutdown complete
2025-05-13T02:37:59.844+07:00  INFO 31360 --- [Thread-59] j.LocalContainerEntityManagerFactoryBean : Closing JPA EntityManagerFactory for persistence unit 'default'
2025-05-13T02:37:59.844+07:00  INFO 31360 --- [Thread-59] com.zaxxer.hikari.HikariDataSource       : HikariPool-15 - Shutdown initiated...
2025-05-13T02:37:59.846+07:00  INFO 31360 --- [Thread-59] com.zaxxer.hikari.HikariDataSource       : HikariPool-15 - Shutdown completed.
2025-05-13T02:37:59.949+07:00  INFO 31360 --- [restartedMain] c.r.backend.BackendApplication           : Starting BackendApplication using Java 23 with PID 31360 (C:\RecipeSharingWebsite\backend\target\classes started by haiye in C:\RecipeSharingWebsite\backend)
2025-05-13T02:37:59.950+07:00  INFO 31360 --- [restartedMain] c.r.backend.BackendApplication           : No active profile set, falling back to 1 default profile: "default"
2025-05-13T02:38:00.189+07:00  INFO 31360 --- [restartedMain] .s.d.r.c.RepositoryConfigurationDelegate : Bootstrapping Spring Data JPA repositories in DEFAULT mode.
2025-05-13T02:38:00.215+07:00  INFO 31360 --- [restartedMain] .s.d.r.c.RepositoryConfigurationDelegate : Finished Spring Data repository scanning in 24 ms. Found 7 JPA repository interfaces.
2025-05-13T02:38:00.305+07:00  INFO 31360 --- [restartedMain] o.s.b.w.embedded.tomcat.TomcatWebServer  : Tomcat initialized with port 8080 (http)
2025-05-13T02:38:00.306+07:00  INFO 31360 --- [restartedMain] o.apache.catalina.core.StandardService   : Starting service [Tomcat]
2025-05-13T02:38:00.306+07:00  INFO 31360 --- [restartedMain] o.apache.catalina.core.StandardEngine    : Starting Servlet engine: [Apache Tomcat/10.1.40]
2025-05-13T02:38:00.334+07:00  INFO 31360 --- [restartedMain] o.a.c.c.C.[Tomcat].[localhost].[/]       : Initializing Spring embedded WebApplicationContext
2025-05-13T02:38:00.334+07:00  INFO 31360 --- [restartedMain] w.s.c.ServletWebServerApplicationContext : Root WebApplicationContext: initialization completed in 382 ms
2025-05-13T02:38:00.371+07:00  INFO 31360 --- [restartedMain] o.hibernate.jpa.internal.util.LogHelper  : HHH000204: Processing PersistenceUnitInfo [name: default]
2025-05-13T02:38:00.374+07:00  INFO 31360 --- [restartedMain] o.h.c.internal.RegionFactoryInitiator    : HHH000026: Second-level cache disabled
2025-05-13T02:38:00.385+07:00  INFO 31360 --- [restartedMain] o.s.o.j.p.SpringPersistenceUnitInfo      : No LoadTimeWeaver setup: ignoring JPA class transformer
2025-05-13T02:38:00.386+07:00  INFO 31360 --- [restartedMain] com.zaxxer.hikari.HikariDataSource       : HikariPool-16 - Starting...
2025-05-13T02:38:00.392+07:00  INFO 31360 --- [restartedMain] com.zaxxer.hikari.pool.HikariPool        : HikariPool-16 - Added connection com.mysql.cj.jdbc.ConnectionImpl@1645e57b
2025-05-13T02:38:00.392+07:00  INFO 31360 --- [restartedMain] com.zaxxer.hikari.HikariDataSource       : HikariPool-16 - Start completed.
2025-05-13T02:38:00.393+07:00  WARN 31360 --- [restartedMain] org.hibernate.orm.deprecation            : HHH90000025: MySQL8Dialect does not need to be specified explicitly using 'hibernate.dialect' (remove the property setting and it will be selected by default)
2025-05-13T02:38:00.393+07:00  WARN 31360 --- [restartedMain] org.hibernate.orm.deprecation            : HHH90000026: MySQL8Dialect has been deprecated; use org.hibernate.dialect.MySQLDialect instead
2025-05-13T02:38:00.394+07:00  INFO 31360 --- [restartedMain] org.hibernate.orm.connections.pooling    : HHH10001005: Database info:
	Database JDBC URL [Connecting through datasource 'HikariDataSource (HikariPool-16)']
	Database driver: undefined/unknown
	Database version: 8.0
	Autocommit mode: undefined/unknown
	Isolation level: undefined/unknown
	Minimum pool size: undefined/unknown
	Maximum pool size: undefined/unknown
2025-05-13T02:38:00.515+07:00  INFO 31360 --- [restartedMain] o.h.e.t.j.p.i.JtaPlatformInitiator       : HHH000489: No JTA platform available (set 'hibernate.transaction.jta.platform' to enable JTA platform integration)
2025-05-13T02:38:00.515+07:00  INFO 31360 --- [restartedMain] j.LocalContainerEntityManagerFactoryBean : Initialized JPA EntityManagerFactory for persistence unit 'default'
2025-05-13T02:38:00.719+07:00  WARN 31360 --- [restartedMain] JpaBaseConfiguration$JpaWebConfiguration : spring.jpa.open-in-view is enabled by default. Therefore, database queries may be performed during view rendering. Explicitly configure spring.jpa.open-in-view to disable this warning
2025-05-13T02:38:00.857+07:00  INFO 31360 --- [restartedMain] o.s.b.d.a.OptionalLiveReloadServer       : LiveReload server is running on port 35729
2025-05-13T02:38:00.881+07:00  INFO 31360 --- [restartedMain] o.s.b.w.embedded.tomcat.TomcatWebServer  : Tomcat started on port 8080 (http) with context path '/'
2025-05-13T02:38:00.885+07:00  INFO 31360 --- [restartedMain] c.r.backend.BackendApplication           : Started BackendApplication in 0.968 seconds (process running for 685.153)
2025-05-13T02:38:00.887+07:00  INFO 31360 --- [restartedMain] .ConditionEvaluationDeltaLoggingListener : Condition evaluation unchanged
2025-05-13T02:38:02.297+07:00  INFO 31360 --- [File Watcher] rtingClassPathChangeChangedEventListener : Restarting due to 1 class path change (1 addition, 0 deletions, 0 modifications)
2025-05-13T02:38:02.300+07:00  INFO 31360 --- [Thread-63] o.s.b.w.e.tomcat.GracefulShutdown        : Commencing graceful shutdown. Waiting for active requests to complete
2025-05-13T02:38:02.318+07:00  INFO 31360 --- [tomcat-shutdown] o.s.b.w.e.tomcat.GracefulShutdown        : Graceful shutdown complete
2025-05-13T02:38:02.323+07:00  INFO 31360 --- [Thread-63] j.LocalContainerEntityManagerFactoryBean : Closing JPA EntityManagerFactory for persistence unit 'default'
2025-05-13T02:38:02.323+07:00  INFO 31360 --- [Thread-63] com.zaxxer.hikari.HikariDataSource       : HikariPool-16 - Shutdown initiated...
2025-05-13T02:38:02.330+07:00  INFO 31360 --- [Thread-63] com.zaxxer.hikari.HikariDataSource       : HikariPool-16 - Shutdown completed.
2025-05-13T02:38:02.486+07:00  INFO 31360 --- [restartedMain] c.r.backend.BackendApplication           : Starting BackendApplication using Java 23 with PID 31360 (C:\RecipeSharingWebsite\backend\target\classes started by haiye in C:\RecipeSharingWebsite\backend)
2025-05-13T02:38:02.487+07:00  INFO 31360 --- [restartedMain] c.r.backend.BackendApplication           : No active profile set, falling back to 1 default profile: "default"
2025-05-13T02:38:02.935+07:00  INFO 31360 --- [restartedMain] .s.d.r.c.RepositoryConfigurationDelegate : Bootstrapping Spring Data JPA repositories in DEFAULT mode.
2025-05-13T02:38:02.974+07:00  INFO 31360 --- [restartedMain] .s.d.r.c.RepositoryConfigurationDelegate : Finished Spring Data repository scanning in 37 ms. Found 7 JPA repository interfaces.
2025-05-13T02:38:03.116+07:00  INFO 31360 --- [restartedMain] o.s.b.w.embedded.tomcat.TomcatWebServer  : Tomcat initialized with port 8080 (http)
2025-05-13T02:38:03.117+07:00  INFO 31360 --- [restartedMain] o.apache.catalina.core.StandardService   : Starting service [Tomcat]
2025-05-13T02:38:03.118+07:00  INFO 31360 --- [restartedMain] o.apache.catalina.core.StandardEngine    : Starting Servlet engine: [Apache Tomcat/10.1.40]
2025-05-13T02:38:03.171+07:00  INFO 31360 --- [restartedMain] o.a.c.c.C.[Tomcat].[localhost].[/]       : Initializing Spring embedded WebApplicationContext
2025-05-13T02:38:03.172+07:00  INFO 31360 --- [restartedMain] w.s.c.ServletWebServerApplicationContext : Root WebApplicationContext: initialization completed in 682 ms
2025-05-13T02:38:03.232+07:00  INFO 31360 --- [restartedMain] o.hibernate.jpa.internal.util.LogHelper  : HHH000204: Processing PersistenceUnitInfo [name: default]
2025-05-13T02:38:03.242+07:00  INFO 31360 --- [restartedMain] o.h.c.internal.RegionFactoryInitiator    : HHH000026: Second-level cache disabled
2025-05-13T02:38:03.261+07:00  INFO 31360 --- [restartedMain] o.s.o.j.p.SpringPersistenceUnitInfo      : No LoadTimeWeaver setup: ignoring JPA class transformer
2025-05-13T02:38:03.262+07:00  INFO 31360 --- [restartedMain] com.zaxxer.hikari.HikariDataSource       : HikariPool-17 - Starting...
2025-05-13T02:38:03.267+07:00  INFO 31360 --- [restartedMain] com.zaxxer.hikari.pool.HikariPool        : HikariPool-17 - Added connection com.mysql.cj.jdbc.ConnectionImpl@1c3608ba
2025-05-13T02:38:03.267+07:00  INFO 31360 --- [restartedMain] com.zaxxer.hikari.HikariDataSource       : HikariPool-17 - Start completed.
2025-05-13T02:38:03.269+07:00  WARN 31360 --- [restartedMain] org.hibernate.orm.deprecation            : HHH90000025: MySQL8Dialect does not need to be specified explicitly using 'hibernate.dialect' (remove the property setting and it will be selected by default)
2025-05-13T02:38:03.269+07:00  WARN 31360 --- [restartedMain] org.hibernate.orm.deprecation            : HHH90000026: MySQL8Dialect has been deprecated; use org.hibernate.dialect.MySQLDialect instead
2025-05-13T02:38:03.269+07:00  INFO 31360 --- [restartedMain] org.hibernate.orm.connections.pooling    : HHH10001005: Database info:
	Database JDBC URL [Connecting through datasource 'HikariDataSource (HikariPool-17)']
	Database driver: undefined/unknown
	Database version: 8.0
	Autocommit mode: undefined/unknown
	Isolation level: undefined/unknown
	Minimum pool size: undefined/unknown
	Maximum pool size: undefined/unknown
2025-05-13T02:38:03.545+07:00  INFO 31360 --- [restartedMain] o.h.e.t.j.p.i.JtaPlatformInitiator       : HHH000489: No JTA platform available (set 'hibernate.transaction.jta.platform' to enable JTA platform integration)
2025-05-13T02:38:03.546+07:00  INFO 31360 --- [restartedMain] j.LocalContainerEntityManagerFactoryBean : Initialized JPA EntityManagerFactory for persistence unit 'default'
2025-05-13T02:38:03.844+07:00  WARN 31360 --- [restartedMain] JpaBaseConfiguration$JpaWebConfiguration : spring.jpa.open-in-view is enabled by default. Therefore, database queries may be performed during view rendering. Explicitly configure spring.jpa.open-in-view to disable this warning
2025-05-13T02:38:04.049+07:00  INFO 31360 --- [restartedMain] o.s.b.d.a.OptionalLiveReloadServer       : LiveReload server is running on port 35729
2025-05-13T02:38:04.076+07:00  INFO 31360 --- [restartedMain] o.s.b.w.embedded.tomcat.TomcatWebServer  : Tomcat started on port 8080 (http) with context path '/'
2025-05-13T02:38:04.083+07:00  INFO 31360 --- [restartedMain] c.r.backend.BackendApplication           : Started BackendApplication in 1.655 seconds (process running for 688.352)
2025-05-13T02:38:04.085+07:00  INFO 31360 --- [restartedMain] .ConditionEvaluationDeltaLoggingListener : Condition evaluation unchanged
2025-05-13T02:39:41.246+07:00  INFO 31360 --- [SpringApplicationShutdownHook] o.s.b.w.e.tomcat.GracefulShutdown        : Commencing graceful shutdown. Waiting for active requests to complete
2025-05-13T02:39:41.253+07:00  INFO 31360 --- [tomcat-shutdown] o.s.b.w.e.tomcat.GracefulShutdown        : Graceful shutdown complete
2025-05-13T02:39:41.255+07:00  INFO 31360 --- [SpringApplicationShutdownHook] j.LocalContainerEntityManagerFactoryBean : Closing JPA EntityManagerFactory for persistence unit 'default'
2025-05-13T02:39:41.255+07:00  INFO 31360 --- [SpringApplicationShutdownHook] com.zaxxer.hikari.HikariDataSource       : HikariPool-17 - Shutdown initiated...
2025-05-13T02:39:41.256+07:00  INFO 31360 --- [SpringApplicationShutdownHook] com.zaxxer.hikari.HikariDataSource       : HikariPool-17 - Shutdown completed.
2025-05-13T02:39:47.107+07:00  INFO 26328 --- [restartedMain] c.r.backend.BackendApplication           : Starting BackendApplication using Java 23 with PID 26328 (C:\RecipeSharingWebsite\backend\target\classes started by haiye in C:\RecipeSharingWebsite\backend)
2025-05-13T02:39:47.110+07:00  INFO 26328 --- [restartedMain] c.r.backend.BackendApplication           : No active profile set, falling back to 1 default profile: "default"
2025-05-13T02:39:47.212+07:00  INFO 26328 --- [restartedMain] .e.DevToolsPropertyDefaultsPostProcessor : Devtools property defaults active! Set 'spring.devtools.add-properties' to 'false' to disable
2025-05-13T02:39:47.212+07:00  INFO 26328 --- [restartedMain] .e.DevToolsPropertyDefaultsPostProcessor : For additional web related logging consider setting the 'logging.level.web' property to 'DEBUG'
2025-05-13T02:39:48.207+07:00  INFO 26328 --- [restartedMain] .s.d.r.c.RepositoryConfigurationDelegate : Bootstrapping Spring Data JPA repositories in DEFAULT mode.
2025-05-13T02:39:48.296+07:00  INFO 26328 --- [restartedMain] .s.d.r.c.RepositoryConfigurationDelegate : Finished Spring Data repository scanning in 73 ms. Found 7 JPA repository interfaces.
2025-05-13T02:39:48.886+07:00  INFO 26328 --- [restartedMain] o.s.b.w.embedded.tomcat.TomcatWebServer  : Tomcat initialized with port 8080 (http)
2025-05-13T02:39:48.902+07:00  INFO 26328 --- [restartedMain] o.apache.catalina.core.StandardService   : Starting service [Tomcat]
2025-05-13T02:39:48.903+07:00  INFO 26328 --- [restartedMain] o.apache.catalina.core.StandardEngine    : Starting Servlet engine: [Apache Tomcat/10.1.40]
2025-05-13T02:39:48.957+07:00  INFO 26328 --- [restartedMain] o.a.c.c.C.[Tomcat].[localhost].[/]       : Initializing Spring embedded WebApplicationContext
2025-05-13T02:39:48.959+07:00  INFO 26328 --- [restartedMain] w.s.c.ServletWebServerApplicationContext : Root WebApplicationContext: initialization completed in 1746 ms
2025-05-13T02:39:49.124+07:00  INFO 26328 --- [restartedMain] o.hibernate.jpa.internal.util.LogHelper  : HHH000204: Processing PersistenceUnitInfo [name: default]
2025-05-13T02:39:49.177+07:00  INFO 26328 --- [restartedMain] org.hibernate.Version                    : HHH000412: Hibernate ORM core version 6.6.13.Final
2025-05-13T02:39:49.214+07:00  INFO 26328 --- [restartedMain] o.h.c.internal.RegionFactoryInitiator    : HHH000026: Second-level cache disabled
2025-05-13T02:39:49.536+07:00  INFO 26328 --- [restartedMain] o.s.o.j.p.SpringPersistenceUnitInfo      : No LoadTimeWeaver setup: ignoring JPA class transformer
2025-05-13T02:39:49.572+07:00  INFO 26328 --- [restartedMain] com.zaxxer.hikari.HikariDataSource       : HikariPool-1 - Starting...
2025-05-13T02:39:49.729+07:00  INFO 26328 --- [restartedMain] com.zaxxer.hikari.pool.HikariPool        : HikariPool-1 - Added connection com.mysql.cj.jdbc.ConnectionImpl@7c505a64
2025-05-13T02:39:49.731+07:00  INFO 26328 --- [restartedMain] com.zaxxer.hikari.HikariDataSource       : HikariPool-1 - Start completed.
2025-05-13T02:39:49.755+07:00  WARN 26328 --- [restartedMain] org.hibernate.orm.deprecation            : HHH90000025: MySQL8Dialect does not need to be specified explicitly using 'hibernate.dialect' (remove the property setting and it will be selected by default)
2025-05-13T02:39:49.756+07:00  WARN 26328 --- [restartedMain] org.hibernate.orm.deprecation            : HHH90000026: MySQL8Dialect has been deprecated; use org.hibernate.dialect.MySQLDialect instead
2025-05-13T02:39:49.776+07:00  INFO 26328 --- [restartedMain] org.hibernate.orm.connections.pooling    : HHH10001005: Database info:
	Database JDBC URL [Connecting through datasource 'HikariDataSource (HikariPool-1)']
	Database driver: undefined/unknown
	Database version: 8.0
	Autocommit mode: undefined/unknown
	Isolation level: undefined/unknown
	Minimum pool size: undefined/unknown
	Maximum pool size: undefined/unknown
2025-05-13T02:39:50.988+07:00  INFO 26328 --- [restartedMain] o.h.e.t.j.p.i.JtaPlatformInitiator       : HHH000489: No JTA platform available (set 'hibernate.transaction.jta.platform' to enable JTA platform integration)
2025-05-13T02:39:50.992+07:00  INFO 26328 --- [restartedMain] j.LocalContainerEntityManagerFactoryBean : Initialized JPA EntityManagerFactory for persistence unit 'default'
2025-05-13T02:39:51.384+07:00  INFO 26328 --- [restartedMain] o.s.d.j.r.query.QueryEnhancerFactory     : Hibernate is in classpath; If applicable, HQL parser will be used.
2025-05-13T02:39:51.950+07:00  WARN 26328 --- [restartedMain] JpaBaseConfiguration$JpaWebConfiguration : spring.jpa.open-in-view is enabled by default. Therefore, database queries may be performed during view rendering. Explicitly configure spring.jpa.open-in-view to disable this warning
2025-05-13T02:39:52.395+07:00  INFO 26328 --- [restartedMain] o.s.b.d.a.OptionalLiveReloadServer       : LiveReload server is running on port 35729
2025-05-13T02:39:52.439+07:00  INFO 26328 --- [restartedMain] o.s.b.w.embedded.tomcat.TomcatWebServer  : Tomcat started on port 8080 (http) with context path '/'
2025-05-13T02:39:52.446+07:00  INFO 26328 --- [restartedMain] c.r.backend.BackendApplication           : Started BackendApplication in 6.123 seconds (process running for 7.4)
2025-05-13T02:40:31.918+07:00  INFO 26328 --- [SpringApplicationShutdownHook] o.s.b.w.e.tomcat.GracefulShutdown        : Commencing graceful shutdown. Waiting for active requests to complete
2025-05-13T02:40:31.926+07:00  INFO 26328 --- [tomcat-shutdown] o.s.b.w.e.tomcat.GracefulShutdown        : Graceful shutdown complete
2025-05-13T02:40:31.931+07:00  INFO 26328 --- [SpringApplicationShutdownHook] j.LocalContainerEntityManagerFactoryBean : Closing JPA EntityManagerFactory for persistence unit 'default'
2025-05-13T02:40:31.933+07:00  INFO 26328 --- [SpringApplicationShutdownHook] com.zaxxer.hikari.HikariDataSource       : HikariPool-1 - Shutdown initiated...
2025-05-13T02:40:31.940+07:00  INFO 26328 --- [SpringApplicationShutdownHook] com.zaxxer.hikari.HikariDataSource       : HikariPool-1 - Shutdown completed.
2025-05-13T02:40:37.952+07:00  INFO 30964 --- [restartedMain] c.r.backend.BackendApplication           : Starting BackendApplication using Java 23 with PID 30964 (C:\RecipeSharingWebsite\backend\target\classes started by haiye in C:\RecipeSharingWebsite\backend)
2025-05-13T02:40:37.956+07:00  INFO 30964 --- [restartedMain] c.r.backend.BackendApplication           : No active profile set, falling back to 1 default profile: "default"
2025-05-13T02:40:38.108+07:00  INFO 30964 --- [restartedMain] .e.DevToolsPropertyDefaultsPostProcessor : Devtools property defaults active! Set 'spring.devtools.add-properties' to 'false' to disable
2025-05-13T02:40:38.108+07:00  INFO 30964 --- [restartedMain] .e.DevToolsPropertyDefaultsPostProcessor : For additional web related logging consider setting the 'logging.level.web' property to 'DEBUG'
2025-05-13T02:40:39.505+07:00  INFO 30964 --- [restartedMain] .s.d.r.c.RepositoryConfigurationDelegate : Bootstrapping Spring Data JPA repositories in DEFAULT mode.
2025-05-13T02:40:39.647+07:00  INFO 30964 --- [restartedMain] .s.d.r.c.RepositoryConfigurationDelegate : Finished Spring Data repository scanning in 126 ms. Found 7 JPA repository interfaces.
2025-05-13T02:40:40.682+07:00  INFO 30964 --- [restartedMain] o.s.b.w.embedded.tomcat.TomcatWebServer  : Tomcat initialized with port 8080 (http)
2025-05-13T02:40:40.721+07:00  INFO 30964 --- [restartedMain] o.apache.catalina.core.StandardService   : Starting service [Tomcat]
2025-05-13T02:40:40.723+07:00  INFO 30964 --- [restartedMain] o.apache.catalina.core.StandardEngine    : Starting Servlet engine: [Apache Tomcat/10.1.40]
2025-05-13T02:40:40.873+07:00  INFO 30964 --- [restartedMain] o.a.c.c.C.[Tomcat].[localhost].[/]       : Initializing Spring embedded WebApplicationContext
2025-05-13T02:40:40.873+07:00  INFO 30964 --- [restartedMain] w.s.c.ServletWebServerApplicationContext : Root WebApplicationContext: initialization completed in 2764 ms
2025-05-13T02:40:41.183+07:00  INFO 30964 --- [restartedMain] o.hibernate.jpa.internal.util.LogHelper  : HHH000204: Processing PersistenceUnitInfo [name: default]
2025-05-13T02:40:41.272+07:00  INFO 30964 --- [restartedMain] org.hibernate.Version                    : HHH000412: Hibernate ORM core version 6.6.13.Final
2025-05-13T02:40:41.335+07:00  INFO 30964 --- [restartedMain] o.h.c.internal.RegionFactoryInitiator    : HHH000026: Second-level cache disabled
2025-05-13T02:40:41.844+07:00  INFO 30964 --- [restartedMain] o.s.o.j.p.SpringPersistenceUnitInfo      : No LoadTimeWeaver setup: ignoring JPA class transformer
2025-05-13T02:40:41.903+07:00  INFO 30964 --- [restartedMain] com.zaxxer.hikari.HikariDataSource       : HikariPool-1 - Starting...
2025-05-13T02:40:42.136+07:00  INFO 30964 --- [restartedMain] com.zaxxer.hikari.pool.HikariPool        : HikariPool-1 - Added connection com.mysql.cj.jdbc.ConnectionImpl@609c2f14
2025-05-13T02:40:42.139+07:00  INFO 30964 --- [restartedMain] com.zaxxer.hikari.HikariDataSource       : HikariPool-1 - Start completed.
2025-05-13T02:40:42.167+07:00  WARN 30964 --- [restartedMain] org.hibernate.orm.deprecation            : HHH90000025: MySQL8Dialect does not need to be specified explicitly using 'hibernate.dialect' (remove the property setting and it will be selected by default)
2025-05-13T02:40:42.169+07:00  WARN 30964 --- [restartedMain] org.hibernate.orm.deprecation            : HHH90000026: MySQL8Dialect has been deprecated; use org.hibernate.dialect.MySQLDialect instead
2025-05-13T02:40:42.193+07:00  INFO 30964 --- [restartedMain] org.hibernate.orm.connections.pooling    : HHH10001005: Database info:
	Database JDBC URL [Connecting through datasource 'HikariDataSource (HikariPool-1)']
	Database driver: undefined/unknown
	Database version: 8.0
	Autocommit mode: undefined/unknown
	Isolation level: undefined/unknown
	Minimum pool size: undefined/unknown
	Maximum pool size: undefined/unknown
2025-05-13T02:40:43.576+07:00  INFO 30964 --- [restartedMain] o.h.e.t.j.p.i.JtaPlatformInitiator       : HHH000489: No JTA platform available (set 'hibernate.transaction.jta.platform' to enable JTA platform integration)
2025-05-13T02:40:43.580+07:00  INFO 30964 --- [restartedMain] j.LocalContainerEntityManagerFactoryBean : Initialized JPA EntityManagerFactory for persistence unit 'default'
2025-05-13T02:40:44.049+07:00  INFO 30964 --- [restartedMain] o.s.d.j.r.query.QueryEnhancerFactory     : Hibernate is in classpath; If applicable, HQL parser will be used.
2025-05-13T02:40:44.750+07:00  WARN 30964 --- [restartedMain] JpaBaseConfiguration$JpaWebConfiguration : spring.jpa.open-in-view is enabled by default. Therefore, database queries may be performed during view rendering. Explicitly configure spring.jpa.open-in-view to disable this warning
2025-05-13T02:40:45.265+07:00  INFO 30964 --- [restartedMain] o.s.b.d.a.OptionalLiveReloadServer       : LiveReload server is running on port 35729
2025-05-13T02:40:45.308+07:00  INFO 30964 --- [restartedMain] o.s.b.w.embedded.tomcat.TomcatWebServer  : Tomcat started on port 8080 (http) with context path '/'
2025-05-13T02:40:45.317+07:00  INFO 30964 --- [restartedMain] c.r.backend.BackendApplication           : Started BackendApplication in 8.332 seconds (process running for 9.687)
2025-05-13T02:40:45.481+07:00  INFO 30964 --- [http-nio-8080-exec-1] o.a.c.c.C.[Tomcat].[localhost].[/]       : Initializing Spring DispatcherServlet 'dispatcherServlet'
2025-05-13T02:40:45.481+07:00  INFO 30964 --- [http-nio-8080-exec-1] o.s.web.servlet.DispatcherServlet        : Initializing Servlet 'dispatcherServlet'
2025-05-13T02:40:45.481+07:00  INFO 30964 --- [http-nio-8080-exec-1] o.s.web.servlet.DispatcherServlet        : Completed initialization in 0 ms
2025-05-13T02:40:45.611+07:00 DEBUG 30964 --- [http-nio-8080-exec-1] org.hibernate.SQL                        : 
    select
        u1_0.id,
        u1_0.avatar_url,
        u1_0.date_of_birth,
        u1_0.full_name,
        u1_0.username 
    from
        users u1_0 
    where
        u1_0.username=?
2025-05-13T02:40:45.668+07:00 DEBUG 30964 --- [http-nio-8080-exec-2] org.hibernate.SQL                        : 
    select
        u1_0.id,
        u1_0.avatar_url,
        u1_0.date_of_birth,
        u1_0.full_name,
        u1_0.username 
    from
        users u1_0 
    where
        u1_0.username=?
2025-05-13T02:40:45.700+07:00 DEBUG 30964 --- [http-nio-8080-exec-1] org.hibernate.SQL                        : 
    select
        count(f1_0.id) 
    from
        follows f1_0 
    where
        f1_0.following_id=?
2025-05-13T02:40:45.700+07:00 DEBUG 30964 --- [http-nio-8080-exec-2] org.hibernate.SQL                        : 
    select
        count(f1_0.id) 
    from
        follows f1_0 
    where
        f1_0.following_id=?
2025-05-13T02:40:45.705+07:00 DEBUG 30964 --- [http-nio-8080-exec-2] org.hibernate.SQL                        : 
    select
        count(f1_0.id) 
    from
        follows f1_0 
    where
        f1_0.follower_id=?
2025-05-13T02:40:45.705+07:00 DEBUG 30964 --- [http-nio-8080-exec-1] org.hibernate.SQL                        : 
    select
        count(f1_0.id) 
    from
        follows f1_0 
    where
        f1_0.follower_id=?
2025-05-13T02:40:45.708+07:00 DEBUG 30964 --- [http-nio-8080-exec-1] org.hibernate.SQL                        : 
    select
        r1_0.id,
        r1_0.user_id,
        r1_0.description,
        r1_0.image_url,
        r1_0.title 
    from
        recipes r1_0 
    where
        r1_0.user_id=?
2025-05-13T02:40:45.708+07:00 DEBUG 30964 --- [http-nio-8080-exec-2] org.hibernate.SQL                        : 
    select
        r1_0.id,
        r1_0.user_id,
        r1_0.description,
        r1_0.image_url,
        r1_0.title 
    from
        recipes r1_0 
    where
        r1_0.user_id=?
2025-05-13T02:40:45.720+07:00 DEBUG 30964 --- [http-nio-8080-exec-1] org.hibernate.SQL                        : 
    select
        avg(r1_0.score) 
    from
        ratings r1_0 
    join
        recipes r2_0 
            on r2_0.id=r1_0.recipe_id 
    where
        r2_0.user_id=?
2025-05-13T02:40:45.721+07:00 DEBUG 30964 --- [http-nio-8080-exec-2] org.hibernate.SQL                        : 
    select
        avg(r1_0.score) 
    from
        ratings r1_0 
    join
        recipes r2_0 
            on r2_0.id=r1_0.recipe_id 
    where
        r2_0.user_id=?
2025-05-13T02:40:45.724+07:00 DEBUG 30964 --- [http-nio-8080-exec-2] org.hibernate.SQL                        : 
    select
        u1_0.id,
        u1_0.avatar_url,
        u1_0.date_of_birth,
        u1_0.full_name,
        u1_0.username 
    from
        users u1_0 
    where
        u1_0.username=?
2025-05-13T02:40:45.724+07:00 DEBUG 30964 --- [http-nio-8080-exec-1] org.hibernate.SQL                        : 
    select
        u1_0.id,
        u1_0.avatar_url,
        u1_0.date_of_birth,
        u1_0.full_name,
        u1_0.username 
    from
        users u1_0 
    where
        u1_0.username=?
2025-05-13T02:40:45.727+07:00 DEBUG 30964 --- [http-nio-8080-exec-1] org.hibernate.SQL                        : 
    select
        r1_0.id,
        r1_0.user_id,
        r1_0.description,
        r1_0.image_url,
        r1_0.title 
    from
        recipes r1_0 
    where
        r1_0.user_id=?
2025-05-13T02:40:45.727+07:00 DEBUG 30964 --- [http-nio-8080-exec-2] org.hibernate.SQL                        : 
    select
        r1_0.id,
        r1_0.user_id,
        r1_0.description,
        r1_0.image_url,
        r1_0.title 
    from
        recipes r1_0 
    where
        r1_0.user_id=?
2025-05-13T02:40:45.733+07:00 DEBUG 30964 --- [http-nio-8080-exec-1] org.hibernate.SQL                        : 
    select
        r1_0.recipe_id,
        r1_0.id,
        r1_0.rated_at,
        r1_0.score,
        u1_0.id,
        u1_0.avatar_url,
        u1_0.date_of_birth,
        u1_0.full_name,
        u1_0.username 
    from
        ratings r1_0 
    left join
        users u1_0 
            on u1_0.id=r1_0.user_id 
    where
        r1_0.recipe_id=?
2025-05-13T02:40:45.733+07:00 DEBUG 30964 --- [http-nio-8080-exec-2] org.hibernate.SQL                        : 
    select
        r1_0.recipe_id,
        r1_0.id,
        r1_0.rated_at,
        r1_0.score,
        u1_0.id,
        u1_0.avatar_url,
        u1_0.date_of_birth,
        u1_0.full_name,
        u1_0.username 
    from
        ratings r1_0 
    left join
        users u1_0 
            on u1_0.id=r1_0.user_id 
    where
        r1_0.recipe_id=?
2025-05-13T02:40:45.741+07:00 DEBUG 30964 --- [http-nio-8080-exec-1] org.hibernate.SQL                        : 
    select
        l1_0.recipe_id,
        l1_0.id,
        l1_0.liked_at,
        u1_0.id,
        u1_0.avatar_url,
        u1_0.date_of_birth,
        u1_0.full_name,
        u1_0.username 
    from
        likes l1_0 
    left join
        users u1_0 
            on u1_0.id=l1_0.user_id 
    where
        l1_0.recipe_id=?
2025-05-13T02:40:45.741+07:00 DEBUG 30964 --- [http-nio-8080-exec-2] org.hibernate.SQL                        : 
    select
        l1_0.recipe_id,
        l1_0.id,
        l1_0.liked_at,
        u1_0.id,
        u1_0.avatar_url,
        u1_0.date_of_birth,
        u1_0.full_name,
        u1_0.username 
    from
        likes l1_0 
    left join
        users u1_0 
            on u1_0.id=l1_0.user_id 
    where
        l1_0.recipe_id=?
2025-05-13T02:40:45.748+07:00 DEBUG 30964 --- [http-nio-8080-exec-2] org.hibernate.SQL                        : 
    select
        c1_0.id,
        c1_0.content,
        c1_0.created_at,
        c1_0.recipe_id,
        c1_0.user_id 
    from
        comments c1_0 
    where
        c1_0.recipe_id=?
2025-05-13T02:40:45.749+07:00 DEBUG 30964 --- [http-nio-8080-exec-1] org.hibernate.SQL                        : 
    select
        c1_0.id,
        c1_0.content,
        c1_0.created_at,
        c1_0.recipe_id,
        c1_0.user_id 
    from
        comments c1_0 
    where
        c1_0.recipe_id=?
2025-05-13T02:40:45.753+07:00 DEBUG 30964 --- [http-nio-8080-exec-1] org.hibernate.SQL                        : 
    select
        r1_0.recipe_id,
        r1_0.id,
        r1_0.rated_at,
        r1_0.score,
        u1_0.id,
        u1_0.avatar_url,
        u1_0.date_of_birth,
        u1_0.full_name,
        u1_0.username 
    from
        ratings r1_0 
    left join
        users u1_0 
            on u1_0.id=r1_0.user_id 
    where
        r1_0.recipe_id=?
2025-05-13T02:40:45.753+07:00 DEBUG 30964 --- [http-nio-8080-exec-2] org.hibernate.SQL                        : 
    select
        r1_0.recipe_id,
        r1_0.id,
        r1_0.rated_at,
        r1_0.score,
        u1_0.id,
        u1_0.avatar_url,
        u1_0.date_of_birth,
        u1_0.full_name,
        u1_0.username 
    from
        ratings r1_0 
    left join
        users u1_0 
            on u1_0.id=r1_0.user_id 
    where
        r1_0.recipe_id=?
2025-05-13T02:40:45.754+07:00 DEBUG 30964 --- [http-nio-8080-exec-2] org.hibernate.SQL                        : 
    select
        l1_0.recipe_id,
        l1_0.id,
        l1_0.liked_at,
        u1_0.id,
        u1_0.avatar_url,
        u1_0.date_of_birth,
        u1_0.full_name,
        u1_0.username 
    from
        likes l1_0 
    left join
        users u1_0 
            on u1_0.id=l1_0.user_id 
    where
        l1_0.recipe_id=?
2025-05-13T02:40:45.755+07:00 DEBUG 30964 --- [http-nio-8080-exec-1] org.hibernate.SQL                        : 
    select
        l1_0.recipe_id,
        l1_0.id,
        l1_0.liked_at,
        u1_0.id,
        u1_0.avatar_url,
        u1_0.date_of_birth,
        u1_0.full_name,
        u1_0.username 
    from
        likes l1_0 
    left join
        users u1_0 
            on u1_0.id=l1_0.user_id 
    where
        l1_0.recipe_id=?
2025-05-13T02:40:45.760+07:00 DEBUG 30964 --- [http-nio-8080-exec-2] org.hibernate.SQL                        : 
    select
        c1_0.id,
        c1_0.content,
        c1_0.created_at,
        c1_0.recipe_id,
        c1_0.user_id 
    from
        comments c1_0 
    where
        c1_0.recipe_id=?
2025-05-13T02:40:45.760+07:00 DEBUG 30964 --- [http-nio-8080-exec-1] org.hibernate.SQL                        : 
    select
        c1_0.id,
        c1_0.content,
        c1_0.created_at,
        c1_0.recipe_id,
        c1_0.user_id 
    from
        comments c1_0 
    where
        c1_0.recipe_id=?
2025-05-13T02:40:53.588+07:00 DEBUG 30964 --- [http-nio-8080-exec-5] org.hibernate.SQL                        : 
    select
        u1_0.id,
        u1_0.avatar_url,
        u1_0.date_of_birth,
        u1_0.full_name,
        u1_0.username 
    from
        users u1_0 
    where
        u1_0.username=?
2025-05-13T02:40:53.590+07:00 DEBUG 30964 --- [http-nio-8080-exec-5] org.hibernate.SQL                        : 
    select
        count(f1_0.id) 
    from
        follows f1_0 
    where
        f1_0.following_id=?
2025-05-13T02:40:53.593+07:00 DEBUG 30964 --- [http-nio-8080-exec-5] org.hibernate.SQL                        : 
    select
        count(f1_0.id) 
    from
        follows f1_0 
    where
        f1_0.follower_id=?
2025-05-13T02:40:53.594+07:00 DEBUG 30964 --- [http-nio-8080-exec-5] org.hibernate.SQL                        : 
    select
        r1_0.id,
        r1_0.user_id,
        r1_0.description,
        r1_0.image_url,
        r1_0.title 
    from
        recipes r1_0 
    where
        r1_0.user_id=?
2025-05-13T02:40:53.595+07:00 DEBUG 30964 --- [http-nio-8080-exec-5] org.hibernate.SQL                        : 
    select
        avg(r1_0.score) 
    from
        ratings r1_0 
    join
        recipes r2_0 
            on r2_0.id=r1_0.recipe_id 
    where
        r2_0.user_id=?
2025-05-13T02:41:10.339+07:00 DEBUG 30964 --- [http-nio-8080-exec-7] org.hibernate.SQL                        : 
    select
        u1_0.id,
        u1_0.avatar_url,
        u1_0.date_of_birth,
        u1_0.full_name,
        u1_0.username 
    from
        users u1_0 
    where
        u1_0.username=?
2025-05-13T02:41:10.342+07:00 DEBUG 30964 --- [http-nio-8080-exec-7] org.hibernate.SQL                        : 
    select
        u1_0.id,
        u1_0.avatar_url,
        u1_0.date_of_birth,
        u1_0.full_name,
        u1_0.username 
    from
        users u1_0 
    where
        u1_0.username=?
2025-05-13T02:41:10.375+07:00 DEBUG 30964 --- [http-nio-8080-exec-7] org.hibernate.SQL                        : 
    update
        users 
    set
        avatar_url=?,
        date_of_birth=?,
        full_name=?,
        username=? 
    where
        id=?
2025-05-13T02:41:12.922+07:00 DEBUG 30964 --- [http-nio-8080-exec-8] org.hibernate.SQL                        : 
    select
        u1_0.id,
        u1_0.avatar_url,
        u1_0.date_of_birth,
        u1_0.full_name,
        u1_0.username 
    from
        users u1_0 
    where
        u1_0.username=?
2025-05-13T02:41:12.925+07:00 DEBUG 30964 --- [http-nio-8080-exec-8] org.hibernate.SQL                        : 
    select
        count(f1_0.id) 
    from
        follows f1_0 
    where
        f1_0.following_id=?
2025-05-13T02:41:12.927+07:00 DEBUG 30964 --- [http-nio-8080-exec-8] org.hibernate.SQL                        : 
    select
        count(f1_0.id) 
    from
        follows f1_0 
    where
        f1_0.follower_id=?
2025-05-13T02:41:12.928+07:00 DEBUG 30964 --- [http-nio-8080-exec-8] org.hibernate.SQL                        : 
    select
        r1_0.id,
        r1_0.user_id,
        r1_0.description,
        r1_0.image_url,
        r1_0.title 
    from
        recipes r1_0 
    where
        r1_0.user_id=?
2025-05-13T02:41:12.930+07:00 DEBUG 30964 --- [http-nio-8080-exec-8] org.hibernate.SQL                        : 
    select
        avg(r1_0.score) 
    from
        ratings r1_0 
    join
        recipes r2_0 
            on r2_0.id=r1_0.recipe_id 
    where
        r2_0.user_id=?
2025-05-13T02:41:12.932+07:00 DEBUG 30964 --- [http-nio-8080-exec-8] org.hibernate.SQL                        : 
    select
        u1_0.id,
        u1_0.avatar_url,
        u1_0.date_of_birth,
        u1_0.full_name,
        u1_0.username 
    from
        users u1_0 
    where
        u1_0.username=?
2025-05-13T02:41:12.934+07:00 DEBUG 30964 --- [http-nio-8080-exec-8] org.hibernate.SQL                        : 
    select
        r1_0.id,
        r1_0.user_id,
        r1_0.description,
        r1_0.image_url,
        r1_0.title 
    from
        recipes r1_0 
    where
        r1_0.user_id=?
2025-05-13T02:41:12.936+07:00 DEBUG 30964 --- [http-nio-8080-exec-8] org.hibernate.SQL                        : 
    select
        r1_0.recipe_id,
        r1_0.id,
        r1_0.rated_at,
        r1_0.score,
        u1_0.id,
        u1_0.avatar_url,
        u1_0.date_of_birth,
        u1_0.full_name,
        u1_0.username 
    from
        ratings r1_0 
    left join
        users u1_0 
            on u1_0.id=r1_0.user_id 
    where
        r1_0.recipe_id=?
2025-05-13T02:41:12.937+07:00 DEBUG 30964 --- [http-nio-8080-exec-8] org.hibernate.SQL                        : 
    select
        l1_0.recipe_id,
        l1_0.id,
        l1_0.liked_at,
        u1_0.id,
        u1_0.avatar_url,
        u1_0.date_of_birth,
        u1_0.full_name,
        u1_0.username 
    from
        likes l1_0 
    left join
        users u1_0 
            on u1_0.id=l1_0.user_id 
    where
        l1_0.recipe_id=?
2025-05-13T02:41:12.941+07:00 DEBUG 30964 --- [http-nio-8080-exec-8] org.hibernate.SQL                        : 
    select
        c1_0.id,
        c1_0.content,
        c1_0.created_at,
        c1_0.recipe_id,
        c1_0.user_id 
    from
        comments c1_0 
    where
        c1_0.recipe_id=?
2025-05-13T02:41:12.942+07:00 DEBUG 30964 --- [http-nio-8080-exec-8] org.hibernate.SQL                        : 
    select
        r1_0.recipe_id,
        r1_0.id,
        r1_0.rated_at,
        r1_0.score,
        u1_0.id,
        u1_0.avatar_url,
        u1_0.date_of_birth,
        u1_0.full_name,
        u1_0.username 
    from
        ratings r1_0 
    left join
        users u1_0 
            on u1_0.id=r1_0.user_id 
    where
        r1_0.recipe_id=?
2025-05-13T02:41:12.943+07:00 DEBUG 30964 --- [http-nio-8080-exec-8] org.hibernate.SQL                        : 
    select
        l1_0.recipe_id,
        l1_0.id,
        l1_0.liked_at,
        u1_0.id,
        u1_0.avatar_url,
        u1_0.date_of_birth,
        u1_0.full_name,
        u1_0.username 
    from
        likes l1_0 
    left join
        users u1_0 
            on u1_0.id=l1_0.user_id 
    where
        l1_0.recipe_id=?
2025-05-13T02:41:12.948+07:00 DEBUG 30964 --- [http-nio-8080-exec-8] org.hibernate.SQL                        : 
    select
        c1_0.id,
        c1_0.content,
        c1_0.created_at,
        c1_0.recipe_id,
        c1_0.user_id 
    from
        comments c1_0 
    where
        c1_0.recipe_id=?
2025-05-13T02:41:32.474+07:00 DEBUG 30964 --- [http-nio-8080-exec-2] org.hibernate.SQL                        : 
    select
        u1_0.id,
        u1_0.avatar_url,
        u1_0.date_of_birth,
        u1_0.full_name,
        u1_0.username 
    from
        users u1_0 
    where
        u1_0.username=?
2025-05-13T02:41:32.477+07:00 DEBUG 30964 --- [http-nio-8080-exec-2] org.hibernate.SQL                        : 
    select
        count(f1_0.id) 
    from
        follows f1_0 
    where
        f1_0.following_id=?
2025-05-13T02:41:32.481+07:00 DEBUG 30964 --- [http-nio-8080-exec-2] org.hibernate.SQL                        : 
    select
        count(f1_0.id) 
    from
        follows f1_0 
    where
        f1_0.follower_id=?
2025-05-13T02:41:32.484+07:00 DEBUG 30964 --- [http-nio-8080-exec-2] org.hibernate.SQL                        : 
    select
        r1_0.id,
        r1_0.user_id,
        r1_0.description,
        r1_0.image_url,
        r1_0.title 
    from
        recipes r1_0 
    where
        r1_0.user_id=?
2025-05-13T02:41:32.488+07:00 DEBUG 30964 --- [http-nio-8080-exec-2] org.hibernate.SQL                        : 
    select
        avg(r1_0.score) 
    from
        ratings r1_0 
    join
        recipes r2_0 
            on r2_0.id=r1_0.recipe_id 
    where
        r2_0.user_id=?
2025-05-13T02:42:10.165+07:00 DEBUG 30964 --- [http-nio-8080-exec-1] org.hibernate.SQL                        : 
    select
        u1_0.id,
        u1_0.avatar_url,
        u1_0.date_of_birth,
        u1_0.full_name,
        u1_0.username 
    from
        users u1_0 
    where
        u1_0.username=?
2025-05-13T02:42:10.169+07:00 DEBUG 30964 --- [http-nio-8080-exec-1] org.hibernate.SQL                        : 
    select
        u1_0.id,
        u1_0.avatar_url,
        u1_0.date_of_birth,
        u1_0.full_name,
        u1_0.username 
    from
        users u1_0 
    where
        u1_0.username=?
2025-05-13T02:42:10.172+07:00 DEBUG 30964 --- [http-nio-8080-exec-1] org.hibernate.SQL                        : 
    update
        users 
    set
        avatar_url=?,
        date_of_birth=?,
        full_name=?,
        username=? 
    where
        id=?
2025-05-13T02:42:12.703+07:00 DEBUG 30964 --- [http-nio-8080-exec-3] org.hibernate.SQL                        : 
    select
        u1_0.id,
        u1_0.avatar_url,
        u1_0.date_of_birth,
        u1_0.full_name,
        u1_0.username 
    from
        users u1_0 
    where
        u1_0.username=?
2025-05-13T02:42:12.708+07:00 DEBUG 30964 --- [http-nio-8080-exec-3] org.hibernate.SQL                        : 
    select
        count(f1_0.id) 
    from
        follows f1_0 
    where
        f1_0.following_id=?
2025-05-13T02:42:12.711+07:00 DEBUG 30964 --- [http-nio-8080-exec-3] org.hibernate.SQL                        : 
    select
        count(f1_0.id) 
    from
        follows f1_0 
    where
        f1_0.follower_id=?
2025-05-13T02:42:12.712+07:00 DEBUG 30964 --- [http-nio-8080-exec-3] org.hibernate.SQL                        : 
    select
        r1_0.id,
        r1_0.user_id,
        r1_0.description,
        r1_0.image_url,
        r1_0.title 
    from
        recipes r1_0 
    where
        r1_0.user_id=?
2025-05-13T02:42:12.715+07:00 DEBUG 30964 --- [http-nio-8080-exec-3] org.hibernate.SQL                        : 
    select
        avg(r1_0.score) 
    from
        ratings r1_0 
    join
        recipes r2_0 
            on r2_0.id=r1_0.recipe_id 
    where
        r2_0.user_id=?
2025-05-13T02:42:12.718+07:00 DEBUG 30964 --- [http-nio-8080-exec-3] org.hibernate.SQL                        : 
    select
        u1_0.id,
        u1_0.avatar_url,
        u1_0.date_of_birth,
        u1_0.full_name,
        u1_0.username 
    from
        users u1_0 
    where
        u1_0.username=?
2025-05-13T02:42:12.730+07:00 DEBUG 30964 --- [http-nio-8080-exec-3] org.hibernate.SQL                        : 
    select
        r1_0.id,
        r1_0.user_id,
        r1_0.description,
        r1_0.image_url,
        r1_0.title 
    from
        recipes r1_0 
    where
        r1_0.user_id=?
2025-05-13T02:42:12.732+07:00 DEBUG 30964 --- [http-nio-8080-exec-3] org.hibernate.SQL                        : 
    select
        r1_0.recipe_id,
        r1_0.id,
        r1_0.rated_at,
        r1_0.score,
        u1_0.id,
        u1_0.avatar_url,
        u1_0.date_of_birth,
        u1_0.full_name,
        u1_0.username 
    from
        ratings r1_0 
    left join
        users u1_0 
            on u1_0.id=r1_0.user_id 
    where
        r1_0.recipe_id=?
2025-05-13T02:42:12.735+07:00 DEBUG 30964 --- [http-nio-8080-exec-3] org.hibernate.SQL                        : 
    select
        l1_0.recipe_id,
        l1_0.id,
        l1_0.liked_at,
        u1_0.id,
        u1_0.avatar_url,
        u1_0.date_of_birth,
        u1_0.full_name,
        u1_0.username 
    from
        likes l1_0 
    left join
        users u1_0 
            on u1_0.id=l1_0.user_id 
    where
        l1_0.recipe_id=?
2025-05-13T02:42:12.738+07:00 DEBUG 30964 --- [http-nio-8080-exec-3] org.hibernate.SQL                        : 
    select
        c1_0.id,
        c1_0.content,
        c1_0.created_at,
        c1_0.recipe_id,
        c1_0.user_id 
    from
        comments c1_0 
    where
        c1_0.recipe_id=?
2025-05-13T02:42:12.740+07:00 DEBUG 30964 --- [http-nio-8080-exec-3] org.hibernate.SQL                        : 
    select
        r1_0.recipe_id,
        r1_0.id,
        r1_0.rated_at,
        r1_0.score,
        u1_0.id,
        u1_0.avatar_url,
        u1_0.date_of_birth,
        u1_0.full_name,
        u1_0.username 
    from
        ratings r1_0 
    left join
        users u1_0 
            on u1_0.id=r1_0.user_id 
    where
        r1_0.recipe_id=?
2025-05-13T02:42:12.742+07:00 DEBUG 30964 --- [http-nio-8080-exec-3] org.hibernate.SQL                        : 
    select
        l1_0.recipe_id,
        l1_0.id,
        l1_0.liked_at,
        u1_0.id,
        u1_0.avatar_url,
        u1_0.date_of_birth,
        u1_0.full_name,
        u1_0.username 
    from
        likes l1_0 
    left join
        users u1_0 
            on u1_0.id=l1_0.user_id 
    where
        l1_0.recipe_id=?
2025-05-13T02:42:12.746+07:00 DEBUG 30964 --- [http-nio-8080-exec-3] org.hibernate.SQL                        : 
    select
        c1_0.id,
        c1_0.content,
        c1_0.created_at,
        c1_0.recipe_id,
        c1_0.user_id 
    from
        comments c1_0 
    where
        c1_0.recipe_id=?
2025-05-13T02:42:27.140+07:00 DEBUG 30964 --- [http-nio-8080-exec-7] org.hibernate.SQL                        : 
    select
        u1_0.id,
        u1_0.avatar_url,
        u1_0.date_of_birth,
        u1_0.full_name,
        u1_0.username 
    from
        users u1_0 
    where
        u1_0.username=?
2025-05-13T02:42:27.144+07:00 DEBUG 30964 --- [http-nio-8080-exec-7] org.hibernate.SQL                        : 
    select
        count(f1_0.id) 
    from
        follows f1_0 
    where
        f1_0.following_id=?
2025-05-13T02:42:27.147+07:00 DEBUG 30964 --- [http-nio-8080-exec-7] org.hibernate.SQL                        : 
    select
        count(f1_0.id) 
    from
        follows f1_0 
    where
        f1_0.follower_id=?
2025-05-13T02:42:27.149+07:00 DEBUG 30964 --- [http-nio-8080-exec-7] org.hibernate.SQL                        : 
    select
        r1_0.id,
        r1_0.user_id,
        r1_0.description,
        r1_0.image_url,
        r1_0.title 
    from
        recipes r1_0 
    where
        r1_0.user_id=?
2025-05-13T02:42:27.152+07:00 DEBUG 30964 --- [http-nio-8080-exec-7] org.hibernate.SQL                        : 
    select
        avg(r1_0.score) 
    from
        ratings r1_0 
    join
        recipes r2_0 
            on r2_0.id=r1_0.recipe_id 
    where
        r2_0.user_id=?
2025-05-13T02:42:32.379+07:00 DEBUG 30964 --- [http-nio-8080-exec-8] org.hibernate.SQL                        : 
    select
        u1_0.id,
        u1_0.avatar_url,
        u1_0.date_of_birth,
        u1_0.full_name,
        u1_0.username 
    from
        users u1_0 
    where
        u1_0.username=?
2025-05-13T02:42:32.388+07:00 DEBUG 30964 --- [http-nio-8080-exec-8] org.hibernate.SQL                        : 
    select
        u1_0.id,
        u1_0.avatar_url,
        u1_0.date_of_birth,
        u1_0.full_name,
        u1_0.username 
    from
        users u1_0 
    where
        u1_0.username=?
2025-05-13T02:42:32.393+07:00 DEBUG 30964 --- [http-nio-8080-exec-8] org.hibernate.SQL                        : 
    update
        users 
    set
        avatar_url=?,
        date_of_birth=?,
        full_name=?,
        username=? 
    where
        id=?
2025-05-13T02:42:34.920+07:00 DEBUG 30964 --- [http-nio-8080-exec-10] org.hibernate.SQL                        : 
    select
        u1_0.id,
        u1_0.avatar_url,
        u1_0.date_of_birth,
        u1_0.full_name,
        u1_0.username 
    from
        users u1_0 
    where
        u1_0.username=?
2025-05-13T02:42:34.945+07:00 DEBUG 30964 --- [http-nio-8080-exec-10] org.hibernate.SQL                        : 
    select
        count(f1_0.id) 
    from
        follows f1_0 
    where
        f1_0.following_id=?
2025-05-13T02:42:34.947+07:00 DEBUG 30964 --- [http-nio-8080-exec-10] org.hibernate.SQL                        : 
    select
        count(f1_0.id) 
    from
        follows f1_0 
    where
        f1_0.follower_id=?
2025-05-13T02:42:34.950+07:00 DEBUG 30964 --- [http-nio-8080-exec-10] org.hibernate.SQL                        : 
    select
        r1_0.id,
        r1_0.user_id,
        r1_0.description,
        r1_0.image_url,
        r1_0.title 
    from
        recipes r1_0 
    where
        r1_0.user_id=?
2025-05-13T02:42:34.952+07:00 DEBUG 30964 --- [http-nio-8080-exec-10] org.hibernate.SQL                        : 
    select
        avg(r1_0.score) 
    from
        ratings r1_0 
    join
        recipes r2_0 
            on r2_0.id=r1_0.recipe_id 
    where
        r2_0.user_id=?
2025-05-13T02:42:34.960+07:00 DEBUG 30964 --- [http-nio-8080-exec-10] org.hibernate.SQL                        : 
    select
        u1_0.id,
        u1_0.avatar_url,
        u1_0.date_of_birth,
        u1_0.full_name,
        u1_0.username 
    from
        users u1_0 
    where
        u1_0.username=?
2025-05-13T02:42:34.969+07:00 DEBUG 30964 --- [http-nio-8080-exec-10] org.hibernate.SQL                        : 
    select
        r1_0.id,
        r1_0.user_id,
        r1_0.description,
        r1_0.image_url,
        r1_0.title 
    from
        recipes r1_0 
    where
        r1_0.user_id=?
2025-05-13T02:42:34.977+07:00 DEBUG 30964 --- [http-nio-8080-exec-10] org.hibernate.SQL                        : 
    select
        r1_0.recipe_id,
        r1_0.id,
        r1_0.rated_at,
        r1_0.score,
        u1_0.id,
        u1_0.avatar_url,
        u1_0.date_of_birth,
        u1_0.full_name,
        u1_0.username 
    from
        ratings r1_0 
    left join
        users u1_0 
            on u1_0.id=r1_0.user_id 
    where
        r1_0.recipe_id=?
2025-05-13T02:42:34.982+07:00 DEBUG 30964 --- [http-nio-8080-exec-10] org.hibernate.SQL                        : 
    select
        l1_0.recipe_id,
        l1_0.id,
        l1_0.liked_at,
        u1_0.id,
        u1_0.avatar_url,
        u1_0.date_of_birth,
        u1_0.full_name,
        u1_0.username 
    from
        likes l1_0 
    left join
        users u1_0 
            on u1_0.id=l1_0.user_id 
    where
        l1_0.recipe_id=?
2025-05-13T02:42:34.988+07:00 DEBUG 30964 --- [http-nio-8080-exec-10] org.hibernate.SQL                        : 
    select
        c1_0.id,
        c1_0.content,
        c1_0.created_at,
        c1_0.recipe_id,
        c1_0.user_id 
    from
        comments c1_0 
    where
        c1_0.recipe_id=?
2025-05-13T02:42:34.991+07:00 DEBUG 30964 --- [http-nio-8080-exec-10] org.hibernate.SQL                        : 
    select
        r1_0.recipe_id,
        r1_0.id,
        r1_0.rated_at,
        r1_0.score,
        u1_0.id,
        u1_0.avatar_url,
        u1_0.date_of_birth,
        u1_0.full_name,
        u1_0.username 
    from
        ratings r1_0 
    left join
        users u1_0 
            on u1_0.id=r1_0.user_id 
    where
        r1_0.recipe_id=?
2025-05-13T02:42:34.993+07:00 DEBUG 30964 --- [http-nio-8080-exec-10] org.hibernate.SQL                        : 
    select
        l1_0.recipe_id,
        l1_0.id,
        l1_0.liked_at,
        u1_0.id,
        u1_0.avatar_url,
        u1_0.date_of_birth,
        u1_0.full_name,
        u1_0.username 
    from
        likes l1_0 
    left join
        users u1_0 
            on u1_0.id=l1_0.user_id 
    where
        l1_0.recipe_id=?
2025-05-13T02:42:34.996+07:00 DEBUG 30964 --- [http-nio-8080-exec-10] org.hibernate.SQL                        : 
    select
        c1_0.id,
        c1_0.content,
        c1_0.created_at,
        c1_0.recipe_id,
        c1_0.user_id 
    from
        comments c1_0 
    where
        c1_0.recipe_id=?
2025-05-13T02:44:31.970+07:00 DEBUG 30964 --- [http-nio-8080-exec-4] org.hibernate.SQL                        : 
    select
        u1_0.id,
        u1_0.avatar_url,
        u1_0.date_of_birth,
        u1_0.full_name,
        u1_0.username 
    from
        users u1_0 
    where
        u1_0.username=?
2025-05-13T02:44:31.972+07:00 DEBUG 30964 --- [http-nio-8080-exec-4] org.hibernate.SQL                        : 
    select
        count(f1_0.id) 
    from
        follows f1_0 
    where
        f1_0.following_id=?
2025-05-13T02:44:31.975+07:00 DEBUG 30964 --- [http-nio-8080-exec-4] org.hibernate.SQL                        : 
    select
        count(f1_0.id) 
    from
        follows f1_0 
    where
        f1_0.follower_id=?
2025-05-13T02:44:31.976+07:00 DEBUG 30964 --- [http-nio-8080-exec-4] org.hibernate.SQL                        : 
    select
        r1_0.id,
        r1_0.user_id,
        r1_0.description,
        r1_0.image_url,
        r1_0.title 
    from
        recipes r1_0 
    where
        r1_0.user_id=?
2025-05-13T02:44:31.980+07:00 DEBUG 30964 --- [http-nio-8080-exec-4] org.hibernate.SQL                        : 
    select
        avg(r1_0.score) 
    from
        ratings r1_0 
    join
        recipes r2_0 
            on r2_0.id=r1_0.recipe_id 
    where
        r2_0.user_id=?
2025-05-13T02:44:48.346+07:00 DEBUG 30964 --- [http-nio-8080-exec-5] org.hibernate.SQL                        : 
    select
        u1_0.id,
        u1_0.avatar_url,
        u1_0.date_of_birth,
        u1_0.full_name,
        u1_0.username 
    from
        users u1_0 
    where
        u1_0.username=?
2025-05-13T02:44:48.350+07:00 DEBUG 30964 --- [http-nio-8080-exec-5] org.hibernate.SQL                        : 
    select
        u1_0.id,
        u1_0.avatar_url,
        u1_0.date_of_birth,
        u1_0.full_name,
        u1_0.username 
    from
        users u1_0 
    where
        u1_0.username=?
2025-05-13T02:44:48.353+07:00 DEBUG 30964 --- [http-nio-8080-exec-5] org.hibernate.SQL                        : 
    update
        users 
    set
        avatar_url=?,
        date_of_birth=?,
        full_name=?,
        username=? 
    where
        id=?
2025-05-13T02:44:50.894+07:00 DEBUG 30964 --- [http-nio-8080-exec-7] org.hibernate.SQL                        : 
    select
        u1_0.id,
        u1_0.avatar_url,
        u1_0.date_of_birth,
        u1_0.full_name,
        u1_0.username 
    from
        users u1_0 
    where
        u1_0.username=?
2025-05-13T02:44:50.913+07:00 DEBUG 30964 --- [http-nio-8080-exec-7] org.hibernate.SQL                        : 
    select
        count(f1_0.id) 
    from
        follows f1_0 
    where
        f1_0.following_id=?
2025-05-13T02:44:50.916+07:00 DEBUG 30964 --- [http-nio-8080-exec-7] org.hibernate.SQL                        : 
    select
        count(f1_0.id) 
    from
        follows f1_0 
    where
        f1_0.follower_id=?
2025-05-13T02:44:50.921+07:00 DEBUG 30964 --- [http-nio-8080-exec-7] org.hibernate.SQL                        : 
    select
        r1_0.id,
        r1_0.user_id,
        r1_0.description,
        r1_0.image_url,
        r1_0.title 
    from
        recipes r1_0 
    where
        r1_0.user_id=?
2025-05-13T02:44:50.928+07:00 DEBUG 30964 --- [http-nio-8080-exec-7] org.hibernate.SQL                        : 
    select
        avg(r1_0.score) 
    from
        ratings r1_0 
    join
        recipes r2_0 
            on r2_0.id=r1_0.recipe_id 
    where
        r2_0.user_id=?
2025-05-13T02:44:50.932+07:00 DEBUG 30964 --- [http-nio-8080-exec-7] org.hibernate.SQL                        : 
    select
        u1_0.id,
        u1_0.avatar_url,
        u1_0.date_of_birth,
        u1_0.full_name,
        u1_0.username 
    from
        users u1_0 
    where
        u1_0.username=?
2025-05-13T02:44:50.935+07:00 DEBUG 30964 --- [http-nio-8080-exec-7] org.hibernate.SQL                        : 
    select
        r1_0.id,
        r1_0.user_id,
        r1_0.description,
        r1_0.image_url,
        r1_0.title 
    from
        recipes r1_0 
    where
        r1_0.user_id=?
2025-05-13T02:44:50.943+07:00 DEBUG 30964 --- [http-nio-8080-exec-7] org.hibernate.SQL                        : 
    select
        r1_0.recipe_id,
        r1_0.id,
        r1_0.rated_at,
        r1_0.score,
        u1_0.id,
        u1_0.avatar_url,
        u1_0.date_of_birth,
        u1_0.full_name,
        u1_0.username 
    from
        ratings r1_0 
    left join
        users u1_0 
            on u1_0.id=r1_0.user_id 
    where
        r1_0.recipe_id=?
2025-05-13T02:44:50.947+07:00 DEBUG 30964 --- [http-nio-8080-exec-7] org.hibernate.SQL                        : 
    select
        l1_0.recipe_id,
        l1_0.id,
        l1_0.liked_at,
        u1_0.id,
        u1_0.avatar_url,
        u1_0.date_of_birth,
        u1_0.full_name,
        u1_0.username 
    from
        likes l1_0 
    left join
        users u1_0 
            on u1_0.id=l1_0.user_id 
    where
        l1_0.recipe_id=?
2025-05-13T02:44:50.950+07:00 DEBUG 30964 --- [http-nio-8080-exec-7] org.hibernate.SQL                        : 
    select
        c1_0.id,
        c1_0.content,
        c1_0.created_at,
        c1_0.recipe_id,
        c1_0.user_id 
    from
        comments c1_0 
    where
        c1_0.recipe_id=?
2025-05-13T02:44:50.952+07:00 DEBUG 30964 --- [http-nio-8080-exec-7] org.hibernate.SQL                        : 
    select
        r1_0.recipe_id,
        r1_0.id,
        r1_0.rated_at,
        r1_0.score,
        u1_0.id,
        u1_0.avatar_url,
        u1_0.date_of_birth,
        u1_0.full_name,
        u1_0.username 
    from
        ratings r1_0 
    left join
        users u1_0 
            on u1_0.id=r1_0.user_id 
    where
        r1_0.recipe_id=?
2025-05-13T02:44:50.956+07:00 DEBUG 30964 --- [http-nio-8080-exec-7] org.hibernate.SQL                        : 
    select
        l1_0.recipe_id,
        l1_0.id,
        l1_0.liked_at,
        u1_0.id,
        u1_0.avatar_url,
        u1_0.date_of_birth,
        u1_0.full_name,
        u1_0.username 
    from
        likes l1_0 
    left join
        users u1_0 
            on u1_0.id=l1_0.user_id 
    where
        l1_0.recipe_id=?
2025-05-13T02:44:50.967+07:00 DEBUG 30964 --- [http-nio-8080-exec-7] org.hibernate.SQL                        : 
    select
        c1_0.id,
        c1_0.content,
        c1_0.created_at,
        c1_0.recipe_id,
        c1_0.user_id 
    from
        comments c1_0 
    where
        c1_0.recipe_id=?
2025-05-13T02:53:32.588+07:00 DEBUG 30964 --- [http-nio-8080-exec-3] org.hibernate.SQL                        : 
    select
        u1_0.id,
        u1_0.avatar_url,
        u1_0.date_of_birth,
        u1_0.full_name,
        u1_0.username 
    from
        users u1_0 
    where
        u1_0.username=?
2025-05-13T02:53:32.592+07:00 DEBUG 30964 --- [http-nio-8080-exec-3] org.hibernate.SQL                        : 
    select
        count(f1_0.id) 
    from
        follows f1_0 
    where
        f1_0.following_id=?
2025-05-13T02:53:32.595+07:00 DEBUG 30964 --- [http-nio-8080-exec-3] org.hibernate.SQL                        : 
    select
        count(f1_0.id) 
    from
        follows f1_0 
    where
        f1_0.follower_id=?
2025-05-13T02:53:32.597+07:00 DEBUG 30964 --- [http-nio-8080-exec-3] org.hibernate.SQL                        : 
    select
        r1_0.id,
        r1_0.user_id,
        r1_0.description,
        r1_0.image_url,
        r1_0.title 
    from
        recipes r1_0 
    where
        r1_0.user_id=?
2025-05-13T02:53:32.600+07:00 DEBUG 30964 --- [http-nio-8080-exec-3] org.hibernate.SQL                        : 
    select
        avg(r1_0.score) 
    from
        ratings r1_0 
    join
        recipes r2_0 
            on r2_0.id=r1_0.recipe_id 
    where
        r2_0.user_id=?
2025-05-13T02:54:22.159+07:00  INFO 30964 --- [SpringApplicationShutdownHook] o.s.b.w.e.tomcat.GracefulShutdown        : Commencing graceful shutdown. Waiting for active requests to complete
2025-05-13T02:54:22.166+07:00  INFO 30964 --- [tomcat-shutdown] o.s.b.w.e.tomcat.GracefulShutdown        : Graceful shutdown complete
2025-05-13T02:54:22.176+07:00  INFO 30964 --- [SpringApplicationShutdownHook] j.LocalContainerEntityManagerFactoryBean : Closing JPA EntityManagerFactory for persistence unit 'default'
2025-05-13T02:54:22.180+07:00  INFO 30964 --- [SpringApplicationShutdownHook] com.zaxxer.hikari.HikariDataSource       : HikariPool-1 - Shutdown initiated...
2025-05-13T02:54:22.188+07:00  INFO 30964 --- [SpringApplicationShutdownHook] com.zaxxer.hikari.HikariDataSource       : HikariPool-1 - Shutdown completed.
2025-05-13T02:54:26.719+07:00  INFO 26960 --- [restartedMain] c.r.backend.BackendApplication           : Starting BackendApplication using Java 23 with PID 26960 (C:\RecipeSharingWebsite\backend\target\classes started by haiye in C:\RecipeSharingWebsite\backend)
2025-05-13T02:54:26.724+07:00  INFO 26960 --- [restartedMain] c.r.backend.BackendApplication           : No active profile set, falling back to 1 default profile: "default"
2025-05-13T02:54:26.898+07:00  INFO 26960 --- [restartedMain] .e.DevToolsPropertyDefaultsPostProcessor : Devtools property defaults active! Set 'spring.devtools.add-properties' to 'false' to disable
2025-05-13T02:54:26.899+07:00  INFO 26960 --- [restartedMain] .e.DevToolsPropertyDefaultsPostProcessor : For additional web related logging consider setting the 'logging.level.web' property to 'DEBUG'
2025-05-13T02:54:28.733+07:00  INFO 26960 --- [restartedMain] .s.d.r.c.RepositoryConfigurationDelegate : Bootstrapping Spring Data JPA repositories in DEFAULT mode.
2025-05-13T02:54:28.915+07:00  INFO 26960 --- [restartedMain] .s.d.r.c.RepositoryConfigurationDelegate : Finished Spring Data repository scanning in 161 ms. Found 7 JPA repository interfaces.
2025-05-13T02:54:30.188+07:00  INFO 26960 --- [restartedMain] o.s.b.w.embedded.tomcat.TomcatWebServer  : Tomcat initialized with port 8080 (http)
2025-05-13T02:54:30.235+07:00  INFO 26960 --- [restartedMain] o.apache.catalina.core.StandardService   : Starting service [Tomcat]
2025-05-13T02:54:30.235+07:00  INFO 26960 --- [restartedMain] o.apache.catalina.core.StandardEngine    : Starting Servlet engine: [Apache Tomcat/10.1.40]
2025-05-13T02:54:30.412+07:00  INFO 26960 --- [restartedMain] o.a.c.c.C.[Tomcat].[localhost].[/]       : Initializing Spring embedded WebApplicationContext
2025-05-13T02:54:30.413+07:00  INFO 26960 --- [restartedMain] w.s.c.ServletWebServerApplicationContext : Root WebApplicationContext: initialization completed in 3512 ms
2025-05-13T02:54:30.785+07:00  INFO 26960 --- [restartedMain] o.hibernate.jpa.internal.util.LogHelper  : HHH000204: Processing PersistenceUnitInfo [name: default]
2025-05-13T02:54:30.975+07:00  INFO 26960 --- [restartedMain] org.hibernate.Version                    : HHH000412: Hibernate ORM core version 6.6.13.Final
2025-05-13T02:54:31.091+07:00  INFO 26960 --- [restartedMain] o.h.c.internal.RegionFactoryInitiator    : HHH000026: Second-level cache disabled
2025-05-13T02:54:31.930+07:00  INFO 26960 --- [restartedMain] o.s.o.j.p.SpringPersistenceUnitInfo      : No LoadTimeWeaver setup: ignoring JPA class transformer
2025-05-13T02:54:32.018+07:00  INFO 26960 --- [restartedMain] com.zaxxer.hikari.HikariDataSource       : HikariPool-1 - Starting...
2025-05-13T02:54:32.514+07:00  INFO 26960 --- [restartedMain] com.zaxxer.hikari.pool.HikariPool        : HikariPool-1 - Added connection com.mysql.cj.jdbc.ConnectionImpl@1d10db0a
2025-05-13T02:54:32.522+07:00  INFO 26960 --- [restartedMain] com.zaxxer.hikari.HikariDataSource       : HikariPool-1 - Start completed.
2025-05-13T02:54:32.611+07:00  WARN 26960 --- [restartedMain] org.hibernate.orm.deprecation            : HHH90000025: MySQL8Dialect does not need to be specified explicitly using 'hibernate.dialect' (remove the property setting and it will be selected by default)
2025-05-13T02:54:32.612+07:00  WARN 26960 --- [restartedMain] org.hibernate.orm.deprecation            : HHH90000026: MySQL8Dialect has been deprecated; use org.hibernate.dialect.MySQLDialect instead
2025-05-13T02:54:32.657+07:00  INFO 26960 --- [restartedMain] org.hibernate.orm.connections.pooling    : HHH10001005: Database info:
	Database JDBC URL [Connecting through datasource 'HikariDataSource (HikariPool-1)']
	Database driver: undefined/unknown
	Database version: 8.0
	Autocommit mode: undefined/unknown
	Isolation level: undefined/unknown
	Minimum pool size: undefined/unknown
	Maximum pool size: undefined/unknown
2025-05-13T02:54:35.940+07:00  INFO 26960 --- [restartedMain] o.h.e.t.j.p.i.JtaPlatformInitiator       : HHH000489: No JTA platform available (set 'hibernate.transaction.jta.platform' to enable JTA platform integration)
2025-05-13T02:54:35.946+07:00  INFO 26960 --- [restartedMain] j.LocalContainerEntityManagerFactoryBean : Initialized JPA EntityManagerFactory for persistence unit 'default'
2025-05-13T02:54:37.643+07:00  INFO 26960 --- [restartedMain] o.s.d.j.r.query.QueryEnhancerFactory     : Hibernate is in classpath; If applicable, HQL parser will be used.
2025-05-13T02:54:39.278+07:00  WARN 26960 --- [restartedMain] JpaBaseConfiguration$JpaWebConfiguration : spring.jpa.open-in-view is enabled by default. Therefore, database queries may be performed during view rendering. Explicitly configure spring.jpa.open-in-view to disable this warning
2025-05-13T02:54:40.257+07:00  INFO 26960 --- [restartedMain] o.s.b.d.a.OptionalLiveReloadServer       : LiveReload server is running on port 35729
2025-05-13T02:54:40.399+07:00  INFO 26960 --- [restartedMain] o.s.b.w.embedded.tomcat.TomcatWebServer  : Tomcat started on port 8080 (http) with context path '/'
2025-05-13T02:54:40.422+07:00  INFO 26960 --- [restartedMain] c.r.backend.BackendApplication           : Started BackendApplication in 15.167 seconds (process running for 16.344)
2025-05-13T02:54:41.296+07:00  INFO 26960 --- [http-nio-8080-exec-1] o.a.c.c.C.[Tomcat].[localhost].[/]       : Initializing Spring DispatcherServlet 'dispatcherServlet'
2025-05-13T02:54:41.298+07:00  INFO 26960 --- [http-nio-8080-exec-1] o.s.web.servlet.DispatcherServlet        : Initializing Servlet 'dispatcherServlet'
2025-05-13T02:54:41.302+07:00  INFO 26960 --- [http-nio-8080-exec-1] o.s.web.servlet.DispatcherServlet        : Completed initialization in 4 ms
2025-05-13T02:54:41.537+07:00 DEBUG 26960 --- [http-nio-8080-exec-2] org.hibernate.SQL                        : 
    select
        u1_0.id,
        u1_0.avatar_url,
        u1_0.date_of_birth,
        u1_0.full_name,
        u1_0.username 
    from
        users u1_0 
    where
        u1_0.username=?
2025-05-13T02:54:41.537+07:00 DEBUG 26960 --- [http-nio-8080-exec-1] org.hibernate.SQL                        : 
    select
        u1_0.id,
        u1_0.avatar_url,
        u1_0.date_of_birth,
        u1_0.full_name,
        u1_0.username 
    from
        users u1_0 
    where
        u1_0.username=?
2025-05-13T02:54:41.696+07:00 DEBUG 26960 --- [http-nio-8080-exec-2] org.hibernate.SQL                        : 
    select
        count(f1_0.id) 
    from
        follows f1_0 
    where
        f1_0.following_id=?
2025-05-13T02:54:41.696+07:00 DEBUG 26960 --- [http-nio-8080-exec-1] org.hibernate.SQL                        : 
    select
        count(f1_0.id) 
    from
        follows f1_0 
    where
        f1_0.following_id=?
2025-05-13T02:54:41.702+07:00 DEBUG 26960 --- [http-nio-8080-exec-2] org.hibernate.SQL                        : 
    select
        count(f1_0.id) 
    from
        follows f1_0 
    where
        f1_0.follower_id=?
2025-05-13T02:54:41.702+07:00 DEBUG 26960 --- [http-nio-8080-exec-1] org.hibernate.SQL                        : 
    select
        count(f1_0.id) 
    from
        follows f1_0 
    where
        f1_0.follower_id=?
2025-05-13T02:54:41.713+07:00 DEBUG 26960 --- [http-nio-8080-exec-1] org.hibernate.SQL                        : 
    select
        r1_0.id,
        r1_0.user_id,
        r1_0.description,
        r1_0.image_url,
        r1_0.title 
    from
        recipes r1_0 
    where
        r1_0.user_id=?
2025-05-13T02:54:41.713+07:00 DEBUG 26960 --- [http-nio-8080-exec-2] org.hibernate.SQL                        : 
    select
        r1_0.id,
        r1_0.user_id,
        r1_0.description,
        r1_0.image_url,
        r1_0.title 
    from
        recipes r1_0 
    where
        r1_0.user_id=?
2025-05-13T02:54:41.734+07:00 DEBUG 26960 --- [http-nio-8080-exec-2] org.hibernate.SQL                        : 
    select
        avg(r1_0.score) 
    from
        ratings r1_0 
    join
        recipes r2_0 
            on r2_0.id=r1_0.recipe_id 
    where
        r2_0.user_id=?
2025-05-13T02:54:41.734+07:00 DEBUG 26960 --- [http-nio-8080-exec-1] org.hibernate.SQL                        : 
    select
        avg(r1_0.score) 
    from
        ratings r1_0 
    join
        recipes r2_0 
            on r2_0.id=r1_0.recipe_id 
    where
        r2_0.user_id=?
2025-05-13T02:54:41.742+07:00 DEBUG 26960 --- [http-nio-8080-exec-1] org.hibernate.SQL                        : 
    select
        u1_0.id,
        u1_0.avatar_url,
        u1_0.date_of_birth,
        u1_0.full_name,
        u1_0.username 
    from
        users u1_0 
    where
        u1_0.username=?
2025-05-13T02:54:41.751+07:00 DEBUG 26960 --- [http-nio-8080-exec-1] org.hibernate.SQL                        : 
    select
        r1_0.id,
        r1_0.user_id,
        r1_0.description,
        r1_0.image_url,
        r1_0.title 
    from
        recipes r1_0 
    where
        r1_0.user_id=?
2025-05-13T02:54:41.761+07:00 DEBUG 26960 --- [http-nio-8080-exec-1] org.hibernate.SQL                        : 
    select
        r1_0.recipe_id,
        r1_0.id,
        r1_0.rated_at,
        r1_0.score,
        u1_0.id,
        u1_0.avatar_url,
        u1_0.date_of_birth,
        u1_0.full_name,
        u1_0.username 
    from
        ratings r1_0 
    left join
        users u1_0 
            on u1_0.id=r1_0.user_id 
    where
        r1_0.recipe_id=?
2025-05-13T02:54:41.784+07:00 DEBUG 26960 --- [http-nio-8080-exec-1] org.hibernate.SQL                        : 
    select
        l1_0.recipe_id,
        l1_0.id,
        l1_0.liked_at,
        u1_0.id,
        u1_0.avatar_url,
        u1_0.date_of_birth,
        u1_0.full_name,
        u1_0.username 
    from
        likes l1_0 
    left join
        users u1_0 
            on u1_0.id=l1_0.user_id 
    where
        l1_0.recipe_id=?
2025-05-13T02:54:41.804+07:00 DEBUG 26960 --- [http-nio-8080-exec-1] org.hibernate.SQL                        : 
    select
        c1_0.id,
        c1_0.content,
        c1_0.created_at,
        c1_0.recipe_id,
        c1_0.user_id 
    from
        comments c1_0 
    where
        c1_0.recipe_id=?
2025-05-13T02:54:41.810+07:00 DEBUG 26960 --- [http-nio-8080-exec-1] org.hibernate.SQL                        : 
    select
        r1_0.recipe_id,
        r1_0.id,
        r1_0.rated_at,
        r1_0.score,
        u1_0.id,
        u1_0.avatar_url,
        u1_0.date_of_birth,
        u1_0.full_name,
        u1_0.username 
    from
        ratings r1_0 
    left join
        users u1_0 
            on u1_0.id=r1_0.user_id 
    where
        r1_0.recipe_id=?
2025-05-13T02:54:41.816+07:00 DEBUG 26960 --- [http-nio-8080-exec-1] org.hibernate.SQL                        : 
    select
        l1_0.recipe_id,
        l1_0.id,
        l1_0.liked_at,
        u1_0.id,
        u1_0.avatar_url,
        u1_0.date_of_birth,
        u1_0.full_name,
        u1_0.username 
    from
        likes l1_0 
    left join
        users u1_0 
            on u1_0.id=l1_0.user_id 
    where
        l1_0.recipe_id=?
2025-05-13T02:54:41.825+07:00 DEBUG 26960 --- [http-nio-8080-exec-1] org.hibernate.SQL                        : 
    select
        c1_0.id,
        c1_0.content,
        c1_0.created_at,
        c1_0.recipe_id,
        c1_0.user_id 
    from
        comments c1_0 
    where
        c1_0.recipe_id=?
2025-05-13T02:54:44.109+07:00 DEBUG 26960 --- [http-nio-8080-exec-6] org.hibernate.SQL                        : 
    select
        u1_0.id,
        u1_0.avatar_url,
        u1_0.date_of_birth,
        u1_0.full_name,
        u1_0.username 
    from
        users u1_0 
    where
        u1_0.username=?
2025-05-13T02:54:44.116+07:00 DEBUG 26960 --- [http-nio-8080-exec-6] org.hibernate.SQL                        : 
    select
        count(f1_0.id) 
    from
        follows f1_0 
    where
        f1_0.following_id=?
2025-05-13T02:54:44.121+07:00 DEBUG 26960 --- [http-nio-8080-exec-6] org.hibernate.SQL                        : 
    select
        count(f1_0.id) 
    from
        follows f1_0 
    where
        f1_0.follower_id=?
2025-05-13T02:54:44.126+07:00 DEBUG 26960 --- [http-nio-8080-exec-6] org.hibernate.SQL                        : 
    select
        r1_0.id,
        r1_0.user_id,
        r1_0.description,
        r1_0.image_url,
        r1_0.title 
    from
        recipes r1_0 
    where
        r1_0.user_id=?
2025-05-13T02:54:44.130+07:00 DEBUG 26960 --- [http-nio-8080-exec-6] org.hibernate.SQL                        : 
    select
        avg(r1_0.score) 
    from
        ratings r1_0 
    join
        recipes r2_0 
            on r2_0.id=r1_0.recipe_id 
    where
        r2_0.user_id=?
2025-05-13T02:54:46.196+07:00 DEBUG 26960 --- [http-nio-8080-exec-7] org.hibernate.SQL                        : 
    select
        u1_0.id,
        u1_0.avatar_url,
        u1_0.date_of_birth,
        u1_0.full_name,
        u1_0.username 
    from
        users u1_0 
    where
        u1_0.username=?
2025-05-13T02:54:46.200+07:00 DEBUG 26960 --- [http-nio-8080-exec-7] org.hibernate.SQL                        : 
    select
        count(f1_0.id) 
    from
        follows f1_0 
    where
        f1_0.following_id=?
2025-05-13T02:54:46.203+07:00 DEBUG 26960 --- [http-nio-8080-exec-7] org.hibernate.SQL                        : 
    select
        count(f1_0.id) 
    from
        follows f1_0 
    where
        f1_0.follower_id=?
2025-05-13T02:54:46.208+07:00 DEBUG 26960 --- [http-nio-8080-exec-7] org.hibernate.SQL                        : 
    select
        r1_0.id,
        r1_0.user_id,
        r1_0.description,
        r1_0.image_url,
        r1_0.title 
    from
        recipes r1_0 
    where
        r1_0.user_id=?
2025-05-13T02:54:46.214+07:00 DEBUG 26960 --- [http-nio-8080-exec-7] org.hibernate.SQL                        : 
    select
        avg(r1_0.score) 
    from
        ratings r1_0 
    join
        recipes r2_0 
            on r2_0.id=r1_0.recipe_id 
    where
        r2_0.user_id=?
2025-05-13T02:54:46.219+07:00 DEBUG 26960 --- [http-nio-8080-exec-7] org.hibernate.SQL                        : 
    select
        u1_0.id,
        u1_0.avatar_url,
        u1_0.date_of_birth,
        u1_0.full_name,
        u1_0.username 
    from
        users u1_0 
    where
        u1_0.username=?
2025-05-13T02:54:46.224+07:00 DEBUG 26960 --- [http-nio-8080-exec-7] org.hibernate.SQL                        : 
    select
        r1_0.id,
        r1_0.user_id,
        r1_0.description,
        r1_0.image_url,
        r1_0.title 
    from
        recipes r1_0 
    where
        r1_0.user_id=?
2025-05-13T02:54:46.227+07:00 DEBUG 26960 --- [http-nio-8080-exec-7] org.hibernate.SQL                        : 
    select
        r1_0.recipe_id,
        r1_0.id,
        r1_0.rated_at,
        r1_0.score,
        u1_0.id,
        u1_0.avatar_url,
        u1_0.date_of_birth,
        u1_0.full_name,
        u1_0.username 
    from
        ratings r1_0 
    left join
        users u1_0 
            on u1_0.id=r1_0.user_id 
    where
        r1_0.recipe_id=?
2025-05-13T02:54:46.231+07:00 DEBUG 26960 --- [http-nio-8080-exec-7] org.hibernate.SQL                        : 
    select
        l1_0.recipe_id,
        l1_0.id,
        l1_0.liked_at,
        u1_0.id,
        u1_0.avatar_url,
        u1_0.date_of_birth,
        u1_0.full_name,
        u1_0.username 
    from
        likes l1_0 
    left join
        users u1_0 
            on u1_0.id=l1_0.user_id 
    where
        l1_0.recipe_id=?
2025-05-13T02:54:46.240+07:00 DEBUG 26960 --- [http-nio-8080-exec-7] org.hibernate.SQL                        : 
    select
        c1_0.id,
        c1_0.content,
        c1_0.created_at,
        c1_0.recipe_id,
        c1_0.user_id 
    from
        comments c1_0 
    where
        c1_0.recipe_id=?
2025-05-13T02:54:46.250+07:00 DEBUG 26960 --- [http-nio-8080-exec-7] org.hibernate.SQL                        : 
    select
        r1_0.recipe_id,
        r1_0.id,
        r1_0.rated_at,
        r1_0.score,
        u1_0.id,
        u1_0.avatar_url,
        u1_0.date_of_birth,
        u1_0.full_name,
        u1_0.username 
    from
        ratings r1_0 
    left join
        users u1_0 
            on u1_0.id=r1_0.user_id 
    where
        r1_0.recipe_id=?
2025-05-13T02:54:46.252+07:00 DEBUG 26960 --- [http-nio-8080-exec-7] org.hibernate.SQL                        : 
    select
        l1_0.recipe_id,
        l1_0.id,
        l1_0.liked_at,
        u1_0.id,
        u1_0.avatar_url,
        u1_0.date_of_birth,
        u1_0.full_name,
        u1_0.username 
    from
        likes l1_0 
    left join
        users u1_0 
            on u1_0.id=l1_0.user_id 
    where
        l1_0.recipe_id=?
2025-05-13T02:54:46.262+07:00 DEBUG 26960 --- [http-nio-8080-exec-7] org.hibernate.SQL                        : 
    select
        c1_0.id,
        c1_0.content,
        c1_0.created_at,
        c1_0.recipe_id,
        c1_0.user_id 
    from
        comments c1_0 
    where
        c1_0.recipe_id=?
2025-05-13T02:54:47.522+07:00 DEBUG 26960 --- [http-nio-8080-exec-2] org.hibernate.SQL                        : 
    select
        u1_0.id,
        u1_0.avatar_url,
        u1_0.date_of_birth,
        u1_0.full_name,
        u1_0.username 
    from
        users u1_0 
    where
        u1_0.username=?
2025-05-13T02:54:47.528+07:00 DEBUG 26960 --- [http-nio-8080-exec-2] org.hibernate.SQL                        : 
    select
        count(f1_0.id) 
    from
        follows f1_0 
    where
        f1_0.following_id=?
2025-05-13T02:54:47.531+07:00 DEBUG 26960 --- [http-nio-8080-exec-2] org.hibernate.SQL                        : 
    select
        count(f1_0.id) 
    from
        follows f1_0 
    where
        f1_0.follower_id=?
2025-05-13T02:54:47.535+07:00 DEBUG 26960 --- [http-nio-8080-exec-2] org.hibernate.SQL                        : 
    select
        r1_0.id,
        r1_0.user_id,
        r1_0.description,
        r1_0.image_url,
        r1_0.title 
    from
        recipes r1_0 
    where
        r1_0.user_id=?
2025-05-13T02:54:47.537+07:00 DEBUG 26960 --- [http-nio-8080-exec-2] org.hibernate.SQL                        : 
    select
        avg(r1_0.score) 
    from
        ratings r1_0 
    join
        recipes r2_0 
            on r2_0.id=r1_0.recipe_id 
    where
        r2_0.user_id=?
2025-05-13T02:54:48.148+07:00 DEBUG 26960 --- [http-nio-8080-exec-1] org.hibernate.SQL                        : 
    select
        u1_0.id,
        u1_0.avatar_url,
        u1_0.date_of_birth,
        u1_0.full_name,
        u1_0.username 
    from
        users u1_0 
    where
        u1_0.username=?
2025-05-13T02:54:48.152+07:00 DEBUG 26960 --- [http-nio-8080-exec-1] org.hibernate.SQL                        : 
    select
        count(f1_0.id) 
    from
        follows f1_0 
    where
        f1_0.following_id=?
2025-05-13T02:54:48.154+07:00 DEBUG 26960 --- [http-nio-8080-exec-1] org.hibernate.SQL                        : 
    select
        count(f1_0.id) 
    from
        follows f1_0 
    where
        f1_0.follower_id=?
2025-05-13T02:54:48.160+07:00 DEBUG 26960 --- [http-nio-8080-exec-1] org.hibernate.SQL                        : 
    select
        r1_0.id,
        r1_0.user_id,
        r1_0.description,
        r1_0.image_url,
        r1_0.title 
    from
        recipes r1_0 
    where
        r1_0.user_id=?
2025-05-13T02:54:48.164+07:00 DEBUG 26960 --- [http-nio-8080-exec-1] org.hibernate.SQL                        : 
    select
        avg(r1_0.score) 
    from
        ratings r1_0 
    join
        recipes r2_0 
            on r2_0.id=r1_0.recipe_id 
    where
        r2_0.user_id=?
2025-05-13T02:54:48.168+07:00 DEBUG 26960 --- [http-nio-8080-exec-1] org.hibernate.SQL                        : 
    select
        u1_0.id,
        u1_0.avatar_url,
        u1_0.date_of_birth,
        u1_0.full_name,
        u1_0.username 
    from
        users u1_0 
    where
        u1_0.username=?
2025-05-13T02:54:48.172+07:00 DEBUG 26960 --- [http-nio-8080-exec-1] org.hibernate.SQL                        : 
    select
        r1_0.id,
        r1_0.user_id,
        r1_0.description,
        r1_0.image_url,
        r1_0.title 
    from
        recipes r1_0 
    where
        r1_0.user_id=?
2025-05-13T02:54:48.175+07:00 DEBUG 26960 --- [http-nio-8080-exec-1] org.hibernate.SQL                        : 
    select
        r1_0.recipe_id,
        r1_0.id,
        r1_0.rated_at,
        r1_0.score,
        u1_0.id,
        u1_0.avatar_url,
        u1_0.date_of_birth,
        u1_0.full_name,
        u1_0.username 
    from
        ratings r1_0 
    left join
        users u1_0 
            on u1_0.id=r1_0.user_id 
    where
        r1_0.recipe_id=?
2025-05-13T02:54:48.178+07:00 DEBUG 26960 --- [http-nio-8080-exec-1] org.hibernate.SQL                        : 
    select
        l1_0.recipe_id,
        l1_0.id,
        l1_0.liked_at,
        u1_0.id,
        u1_0.avatar_url,
        u1_0.date_of_birth,
        u1_0.full_name,
        u1_0.username 
    from
        likes l1_0 
    left join
        users u1_0 
            on u1_0.id=l1_0.user_id 
    where
        l1_0.recipe_id=?
2025-05-13T02:54:48.183+07:00 DEBUG 26960 --- [http-nio-8080-exec-1] org.hibernate.SQL                        : 
    select
        c1_0.id,
        c1_0.content,
        c1_0.created_at,
        c1_0.recipe_id,
        c1_0.user_id 
    from
        comments c1_0 
    where
        c1_0.recipe_id=?
2025-05-13T02:54:48.188+07:00 DEBUG 26960 --- [http-nio-8080-exec-1] org.hibernate.SQL                        : 
    select
        r1_0.recipe_id,
        r1_0.id,
        r1_0.rated_at,
        r1_0.score,
        u1_0.id,
        u1_0.avatar_url,
        u1_0.date_of_birth,
        u1_0.full_name,
        u1_0.username 
    from
        ratings r1_0 
    left join
        users u1_0 
            on u1_0.id=r1_0.user_id 
    where
        r1_0.recipe_id=?
2025-05-13T02:54:48.192+07:00 DEBUG 26960 --- [http-nio-8080-exec-1] org.hibernate.SQL                        : 
    select
        l1_0.recipe_id,
        l1_0.id,
        l1_0.liked_at,
        u1_0.id,
        u1_0.avatar_url,
        u1_0.date_of_birth,
        u1_0.full_name,
        u1_0.username 
    from
        likes l1_0 
    left join
        users u1_0 
            on u1_0.id=l1_0.user_id 
    where
        l1_0.recipe_id=?
2025-05-13T02:54:48.199+07:00 DEBUG 26960 --- [http-nio-8080-exec-1] org.hibernate.SQL                        : 
    select
        c1_0.id,
        c1_0.content,
        c1_0.created_at,
        c1_0.recipe_id,
        c1_0.user_id 
    from
        comments c1_0 
    where
        c1_0.recipe_id=?
2025-05-13T02:54:49.116+07:00 DEBUG 26960 --- [http-nio-8080-exec-6] org.hibernate.SQL                        : 
    select
        u1_0.id,
        u1_0.avatar_url,
        u1_0.date_of_birth,
        u1_0.full_name,
        u1_0.username 
    from
        users u1_0 
    where
        u1_0.username=?
2025-05-13T02:54:49.126+07:00 DEBUG 26960 --- [http-nio-8080-exec-6] org.hibernate.SQL                        : 
    select
        count(f1_0.id) 
    from
        follows f1_0 
    where
        f1_0.following_id=?
2025-05-13T02:54:49.130+07:00 DEBUG 26960 --- [http-nio-8080-exec-6] org.hibernate.SQL                        : 
    select
        count(f1_0.id) 
    from
        follows f1_0 
    where
        f1_0.follower_id=?
2025-05-13T02:54:49.133+07:00 DEBUG 26960 --- [http-nio-8080-exec-6] org.hibernate.SQL                        : 
    select
        r1_0.id,
        r1_0.user_id,
        r1_0.description,
        r1_0.image_url,
        r1_0.title 
    from
        recipes r1_0 
    where
        r1_0.user_id=?
2025-05-13T02:54:49.136+07:00 DEBUG 26960 --- [http-nio-8080-exec-6] org.hibernate.SQL                        : 
    select
        avg(r1_0.score) 
    from
        ratings r1_0 
    join
        recipes r2_0 
            on r2_0.id=r1_0.recipe_id 
    where
        r2_0.user_id=?
2025-05-13T02:55:31.582+07:00 DEBUG 26960 --- [http-nio-8080-exec-9] org.hibernate.SQL                        : 
    select
        u1_0.id,
        u1_0.avatar_url,
        u1_0.date_of_birth,
        u1_0.full_name,
        u1_0.username 
    from
        users u1_0 
    where
        u1_0.username=?
2025-05-13T02:55:31.588+07:00 DEBUG 26960 --- [http-nio-8080-exec-9] org.hibernate.SQL                        : 
    select
        count(f1_0.id) 
    from
        follows f1_0 
    where
        f1_0.following_id=?
2025-05-13T02:55:31.594+07:00 DEBUG 26960 --- [http-nio-8080-exec-9] org.hibernate.SQL                        : 
    select
        count(f1_0.id) 
    from
        follows f1_0 
    where
        f1_0.follower_id=?
2025-05-13T02:55:31.602+07:00 DEBUG 26960 --- [http-nio-8080-exec-9] org.hibernate.SQL                        : 
    select
        r1_0.id,
        r1_0.user_id,
        r1_0.description,
        r1_0.image_url,
        r1_0.title 
    from
        recipes r1_0 
    where
        r1_0.user_id=?
2025-05-13T02:55:31.605+07:00 DEBUG 26960 --- [http-nio-8080-exec-9] org.hibernate.SQL                        : 
    select
        avg(r1_0.score) 
    from
        ratings r1_0 
    join
        recipes r2_0 
            on r2_0.id=r1_0.recipe_id 
    where
        r2_0.user_id=?
2025-05-13T02:55:33.545+07:00 DEBUG 26960 --- [http-nio-8080-exec-10] org.hibernate.SQL                        : 
    select
        u1_0.id,
        u1_0.avatar_url,
        u1_0.date_of_birth,
        u1_0.full_name,
        u1_0.username 
    from
        users u1_0 
    where
        u1_0.username=?
2025-05-13T02:55:33.551+07:00 DEBUG 26960 --- [http-nio-8080-exec-10] org.hibernate.SQL                        : 
    select
        count(f1_0.id) 
    from
        follows f1_0 
    where
        f1_0.following_id=?
2025-05-13T02:55:33.554+07:00 DEBUG 26960 --- [http-nio-8080-exec-10] org.hibernate.SQL                        : 
    select
        count(f1_0.id) 
    from
        follows f1_0 
    where
        f1_0.follower_id=?
2025-05-13T02:55:33.557+07:00 DEBUG 26960 --- [http-nio-8080-exec-10] org.hibernate.SQL                        : 
    select
        r1_0.id,
        r1_0.user_id,
        r1_0.description,
        r1_0.image_url,
        r1_0.title 
    from
        recipes r1_0 
    where
        r1_0.user_id=?
2025-05-13T02:55:33.561+07:00 DEBUG 26960 --- [http-nio-8080-exec-10] org.hibernate.SQL                        : 
    select
        avg(r1_0.score) 
    from
        ratings r1_0 
    join
        recipes r2_0 
            on r2_0.id=r1_0.recipe_id 
    where
        r2_0.user_id=?
2025-05-13T02:55:33.564+07:00 DEBUG 26960 --- [http-nio-8080-exec-10] org.hibernate.SQL                        : 
    select
        u1_0.id,
        u1_0.avatar_url,
        u1_0.date_of_birth,
        u1_0.full_name,
        u1_0.username 
    from
        users u1_0 
    where
        u1_0.username=?
2025-05-13T02:55:33.567+07:00 DEBUG 26960 --- [http-nio-8080-exec-10] org.hibernate.SQL                        : 
    select
        r1_0.id,
        r1_0.user_id,
        r1_0.description,
        r1_0.image_url,
        r1_0.title 
    from
        recipes r1_0 
    where
        r1_0.user_id=?
2025-05-13T02:55:33.571+07:00 DEBUG 26960 --- [http-nio-8080-exec-10] org.hibernate.SQL                        : 
    select
        r1_0.recipe_id,
        r1_0.id,
        r1_0.rated_at,
        r1_0.score,
        u1_0.id,
        u1_0.avatar_url,
        u1_0.date_of_birth,
        u1_0.full_name,
        u1_0.username 
    from
        ratings r1_0 
    left join
        users u1_0 
            on u1_0.id=r1_0.user_id 
    where
        r1_0.recipe_id=?
2025-05-13T02:55:33.576+07:00 DEBUG 26960 --- [http-nio-8080-exec-10] org.hibernate.SQL                        : 
    select
        l1_0.recipe_id,
        l1_0.id,
        l1_0.liked_at,
        u1_0.id,
        u1_0.avatar_url,
        u1_0.date_of_birth,
        u1_0.full_name,
        u1_0.username 
    from
        likes l1_0 
    left join
        users u1_0 
            on u1_0.id=l1_0.user_id 
    where
        l1_0.recipe_id=?
2025-05-13T02:55:33.583+07:00 DEBUG 26960 --- [http-nio-8080-exec-10] org.hibernate.SQL                        : 
    select
        c1_0.id,
        c1_0.content,
        c1_0.created_at,
        c1_0.recipe_id,
        c1_0.user_id 
    from
        comments c1_0 
    where
        c1_0.recipe_id=?
2025-05-13T02:55:33.586+07:00 DEBUG 26960 --- [http-nio-8080-exec-10] org.hibernate.SQL                        : 
    select
        r1_0.recipe_id,
        r1_0.id,
        r1_0.rated_at,
        r1_0.score,
        u1_0.id,
        u1_0.avatar_url,
        u1_0.date_of_birth,
        u1_0.full_name,
        u1_0.username 
    from
        ratings r1_0 
    left join
        users u1_0 
            on u1_0.id=r1_0.user_id 
    where
        r1_0.recipe_id=?
2025-05-13T02:55:33.588+07:00 DEBUG 26960 --- [http-nio-8080-exec-10] org.hibernate.SQL                        : 
    select
        l1_0.recipe_id,
        l1_0.id,
        l1_0.liked_at,
        u1_0.id,
        u1_0.avatar_url,
        u1_0.date_of_birth,
        u1_0.full_name,
        u1_0.username 
    from
        likes l1_0 
    left join
        users u1_0 
            on u1_0.id=l1_0.user_id 
    where
        l1_0.recipe_id=?
2025-05-13T02:55:33.594+07:00 DEBUG 26960 --- [http-nio-8080-exec-10] org.hibernate.SQL                        : 
    select
        c1_0.id,
        c1_0.content,
        c1_0.created_at,
        c1_0.recipe_id,
        c1_0.user_id 
    from
        comments c1_0 
    where
        c1_0.recipe_id=?
2025-05-13T02:58:02.032+07:00 DEBUG 26960 --- [http-nio-8080-exec-6] org.hibernate.SQL                        : 
    select
        u1_0.id,
        u1_0.avatar_url,
        u1_0.date_of_birth,
        u1_0.full_name,
        u1_0.username 
    from
        users u1_0 
    where
        u1_0.username=?
2025-05-13T02:58:02.041+07:00 DEBUG 26960 --- [http-nio-8080-exec-6] org.hibernate.SQL                        : 
    select
        count(f1_0.id) 
    from
        follows f1_0 
    where
        f1_0.following_id=?
2025-05-13T02:58:02.046+07:00 DEBUG 26960 --- [http-nio-8080-exec-6] org.hibernate.SQL                        : 
    select
        count(f1_0.id) 
    from
        follows f1_0 
    where
        f1_0.follower_id=?
2025-05-13T02:58:02.051+07:00 DEBUG 26960 --- [http-nio-8080-exec-6] org.hibernate.SQL                        : 
    select
        r1_0.id,
        r1_0.user_id,
        r1_0.description,
        r1_0.image_url,
        r1_0.title 
    from
        recipes r1_0 
    where
        r1_0.user_id=?
2025-05-13T02:58:02.056+07:00 DEBUG 26960 --- [http-nio-8080-exec-6] org.hibernate.SQL                        : 
    select
        avg(r1_0.score) 
    from
        ratings r1_0 
    join
        recipes r2_0 
            on r2_0.id=r1_0.recipe_id 
    where
        r2_0.user_id=?
2025-05-13T02:58:22.775+07:00 DEBUG 26960 --- [http-nio-8080-exec-7] org.hibernate.SQL                        : 
    select
        u1_0.id,
        u1_0.avatar_url,
        u1_0.date_of_birth,
        u1_0.full_name,
        u1_0.username 
    from
        users u1_0 
    where
        u1_0.username=?
2025-05-13T02:58:22.787+07:00 DEBUG 26960 --- [http-nio-8080-exec-7] org.hibernate.SQL                        : 
    select
        f1_0.id,
        f1_0.followed_at,
        f1_0.follower_id,
        f1_0.following_id 
    from
        follows f1_0 
    where
        f1_0.following_id=?
2025-05-13T02:58:31.101+07:00 DEBUG 26960 --- [http-nio-8080-exec-9] org.hibernate.SQL                        : 
    select
        u1_0.id,
        u1_0.avatar_url,
        u1_0.date_of_birth,
        u1_0.full_name,
        u1_0.username 
    from
        users u1_0 
    where
        u1_0.username=?
2025-05-13T02:58:31.107+07:00 DEBUG 26960 --- [http-nio-8080-exec-9] org.hibernate.SQL                        : 
    select
        f1_0.id,
        f1_0.followed_at,
        f1_0.follower_id,
        f1_0.following_id 
    from
        follows f1_0 
    where
        f1_0.follower_id=?
2025-05-13T02:58:37.253+07:00 DEBUG 26960 --- [http-nio-8080-exec-10] org.hibernate.SQL                        : 
    select
        u1_0.id,
        u1_0.avatar_url,
        u1_0.date_of_birth,
        u1_0.full_name,
        u1_0.username 
    from
        users u1_0 
    where
        u1_0.username=?
2025-05-13T02:58:37.257+07:00 DEBUG 26960 --- [http-nio-8080-exec-10] org.hibernate.SQL                        : 
    select
        f1_0.id,
        f1_0.followed_at,
        f1_0.follower_id,
        f1_0.following_id 
    from
        follows f1_0 
    where
        f1_0.follower_id=?
2025-05-13T02:58:37.267+07:00 DEBUG 26960 --- [http-nio-8080-exec-10] org.hibernate.SQL                        : 
    select
        u1_0.id,
        u1_0.avatar_url,
        u1_0.date_of_birth,
        u1_0.full_name,
        u1_0.username 
    from
        users u1_0 
    where
        u1_0.id=?
