2025-05-21T00:00:39.798+07:00 DEBUG 23496 --- [http-nio-8080-exec-4] org.hibernate.SQL                        : 
    select
        r1_0.recipe_id,
        r1_0.author_id,
        r1_0.author_name,
        r1_0.author_url,
        r1_0.avatar_url,
        r1_0.category_name,
        r1_0.category_id,
        r1_0.created_at,
        r1_0.description,
        r1_0.ingredients,
        r1_0.instruction,
        r1_0.name,
        r1_1.average_rating,
        r1_1.comment_count,
        r1_1.like_count,
        r1_1.rate_count,
        r1_1.save_count 
    from
        recipes r1_0 
    left join
        recipe_stats r1_1 
            on r1_0.recipe_id=r1_1.recipe_id 
    where
        r1_0.recipe_id=?
2025-05-21T00:00:39.806+07:00 DEBUG 23496 --- [http-nio-8080-exec-4] org.hibernate.SQL                        : 
    select
        c1_0.comment_id,
        c1_0.comment_content,
        c1_0.created_at,
        c1_0.recipe_id,
        c1_0.user_id 
    from
        comments c1_0 
    where
        c1_0.recipe_id=?
2025-05-21T00:00:39.808+07:00 DEBUG 23496 --- [http-nio-8080-exec-4] org.hibernate.SQL                        : 
    select
        u1_0.user_id,
        u1_0.avatar_url,
        u1_0.date_of_birth,
        u1_0.email,
        u1_0.firstname,
        u1_0.lastname,
        u1_0.password,
        u1_0.role,
        u1_0.username 
    from
        users u1_0 
    where
        u1_0.user_id=?
2025-05-21T00:00:39.811+07:00 DEBUG 23496 --- [http-nio-8080-exec-4] org.hibernate.SQL                        : 
    select
        u1_0.user_id,
        u1_0.avatar_url,
        u1_0.date_of_birth,
        u1_0.email,
        u1_0.firstname,
        u1_0.lastname,
        u1_0.password,
        u1_0.role,
        u1_0.username 
    from
        users u1_0 
    where
        u1_0.user_id=?
2025-05-21T00:00:39.823+07:00 DEBUG 23496 --- [http-nio-8080-exec-8] org.hibernate.SQL                        : 
    select
        r1_0.recipe_id,
        r1_0.author_id,
        r1_0.author_name,
        r1_0.author_url,
        r1_0.avatar_url,
        r1_0.category_name,
        r1_0.category_id,
        r1_0.created_at,
        r1_0.description,
        r1_0.ingredients,
        r1_0.instruction,
        r1_0.name,
        r1_1.average_rating,
        r1_1.comment_count,
        r1_1.like_count,
        r1_1.rate_count,
        r1_1.save_count 
    from
        recipes r1_0 
    left join
        recipe_stats r1_1 
            on r1_0.recipe_id=r1_1.recipe_id 
    where
        r1_0.recipe_id=?
2025-05-21T00:00:39.822+07:00 DEBUG 23496 --- [http-nio-8080-exec-6] org.hibernate.SQL                        : 
    select
        s1_0.save_id 
    from
        saved s1_0 
    where
        s1_0.user_id=? 
        and s1_0.recipe_id=? 
    limit
        ?
2025-05-21T00:00:39.825+07:00 DEBUG 23496 --- [http-nio-8080-exec-7] org.hibernate.SQL                        : 
    select
        l1_0.like_id 
    from
        likes l1_0 
    where
        l1_0.user_id=? 
        and l1_0.recipe_id=? 
    limit
        ?
2025-05-21T00:00:39.826+07:00 DEBUG 23496 --- [http-nio-8080-exec-8] org.hibernate.SQL                        : 
    select
        c1_0.comment_id,
        c1_0.comment_content,
        c1_0.created_at,
        c1_0.recipe_id,
        c1_0.user_id 
    from
        comments c1_0 
    where
        c1_0.recipe_id=?
2025-05-21T00:00:39.829+07:00 DEBUG 23496 --- [http-nio-8080-exec-8] org.hibernate.SQL                        : 
    select
        u1_0.user_id,
        u1_0.avatar_url,
        u1_0.date_of_birth,
        u1_0.email,
        u1_0.firstname,
        u1_0.lastname,
        u1_0.password,
        u1_0.role,
        u1_0.username 
    from
        users u1_0 
    where
        u1_0.user_id=?
2025-05-21T00:00:39.832+07:00 DEBUG 23496 --- [http-nio-8080-exec-8] org.hibernate.SQL                        : 
    select
        u1_0.user_id,
        u1_0.avatar_url,
        u1_0.date_of_birth,
        u1_0.email,
        u1_0.firstname,
        u1_0.lastname,
        u1_0.password,
        u1_0.role,
        u1_0.username 
    from
        users u1_0 
    where
        u1_0.user_id=?
2025-05-21T00:00:44.228+07:00 DEBUG 23496 --- [http-nio-8080-exec-9] org.hibernate.SQL                        : 
    select
        is1_0.id 
    from
        id_seq is1_0 
    order by
        is1_0.id desc 
    limit
        ?
2025-05-21T00:00:44.232+07:00 DEBUG 23496 --- [http-nio-8080-exec-9] org.hibernate.SQL                        : 
    select
        is1_0.id 
    from
        id_seq is1_0 
    where
        is1_0.id=?
2025-05-21T00:00:44.235+07:00 DEBUG 23496 --- [http-nio-8080-exec-9] org.hibernate.SQL                        : 
    select
        c1_0.comment_id,
        c1_0.comment_content,
        c1_0.created_at,
        c1_0.recipe_id,
        c1_0.user_id 
    from
        comments c1_0 
    where
        c1_0.comment_id=?
2025-05-21T00:00:44.238+07:00 DEBUG 23496 --- [http-nio-8080-exec-9] org.hibernate.SQL                        : 
    insert 
    into
        id_seq
        (id) 
    values
        (?)
2025-05-21T00:00:44.239+07:00 DEBUG 23496 --- [http-nio-8080-exec-9] org.hibernate.SQL                        : 
    insert 
    into
        comments
        (comment_content, created_at, recipe_id, user_id, comment_id) 
    values
        (?, ?, ?, ?, ?)
2025-05-21T00:00:44.252+07:00 DEBUG 23496 --- [http-nio-8080-exec-10] org.hibernate.SQL                        : 
    select
        r1_0.recipe_id,
        r1_0.author_id,
        r1_0.author_name,
        r1_0.author_url,
        r1_0.avatar_url,
        r1_0.category_name,
        r1_0.category_id,
        r1_0.created_at,
        r1_0.description,
        r1_0.ingredients,
        r1_0.instruction,
        r1_0.name,
        r1_1.average_rating,
        r1_1.comment_count,
        r1_1.like_count,
        r1_1.rate_count,
        r1_1.save_count 
    from
        recipes r1_0 
    left join
        recipe_stats r1_1 
            on r1_0.recipe_id=r1_1.recipe_id 
    where
        r1_0.recipe_id=?
2025-05-21T00:00:44.257+07:00 DEBUG 23496 --- [http-nio-8080-exec-10] org.hibernate.SQL                        : 
    select
        c1_0.comment_id,
        c1_0.comment_content,
        c1_0.created_at,
        c1_0.recipe_id,
        c1_0.user_id 
    from
        comments c1_0 
    where
        c1_0.recipe_id=?
2025-05-21T00:00:44.262+07:00 DEBUG 23496 --- [http-nio-8080-exec-10] org.hibernate.SQL                        : 
    select
        u1_0.user_id,
        u1_0.avatar_url,
        u1_0.date_of_birth,
        u1_0.email,
        u1_0.firstname,
        u1_0.lastname,
        u1_0.password,
        u1_0.role,
        u1_0.username 
    from
        users u1_0 
    where
        u1_0.user_id=?
2025-05-21T00:00:44.265+07:00 DEBUG 23496 --- [http-nio-8080-exec-10] org.hibernate.SQL                        : 
    select
        u1_0.user_id,
        u1_0.avatar_url,
        u1_0.date_of_birth,
        u1_0.email,
        u1_0.firstname,
        u1_0.lastname,
        u1_0.password,
        u1_0.role,
        u1_0.username 
    from
        users u1_0 
    where
        u1_0.user_id=?
2025-05-21T00:03:18.104+07:00 DEBUG 23496 --- [http-nio-8080-exec-6] org.hibernate.SQL                        : 
    select
        u1_0.user_id,
        u1_0.avatar_url,
        u1_0.date_of_birth,
        u1_0.email,
        u1_0.firstname,
        u1_0.lastname,
        u1_0.password,
        u1_0.role,
        u1_0.username 
    from
        users u1_0 
    where
        u1_0.username=?
2025-05-21T00:03:18.108+07:00 DEBUG 23496 --- [http-nio-8080-exec-6] org.hibernate.SQL                        : 
    select
        f1_0.follow_id,
        f1_0.follow_time,
        f1_0.follower_id,
        f1_0.following_id 
    from
        follows f1_0 
    where
        f1_0.following_id=?
2025-05-21T00:03:18.112+07:00 DEBUG 23496 --- [http-nio-8080-exec-6] org.hibernate.SQL                        : 
    select
        u1_0.user_id,
        u1_0.avatar_url,
        u1_0.date_of_birth,
        u1_0.email,
        u1_0.firstname,
        u1_0.lastname,
        u1_0.password,
        u1_0.role,
        u1_0.username 
    from
        users u1_0 
    where
        u1_0.user_id=?
2025-05-21T00:03:18.117+07:00 DEBUG 23496 --- [http-nio-8080-exec-6] org.hibernate.SQL                        : 
    select
        f1_0.follow_id,
        f1_0.follow_time,
        f1_0.follower_id,
        f1_0.following_id 
    from
        follows f1_0 
    where
        f1_0.follower_id=?
2025-05-21T00:03:18.119+07:00 DEBUG 23496 --- [http-nio-8080-exec-6] org.hibernate.SQL                        : 
    select
        u1_0.user_id,
        u1_0.avatar_url,
        u1_0.date_of_birth,
        u1_0.email,
        u1_0.firstname,
        u1_0.lastname,
        u1_0.password,
        u1_0.role,
        u1_0.username 
    from
        users u1_0 
    where
        u1_0.user_id=?
2025-05-21T00:03:18.126+07:00 DEBUG 23496 --- [http-nio-8080-exec-6] org.hibernate.SQL                        : 
    select
        r1_0.recipe_id,
        r1_0.author_id,
        r1_0.author_name,
        r1_0.author_url,
        r1_0.avatar_url,
        r1_0.category_name,
        r1_0.category_id,
        r1_0.created_at,
        r1_0.description,
        r1_0.ingredients,
        r1_0.instruction,
        r1_0.name,
        r1_1.average_rating,
        r1_1.comment_count,
        r1_1.like_count,
        r1_1.rate_count,
        r1_1.save_count 
    from
        recipes r1_0 
    left join
        recipe_stats r1_1 
            on r1_0.recipe_id=r1_1.recipe_id 
    where
        r1_0.author_id=? 
    order by
        r1_0.created_at desc
2025-05-21T00:03:18.130+07:00 DEBUG 23496 --- [http-nio-8080-exec-6] org.hibernate.SQL                        : 
    select
        avg(r1_0.rating) 
    from
        rates r1_0 
    where
        r1_0.recipe_id=?
2025-05-21T00:03:18.132+07:00 DEBUG 23496 --- [http-nio-8080-exec-6] org.hibernate.SQL                        : 
    select
        avg(r1_0.rating) 
    from
        rates r1_0 
    where
        r1_0.recipe_id=?
2025-05-21T00:03:18.133+07:00 DEBUG 23496 --- [http-nio-8080-exec-6] org.hibernate.SQL                        : 
    select
        avg(r1_0.rating) 
    from
        rates r1_0 
    where
        r1_0.recipe_id=?
2025-05-21T00:03:18.138+07:00 DEBUG 23496 --- [http-nio-8080-exec-6] org.hibernate.SQL                        : 
    select
        u1_0.user_id,
        u1_0.avatar_url,
        u1_0.date_of_birth,
        u1_0.email,
        u1_0.firstname,
        u1_0.lastname,
        u1_0.password,
        u1_0.role,
        u1_0.username 
    from
        users u1_0 
    where
        u1_0.username=?
2025-05-21T00:03:18.142+07:00 DEBUG 23496 --- [http-nio-8080-exec-6] org.hibernate.SQL                        : 
    select
        r1_0.recipe_id,
        r1_0.author_id,
        r1_0.author_name,
        r1_0.author_url,
        r1_0.avatar_url,
        r1_0.category_name,
        r1_0.category_id,
        r1_0.created_at,
        r1_0.description,
        r1_0.ingredients,
        r1_0.instruction,
        r1_0.name,
        r1_1.average_rating,
        r1_1.comment_count,
        r1_1.like_count,
        r1_1.rate_count,
        r1_1.save_count 
    from
        recipes r1_0 
    left join
        recipe_stats r1_1 
            on r1_0.recipe_id=r1_1.recipe_id 
    where
        r1_0.author_id=? 
    order by
        r1_0.created_at desc
2025-05-21T00:03:18.146+07:00 DEBUG 23496 --- [http-nio-8080-exec-6] org.hibernate.SQL                        : 
    select
        avg(r1_0.rating) 
    from
        rates r1_0 
    where
        r1_0.recipe_id=?
2025-05-21T00:03:18.148+07:00 DEBUG 23496 --- [http-nio-8080-exec-6] org.hibernate.SQL                        : 
    select
        count(l1_0.like_id) 
    from
        likes l1_0 
    where
        l1_0.recipe_id=?
2025-05-21T00:03:18.151+07:00 DEBUG 23496 --- [http-nio-8080-exec-6] org.hibernate.SQL                        : 
    select
        avg(r1_0.rating) 
    from
        rates r1_0 
    where
        r1_0.recipe_id=?
2025-05-21T00:03:18.154+07:00 DEBUG 23496 --- [http-nio-8080-exec-6] org.hibernate.SQL                        : 
    select
        count(l1_0.like_id) 
    from
        likes l1_0 
    where
        l1_0.recipe_id=?
2025-05-21T00:03:18.156+07:00 DEBUG 23496 --- [http-nio-8080-exec-6] org.hibernate.SQL                        : 
    select
        avg(r1_0.rating) 
    from
        rates r1_0 
    where
        r1_0.recipe_id=?
2025-05-21T00:03:18.158+07:00 DEBUG 23496 --- [http-nio-8080-exec-6] org.hibernate.SQL                        : 
    select
        count(l1_0.like_id) 
    from
        likes l1_0 
    where
        l1_0.recipe_id=?
2025-05-21T00:03:18.162+07:00 DEBUG 23496 --- [http-nio-8080-exec-6] org.hibernate.SQL                        : 
    select
        u1_0.user_id,
        u1_0.avatar_url,
        u1_0.date_of_birth,
        u1_0.email,
        u1_0.firstname,
        u1_0.lastname,
        u1_0.password,
        u1_0.role,
        u1_0.username 
    from
        users u1_0 
    where
        u1_0.username=?
2025-05-21T00:03:18.165+07:00 DEBUG 23496 --- [http-nio-8080-exec-6] org.hibernate.SQL                        : 
    select
        s1_0.save_id,
        s1_0.created_at,
        s1_0.recipe_id,
        s1_0.user_id 
    from
        saved s1_0 
    where
        s1_0.user_id=?
2025-05-21T00:03:18.170+07:00 DEBUG 23496 --- [http-nio-8080-exec-6] org.hibernate.SQL                        : 
    select
        avg(r1_0.rating) 
    from
        rates r1_0 
    where
        r1_0.recipe_id=?
2025-05-21T00:03:18.174+07:00 DEBUG 23496 --- [http-nio-8080-exec-6] org.hibernate.SQL                        : 
    select
        count(l1_0.like_id) 
    from
        likes l1_0 
    where
        l1_0.recipe_id=?
2025-05-21T00:03:18.175+07:00 DEBUG 23496 --- [http-nio-8080-exec-6] org.hibernate.SQL                        : 
    select
        avg(r1_0.rating) 
    from
        rates r1_0 
    where
        r1_0.recipe_id=?
2025-05-21T00:03:18.178+07:00 DEBUG 23496 --- [http-nio-8080-exec-6] org.hibernate.SQL                        : 
    select
        count(l1_0.like_id) 
    from
        likes l1_0 
    where
        l1_0.recipe_id=?
2025-05-21T00:03:18.181+07:00 DEBUG 23496 --- [http-nio-8080-exec-6] org.hibernate.SQL                        : 
    select
        u1_0.user_id,
        u1_0.avatar_url,
        u1_0.date_of_birth,
        u1_0.email,
        u1_0.firstname,
        u1_0.lastname,
        u1_0.password,
        u1_0.role,
        u1_0.username 
    from
        users u1_0 
    where
        u1_0.username=?
2025-05-21T00:03:18.183+07:00 DEBUG 23496 --- [http-nio-8080-exec-6] org.hibernate.SQL                        : 
    select
        l1_0.like_id,
        l1_0.created_at,
        l1_0.recipe_id,
        l1_0.user_id 
    from
        likes l1_0 
    where
        l1_0.user_id=?
2025-05-21T00:03:18.190+07:00 DEBUG 23496 --- [http-nio-8080-exec-6] org.hibernate.SQL                        : 
    select
        avg(r1_0.rating) 
    from
        rates r1_0 
    where
        r1_0.recipe_id=?
2025-05-21T00:03:18.193+07:00 DEBUG 23496 --- [http-nio-8080-exec-6] org.hibernate.SQL                        : 
    select
        count(l1_0.like_id) 
    from
        likes l1_0 
    where
        l1_0.recipe_id=?
2025-05-21T00:03:18.195+07:00 DEBUG 23496 --- [http-nio-8080-exec-6] org.hibernate.SQL                        : 
    select
        avg(r1_0.rating) 
    from
        rates r1_0 
    where
        r1_0.recipe_id=?
2025-05-21T00:03:18.197+07:00 DEBUG 23496 --- [http-nio-8080-exec-6] org.hibernate.SQL                        : 
    select
        count(l1_0.like_id) 
    from
        likes l1_0 
    where
        l1_0.recipe_id=?
2025-05-21T00:03:18.286+07:00  WARN 23496 --- [http-nio-8080-exec-5] .m.m.a.ExceptionHandlerExceptionResolver : Resolved [org.springframework.web.servlet.resource.NoResourceFoundException: No static resource favicon.ico.]
2025-05-21T00:03:19.210+07:00 DEBUG 23496 --- [http-nio-8080-exec-3] org.hibernate.SQL                        : 
    select
        r1_0.recipe_id,
        r1_0.author_id,
        r1_0.author_name,
        r1_0.author_url,
        r1_0.avatar_url,
        r1_0.category_name,
        r1_0.category_id,
        r1_0.created_at,
        r1_0.description,
        r1_0.ingredients,
        r1_0.instruction,
        r1_0.name,
        r1_1.average_rating,
        r1_1.comment_count,
        r1_1.like_count,
        r1_1.rate_count,
        r1_1.save_count 
    from
        recipes r1_0 
    left join
        recipe_stats r1_1 
            on r1_0.recipe_id=r1_1.recipe_id 
    where
        r1_0.recipe_id=?
2025-05-21T00:03:19.215+07:00 DEBUG 23496 --- [http-nio-8080-exec-3] org.hibernate.SQL                        : 
    select
        c1_0.comment_id,
        c1_0.comment_content,
        c1_0.created_at,
        c1_0.recipe_id,
        c1_0.user_id 
    from
        comments c1_0 
    where
        c1_0.recipe_id=?
2025-05-21T00:03:19.217+07:00 DEBUG 23496 --- [http-nio-8080-exec-3] org.hibernate.SQL                        : 
    select
        u1_0.user_id,
        u1_0.avatar_url,
        u1_0.date_of_birth,
        u1_0.email,
        u1_0.firstname,
        u1_0.lastname,
        u1_0.password,
        u1_0.role,
        u1_0.username 
    from
        users u1_0 
    where
        u1_0.user_id=?
2025-05-21T00:03:19.221+07:00 DEBUG 23496 --- [http-nio-8080-exec-3] org.hibernate.SQL                        : 
    select
        u1_0.user_id,
        u1_0.avatar_url,
        u1_0.date_of_birth,
        u1_0.email,
        u1_0.firstname,
        u1_0.lastname,
        u1_0.password,
        u1_0.role,
        u1_0.username 
    from
        users u1_0 
    where
        u1_0.user_id=?
2025-05-21T00:03:19.234+07:00 DEBUG 23496 --- [http-nio-8080-exec-4] org.hibernate.SQL                        : 
    select
        r1_0.recipe_id,
        r1_0.author_id,
        r1_0.author_name,
        r1_0.author_url,
        r1_0.avatar_url,
        r1_0.category_name,
        r1_0.category_id,
        r1_0.created_at,
        r1_0.description,
        r1_0.ingredients,
        r1_0.instruction,
        r1_0.name,
        r1_1.average_rating,
        r1_1.comment_count,
        r1_1.like_count,
        r1_1.rate_count,
        r1_1.save_count 
    from
        recipes r1_0 
    left join
        recipe_stats r1_1 
            on r1_0.recipe_id=r1_1.recipe_id 
    where
        r1_0.recipe_id=?
2025-05-21T00:03:19.235+07:00 DEBUG 23496 --- [http-nio-8080-exec-6] org.hibernate.SQL                        : 
    select
        s1_0.save_id 
    from
        saved s1_0 
    where
        s1_0.user_id=? 
        and s1_0.recipe_id=? 
    limit
        ?
2025-05-21T00:03:19.235+07:00 DEBUG 23496 --- [http-nio-8080-exec-2] org.hibernate.SQL                        : 
    select
        l1_0.like_id 
    from
        likes l1_0 
    where
        l1_0.user_id=? 
        and l1_0.recipe_id=? 
    limit
        ?
2025-05-21T00:03:19.238+07:00 DEBUG 23496 --- [http-nio-8080-exec-4] org.hibernate.SQL                        : 
    select
        c1_0.comment_id,
        c1_0.comment_content,
        c1_0.created_at,
        c1_0.recipe_id,
        c1_0.user_id 
    from
        comments c1_0 
    where
        c1_0.recipe_id=?
2025-05-21T00:03:19.241+07:00 DEBUG 23496 --- [http-nio-8080-exec-4] org.hibernate.SQL                        : 
    select
        u1_0.user_id,
        u1_0.avatar_url,
        u1_0.date_of_birth,
        u1_0.email,
        u1_0.firstname,
        u1_0.lastname,
        u1_0.password,
        u1_0.role,
        u1_0.username 
    from
        users u1_0 
    where
        u1_0.user_id=?
2025-05-21T00:03:19.246+07:00 DEBUG 23496 --- [http-nio-8080-exec-4] org.hibernate.SQL                        : 
    select
        u1_0.user_id,
        u1_0.avatar_url,
        u1_0.date_of_birth,
        u1_0.email,
        u1_0.firstname,
        u1_0.lastname,
        u1_0.password,
        u1_0.role,
        u1_0.username 
    from
        users u1_0 
    where
        u1_0.user_id=?
2025-05-21T00:03:19.257+07:00 DEBUG 23496 --- [http-nio-8080-exec-7] org.hibernate.SQL                        : 
    select
        r1_0.recipe_id,
        r1_0.author_id,
        r1_0.author_name,
        r1_0.author_url,
        r1_0.avatar_url,
        r1_0.category_name,
        r1_0.category_id,
        r1_0.created_at,
        r1_0.description,
        r1_0.ingredients,
        r1_0.instruction,
        r1_0.name,
        r1_1.average_rating,
        r1_1.comment_count,
        r1_1.like_count,
        r1_1.rate_count,
        r1_1.save_count 
    from
        recipes r1_0 
    left join
        recipe_stats r1_1 
            on r1_0.recipe_id=r1_1.recipe_id 
    where
        r1_0.recipe_id=?
2025-05-21T00:03:19.261+07:00 DEBUG 23496 --- [http-nio-8080-exec-7] org.hibernate.SQL                        : 
    select
        c1_0.comment_id,
        c1_0.comment_content,
        c1_0.created_at,
        c1_0.recipe_id,
        c1_0.user_id 
    from
        comments c1_0 
    where
        c1_0.recipe_id=?
2025-05-21T00:03:19.266+07:00 DEBUG 23496 --- [http-nio-8080-exec-7] org.hibernate.SQL                        : 
    select
        u1_0.user_id,
        u1_0.avatar_url,
        u1_0.date_of_birth,
        u1_0.email,
        u1_0.firstname,
        u1_0.lastname,
        u1_0.password,
        u1_0.role,
        u1_0.username 
    from
        users u1_0 
    where
        u1_0.user_id=?
2025-05-21T00:03:19.273+07:00 DEBUG 23496 --- [http-nio-8080-exec-7] org.hibernate.SQL                        : 
    select
        u1_0.user_id,
        u1_0.avatar_url,
        u1_0.date_of_birth,
        u1_0.email,
        u1_0.firstname,
        u1_0.lastname,
        u1_0.password,
        u1_0.role,
        u1_0.username 
    from
        users u1_0 
    where
        u1_0.user_id=?
2025-05-21T00:03:29.179+07:00 DEBUG 23496 --- [http-nio-8080-exec-9] org.hibernate.SQL                        : 
    select
        u1_0.user_id,
        u1_0.avatar_url,
        u1_0.date_of_birth,
        u1_0.email,
        u1_0.firstname,
        u1_0.lastname,
        u1_0.password,
        u1_0.role,
        u1_0.username 
    from
        users u1_0 
    where
        u1_0.username=?
2025-05-21T00:03:29.181+07:00 DEBUG 23496 --- [http-nio-8080-exec-9] org.hibernate.SQL                        : 
    select
        f1_0.follow_id,
        f1_0.follow_time,
        f1_0.follower_id,
        f1_0.following_id 
    from
        follows f1_0 
    where
        f1_0.following_id=?
2025-05-21T00:03:29.183+07:00 DEBUG 23496 --- [http-nio-8080-exec-9] org.hibernate.SQL                        : 
    select
        u1_0.user_id,
        u1_0.avatar_url,
        u1_0.date_of_birth,
        u1_0.email,
        u1_0.firstname,
        u1_0.lastname,
        u1_0.password,
        u1_0.role,
        u1_0.username 
    from
        users u1_0 
    where
        u1_0.user_id=?
2025-05-21T00:03:29.185+07:00 DEBUG 23496 --- [http-nio-8080-exec-9] org.hibernate.SQL                        : 
    select
        f1_0.follow_id,
        f1_0.follow_time,
        f1_0.follower_id,
        f1_0.following_id 
    from
        follows f1_0 
    where
        f1_0.follower_id=?
2025-05-21T00:03:29.186+07:00 DEBUG 23496 --- [http-nio-8080-exec-9] org.hibernate.SQL                        : 
    select
        u1_0.user_id,
        u1_0.avatar_url,
        u1_0.date_of_birth,
        u1_0.email,
        u1_0.firstname,
        u1_0.lastname,
        u1_0.password,
        u1_0.role,
        u1_0.username 
    from
        users u1_0 
    where
        u1_0.user_id=?
2025-05-21T00:03:29.188+07:00 DEBUG 23496 --- [http-nio-8080-exec-9] org.hibernate.SQL                        : 
    select
        r1_0.recipe_id,
        r1_0.author_id,
        r1_0.author_name,
        r1_0.author_url,
        r1_0.avatar_url,
        r1_0.category_name,
        r1_0.category_id,
        r1_0.created_at,
        r1_0.description,
        r1_0.ingredients,
        r1_0.instruction,
        r1_0.name,
        r1_1.average_rating,
        r1_1.comment_count,
        r1_1.like_count,
        r1_1.rate_count,
        r1_1.save_count 
    from
        recipes r1_0 
    left join
        recipe_stats r1_1 
            on r1_0.recipe_id=r1_1.recipe_id 
    where
        r1_0.author_id=? 
    order by
        r1_0.created_at desc
2025-05-21T00:03:29.191+07:00 DEBUG 23496 --- [http-nio-8080-exec-9] org.hibernate.SQL                        : 
    select
        avg(r1_0.rating) 
    from
        rates r1_0 
    where
        r1_0.recipe_id=?
2025-05-21T00:03:29.192+07:00 DEBUG 23496 --- [http-nio-8080-exec-9] org.hibernate.SQL                        : 
    select
        avg(r1_0.rating) 
    from
        rates r1_0 
    where
        r1_0.recipe_id=?
2025-05-21T00:03:29.193+07:00 DEBUG 23496 --- [http-nio-8080-exec-9] org.hibernate.SQL                        : 
    select
        avg(r1_0.rating) 
    from
        rates r1_0 
    where
        r1_0.recipe_id=?
2025-05-21T00:03:29.195+07:00 DEBUG 23496 --- [http-nio-8080-exec-9] org.hibernate.SQL                        : 
    select
        u1_0.user_id,
        u1_0.avatar_url,
        u1_0.date_of_birth,
        u1_0.email,
        u1_0.firstname,
        u1_0.lastname,
        u1_0.password,
        u1_0.role,
        u1_0.username 
    from
        users u1_0 
    where
        u1_0.username=?
2025-05-21T00:03:29.198+07:00 DEBUG 23496 --- [http-nio-8080-exec-9] org.hibernate.SQL                        : 
    select
        r1_0.recipe_id,
        r1_0.author_id,
        r1_0.author_name,
        r1_0.author_url,
        r1_0.avatar_url,
        r1_0.category_name,
        r1_0.category_id,
        r1_0.created_at,
        r1_0.description,
        r1_0.ingredients,
        r1_0.instruction,
        r1_0.name,
        r1_1.average_rating,
        r1_1.comment_count,
        r1_1.like_count,
        r1_1.rate_count,
        r1_1.save_count 
    from
        recipes r1_0 
    left join
        recipe_stats r1_1 
            on r1_0.recipe_id=r1_1.recipe_id 
    where
        r1_0.author_id=? 
    order by
        r1_0.created_at desc
2025-05-21T00:03:29.200+07:00 DEBUG 23496 --- [http-nio-8080-exec-9] org.hibernate.SQL                        : 
    select
        avg(r1_0.rating) 
    from
        rates r1_0 
    where
        r1_0.recipe_id=?
2025-05-21T00:03:29.201+07:00 DEBUG 23496 --- [http-nio-8080-exec-9] org.hibernate.SQL                        : 
    select
        count(l1_0.like_id) 
    from
        likes l1_0 
    where
        l1_0.recipe_id=?
2025-05-21T00:03:29.203+07:00 DEBUG 23496 --- [http-nio-8080-exec-9] org.hibernate.SQL                        : 
    select
        avg(r1_0.rating) 
    from
        rates r1_0 
    where
        r1_0.recipe_id=?
2025-05-21T00:03:29.205+07:00 DEBUG 23496 --- [http-nio-8080-exec-9] org.hibernate.SQL                        : 
    select
        count(l1_0.like_id) 
    from
        likes l1_0 
    where
        l1_0.recipe_id=?
2025-05-21T00:03:29.206+07:00 DEBUG 23496 --- [http-nio-8080-exec-9] org.hibernate.SQL                        : 
    select
        avg(r1_0.rating) 
    from
        rates r1_0 
    where
        r1_0.recipe_id=?
2025-05-21T00:03:29.207+07:00 DEBUG 23496 --- [http-nio-8080-exec-9] org.hibernate.SQL                        : 
    select
        count(l1_0.like_id) 
    from
        likes l1_0 
    where
        l1_0.recipe_id=?
2025-05-21T00:03:29.208+07:00 DEBUG 23496 --- [http-nio-8080-exec-9] org.hibernate.SQL                        : 
    select
        u1_0.user_id,
        u1_0.avatar_url,
        u1_0.date_of_birth,
        u1_0.email,
        u1_0.firstname,
        u1_0.lastname,
        u1_0.password,
        u1_0.role,
        u1_0.username 
    from
        users u1_0 
    where
        u1_0.username=?
2025-05-21T00:03:29.211+07:00 DEBUG 23496 --- [http-nio-8080-exec-9] org.hibernate.SQL                        : 
    select
        s1_0.save_id,
        s1_0.created_at,
        s1_0.recipe_id,
        s1_0.user_id 
    from
        saved s1_0 
    where
        s1_0.user_id=?
2025-05-21T00:03:29.213+07:00 DEBUG 23496 --- [http-nio-8080-exec-9] org.hibernate.SQL                        : 
    select
        avg(r1_0.rating) 
    from
        rates r1_0 
    where
        r1_0.recipe_id=?
2025-05-21T00:03:29.215+07:00 DEBUG 23496 --- [http-nio-8080-exec-9] org.hibernate.SQL                        : 
    select
        count(l1_0.like_id) 
    from
        likes l1_0 
    where
        l1_0.recipe_id=?
2025-05-21T00:03:29.216+07:00 DEBUG 23496 --- [http-nio-8080-exec-9] org.hibernate.SQL                        : 
    select
        avg(r1_0.rating) 
    from
        rates r1_0 
    where
        r1_0.recipe_id=?
2025-05-21T00:03:29.217+07:00 DEBUG 23496 --- [http-nio-8080-exec-9] org.hibernate.SQL                        : 
    select
        count(l1_0.like_id) 
    from
        likes l1_0 
    where
        l1_0.recipe_id=?
2025-05-21T00:03:29.219+07:00 DEBUG 23496 --- [http-nio-8080-exec-9] org.hibernate.SQL                        : 
    select
        u1_0.user_id,
        u1_0.avatar_url,
        u1_0.date_of_birth,
        u1_0.email,
        u1_0.firstname,
        u1_0.lastname,
        u1_0.password,
        u1_0.role,
        u1_0.username 
    from
        users u1_0 
    where
        u1_0.username=?
2025-05-21T00:03:29.220+07:00 DEBUG 23496 --- [http-nio-8080-exec-9] org.hibernate.SQL                        : 
    select
        l1_0.like_id,
        l1_0.created_at,
        l1_0.recipe_id,
        l1_0.user_id 
    from
        likes l1_0 
    where
        l1_0.user_id=?
2025-05-21T00:03:29.222+07:00 DEBUG 23496 --- [http-nio-8080-exec-9] org.hibernate.SQL                        : 
    select
        avg(r1_0.rating) 
    from
        rates r1_0 
    where
        r1_0.recipe_id=?
2025-05-21T00:03:29.225+07:00 DEBUG 23496 --- [http-nio-8080-exec-9] org.hibernate.SQL                        : 
    select
        count(l1_0.like_id) 
    from
        likes l1_0 
    where
        l1_0.recipe_id=?
2025-05-21T00:03:29.225+07:00 DEBUG 23496 --- [http-nio-8080-exec-9] org.hibernate.SQL                        : 
    select
        avg(r1_0.rating) 
    from
        rates r1_0 
    where
        r1_0.recipe_id=?
2025-05-21T00:03:29.226+07:00 DEBUG 23496 --- [http-nio-8080-exec-9] org.hibernate.SQL                        : 
    select
        count(l1_0.like_id) 
    from
        likes l1_0 
    where
        l1_0.recipe_id=?
2025-05-21T00:03:29.337+07:00  WARN 23496 --- [http-nio-8080-exec-8] .m.m.a.ExceptionHandlerExceptionResolver : Resolved [org.springframework.web.servlet.resource.NoResourceFoundException: No static resource favicon.ico.]
2025-05-21T00:03:29.946+07:00 DEBUG 23496 --- [http-nio-8080-exec-2] org.hibernate.SQL                        : 
    select
        r1_0.recipe_id,
        r1_0.author_id,
        r1_0.author_name,
        r1_0.author_url,
        r1_0.avatar_url,
        r1_0.category_name,
        r1_0.category_id,
        r1_0.created_at,
        r1_0.description,
        r1_0.ingredients,
        r1_0.instruction,
        r1_0.name,
        r1_1.average_rating,
        r1_1.comment_count,
        r1_1.like_count,
        r1_1.rate_count,
        r1_1.save_count 
    from
        recipes r1_0 
    left join
        recipe_stats r1_1 
            on r1_0.recipe_id=r1_1.recipe_id 
    where
        r1_0.recipe_id=?
2025-05-21T00:03:29.949+07:00 DEBUG 23496 --- [http-nio-8080-exec-2] org.hibernate.SQL                        : 
    select
        c1_0.comment_id,
        c1_0.comment_content,
        c1_0.created_at,
        c1_0.recipe_id,
        c1_0.user_id 
    from
        comments c1_0 
    where
        c1_0.recipe_id=?
2025-05-21T00:03:29.951+07:00 DEBUG 23496 --- [http-nio-8080-exec-2] org.hibernate.SQL                        : 
    select
        u1_0.user_id,
        u1_0.avatar_url,
        u1_0.date_of_birth,
        u1_0.email,
        u1_0.firstname,
        u1_0.lastname,
        u1_0.password,
        u1_0.role,
        u1_0.username 
    from
        users u1_0 
    where
        u1_0.user_id=?
2025-05-21T00:03:29.952+07:00 DEBUG 23496 --- [http-nio-8080-exec-2] org.hibernate.SQL                        : 
    select
        u1_0.user_id,
        u1_0.avatar_url,
        u1_0.date_of_birth,
        u1_0.email,
        u1_0.firstname,
        u1_0.lastname,
        u1_0.password,
        u1_0.role,
        u1_0.username 
    from
        users u1_0 
    where
        u1_0.user_id=?
2025-05-21T00:03:29.962+07:00 DEBUG 23496 --- [http-nio-8080-exec-7] org.hibernate.SQL                        : 
    select
        r1_0.recipe_id,
        r1_0.author_id,
        r1_0.author_name,
        r1_0.author_url,
        r1_0.avatar_url,
        r1_0.category_name,
        r1_0.category_id,
        r1_0.created_at,
        r1_0.description,
        r1_0.ingredients,
        r1_0.instruction,
        r1_0.name,
        r1_1.average_rating,
        r1_1.comment_count,
        r1_1.like_count,
        r1_1.rate_count,
        r1_1.save_count 
    from
        recipes r1_0 
    left join
        recipe_stats r1_1 
            on r1_0.recipe_id=r1_1.recipe_id 
    where
        r1_0.recipe_id=?
2025-05-21T00:03:29.962+07:00 DEBUG 23496 --- [http-nio-8080-exec-5] org.hibernate.SQL                        : 
    select
        s1_0.save_id 
    from
        saved s1_0 
    where
        s1_0.user_id=? 
        and s1_0.recipe_id=? 
    limit
        ?
2025-05-21T00:03:29.963+07:00 DEBUG 23496 --- [http-nio-8080-exec-9] org.hibernate.SQL                        : 
    select
        l1_0.like_id 
    from
        likes l1_0 
    where
        l1_0.user_id=? 
        and l1_0.recipe_id=? 
    limit
        ?
2025-05-21T00:03:29.965+07:00 DEBUG 23496 --- [http-nio-8080-exec-7] org.hibernate.SQL                        : 
    select
        c1_0.comment_id,
        c1_0.comment_content,
        c1_0.created_at,
        c1_0.recipe_id,
        c1_0.user_id 
    from
        comments c1_0 
    where
        c1_0.recipe_id=?
2025-05-21T00:03:29.967+07:00 DEBUG 23496 --- [http-nio-8080-exec-7] org.hibernate.SQL                        : 
    select
        u1_0.user_id,
        u1_0.avatar_url,
        u1_0.date_of_birth,
        u1_0.email,
        u1_0.firstname,
        u1_0.lastname,
        u1_0.password,
        u1_0.role,
        u1_0.username 
    from
        users u1_0 
    where
        u1_0.user_id=?
2025-05-21T00:03:29.970+07:00 DEBUG 23496 --- [http-nio-8080-exec-7] org.hibernate.SQL                        : 
    select
        u1_0.user_id,
        u1_0.avatar_url,
        u1_0.date_of_birth,
        u1_0.email,
        u1_0.firstname,
        u1_0.lastname,
        u1_0.password,
        u1_0.role,
        u1_0.username 
    from
        users u1_0 
    where
        u1_0.user_id=?
2025-05-21T00:03:29.981+07:00 DEBUG 23496 --- [http-nio-8080-exec-10] org.hibernate.SQL                        : 
    select
        r1_0.recipe_id,
        r1_0.author_id,
        r1_0.author_name,
        r1_0.author_url,
        r1_0.avatar_url,
        r1_0.category_name,
        r1_0.category_id,
        r1_0.created_at,
        r1_0.description,
        r1_0.ingredients,
        r1_0.instruction,
        r1_0.name,
        r1_1.average_rating,
        r1_1.comment_count,
        r1_1.like_count,
        r1_1.rate_count,
        r1_1.save_count 
    from
        recipes r1_0 
    left join
        recipe_stats r1_1 
            on r1_0.recipe_id=r1_1.recipe_id 
    where
        r1_0.recipe_id=?
2025-05-21T00:03:29.984+07:00 DEBUG 23496 --- [http-nio-8080-exec-10] org.hibernate.SQL                        : 
    select
        c1_0.comment_id,
        c1_0.comment_content,
        c1_0.created_at,
        c1_0.recipe_id,
        c1_0.user_id 
    from
        comments c1_0 
    where
        c1_0.recipe_id=?
2025-05-21T00:03:29.986+07:00 DEBUG 23496 --- [http-nio-8080-exec-10] org.hibernate.SQL                        : 
    select
        u1_0.user_id,
        u1_0.avatar_url,
        u1_0.date_of_birth,
        u1_0.email,
        u1_0.firstname,
        u1_0.lastname,
        u1_0.password,
        u1_0.role,
        u1_0.username 
    from
        users u1_0 
    where
        u1_0.user_id=?
2025-05-21T00:03:29.990+07:00 DEBUG 23496 --- [http-nio-8080-exec-10] org.hibernate.SQL                        : 
    select
        u1_0.user_id,
        u1_0.avatar_url,
        u1_0.date_of_birth,
        u1_0.email,
        u1_0.firstname,
        u1_0.lastname,
        u1_0.password,
        u1_0.role,
        u1_0.username 
    from
        users u1_0 
    where
        u1_0.user_id=?
2025-05-21T00:18:02.771+07:00 DEBUG 23496 --- [http-nio-8080-exec-6] org.hibernate.SQL                        : 
    select
        r1_0.recipe_id,
        r1_0.author_id,
        r1_0.author_name,
        r1_0.author_url,
        r1_0.avatar_url,
        r1_0.category_name,
        r1_0.category_id,
        r1_0.created_at,
        r1_0.description,
        r1_0.ingredients,
        r1_0.instruction,
        r1_0.name,
        r1_1.average_rating,
        r1_1.comment_count,
        r1_1.like_count,
        r1_1.rate_count,
        r1_1.save_count 
    from
        recipes r1_0 
    left join
        recipe_stats r1_1 
            on r1_0.recipe_id=r1_1.recipe_id 
    where
        r1_0.recipe_id=?
2025-05-21T00:18:02.782+07:00 DEBUG 23496 --- [http-nio-8080-exec-6] org.hibernate.SQL                        : 
    select
        c1_0.comment_id,
        c1_0.comment_content,
        c1_0.created_at,
        c1_0.recipe_id,
        c1_0.user_id 
    from
        comments c1_0 
    where
        c1_0.recipe_id=?
2025-05-21T00:18:02.786+07:00 DEBUG 23496 --- [http-nio-8080-exec-6] org.hibernate.SQL                        : 
    select
        u1_0.user_id,
        u1_0.avatar_url,
        u1_0.date_of_birth,
        u1_0.email,
        u1_0.firstname,
        u1_0.lastname,
        u1_0.password,
        u1_0.role,
        u1_0.username 
    from
        users u1_0 
    where
        u1_0.user_id=?
2025-05-21T00:18:02.823+07:00 DEBUG 23496 --- [http-nio-8080-exec-9] org.hibernate.SQL                        : 
    select
        r1_0.recipe_id,
        r1_0.author_id,
        r1_0.author_name,
        r1_0.author_url,
        r1_0.avatar_url,
        r1_0.category_name,
        r1_0.category_id,
        r1_0.created_at,
        r1_0.description,
        r1_0.ingredients,
        r1_0.instruction,
        r1_0.name,
        r1_1.average_rating,
        r1_1.comment_count,
        r1_1.like_count,
        r1_1.rate_count,
        r1_1.save_count 
    from
        recipes r1_0 
    left join
        recipe_stats r1_1 
            on r1_0.recipe_id=r1_1.recipe_id 
    where
        r1_0.recipe_id=?
2025-05-21T00:18:02.824+07:00 DEBUG 23496 --- [http-nio-8080-exec-10] org.hibernate.SQL                        : 
    select
        s1_0.save_id 
    from
        saved s1_0 
    where
        s1_0.user_id=? 
        and s1_0.recipe_id=? 
    limit
        ?
2025-05-21T00:18:02.824+07:00 DEBUG 23496 --- [http-nio-8080-exec-7] org.hibernate.SQL                        : 
    select
        l1_0.like_id 
    from
        likes l1_0 
    where
        l1_0.user_id=? 
        and l1_0.recipe_id=? 
    limit
        ?
2025-05-21T00:18:02.831+07:00 DEBUG 23496 --- [http-nio-8080-exec-9] org.hibernate.SQL                        : 
    select
        c1_0.comment_id,
        c1_0.comment_content,
        c1_0.created_at,
        c1_0.recipe_id,
        c1_0.user_id 
    from
        comments c1_0 
    where
        c1_0.recipe_id=?
2025-05-21T00:18:02.841+07:00 DEBUG 23496 --- [http-nio-8080-exec-9] org.hibernate.SQL                        : 
    select
        u1_0.user_id,
        u1_0.avatar_url,
        u1_0.date_of_birth,
        u1_0.email,
        u1_0.firstname,
        u1_0.lastname,
        u1_0.password,
        u1_0.role,
        u1_0.username 
    from
        users u1_0 
    where
        u1_0.user_id=?
2025-05-21T00:18:02.876+07:00 DEBUG 23496 --- [http-nio-8080-exec-1] org.hibernate.SQL                        : 
    select
        r1_0.recipe_id,
        r1_0.author_id,
        r1_0.author_name,
        r1_0.author_url,
        r1_0.avatar_url,
        r1_0.category_name,
        r1_0.category_id,
        r1_0.created_at,
        r1_0.description,
        r1_0.ingredients,
        r1_0.instruction,
        r1_0.name,
        r1_1.average_rating,
        r1_1.comment_count,
        r1_1.like_count,
        r1_1.rate_count,
        r1_1.save_count 
    from
        recipes r1_0 
    left join
        recipe_stats r1_1 
            on r1_0.recipe_id=r1_1.recipe_id 
    where
        r1_0.recipe_id=?
2025-05-21T00:18:02.883+07:00 DEBUG 23496 --- [http-nio-8080-exec-1] org.hibernate.SQL                        : 
    select
        c1_0.comment_id,
        c1_0.comment_content,
        c1_0.created_at,
        c1_0.recipe_id,
        c1_0.user_id 
    from
        comments c1_0 
    where
        c1_0.recipe_id=?
2025-05-21T00:18:02.887+07:00 DEBUG 23496 --- [http-nio-8080-exec-1] org.hibernate.SQL                        : 
    select
        u1_0.user_id,
        u1_0.avatar_url,
        u1_0.date_of_birth,
        u1_0.email,
        u1_0.firstname,
        u1_0.lastname,
        u1_0.password,
        u1_0.role,
        u1_0.username 
    from
        users u1_0 
    where
        u1_0.user_id=?
2025-05-21T00:18:04.432+07:00 DEBUG 23496 --- [http-nio-8080-exec-4] org.hibernate.SQL                        : 
    select
        s1_0.save_id 
    from
        saved s1_0 
    where
        s1_0.user_id=? 
        and s1_0.recipe_id=? 
    limit
        ?
2025-05-21T00:18:04.440+07:00 DEBUG 23496 --- [http-nio-8080-exec-4] org.hibernate.SQL                        : 
    select
        s1_0.save_id,
        s1_0.created_at,
        s1_0.recipe_id,
        s1_0.user_id 
    from
        saved s1_0 
    where
        s1_0.user_id=? 
        and s1_0.recipe_id=?
2025-05-21T00:18:04.450+07:00 DEBUG 23496 --- [http-nio-8080-exec-4] org.hibernate.SQL                        : 
    delete 
    from
        saved 
    where
        save_id=?
2025-05-21T00:18:10.013+07:00 DEBUG 23496 --- [http-nio-8080-exec-2] org.hibernate.SQL                        : 
    select
        u1_0.user_id,
        u1_0.avatar_url,
        u1_0.date_of_birth,
        u1_0.email,
        u1_0.firstname,
        u1_0.lastname,
        u1_0.password,
        u1_0.role,
        u1_0.username 
    from
        users u1_0 
    where
        u1_0.username=?
2025-05-21T00:18:10.023+07:00 DEBUG 23496 --- [http-nio-8080-exec-2] org.hibernate.SQL                        : 
    select
        f1_0.follow_id,
        f1_0.follow_time,
        f1_0.follower_id,
        f1_0.following_id 
    from
        follows f1_0 
    where
        f1_0.following_id=?
2025-05-21T00:18:10.029+07:00 DEBUG 23496 --- [http-nio-8080-exec-2] org.hibernate.SQL                        : 
    select
        u1_0.user_id,
        u1_0.avatar_url,
        u1_0.date_of_birth,
        u1_0.email,
        u1_0.firstname,
        u1_0.lastname,
        u1_0.password,
        u1_0.role,
        u1_0.username 
    from
        users u1_0 
    where
        u1_0.user_id=?
2025-05-21T00:18:11.302+07:00 DEBUG 23496 --- [http-nio-8080-exec-6] org.hibernate.SQL                        : 
    select
        u1_0.user_id,
        u1_0.avatar_url,
        u1_0.date_of_birth,
        u1_0.email,
        u1_0.firstname,
        u1_0.lastname,
        u1_0.password,
        u1_0.role,
        u1_0.username 
    from
        users u1_0 
    where
        u1_0.username=?
2025-05-21T00:18:11.309+07:00 DEBUG 23496 --- [http-nio-8080-exec-6] org.hibernate.SQL                        : 
    select
        f1_0.follow_id,
        f1_0.follow_time,
        f1_0.follower_id,
        f1_0.following_id 
    from
        follows f1_0 
    where
        f1_0.following_id=?
2025-05-21T00:18:11.314+07:00 DEBUG 23496 --- [http-nio-8080-exec-6] org.hibernate.SQL                        : 
    select
        u1_0.user_id,
        u1_0.avatar_url,
        u1_0.date_of_birth,
        u1_0.email,
        u1_0.firstname,
        u1_0.lastname,
        u1_0.password,
        u1_0.role,
        u1_0.username 
    from
        users u1_0 
    where
        u1_0.user_id=?
2025-05-21T00:18:11.319+07:00 DEBUG 23496 --- [http-nio-8080-exec-6] org.hibernate.SQL                        : 
    select
        f1_0.follow_id,
        f1_0.follow_time,
        f1_0.follower_id,
        f1_0.following_id 
    from
        follows f1_0 
    where
        f1_0.follower_id=?
2025-05-21T00:18:11.329+07:00 DEBUG 23496 --- [http-nio-8080-exec-6] org.hibernate.SQL                        : 
    select
        u1_0.user_id,
        u1_0.avatar_url,
        u1_0.date_of_birth,
        u1_0.email,
        u1_0.firstname,
        u1_0.lastname,
        u1_0.password,
        u1_0.role,
        u1_0.username 
    from
        users u1_0 
    where
        u1_0.user_id=?
2025-05-21T00:18:11.335+07:00 DEBUG 23496 --- [http-nio-8080-exec-6] org.hibernate.SQL                        : 
    select
        r1_0.recipe_id,
        r1_0.author_id,
        r1_0.author_name,
        r1_0.author_url,
        r1_0.avatar_url,
        r1_0.category_name,
        r1_0.category_id,
        r1_0.created_at,
        r1_0.description,
        r1_0.ingredients,
        r1_0.instruction,
        r1_0.name,
        r1_1.average_rating,
        r1_1.comment_count,
        r1_1.like_count,
        r1_1.rate_count,
        r1_1.save_count 
    from
        recipes r1_0 
    left join
        recipe_stats r1_1 
            on r1_0.recipe_id=r1_1.recipe_id 
    where
        r1_0.author_id=? 
    order by
        r1_0.created_at desc
2025-05-21T00:18:11.343+07:00 DEBUG 23496 --- [http-nio-8080-exec-6] org.hibernate.SQL                        : 
    select
        avg(r1_0.rating) 
    from
        rates r1_0 
    where
        r1_0.recipe_id=?
2025-05-21T00:18:11.346+07:00 DEBUG 23496 --- [http-nio-8080-exec-6] org.hibernate.SQL                        : 
    select
        u1_0.user_id,
        u1_0.avatar_url,
        u1_0.date_of_birth,
        u1_0.email,
        u1_0.firstname,
        u1_0.lastname,
        u1_0.password,
        u1_0.role,
        u1_0.username 
    from
        users u1_0 
    where
        u1_0.username=?
2025-05-21T00:18:11.351+07:00 DEBUG 23496 --- [http-nio-8080-exec-6] org.hibernate.SQL                        : 
    select
        r1_0.recipe_id,
        r1_0.author_id,
        r1_0.author_name,
        r1_0.author_url,
        r1_0.avatar_url,
        r1_0.category_name,
        r1_0.category_id,
        r1_0.created_at,
        r1_0.description,
        r1_0.ingredients,
        r1_0.instruction,
        r1_0.name,
        r1_1.average_rating,
        r1_1.comment_count,
        r1_1.like_count,
        r1_1.rate_count,
        r1_1.save_count 
    from
        recipes r1_0 
    left join
        recipe_stats r1_1 
            on r1_0.recipe_id=r1_1.recipe_id 
    where
        r1_0.author_id=? 
    order by
        r1_0.created_at desc
2025-05-21T00:18:11.354+07:00 DEBUG 23496 --- [http-nio-8080-exec-6] org.hibernate.SQL                        : 
    select
        avg(r1_0.rating) 
    from
        rates r1_0 
    where
        r1_0.recipe_id=?
2025-05-21T00:18:11.358+07:00 DEBUG 23496 --- [http-nio-8080-exec-6] org.hibernate.SQL                        : 
    select
        count(l1_0.like_id) 
    from
        likes l1_0 
    where
        l1_0.recipe_id=?
2025-05-21T00:18:11.431+07:00  WARN 23496 --- [http-nio-8080-exec-7] .m.m.a.ExceptionHandlerExceptionResolver : Resolved [org.springframework.web.servlet.resource.NoResourceFoundException: No static resource favicon.ico.]
2025-05-21T00:18:12.522+07:00 DEBUG 23496 --- [http-nio-8080-exec-3] org.hibernate.SQL                        : 
    select
        r1_0.recipe_id,
        r1_0.author_id,
        r1_0.author_name,
        r1_0.author_url,
        r1_0.avatar_url,
        r1_0.category_name,
        r1_0.category_id,
        r1_0.created_at,
        r1_0.description,
        r1_0.ingredients,
        r1_0.instruction,
        r1_0.name,
        r1_1.average_rating,
        r1_1.comment_count,
        r1_1.like_count,
        r1_1.rate_count,
        r1_1.save_count 
    from
        recipes r1_0 
    left join
        recipe_stats r1_1 
            on r1_0.recipe_id=r1_1.recipe_id 
    where
        r1_0.recipe_id=?
2025-05-21T00:18:12.528+07:00 DEBUG 23496 --- [http-nio-8080-exec-3] org.hibernate.SQL                        : 
    select
        c1_0.comment_id,
        c1_0.comment_content,
        c1_0.created_at,
        c1_0.recipe_id,
        c1_0.user_id 
    from
        comments c1_0 
    where
        c1_0.recipe_id=?
2025-05-21T00:18:12.531+07:00 DEBUG 23496 --- [http-nio-8080-exec-3] org.hibernate.SQL                        : 
    select
        u1_0.user_id,
        u1_0.avatar_url,
        u1_0.date_of_birth,
        u1_0.email,
        u1_0.firstname,
        u1_0.lastname,
        u1_0.password,
        u1_0.role,
        u1_0.username 
    from
        users u1_0 
    where
        u1_0.user_id=?
2025-05-21T00:18:12.548+07:00 DEBUG 23496 --- [http-nio-8080-exec-8] org.hibernate.SQL                        : 
    select
        s1_0.save_id 
    from
        saved s1_0 
    where
        s1_0.user_id=? 
        and s1_0.recipe_id=? 
    limit
        ?
2025-05-21T00:18:12.548+07:00 DEBUG 23496 --- [http-nio-8080-exec-2] org.hibernate.SQL                        : 
    select
        l1_0.like_id 
    from
        likes l1_0 
    where
        l1_0.user_id=? 
        and l1_0.recipe_id=? 
    limit
        ?
2025-05-21T00:18:12.551+07:00 DEBUG 23496 --- [http-nio-8080-exec-4] org.hibernate.SQL                        : 
    select
        r1_0.recipe_id,
        r1_0.author_id,
        r1_0.author_name,
        r1_0.author_url,
        r1_0.avatar_url,
        r1_0.category_name,
        r1_0.category_id,
        r1_0.created_at,
        r1_0.description,
        r1_0.ingredients,
        r1_0.instruction,
        r1_0.name,
        r1_1.average_rating,
        r1_1.comment_count,
        r1_1.like_count,
        r1_1.rate_count,
        r1_1.save_count 
    from
        recipes r1_0 
    left join
        recipe_stats r1_1 
            on r1_0.recipe_id=r1_1.recipe_id 
    where
        r1_0.recipe_id=?
2025-05-21T00:18:12.570+07:00 DEBUG 23496 --- [http-nio-8080-exec-4] org.hibernate.SQL                        : 
    select
        c1_0.comment_id,
        c1_0.comment_content,
        c1_0.created_at,
        c1_0.recipe_id,
        c1_0.user_id 
    from
        comments c1_0 
    where
        c1_0.recipe_id=?
2025-05-21T00:18:12.576+07:00 DEBUG 23496 --- [http-nio-8080-exec-4] org.hibernate.SQL                        : 
    select
        u1_0.user_id,
        u1_0.avatar_url,
        u1_0.date_of_birth,
        u1_0.email,
        u1_0.firstname,
        u1_0.lastname,
        u1_0.password,
        u1_0.role,
        u1_0.username 
    from
        users u1_0 
    where
        u1_0.user_id=?
2025-05-21T00:18:24.499+07:00 DEBUG 23496 --- [http-nio-8080-exec-6] org.hibernate.SQL                        : 
    select
        u1_0.user_id,
        u1_0.avatar_url,
        u1_0.date_of_birth,
        u1_0.email,
        u1_0.firstname,
        u1_0.lastname,
        u1_0.password,
        u1_0.role,
        u1_0.username 
    from
        users u1_0 
    where
        u1_0.username=?
2025-05-21T00:18:24.503+07:00 DEBUG 23496 --- [http-nio-8080-exec-6] org.hibernate.SQL                        : 
    select
        f1_0.follow_id,
        f1_0.follow_time,
        f1_0.follower_id,
        f1_0.following_id 
    from
        follows f1_0 
    where
        f1_0.following_id=?
2025-05-21T00:18:24.507+07:00 DEBUG 23496 --- [http-nio-8080-exec-6] org.hibernate.SQL                        : 
    select
        u1_0.user_id,
        u1_0.avatar_url,
        u1_0.date_of_birth,
        u1_0.email,
        u1_0.firstname,
        u1_0.lastname,
        u1_0.password,
        u1_0.role,
        u1_0.username 
    from
        users u1_0 
    where
        u1_0.user_id=?
2025-05-21T00:18:24.512+07:00 DEBUG 23496 --- [http-nio-8080-exec-6] org.hibernate.SQL                        : 
    select
        f1_0.follow_id,
        f1_0.follow_time,
        f1_0.follower_id,
        f1_0.following_id 
    from
        follows f1_0 
    where
        f1_0.follower_id=?
2025-05-21T00:18:24.514+07:00 DEBUG 23496 --- [http-nio-8080-exec-6] org.hibernate.SQL                        : 
    select
        u1_0.user_id,
        u1_0.avatar_url,
        u1_0.date_of_birth,
        u1_0.email,
        u1_0.firstname,
        u1_0.lastname,
        u1_0.password,
        u1_0.role,
        u1_0.username 
    from
        users u1_0 
    where
        u1_0.user_id=?
2025-05-21T00:18:24.518+07:00 DEBUG 23496 --- [http-nio-8080-exec-6] org.hibernate.SQL                        : 
    select
        r1_0.recipe_id,
        r1_0.author_id,
        r1_0.author_name,
        r1_0.author_url,
        r1_0.avatar_url,
        r1_0.category_name,
        r1_0.category_id,
        r1_0.created_at,
        r1_0.description,
        r1_0.ingredients,
        r1_0.instruction,
        r1_0.name,
        r1_1.average_rating,
        r1_1.comment_count,
        r1_1.like_count,
        r1_1.rate_count,
        r1_1.save_count 
    from
        recipes r1_0 
    left join
        recipe_stats r1_1 
            on r1_0.recipe_id=r1_1.recipe_id 
    where
        r1_0.author_id=? 
    order by
        r1_0.created_at desc
2025-05-21T00:18:24.524+07:00 DEBUG 23496 --- [http-nio-8080-exec-6] org.hibernate.SQL                        : 
    select
        avg(r1_0.rating) 
    from
        rates r1_0 
    where
        r1_0.recipe_id=?
2025-05-21T00:18:24.528+07:00 DEBUG 23496 --- [http-nio-8080-exec-6] org.hibernate.SQL                        : 
    select
        avg(r1_0.rating) 
    from
        rates r1_0 
    where
        r1_0.recipe_id=?
2025-05-21T00:18:24.530+07:00 DEBUG 23496 --- [http-nio-8080-exec-6] org.hibernate.SQL                        : 
    select
        avg(r1_0.rating) 
    from
        rates r1_0 
    where
        r1_0.recipe_id=?
2025-05-21T00:18:24.532+07:00 DEBUG 23496 --- [http-nio-8080-exec-6] org.hibernate.SQL                        : 
    select
        u1_0.user_id,
        u1_0.avatar_url,
        u1_0.date_of_birth,
        u1_0.email,
        u1_0.firstname,
        u1_0.lastname,
        u1_0.password,
        u1_0.role,
        u1_0.username 
    from
        users u1_0 
    where
        u1_0.username=?
2025-05-21T00:18:24.536+07:00 DEBUG 23496 --- [http-nio-8080-exec-6] org.hibernate.SQL                        : 
    select
        r1_0.recipe_id,
        r1_0.author_id,
        r1_0.author_name,
        r1_0.author_url,
        r1_0.avatar_url,
        r1_0.category_name,
        r1_0.category_id,
        r1_0.created_at,
        r1_0.description,
        r1_0.ingredients,
        r1_0.instruction,
        r1_0.name,
        r1_1.average_rating,
        r1_1.comment_count,
        r1_1.like_count,
        r1_1.rate_count,
        r1_1.save_count 
    from
        recipes r1_0 
    left join
        recipe_stats r1_1 
            on r1_0.recipe_id=r1_1.recipe_id 
    where
        r1_0.author_id=? 
    order by
        r1_0.created_at desc
2025-05-21T00:18:24.539+07:00 DEBUG 23496 --- [http-nio-8080-exec-6] org.hibernate.SQL                        : 
    select
        avg(r1_0.rating) 
    from
        rates r1_0 
    where
        r1_0.recipe_id=?
2025-05-21T00:18:24.542+07:00 DEBUG 23496 --- [http-nio-8080-exec-6] org.hibernate.SQL                        : 
    select
        count(l1_0.like_id) 
    from
        likes l1_0 
    where
        l1_0.recipe_id=?
2025-05-21T00:18:24.546+07:00 DEBUG 23496 --- [http-nio-8080-exec-6] org.hibernate.SQL                        : 
    select
        avg(r1_0.rating) 
    from
        rates r1_0 
    where
        r1_0.recipe_id=?
2025-05-21T00:18:24.549+07:00 DEBUG 23496 --- [http-nio-8080-exec-6] org.hibernate.SQL                        : 
    select
        count(l1_0.like_id) 
    from
        likes l1_0 
    where
        l1_0.recipe_id=?
2025-05-21T00:18:24.552+07:00 DEBUG 23496 --- [http-nio-8080-exec-6] org.hibernate.SQL                        : 
    select
        avg(r1_0.rating) 
    from
        rates r1_0 
    where
        r1_0.recipe_id=?
2025-05-21T00:18:24.555+07:00 DEBUG 23496 --- [http-nio-8080-exec-6] org.hibernate.SQL                        : 
    select
        count(l1_0.like_id) 
    from
        likes l1_0 
    where
        l1_0.recipe_id=?
2025-05-21T00:18:24.560+07:00 DEBUG 23496 --- [http-nio-8080-exec-6] org.hibernate.SQL                        : 
    select
        u1_0.user_id,
        u1_0.avatar_url,
        u1_0.date_of_birth,
        u1_0.email,
        u1_0.firstname,
        u1_0.lastname,
        u1_0.password,
        u1_0.role,
        u1_0.username 
    from
        users u1_0 
    where
        u1_0.username=?
2025-05-21T00:18:24.564+07:00 DEBUG 23496 --- [http-nio-8080-exec-6] org.hibernate.SQL                        : 
    select
        s1_0.save_id,
        s1_0.created_at,
        s1_0.recipe_id,
        s1_0.user_id 
    from
        saved s1_0 
    where
        s1_0.user_id=?
2025-05-21T00:18:24.568+07:00 DEBUG 23496 --- [http-nio-8080-exec-6] org.hibernate.SQL                        : 
    select
        avg(r1_0.rating) 
    from
        rates r1_0 
    where
        r1_0.recipe_id=?
2025-05-21T00:18:24.572+07:00 DEBUG 23496 --- [http-nio-8080-exec-6] org.hibernate.SQL                        : 
    select
        count(l1_0.like_id) 
    from
        likes l1_0 
    where
        l1_0.recipe_id=?
2025-05-21T00:18:24.576+07:00 DEBUG 23496 --- [http-nio-8080-exec-6] org.hibernate.SQL                        : 
    select
        u1_0.user_id,
        u1_0.avatar_url,
        u1_0.date_of_birth,
        u1_0.email,
        u1_0.firstname,
        u1_0.lastname,
        u1_0.password,
        u1_0.role,
        u1_0.username 
    from
        users u1_0 
    where
        u1_0.username=?
2025-05-21T00:18:24.579+07:00 DEBUG 23496 --- [http-nio-8080-exec-6] org.hibernate.SQL                        : 
    select
        l1_0.like_id,
        l1_0.created_at,
        l1_0.recipe_id,
        l1_0.user_id 
    from
        likes l1_0 
    where
        l1_0.user_id=?
2025-05-21T00:18:24.586+07:00 DEBUG 23496 --- [http-nio-8080-exec-6] org.hibernate.SQL                        : 
    select
        avg(r1_0.rating) 
    from
        rates r1_0 
    where
        r1_0.recipe_id=?
2025-05-21T00:18:24.589+07:00 DEBUG 23496 --- [http-nio-8080-exec-6] org.hibernate.SQL                        : 
    select
        count(l1_0.like_id) 
    from
        likes l1_0 
    where
        l1_0.recipe_id=?
2025-05-21T00:18:24.592+07:00 DEBUG 23496 --- [http-nio-8080-exec-6] org.hibernate.SQL                        : 
    select
        avg(r1_0.rating) 
    from
        rates r1_0 
    where
        r1_0.recipe_id=?
2025-05-21T00:18:24.600+07:00 DEBUG 23496 --- [http-nio-8080-exec-6] org.hibernate.SQL                        : 
    select
        count(l1_0.like_id) 
    from
        likes l1_0 
    where
        l1_0.recipe_id=?
2025-05-21T00:18:24.657+07:00  WARN 23496 --- [http-nio-8080-exec-9] .m.m.a.ExceptionHandlerExceptionResolver : Resolved [org.springframework.web.servlet.resource.NoResourceFoundException: No static resource favicon.ico.]
2025-05-21T00:29:06.046+07:00 DEBUG 23496 --- [http-nio-8080-exec-6] org.hibernate.SQL                        : 
    select
        u1_0.user_id,
        u1_0.avatar_url,
        u1_0.date_of_birth,
        u1_0.email,
        u1_0.firstname,
        u1_0.lastname,
        u1_0.password,
        u1_0.role,
        u1_0.username 
    from
        users u1_0 
    where
        u1_0.username=?
2025-05-21T00:29:06.051+07:00 DEBUG 23496 --- [http-nio-8080-exec-6] org.hibernate.SQL                        : 
    select
        f1_0.follow_id,
        f1_0.follow_time,
        f1_0.follower_id,
        f1_0.following_id 
    from
        follows f1_0 
    where
        f1_0.following_id=?
2025-05-21T00:29:06.054+07:00 DEBUG 23496 --- [http-nio-8080-exec-6] org.hibernate.SQL                        : 
    select
        u1_0.user_id,
        u1_0.avatar_url,
        u1_0.date_of_birth,
        u1_0.email,
        u1_0.firstname,
        u1_0.lastname,
        u1_0.password,
        u1_0.role,
        u1_0.username 
    from
        users u1_0 
    where
        u1_0.user_id=?
2025-05-21T00:29:06.056+07:00 DEBUG 23496 --- [http-nio-8080-exec-6] org.hibernate.SQL                        : 
    select
        f1_0.follow_id,
        f1_0.follow_time,
        f1_0.follower_id,
        f1_0.following_id 
    from
        follows f1_0 
    where
        f1_0.follower_id=?
2025-05-21T00:29:06.057+07:00 DEBUG 23496 --- [http-nio-8080-exec-6] org.hibernate.SQL                        : 
    select
        u1_0.user_id,
        u1_0.avatar_url,
        u1_0.date_of_birth,
        u1_0.email,
        u1_0.firstname,
        u1_0.lastname,
        u1_0.password,
        u1_0.role,
        u1_0.username 
    from
        users u1_0 
    where
        u1_0.user_id=?
2025-05-21T00:29:06.060+07:00 DEBUG 23496 --- [http-nio-8080-exec-6] org.hibernate.SQL                        : 
    select
        r1_0.recipe_id,
        r1_0.author_id,
        r1_0.author_name,
        r1_0.author_url,
        r1_0.avatar_url,
        r1_0.category_name,
        r1_0.category_id,
        r1_0.created_at,
        r1_0.description,
        r1_0.ingredients,
        r1_0.instruction,
        r1_0.name,
        r1_1.average_rating,
        r1_1.comment_count,
        r1_1.like_count,
        r1_1.rate_count,
        r1_1.save_count 
    from
        recipes r1_0 
    left join
        recipe_stats r1_1 
            on r1_0.recipe_id=r1_1.recipe_id 
    where
        r1_0.author_id=? 
    order by
        r1_0.created_at desc
2025-05-21T00:29:06.063+07:00 DEBUG 23496 --- [http-nio-8080-exec-6] org.hibernate.SQL                        : 
    select
        avg(r1_0.rating) 
    from
        rates r1_0 
    where
        r1_0.recipe_id=?
2025-05-21T00:29:06.065+07:00 DEBUG 23496 --- [http-nio-8080-exec-6] org.hibernate.SQL                        : 
    select
        avg(r1_0.rating) 
    from
        rates r1_0 
    where
        r1_0.recipe_id=?
2025-05-21T00:29:06.066+07:00 DEBUG 23496 --- [http-nio-8080-exec-6] org.hibernate.SQL                        : 
    select
        avg(r1_0.rating) 
    from
        rates r1_0 
    where
        r1_0.recipe_id=?
2025-05-21T00:29:06.070+07:00 DEBUG 23496 --- [http-nio-8080-exec-6] org.hibernate.SQL                        : 
    select
        u1_0.user_id,
        u1_0.avatar_url,
        u1_0.date_of_birth,
        u1_0.email,
        u1_0.firstname,
        u1_0.lastname,
        u1_0.password,
        u1_0.role,
        u1_0.username 
    from
        users u1_0 
    where
        u1_0.username=?
2025-05-21T00:29:06.073+07:00 DEBUG 23496 --- [http-nio-8080-exec-6] org.hibernate.SQL                        : 
    select
        r1_0.recipe_id,
        r1_0.author_id,
        r1_0.author_name,
        r1_0.author_url,
        r1_0.avatar_url,
        r1_0.category_name,
        r1_0.category_id,
        r1_0.created_at,
        r1_0.description,
        r1_0.ingredients,
        r1_0.instruction,
        r1_0.name,
        r1_1.average_rating,
        r1_1.comment_count,
        r1_1.like_count,
        r1_1.rate_count,
        r1_1.save_count 
    from
        recipes r1_0 
    left join
        recipe_stats r1_1 
            on r1_0.recipe_id=r1_1.recipe_id 
    where
        r1_0.author_id=? 
    order by
        r1_0.created_at desc
2025-05-21T00:29:06.077+07:00 DEBUG 23496 --- [http-nio-8080-exec-6] org.hibernate.SQL                        : 
    select
        avg(r1_0.rating) 
    from
        rates r1_0 
    where
        r1_0.recipe_id=?
2025-05-21T00:29:06.078+07:00 DEBUG 23496 --- [http-nio-8080-exec-6] org.hibernate.SQL                        : 
    select
        count(l1_0.like_id) 
    from
        likes l1_0 
    where
        l1_0.recipe_id=?
2025-05-21T00:29:06.081+07:00 DEBUG 23496 --- [http-nio-8080-exec-6] org.hibernate.SQL                        : 
    select
        avg(r1_0.rating) 
    from
        rates r1_0 
    where
        r1_0.recipe_id=?
2025-05-21T00:29:06.083+07:00 DEBUG 23496 --- [http-nio-8080-exec-6] org.hibernate.SQL                        : 
    select
        count(l1_0.like_id) 
    from
        likes l1_0 
    where
        l1_0.recipe_id=?
2025-05-21T00:29:06.083+07:00 DEBUG 23496 --- [http-nio-8080-exec-6] org.hibernate.SQL                        : 
    select
        avg(r1_0.rating) 
    from
        rates r1_0 
    where
        r1_0.recipe_id=?
2025-05-21T00:29:06.085+07:00 DEBUG 23496 --- [http-nio-8080-exec-6] org.hibernate.SQL                        : 
    select
        count(l1_0.like_id) 
    from
        likes l1_0 
    where
        l1_0.recipe_id=?
2025-05-21T00:29:06.087+07:00 DEBUG 23496 --- [http-nio-8080-exec-6] org.hibernate.SQL                        : 
    select
        u1_0.user_id,
        u1_0.avatar_url,
        u1_0.date_of_birth,
        u1_0.email,
        u1_0.firstname,
        u1_0.lastname,
        u1_0.password,
        u1_0.role,
        u1_0.username 
    from
        users u1_0 
    where
        u1_0.username=?
2025-05-21T00:29:06.088+07:00 DEBUG 23496 --- [http-nio-8080-exec-6] org.hibernate.SQL                        : 
    select
        s1_0.save_id,
        s1_0.created_at,
        s1_0.recipe_id,
        s1_0.user_id 
    from
        saved s1_0 
    where
        s1_0.user_id=?
2025-05-21T00:29:06.091+07:00 DEBUG 23496 --- [http-nio-8080-exec-6] org.hibernate.SQL                        : 
    select
        avg(r1_0.rating) 
    from
        rates r1_0 
    where
        r1_0.recipe_id=?
2025-05-21T00:29:06.092+07:00 DEBUG 23496 --- [http-nio-8080-exec-6] org.hibernate.SQL                        : 
    select
        count(l1_0.like_id) 
    from
        likes l1_0 
    where
        l1_0.recipe_id=?
2025-05-21T00:29:06.094+07:00 DEBUG 23496 --- [http-nio-8080-exec-6] org.hibernate.SQL                        : 
    select
        u1_0.user_id,
        u1_0.avatar_url,
        u1_0.date_of_birth,
        u1_0.email,
        u1_0.firstname,
        u1_0.lastname,
        u1_0.password,
        u1_0.role,
        u1_0.username 
    from
        users u1_0 
    where
        u1_0.username=?
2025-05-21T00:29:06.095+07:00 DEBUG 23496 --- [http-nio-8080-exec-6] org.hibernate.SQL                        : 
    select
        l1_0.like_id,
        l1_0.created_at,
        l1_0.recipe_id,
        l1_0.user_id 
    from
        likes l1_0 
    where
        l1_0.user_id=?
2025-05-21T00:29:06.099+07:00 DEBUG 23496 --- [http-nio-8080-exec-6] org.hibernate.SQL                        : 
    select
        avg(r1_0.rating) 
    from
        rates r1_0 
    where
        r1_0.recipe_id=?
2025-05-21T00:29:06.101+07:00 DEBUG 23496 --- [http-nio-8080-exec-6] org.hibernate.SQL                        : 
    select
        count(l1_0.like_id) 
    from
        likes l1_0 
    where
        l1_0.recipe_id=?
2025-05-21T00:29:06.102+07:00 DEBUG 23496 --- [http-nio-8080-exec-6] org.hibernate.SQL                        : 
    select
        avg(r1_0.rating) 
    from
        rates r1_0 
    where
        r1_0.recipe_id=?
2025-05-21T00:29:06.103+07:00 DEBUG 23496 --- [http-nio-8080-exec-6] org.hibernate.SQL                        : 
    select
        count(l1_0.like_id) 
    from
        likes l1_0 
    where
        l1_0.recipe_id=?
2025-05-21T00:29:06.190+07:00  WARN 23496 --- [http-nio-8080-exec-9] .m.m.a.ExceptionHandlerExceptionResolver : Resolved [org.springframework.web.servlet.resource.NoResourceFoundException: No static resource favicon.ico.]
2025-05-21T00:29:06.992+07:00 DEBUG 23496 --- [http-nio-8080-exec-8] org.hibernate.SQL                        : 
    select
        r1_0.recipe_id,
        r1_0.author_id,
        r1_0.author_name,
        r1_0.author_url,
        r1_0.avatar_url,
        r1_0.category_name,
        r1_0.category_id,
        r1_0.created_at,
        r1_0.description,
        r1_0.ingredients,
        r1_0.instruction,
        r1_0.name,
        r1_1.average_rating,
        r1_1.comment_count,
        r1_1.like_count,
        r1_1.rate_count,
        r1_1.save_count 
    from
        recipes r1_0 
    left join
        recipe_stats r1_1 
            on r1_0.recipe_id=r1_1.recipe_id 
    where
        r1_0.recipe_id=?
2025-05-21T00:29:06.995+07:00 DEBUG 23496 --- [http-nio-8080-exec-8] org.hibernate.SQL                        : 
    select
        c1_0.comment_id,
        c1_0.comment_content,
        c1_0.created_at,
        c1_0.recipe_id,
        c1_0.user_id 
    from
        comments c1_0 
    where
        c1_0.recipe_id=?
2025-05-21T00:29:06.998+07:00 DEBUG 23496 --- [http-nio-8080-exec-8] org.hibernate.SQL                        : 
    select
        u1_0.user_id,
        u1_0.avatar_url,
        u1_0.date_of_birth,
        u1_0.email,
        u1_0.firstname,
        u1_0.lastname,
        u1_0.password,
        u1_0.role,
        u1_0.username 
    from
        users u1_0 
    where
        u1_0.user_id=?
2025-05-21T00:29:07.000+07:00 DEBUG 23496 --- [http-nio-8080-exec-8] org.hibernate.SQL                        : 
    select
        u1_0.user_id,
        u1_0.avatar_url,
        u1_0.date_of_birth,
        u1_0.email,
        u1_0.firstname,
        u1_0.lastname,
        u1_0.password,
        u1_0.role,
        u1_0.username 
    from
        users u1_0 
    where
        u1_0.user_id=?
2025-05-21T00:29:07.013+07:00 DEBUG 23496 --- [http-nio-8080-exec-1] org.hibernate.SQL                        : 
    select
        r1_0.recipe_id,
        r1_0.author_id,
        r1_0.author_name,
        r1_0.author_url,
        r1_0.avatar_url,
        r1_0.category_name,
        r1_0.category_id,
        r1_0.created_at,
        r1_0.description,
        r1_0.ingredients,
        r1_0.instruction,
        r1_0.name,
        r1_1.average_rating,
        r1_1.comment_count,
        r1_1.like_count,
        r1_1.rate_count,
        r1_1.save_count 
    from
        recipes r1_0 
    left join
        recipe_stats r1_1 
            on r1_0.recipe_id=r1_1.recipe_id 
    where
        r1_0.recipe_id=?
2025-05-21T00:29:07.014+07:00 DEBUG 23496 --- [http-nio-8080-exec-6] org.hibernate.SQL                        : 
    select
        s1_0.save_id 
    from
        saved s1_0 
    where
        s1_0.user_id=? 
        and s1_0.recipe_id=? 
    limit
        ?
2025-05-21T00:29:07.014+07:00 DEBUG 23496 --- [http-nio-8080-exec-4] org.hibernate.SQL                        : 
    select
        l1_0.like_id 
    from
        likes l1_0 
    where
        l1_0.user_id=? 
        and l1_0.recipe_id=? 
    limit
        ?
2025-05-21T00:29:07.016+07:00 DEBUG 23496 --- [http-nio-8080-exec-1] org.hibernate.SQL                        : 
    select
        c1_0.comment_id,
        c1_0.comment_content,
        c1_0.created_at,
        c1_0.recipe_id,
        c1_0.user_id 
    from
        comments c1_0 
    where
        c1_0.recipe_id=?
2025-05-21T00:29:07.017+07:00 DEBUG 23496 --- [http-nio-8080-exec-1] org.hibernate.SQL                        : 
    select
        u1_0.user_id,
        u1_0.avatar_url,
        u1_0.date_of_birth,
        u1_0.email,
        u1_0.firstname,
        u1_0.lastname,
        u1_0.password,
        u1_0.role,
        u1_0.username 
    from
        users u1_0 
    where
        u1_0.user_id=?
2025-05-21T00:29:07.019+07:00 DEBUG 23496 --- [http-nio-8080-exec-1] org.hibernate.SQL                        : 
    select
        u1_0.user_id,
        u1_0.avatar_url,
        u1_0.date_of_birth,
        u1_0.email,
        u1_0.firstname,
        u1_0.lastname,
        u1_0.password,
        u1_0.role,
        u1_0.username 
    from
        users u1_0 
    where
        u1_0.user_id=?
2025-05-21T00:29:07.025+07:00 DEBUG 23496 --- [http-nio-8080-exec-7] org.hibernate.SQL                        : 
    select
        r1_0.recipe_id,
        r1_0.author_id,
        r1_0.author_name,
        r1_0.author_url,
        r1_0.avatar_url,
        r1_0.category_name,
        r1_0.category_id,
        r1_0.created_at,
        r1_0.description,
        r1_0.ingredients,
        r1_0.instruction,
        r1_0.name,
        r1_1.average_rating,
        r1_1.comment_count,
        r1_1.like_count,
        r1_1.rate_count,
        r1_1.save_count 
    from
        recipes r1_0 
    left join
        recipe_stats r1_1 
            on r1_0.recipe_id=r1_1.recipe_id 
    where
        r1_0.recipe_id=?
2025-05-21T00:29:07.028+07:00 DEBUG 23496 --- [http-nio-8080-exec-7] org.hibernate.SQL                        : 
    select
        c1_0.comment_id,
        c1_0.comment_content,
        c1_0.created_at,
        c1_0.recipe_id,
        c1_0.user_id 
    from
        comments c1_0 
    where
        c1_0.recipe_id=?
2025-05-21T00:29:07.030+07:00 DEBUG 23496 --- [http-nio-8080-exec-7] org.hibernate.SQL                        : 
    select
        u1_0.user_id,
        u1_0.avatar_url,
        u1_0.date_of_birth,
        u1_0.email,
        u1_0.firstname,
        u1_0.lastname,
        u1_0.password,
        u1_0.role,
        u1_0.username 
    from
        users u1_0 
    where
        u1_0.user_id=?
2025-05-21T00:29:07.033+07:00 DEBUG 23496 --- [http-nio-8080-exec-7] org.hibernate.SQL                        : 
    select
        u1_0.user_id,
        u1_0.avatar_url,
        u1_0.date_of_birth,
        u1_0.email,
        u1_0.firstname,
        u1_0.lastname,
        u1_0.password,
        u1_0.role,
        u1_0.username 
    from
        users u1_0 
    where
        u1_0.user_id=?
2025-05-21T00:30:31.700+07:00  INFO 23496 --- [File Watcher] rtingClassPathChangeChangedEventListener : Restarting due to 1 class path change (1 addition, 0 deletions, 0 modifications)
2025-05-21T00:30:31.707+07:00  INFO 23496 --- [Thread-5] o.s.b.w.e.tomcat.GracefulShutdown        : Commencing graceful shutdown. Waiting for active requests to complete
2025-05-21T00:30:31.715+07:00  INFO 23496 --- [tomcat-shutdown] o.s.b.w.e.tomcat.GracefulShutdown        : Graceful shutdown complete
2025-05-21T00:30:31.760+07:00  INFO 23496 --- [Thread-5] j.LocalContainerEntityManagerFactoryBean : Closing JPA EntityManagerFactory for persistence unit 'default'
2025-05-21T00:30:31.764+07:00  INFO 23496 --- [Thread-5] com.zaxxer.hikari.HikariDataSource       : HikariPool-1 - Shutdown initiated...
2025-05-21T00:30:31.766+07:00  INFO 23496 --- [Thread-5] com.zaxxer.hikari.HikariDataSource       : HikariPool-1 - Shutdown completed.
2025-05-21T00:30:31.904+07:00  INFO 23496 --- [restartedMain] o.e.r.RecipeSharingWebsiteApplication    : Starting RecipeSharingWebsiteApplication using Java 23 with PID 23496 (C:\RecipeSharing\target\classes started by haiye in C:\RecipeSharing)
2025-05-21T00:30:31.904+07:00  INFO 23496 --- [restartedMain] o.e.r.RecipeSharingWebsiteApplication    : No active profile set, falling back to 1 default profile: "default"
2025-05-21T00:30:32.535+07:00  INFO 23496 --- [restartedMain] .s.d.r.c.RepositoryConfigurationDelegate : Bootstrapping Spring Data JPA repositories in DEFAULT mode.
2025-05-21T00:30:32.586+07:00  INFO 23496 --- [restartedMain] .s.d.r.c.RepositoryConfigurationDelegate : Finished Spring Data repository scanning in 49 ms. Found 10 JPA repository interfaces.
2025-05-21T00:30:32.771+07:00  INFO 23496 --- [restartedMain] o.s.b.w.embedded.tomcat.TomcatWebServer  : Tomcat initialized with port 8080 (http)
2025-05-21T00:30:32.772+07:00  INFO 23496 --- [restartedMain] o.apache.catalina.core.StandardService   : Starting service [Tomcat]
2025-05-21T00:30:32.772+07:00  INFO 23496 --- [restartedMain] o.apache.catalina.core.StandardEngine    : Starting Servlet engine: [Apache Tomcat/10.1.40]
2025-05-21T00:30:32.798+07:00  INFO 23496 --- [restartedMain] o.a.c.c.C.[Tomcat].[localhost].[/]       : Initializing Spring embedded WebApplicationContext
2025-05-21T00:30:32.798+07:00  INFO 23496 --- [restartedMain] w.s.c.ServletWebServerApplicationContext : Root WebApplicationContext: initialization completed in 891 ms
2025-05-21T00:30:32.924+07:00  INFO 23496 --- [restartedMain] o.hibernate.jpa.internal.util.LogHelper  : HHH000204: Processing PersistenceUnitInfo [name: default]
2025-05-21T00:30:32.925+07:00  INFO 23496 --- [restartedMain] o.h.c.internal.RegionFactoryInitiator    : HHH000026: Second-level cache disabled
2025-05-21T00:30:32.943+07:00  INFO 23496 --- [restartedMain] o.s.o.j.p.SpringPersistenceUnitInfo      : No LoadTimeWeaver setup: ignoring JPA class transformer
2025-05-21T00:30:32.944+07:00  INFO 23496 --- [restartedMain] com.zaxxer.hikari.HikariDataSource       : HikariPool-2 - Starting...
2025-05-21T00:30:32.948+07:00  INFO 23496 --- [restartedMain] com.zaxxer.hikari.pool.HikariPool        : HikariPool-2 - Added connection com.mysql.cj.jdbc.ConnectionImpl@37ec3e80
2025-05-21T00:30:32.948+07:00  INFO 23496 --- [restartedMain] com.zaxxer.hikari.HikariDataSource       : HikariPool-2 - Start completed.
2025-05-21T00:30:32.949+07:00  WARN 23496 --- [restartedMain] org.hibernate.orm.deprecation            : HHH90000025: MySQL8Dialect does not need to be specified explicitly using 'hibernate.dialect' (remove the property setting and it will be selected by default)
2025-05-21T00:30:32.949+07:00  WARN 23496 --- [restartedMain] org.hibernate.orm.deprecation            : HHH90000026: MySQL8Dialect has been deprecated; use org.hibernate.dialect.MySQLDialect instead
2025-05-21T00:30:32.949+07:00  INFO 23496 --- [restartedMain] org.hibernate.orm.connections.pooling    : HHH10001005: Database info:
	Database JDBC URL [Connecting through datasource 'HikariDataSource (HikariPool-2)']
	Database driver: undefined/unknown
	Database version: 8.0
	Autocommit mode: undefined/unknown
	Isolation level: undefined/unknown
	Minimum pool size: undefined/unknown
	Maximum pool size: undefined/unknown
2025-05-21T00:30:33.089+07:00  INFO 23496 --- [restartedMain] o.h.e.t.j.p.i.JtaPlatformInitiator       : HHH000489: No JTA platform available (set 'hibernate.transaction.jta.platform' to enable JTA platform integration)
2025-05-21T00:30:33.089+07:00  INFO 23496 --- [restartedMain] j.LocalContainerEntityManagerFactoryBean : Initialized JPA EntityManagerFactory for persistence unit 'default'
2025-05-21T00:30:33.369+07:00  WARN 23496 --- [restartedMain] JpaBaseConfiguration$JpaWebConfiguration : spring.jpa.open-in-view is enabled by default. Therefore, database queries may be performed during view rendering. Explicitly configure spring.jpa.open-in-view to disable this warning
2025-05-21T00:30:33.393+07:00  INFO 23496 --- [restartedMain] r$InitializeUserDetailsManagerConfigurer : Global AuthenticationManager configured with UserDetailsService bean with name userDetailsService
2025-05-21T00:30:33.413+07:00  INFO 23496 --- [restartedMain] o.s.b.a.w.s.WelcomePageHandlerMapping    : Adding welcome page template: index
2025-05-21T00:30:33.607+07:00  INFO 23496 --- [restartedMain] o.s.b.a.e.web.EndpointLinksResolver      : Exposing 1 endpoint beneath base path '/actuator'
2025-05-21T00:30:33.824+07:00  INFO 23496 --- [restartedMain] o.s.b.a.h2.H2ConsoleAutoConfiguration    : H2 console available at '/h2-console'. Database available at 'jdbc:mysql://localhost:3307/cnpm'
2025-05-21T00:30:33.867+07:00  INFO 23496 --- [restartedMain] .w.s.a.s.AnnotationActionEndpointMapping : Supporting [WS-Addressing August 2004, WS-Addressing 1.0]
2025-05-21T00:30:33.889+07:00  INFO 23496 --- [restartedMain] o.s.b.d.a.OptionalLiveReloadServer       : LiveReload server is running on port 35729
2025-05-21T00:30:33.911+07:00  INFO 23496 --- [restartedMain] o.s.b.w.embedded.tomcat.TomcatWebServer  : Tomcat started on port 8080 (http) with context path '/'
2025-05-21T00:30:33.918+07:00  INFO 23496 --- [restartedMain] o.e.r.RecipeSharingWebsiteApplication    : Started RecipeSharingWebsiteApplication in 2.054 seconds (process running for 1940.02)
2025-05-21T00:30:33.919+07:00  INFO 23496 --- [SpringApplicationShutdownHook] o.s.b.w.e.tomcat.GracefulShutdown        : Commencing graceful shutdown. Waiting for active requests to complete
2025-05-21T00:30:33.924+07:00  INFO 23496 --- [tomcat-shutdown] o.s.b.w.e.tomcat.GracefulShutdown        : Graceful shutdown complete
2025-05-21T00:30:33.927+07:00  INFO 23496 --- [SpringApplicationShutdownHook] j.LocalContainerEntityManagerFactoryBean : Closing JPA EntityManagerFactory for persistence unit 'default'
2025-05-21T00:30:33.927+07:00  INFO 23496 --- [SpringApplicationShutdownHook] com.zaxxer.hikari.HikariDataSource       : HikariPool-2 - Shutdown initiated...
2025-05-21T00:30:33.929+07:00  INFO 23496 --- [SpringApplicationShutdownHook] com.zaxxer.hikari.HikariDataSource       : HikariPool-2 - Shutdown completed.
2025-05-21T00:37:10.775+07:00  INFO 9964 --- [restartedMain] o.e.r.RecipeSharingWebsiteApplication    : Starting RecipeSharingWebsiteApplication using Java 23 with PID 9964 (C:\RecipeSharing\target\classes started by haiye in C:\RecipeSharing)
2025-05-21T00:37:10.777+07:00  INFO 9964 --- [restartedMain] o.e.r.RecipeSharingWebsiteApplication    : No active profile set, falling back to 1 default profile: "default"
2025-05-21T00:37:10.910+07:00  INFO 9964 --- [restartedMain] .e.DevToolsPropertyDefaultsPostProcessor : Devtools property defaults active! Set 'spring.devtools.add-properties' to 'false' to disable
2025-05-21T00:37:10.911+07:00  INFO 9964 --- [restartedMain] .e.DevToolsPropertyDefaultsPostProcessor : For additional web related logging consider setting the 'logging.level.web' property to 'DEBUG'
2025-05-21T00:37:12.443+07:00  INFO 9964 --- [restartedMain] .s.d.r.c.RepositoryConfigurationDelegate : Bootstrapping Spring Data JPA repositories in DEFAULT mode.
2025-05-21T00:37:12.664+07:00  INFO 9964 --- [restartedMain] .s.d.r.c.RepositoryConfigurationDelegate : Finished Spring Data repository scanning in 211 ms. Found 10 JPA repository interfaces.
2025-05-21T00:37:13.618+07:00  INFO 9964 --- [restartedMain] o.s.b.w.embedded.tomcat.TomcatWebServer  : Tomcat initialized with port 8080 (http)
2025-05-21T00:37:13.632+07:00  INFO 9964 --- [restartedMain] o.apache.catalina.core.StandardService   : Starting service [Tomcat]
2025-05-21T00:37:13.632+07:00  INFO 9964 --- [restartedMain] o.apache.catalina.core.StandardEngine    : Starting Servlet engine: [Apache Tomcat/10.1.40]
2025-05-21T00:37:13.690+07:00  INFO 9964 --- [restartedMain] o.a.c.c.C.[Tomcat].[localhost].[/]       : Initializing Spring embedded WebApplicationContext
2025-05-21T00:37:13.691+07:00  INFO 9964 --- [restartedMain] w.s.c.ServletWebServerApplicationContext : Root WebApplicationContext: initialization completed in 2779 ms
2025-05-21T00:37:14.089+07:00  INFO 9964 --- [restartedMain] o.hibernate.jpa.internal.util.LogHelper  : HHH000204: Processing PersistenceUnitInfo [name: default]
2025-05-21T00:37:14.183+07:00  INFO 9964 --- [restartedMain] org.hibernate.Version                    : HHH000412: Hibernate ORM core version 6.6.13.Final
2025-05-21T00:37:14.234+07:00  INFO 9964 --- [restartedMain] o.h.c.internal.RegionFactoryInitiator    : HHH000026: Second-level cache disabled
2025-05-21T00:37:14.612+07:00  INFO 9964 --- [restartedMain] o.s.o.j.p.SpringPersistenceUnitInfo      : No LoadTimeWeaver setup: ignoring JPA class transformer
2025-05-21T00:37:14.653+07:00  INFO 9964 --- [restartedMain] com.zaxxer.hikari.HikariDataSource       : HikariPool-1 - Starting...
2025-05-21T00:37:14.862+07:00  INFO 9964 --- [restartedMain] com.zaxxer.hikari.pool.HikariPool        : HikariPool-1 - Added connection com.mysql.cj.jdbc.ConnectionImpl@615cc6fa
2025-05-21T00:37:14.864+07:00  INFO 9964 --- [restartedMain] com.zaxxer.hikari.HikariDataSource       : HikariPool-1 - Start completed.
2025-05-21T00:37:14.894+07:00  WARN 9964 --- [restartedMain] org.hibernate.orm.deprecation            : HHH90000025: MySQL8Dialect does not need to be specified explicitly using 'hibernate.dialect' (remove the property setting and it will be selected by default)
2025-05-21T00:37:14.895+07:00  WARN 9964 --- [restartedMain] org.hibernate.orm.deprecation            : HHH90000026: MySQL8Dialect has been deprecated; use org.hibernate.dialect.MySQLDialect instead
2025-05-21T00:37:14.915+07:00  INFO 9964 --- [restartedMain] org.hibernate.orm.connections.pooling    : HHH10001005: Database info:
	Database JDBC URL [Connecting through datasource 'HikariDataSource (HikariPool-1)']
	Database driver: undefined/unknown
	Database version: 8.0
	Autocommit mode: undefined/unknown
	Isolation level: undefined/unknown
	Minimum pool size: undefined/unknown
	Maximum pool size: undefined/unknown
2025-05-21T00:37:16.022+07:00  INFO 9964 --- [restartedMain] o.h.e.t.j.p.i.JtaPlatformInitiator       : HHH000489: No JTA platform available (set 'hibernate.transaction.jta.platform' to enable JTA platform integration)
2025-05-21T00:37:16.026+07:00  INFO 9964 --- [restartedMain] j.LocalContainerEntityManagerFactoryBean : Initialized JPA EntityManagerFactory for persistence unit 'default'
2025-05-21T00:37:16.651+07:00  INFO 9964 --- [restartedMain] o.s.d.j.r.query.QueryEnhancerFactory     : Hibernate is in classpath; If applicable, HQL parser will be used.
2025-05-21T00:37:17.279+07:00  WARN 9964 --- [restartedMain] JpaBaseConfiguration$JpaWebConfiguration : spring.jpa.open-in-view is enabled by default. Therefore, database queries may be performed during view rendering. Explicitly configure spring.jpa.open-in-view to disable this warning
2025-05-21T00:37:17.333+07:00  INFO 9964 --- [restartedMain] r$InitializeUserDetailsManagerConfigurer : Global AuthenticationManager configured with UserDetailsService bean with name userDetailsService
2025-05-21T00:37:17.431+07:00  INFO 9964 --- [restartedMain] o.s.b.a.w.s.WelcomePageHandlerMapping    : Adding welcome page template: index
2025-05-21T00:37:17.836+07:00  INFO 9964 --- [restartedMain] o.s.b.a.e.web.EndpointLinksResolver      : Exposing 1 endpoint beneath base path '/actuator'
2025-05-21T00:37:18.403+07:00  INFO 9964 --- [restartedMain] o.s.b.a.h2.H2ConsoleAutoConfiguration    : H2 console available at '/h2-console'. Database available at 'jdbc:mysql://localhost:3307/cnpm'
2025-05-21T00:37:18.530+07:00  INFO 9964 --- [restartedMain] .w.s.a.s.AnnotationActionEndpointMapping : Supporting [WS-Addressing August 2004, WS-Addressing 1.0]
2025-05-21T00:37:18.599+07:00  INFO 9964 --- [restartedMain] o.s.b.d.a.OptionalLiveReloadServer       : LiveReload server is running on port 35729
2025-05-21T00:37:18.751+07:00  INFO 9964 --- [restartedMain] o.s.b.w.embedded.tomcat.TomcatWebServer  : Tomcat started on port 8080 (http) with context path '/'
2025-05-21T00:37:18.763+07:00  INFO 9964 --- [restartedMain] o.e.r.RecipeSharingWebsiteApplication    : Started RecipeSharingWebsiteApplication in 8.86 seconds (process running for 10.488)
2025-05-21T00:37:19.330+07:00  INFO 9964 --- [http-nio-8080-exec-1] o.a.c.c.C.[Tomcat].[localhost].[/]       : Initializing Spring DispatcherServlet 'dispatcherServlet'
2025-05-21T00:37:19.330+07:00  INFO 9964 --- [http-nio-8080-exec-1] o.s.web.servlet.DispatcherServlet        : Initializing Servlet 'dispatcherServlet'
2025-05-21T00:37:19.332+07:00  INFO 9964 --- [http-nio-8080-exec-1] o.s.web.servlet.DispatcherServlet        : Completed initialization in 2 ms
2025-05-21T00:37:26.992+07:00 DEBUG 9964 --- [http-nio-8080-exec-3] org.hibernate.SQL                        : 
    select
        u1_0.user_id,
        u1_0.avatar_url,
        u1_0.date_of_birth,
        u1_0.email,
        u1_0.firstname,
        u1_0.lastname,
        u1_0.password,
        u1_0.role,
        u1_0.username 
    from
        users u1_0 
    where
        u1_0.username=? 
        or u1_0.email=?
2025-05-21T00:37:27.292+07:00 DEBUG 9964 --- [http-nio-8080-exec-5] org.hibernate.SQL                        : 
    select
        u1_0.user_id,
        u1_0.avatar_url,
        u1_0.date_of_birth,
        u1_0.email,
        u1_0.firstname,
        u1_0.lastname,
        u1_0.password,
        u1_0.role,
        u1_0.username 
    from
        users u1_0 
    where
        u1_0.username=?
2025-05-21T00:37:27.300+07:00 DEBUG 9964 --- [http-nio-8080-exec-5] org.hibernate.SQL                        : 
    select
        f1_0.follow_id,
        f1_0.follow_time,
        f1_0.follower_id,
        f1_0.following_id 
    from
        follows f1_0 
    where
        f1_0.following_id=?
2025-05-21T00:37:27.336+07:00 DEBUG 9964 --- [http-nio-8080-exec-5] org.hibernate.SQL                        : 
    select
        u1_0.user_id,
        u1_0.avatar_url,
        u1_0.date_of_birth,
        u1_0.email,
        u1_0.firstname,
        u1_0.lastname,
        u1_0.password,
        u1_0.role,
        u1_0.username 
    from
        users u1_0 
    where
        u1_0.user_id=?
2025-05-21T00:37:27.346+07:00 DEBUG 9964 --- [http-nio-8080-exec-5] org.hibernate.SQL                        : 
    select
        f1_0.follow_id,
        f1_0.follow_time,
        f1_0.follower_id,
        f1_0.following_id 
    from
        follows f1_0 
    where
        f1_0.follower_id=?
2025-05-21T00:37:27.352+07:00 DEBUG 9964 --- [http-nio-8080-exec-5] org.hibernate.SQL                        : 
    select
        u1_0.user_id,
        u1_0.avatar_url,
        u1_0.date_of_birth,
        u1_0.email,
        u1_0.firstname,
        u1_0.lastname,
        u1_0.password,
        u1_0.role,
        u1_0.username 
    from
        users u1_0 
    where
        u1_0.user_id=?
2025-05-21T00:37:27.370+07:00 DEBUG 9964 --- [http-nio-8080-exec-5] org.hibernate.SQL                        : 
    select
        r1_0.recipe_id,
        r1_0.author_id,
        r1_0.author_name,
        r1_0.author_url,
        r1_0.avatar_url,
        r1_0.category_name,
        r1_0.category_id,
        r1_0.created_at,
        r1_0.description,
        r1_0.ingredients,
        r1_0.instruction,
        r1_0.name,
        r1_1.average_rating,
        r1_1.comment_count,
        r1_1.like_count,
        r1_1.rate_count,
        r1_1.save_count 
    from
        recipes r1_0 
    left join
        recipe_stats r1_1 
            on r1_0.recipe_id=r1_1.recipe_id 
    where
        r1_0.author_id=? 
    order by
        r1_0.created_at desc
2025-05-21T00:37:27.406+07:00 DEBUG 9964 --- [http-nio-8080-exec-5] org.hibernate.SQL                        : 
    select
        avg(r1_0.rating) 
    from
        rates r1_0 
    where
        r1_0.recipe_id=?
2025-05-21T00:37:27.412+07:00 DEBUG 9964 --- [http-nio-8080-exec-5] org.hibernate.SQL                        : 
    select
        avg(r1_0.rating) 
    from
        rates r1_0 
    where
        r1_0.recipe_id=?
2025-05-21T00:37:27.416+07:00 DEBUG 9964 --- [http-nio-8080-exec-5] org.hibernate.SQL                        : 
    select
        avg(r1_0.rating) 
    from
        rates r1_0 
    where
        r1_0.recipe_id=?
2025-05-21T00:37:27.422+07:00 DEBUG 9964 --- [http-nio-8080-exec-5] org.hibernate.SQL                        : 
    select
        u1_0.user_id,
        u1_0.avatar_url,
        u1_0.date_of_birth,
        u1_0.email,
        u1_0.firstname,
        u1_0.lastname,
        u1_0.password,
        u1_0.role,
        u1_0.username 
    from
        users u1_0 
    where
        u1_0.username=?
2025-05-21T00:37:27.428+07:00 DEBUG 9964 --- [http-nio-8080-exec-5] org.hibernate.SQL                        : 
    select
        r1_0.recipe_id,
        r1_0.author_id,
        r1_0.author_name,
        r1_0.author_url,
        r1_0.avatar_url,
        r1_0.category_name,
        r1_0.category_id,
        r1_0.created_at,
        r1_0.description,
        r1_0.ingredients,
        r1_0.instruction,
        r1_0.name,
        r1_1.average_rating,
        r1_1.comment_count,
        r1_1.like_count,
        r1_1.rate_count,
        r1_1.save_count 
    from
        recipes r1_0 
    left join
        recipe_stats r1_1 
            on r1_0.recipe_id=r1_1.recipe_id 
    where
        r1_0.author_id=? 
    order by
        r1_0.created_at desc
2025-05-21T00:37:27.432+07:00 DEBUG 9964 --- [http-nio-8080-exec-5] org.hibernate.SQL                        : 
    select
        avg(r1_0.rating) 
    from
        rates r1_0 
    where
        r1_0.recipe_id=?
2025-05-21T00:37:27.438+07:00 DEBUG 9964 --- [http-nio-8080-exec-5] org.hibernate.SQL                        : 
    select
        count(l1_0.like_id) 
    from
        likes l1_0 
    where
        l1_0.recipe_id=?
2025-05-21T00:37:27.441+07:00 DEBUG 9964 --- [http-nio-8080-exec-5] org.hibernate.SQL                        : 
    select
        avg(r1_0.rating) 
    from
        rates r1_0 
    where
        r1_0.recipe_id=?
2025-05-21T00:37:27.446+07:00 DEBUG 9964 --- [http-nio-8080-exec-5] org.hibernate.SQL                        : 
    select
        count(l1_0.like_id) 
    from
        likes l1_0 
    where
        l1_0.recipe_id=?
2025-05-21T00:37:27.451+07:00 DEBUG 9964 --- [http-nio-8080-exec-5] org.hibernate.SQL                        : 
    select
        avg(r1_0.rating) 
    from
        rates r1_0 
    where
        r1_0.recipe_id=?
2025-05-21T00:37:27.454+07:00 DEBUG 9964 --- [http-nio-8080-exec-5] org.hibernate.SQL                        : 
    select
        count(l1_0.like_id) 
    from
        likes l1_0 
    where
        l1_0.recipe_id=?
2025-05-21T00:37:27.458+07:00 DEBUG 9964 --- [http-nio-8080-exec-5] org.hibernate.SQL                        : 
    select
        u1_0.user_id,
        u1_0.avatar_url,
        u1_0.date_of_birth,
        u1_0.email,
        u1_0.firstname,
        u1_0.lastname,
        u1_0.password,
        u1_0.role,
        u1_0.username 
    from
        users u1_0 
    where
        u1_0.username=?
2025-05-21T00:37:27.466+07:00 DEBUG 9964 --- [http-nio-8080-exec-5] org.hibernate.SQL                        : 
    select
        s1_0.save_id,
        s1_0.created_at,
        s1_0.recipe_id,
        s1_0.user_id 
    from
        saved s1_0 
    where
        s1_0.user_id=?
2025-05-21T00:37:27.479+07:00 DEBUG 9964 --- [http-nio-8080-exec-5] org.hibernate.SQL                        : 
    select
        avg(r1_0.rating) 
    from
        rates r1_0 
    where
        r1_0.recipe_id=?
2025-05-21T00:37:27.484+07:00 DEBUG 9964 --- [http-nio-8080-exec-5] org.hibernate.SQL                        : 
    select
        count(l1_0.like_id) 
    from
        likes l1_0 
    where
        l1_0.recipe_id=?
2025-05-21T00:37:27.488+07:00 DEBUG 9964 --- [http-nio-8080-exec-5] org.hibernate.SQL                        : 
    select
        u1_0.user_id,
        u1_0.avatar_url,
        u1_0.date_of_birth,
        u1_0.email,
        u1_0.firstname,
        u1_0.lastname,
        u1_0.password,
        u1_0.role,
        u1_0.username 
    from
        users u1_0 
    where
        u1_0.username=?
2025-05-21T00:37:27.494+07:00 DEBUG 9964 --- [http-nio-8080-exec-5] org.hibernate.SQL                        : 
    select
        l1_0.like_id,
        l1_0.created_at,
        l1_0.recipe_id,
        l1_0.user_id 
    from
        likes l1_0 
    where
        l1_0.user_id=?
2025-05-21T00:37:27.503+07:00 DEBUG 9964 --- [http-nio-8080-exec-5] org.hibernate.SQL                        : 
    select
        avg(r1_0.rating) 
    from
        rates r1_0 
    where
        r1_0.recipe_id=?
2025-05-21T00:37:27.506+07:00 DEBUG 9964 --- [http-nio-8080-exec-5] org.hibernate.SQL                        : 
    select
        count(l1_0.like_id) 
    from
        likes l1_0 
    where
        l1_0.recipe_id=?
2025-05-21T00:37:27.508+07:00 DEBUG 9964 --- [http-nio-8080-exec-5] org.hibernate.SQL                        : 
    select
        avg(r1_0.rating) 
    from
        rates r1_0 
    where
        r1_0.recipe_id=?
2025-05-21T00:37:27.510+07:00 DEBUG 9964 --- [http-nio-8080-exec-5] org.hibernate.SQL                        : 
    select
        count(l1_0.like_id) 
    from
        likes l1_0 
    where
        l1_0.recipe_id=?
2025-05-21T00:37:27.718+07:00  WARN 9964 --- [http-nio-8080-exec-7] .m.m.a.ExceptionHandlerExceptionResolver : Resolved [org.springframework.web.servlet.resource.NoResourceFoundException: No static resource favicon.ico.]
2025-05-21T00:37:29.989+07:00 DEBUG 9964 --- [http-nio-8080-exec-1] org.hibernate.SQL                        : 
    select
        r1_0.recipe_id,
        r1_0.author_id,
        r1_0.author_name,
        r1_0.author_url,
        r1_0.avatar_url,
        r1_0.category_name,
        r1_0.category_id,
        r1_0.created_at,
        r1_0.description,
        r1_0.ingredients,
        r1_0.instruction,
        r1_0.name,
        r1_1.average_rating,
        r1_1.comment_count,
        r1_1.like_count,
        r1_1.rate_count,
        r1_1.save_count 
    from
        recipes r1_0 
    left join
        recipe_stats r1_1 
            on r1_0.recipe_id=r1_1.recipe_id 
    where
        r1_0.recipe_id=?
2025-05-21T00:37:29.997+07:00 DEBUG 9964 --- [http-nio-8080-exec-1] org.hibernate.SQL                        : 
    select
        c1_0.comment_id,
        c1_0.comment_content,
        c1_0.created_at,
        c1_0.recipe_id,
        c1_0.user_id 
    from
        comments c1_0 
    where
        c1_0.recipe_id=?
2025-05-21T00:37:30.006+07:00 DEBUG 9964 --- [http-nio-8080-exec-1] org.hibernate.SQL                        : 
    select
        u1_0.user_id,
        u1_0.avatar_url,
        u1_0.date_of_birth,
        u1_0.email,
        u1_0.firstname,
        u1_0.lastname,
        u1_0.password,
        u1_0.role,
        u1_0.username 
    from
        users u1_0 
    where
        u1_0.user_id=?
2025-05-21T00:37:30.014+07:00 DEBUG 9964 --- [http-nio-8080-exec-1] org.hibernate.SQL                        : 
    select
        u1_0.user_id,
        u1_0.avatar_url,
        u1_0.date_of_birth,
        u1_0.email,
        u1_0.firstname,
        u1_0.lastname,
        u1_0.password,
        u1_0.role,
        u1_0.username 
    from
        users u1_0 
    where
        u1_0.user_id=?
2025-05-21T00:37:30.080+07:00 DEBUG 9964 --- [http-nio-8080-exec-3] org.hibernate.SQL                        : 
    select
        r1_0.recipe_id,
        r1_0.author_id,
        r1_0.author_name,
        r1_0.author_url,
        r1_0.avatar_url,
        r1_0.category_name,
        r1_0.category_id,
        r1_0.created_at,
        r1_0.description,
        r1_0.ingredients,
        r1_0.instruction,
        r1_0.name,
        r1_1.average_rating,
        r1_1.comment_count,
        r1_1.like_count,
        r1_1.rate_count,
        r1_1.save_count 
    from
        recipes r1_0 
    left join
        recipe_stats r1_1 
            on r1_0.recipe_id=r1_1.recipe_id 
    where
        r1_0.recipe_id=?
2025-05-21T00:37:30.089+07:00 DEBUG 9964 --- [http-nio-8080-exec-3] org.hibernate.SQL                        : 
    select
        c1_0.comment_id,
        c1_0.comment_content,
        c1_0.created_at,
        c1_0.recipe_id,
        c1_0.user_id 
    from
        comments c1_0 
    where
        c1_0.recipe_id=?
2025-05-21T00:37:30.094+07:00 DEBUG 9964 --- [http-nio-8080-exec-3] org.hibernate.SQL                        : 
    select
        u1_0.user_id,
        u1_0.avatar_url,
        u1_0.date_of_birth,
        u1_0.email,
        u1_0.firstname,
        u1_0.lastname,
        u1_0.password,
        u1_0.role,
        u1_0.username 
    from
        users u1_0 
    where
        u1_0.user_id=?
2025-05-21T00:37:30.098+07:00 DEBUG 9964 --- [http-nio-8080-exec-3] org.hibernate.SQL                        : 
    select
        u1_0.user_id,
        u1_0.avatar_url,
        u1_0.date_of_birth,
        u1_0.email,
        u1_0.firstname,
        u1_0.lastname,
        u1_0.password,
        u1_0.role,
        u1_0.username 
    from
        users u1_0 
    where
        u1_0.user_id=?
2025-05-21T00:37:30.111+07:00 DEBUG 9964 --- [http-nio-8080-exec-6] org.hibernate.SQL                        : 
    select
        s1_0.save_id 
    from
        saved s1_0 
    where
        s1_0.user_id=? 
        and s1_0.recipe_id=? 
    limit
        ?
2025-05-21T00:37:30.111+07:00 DEBUG 9964 --- [http-nio-8080-exec-5] org.hibernate.SQL                        : 
    select
        l1_0.like_id 
    from
        likes l1_0 
    where
        l1_0.user_id=? 
        and l1_0.recipe_id=? 
    limit
        ?
2025-05-21T00:37:30.112+07:00 DEBUG 9964 --- [http-nio-8080-exec-10] org.hibernate.SQL                        : 
    select
        r1_0.recipe_id,
        r1_0.author_id,
        r1_0.author_name,
        r1_0.author_url,
        r1_0.avatar_url,
        r1_0.category_name,
        r1_0.category_id,
        r1_0.created_at,
        r1_0.description,
        r1_0.ingredients,
        r1_0.instruction,
        r1_0.name,
        r1_1.average_rating,
        r1_1.comment_count,
        r1_1.like_count,
        r1_1.rate_count,
        r1_1.save_count 
    from
        recipes r1_0 
    left join
        recipe_stats r1_1 
            on r1_0.recipe_id=r1_1.recipe_id 
    where
        r1_0.recipe_id=?
2025-05-21T00:37:30.118+07:00 DEBUG 9964 --- [http-nio-8080-exec-10] org.hibernate.SQL                        : 
    select
        c1_0.comment_id,
        c1_0.comment_content,
        c1_0.created_at,
        c1_0.recipe_id,
        c1_0.user_id 
    from
        comments c1_0 
    where
        c1_0.recipe_id=?
2025-05-21T00:37:30.122+07:00 DEBUG 9964 --- [http-nio-8080-exec-10] org.hibernate.SQL                        : 
    select
        u1_0.user_id,
        u1_0.avatar_url,
        u1_0.date_of_birth,
        u1_0.email,
        u1_0.firstname,
        u1_0.lastname,
        u1_0.password,
        u1_0.role,
        u1_0.username 
    from
        users u1_0 
    where
        u1_0.user_id=?
2025-05-21T00:37:30.127+07:00 DEBUG 9964 --- [http-nio-8080-exec-10] org.hibernate.SQL                        : 
    select
        u1_0.user_id,
        u1_0.avatar_url,
        u1_0.date_of_birth,
        u1_0.email,
        u1_0.firstname,
        u1_0.lastname,
        u1_0.password,
        u1_0.role,
        u1_0.username 
    from
        users u1_0 
    where
        u1_0.user_id=?
2025-05-21T00:38:02.565+07:00  INFO 9964 --- [SpringApplicationShutdownHook] o.s.b.w.e.tomcat.GracefulShutdown        : Commencing graceful shutdown. Waiting for active requests to complete
2025-05-21T00:38:02.572+07:00  INFO 9964 --- [tomcat-shutdown] o.s.b.w.e.tomcat.GracefulShutdown        : Graceful shutdown complete
2025-05-21T00:38:02.601+07:00  INFO 9964 --- [SpringApplicationShutdownHook] j.LocalContainerEntityManagerFactoryBean : Closing JPA EntityManagerFactory for persistence unit 'default'
2025-05-21T00:38:02.604+07:00  INFO 9964 --- [SpringApplicationShutdownHook] com.zaxxer.hikari.HikariDataSource       : HikariPool-1 - Shutdown initiated...
2025-05-21T00:38:02.609+07:00  INFO 9964 --- [SpringApplicationShutdownHook] com.zaxxer.hikari.HikariDataSource       : HikariPool-1 - Shutdown completed.
2025-05-21T00:39:06.166+07:00  INFO 28136 --- [restartedMain] o.e.r.RecipeSharingWebsiteApplication    : Starting RecipeSharingWebsiteApplication using Java 23 with PID 28136 (C:\RecipeSharing\target\classes started by haiye in C:\RecipeSharing)
2025-05-21T00:39:06.169+07:00  INFO 28136 --- [restartedMain] o.e.r.RecipeSharingWebsiteApplication    : No active profile set, falling back to 1 default profile: "default"
2025-05-21T00:39:06.244+07:00  INFO 28136 --- [restartedMain] .e.DevToolsPropertyDefaultsPostProcessor : Devtools property defaults active! Set 'spring.devtools.add-properties' to 'false' to disable
2025-05-21T00:39:06.244+07:00  INFO 28136 --- [restartedMain] .e.DevToolsPropertyDefaultsPostProcessor : For additional web related logging consider setting the 'logging.level.web' property to 'DEBUG'
2025-05-21T00:39:07.084+07:00  INFO 28136 --- [restartedMain] .s.d.r.c.RepositoryConfigurationDelegate : Bootstrapping Spring Data JPA repositories in DEFAULT mode.
2025-05-21T00:39:07.247+07:00  INFO 28136 --- [restartedMain] .s.d.r.c.RepositoryConfigurationDelegate : Finished Spring Data repository scanning in 153 ms. Found 10 JPA repository interfaces.
2025-05-21T00:39:08.105+07:00  INFO 28136 --- [restartedMain] o.s.b.w.embedded.tomcat.TomcatWebServer  : Tomcat initialized with port 8080 (http)
2025-05-21T00:39:08.124+07:00  INFO 28136 --- [restartedMain] o.apache.catalina.core.StandardService   : Starting service [Tomcat]
2025-05-21T00:39:08.124+07:00  INFO 28136 --- [restartedMain] o.apache.catalina.core.StandardEngine    : Starting Servlet engine: [Apache Tomcat/10.1.40]
2025-05-21T00:39:08.184+07:00  INFO 28136 --- [restartedMain] o.a.c.c.C.[Tomcat].[localhost].[/]       : Initializing Spring embedded WebApplicationContext
2025-05-21T00:39:08.184+07:00  INFO 28136 --- [restartedMain] w.s.c.ServletWebServerApplicationContext : Root WebApplicationContext: initialization completed in 1940 ms
2025-05-21T00:39:08.581+07:00  INFO 28136 --- [restartedMain] o.hibernate.jpa.internal.util.LogHelper  : HHH000204: Processing PersistenceUnitInfo [name: default]
2025-05-21T00:39:08.628+07:00  INFO 28136 --- [restartedMain] org.hibernate.Version                    : HHH000412: Hibernate ORM core version 6.6.13.Final
2025-05-21T00:39:08.657+07:00  INFO 28136 --- [restartedMain] o.h.c.internal.RegionFactoryInitiator    : HHH000026: Second-level cache disabled
2025-05-21T00:39:08.850+07:00  INFO 28136 --- [restartedMain] o.s.o.j.p.SpringPersistenceUnitInfo      : No LoadTimeWeaver setup: ignoring JPA class transformer
2025-05-21T00:39:08.874+07:00  INFO 28136 --- [restartedMain] com.zaxxer.hikari.HikariDataSource       : HikariPool-1 - Starting...
2025-05-21T00:39:08.978+07:00  INFO 28136 --- [restartedMain] com.zaxxer.hikari.pool.HikariPool        : HikariPool-1 - Added connection com.mysql.cj.jdbc.ConnectionImpl@522190aa
2025-05-21T00:39:08.979+07:00  INFO 28136 --- [restartedMain] com.zaxxer.hikari.HikariDataSource       : HikariPool-1 - Start completed.
2025-05-21T00:39:08.992+07:00  WARN 28136 --- [restartedMain] org.hibernate.orm.deprecation            : HHH90000025: MySQL8Dialect does not need to be specified explicitly using 'hibernate.dialect' (remove the property setting and it will be selected by default)
2025-05-21T00:39:08.992+07:00  WARN 28136 --- [restartedMain] org.hibernate.orm.deprecation            : HHH90000026: MySQL8Dialect has been deprecated; use org.hibernate.dialect.MySQLDialect instead
2025-05-21T00:39:09.009+07:00  INFO 28136 --- [restartedMain] org.hibernate.orm.connections.pooling    : HHH10001005: Database info:
	Database JDBC URL [Connecting through datasource 'HikariDataSource (HikariPool-1)']
	Database driver: undefined/unknown
	Database version: 8.0
	Autocommit mode: undefined/unknown
	Isolation level: undefined/unknown
	Minimum pool size: undefined/unknown
	Maximum pool size: undefined/unknown
2025-05-21T00:39:09.790+07:00  INFO 28136 --- [restartedMain] o.h.e.t.j.p.i.JtaPlatformInitiator       : HHH000489: No JTA platform available (set 'hibernate.transaction.jta.platform' to enable JTA platform integration)
2025-05-21T00:39:09.792+07:00  INFO 28136 --- [restartedMain] j.LocalContainerEntityManagerFactoryBean : Initialized JPA EntityManagerFactory for persistence unit 'default'
2025-05-21T00:39:10.445+07:00  INFO 28136 --- [restartedMain] o.s.d.j.r.query.QueryEnhancerFactory     : Hibernate is in classpath; If applicable, HQL parser will be used.
2025-05-21T00:39:11.159+07:00  WARN 28136 --- [restartedMain] JpaBaseConfiguration$JpaWebConfiguration : spring.jpa.open-in-view is enabled by default. Therefore, database queries may be performed during view rendering. Explicitly configure spring.jpa.open-in-view to disable this warning
2025-05-21T00:39:11.244+07:00  INFO 28136 --- [restartedMain] r$InitializeUserDetailsManagerConfigurer : Global AuthenticationManager configured with UserDetailsService bean with name userDetailsService
2025-05-21T00:39:11.417+07:00  INFO 28136 --- [restartedMain] o.s.b.a.w.s.WelcomePageHandlerMapping    : Adding welcome page template: index
2025-05-21T00:39:12.279+07:00  INFO 28136 --- [restartedMain] o.s.b.a.e.web.EndpointLinksResolver      : Exposing 1 endpoint beneath base path '/actuator'
2025-05-21T00:39:13.571+07:00  INFO 28136 --- [restartedMain] o.s.b.a.h2.H2ConsoleAutoConfiguration    : H2 console available at '/h2-console'. Database available at 'jdbc:mysql://localhost:3307/cnpm'
2025-05-21T00:39:14.033+07:00  INFO 28136 --- [restartedMain] .w.s.a.s.AnnotationActionEndpointMapping : Supporting [WS-Addressing August 2004, WS-Addressing 1.0]
2025-05-21T00:39:14.320+07:00  INFO 28136 --- [restartedMain] o.s.b.d.a.OptionalLiveReloadServer       : LiveReload server is running on port 35729
2025-05-21T00:39:14.796+07:00  INFO 28136 --- [restartedMain] o.s.b.w.embedded.tomcat.TomcatWebServer  : Tomcat started on port 8080 (http) with context path '/'
2025-05-21T00:39:14.846+07:00  INFO 28136 --- [restartedMain] o.e.r.RecipeSharingWebsiteApplication    : Started RecipeSharingWebsiteApplication in 9.145 seconds (process running for 9.933)
2025-05-21T00:39:15.638+07:00  INFO 28136 --- [http-nio-8080-exec-1] o.a.c.c.C.[Tomcat].[localhost].[/]       : Initializing Spring DispatcherServlet 'dispatcherServlet'
2025-05-21T00:39:15.639+07:00  INFO 28136 --- [http-nio-8080-exec-1] o.s.web.servlet.DispatcherServlet        : Initializing Servlet 'dispatcherServlet'
2025-05-21T00:39:15.645+07:00  INFO 28136 --- [http-nio-8080-exec-1] o.s.web.servlet.DispatcherServlet        : Completed initialization in 4 ms
2025-05-21T00:39:18.420+07:00  WARN 28136 --- [http-nio-8080-exec-2] .m.m.a.ExceptionHandlerExceptionResolver : Resolved [org.springframework.web.servlet.resource.NoResourceFoundException: No static resource favicon.ico.]
2025-05-21T00:39:23.085+07:00 DEBUG 28136 --- [http-nio-8080-exec-3] org.hibernate.SQL                        : 
    select
        u1_0.user_id,
        u1_0.avatar_url,
        u1_0.date_of_birth,
        u1_0.email,
        u1_0.firstname,
        u1_0.lastname,
        u1_0.password,
        u1_0.role,
        u1_0.username 
    from
        users u1_0 
    where
        u1_0.username=? 
        or u1_0.email=?
2025-05-21T00:39:23.345+07:00 DEBUG 28136 --- [http-nio-8080-exec-4] org.hibernate.SQL                        : 
    select
        u1_0.user_id,
        u1_0.avatar_url,
        u1_0.date_of_birth,
        u1_0.email,
        u1_0.firstname,
        u1_0.lastname,
        u1_0.password,
        u1_0.role,
        u1_0.username 
    from
        users u1_0 
    where
        u1_0.username=?
2025-05-21T00:39:23.350+07:00 DEBUG 28136 --- [http-nio-8080-exec-4] org.hibernate.SQL                        : 
    select
        f1_0.follow_id,
        f1_0.follow_time,
        f1_0.follower_id,
        f1_0.following_id 
    from
        follows f1_0 
    where
        f1_0.following_id=?
2025-05-21T00:39:23.379+07:00 DEBUG 28136 --- [http-nio-8080-exec-4] org.hibernate.SQL                        : 
    select
        u1_0.user_id,
        u1_0.avatar_url,
        u1_0.date_of_birth,
        u1_0.email,
        u1_0.firstname,
        u1_0.lastname,
        u1_0.password,
        u1_0.role,
        u1_0.username 
    from
        users u1_0 
    where
        u1_0.user_id=?
2025-05-21T00:39:23.386+07:00 DEBUG 28136 --- [http-nio-8080-exec-4] org.hibernate.SQL                        : 
    select
        f1_0.follow_id,
        f1_0.follow_time,
        f1_0.follower_id,
        f1_0.following_id 
    from
        follows f1_0 
    where
        f1_0.follower_id=?
2025-05-21T00:39:23.390+07:00 DEBUG 28136 --- [http-nio-8080-exec-4] org.hibernate.SQL                        : 
    select
        u1_0.user_id,
        u1_0.avatar_url,
        u1_0.date_of_birth,
        u1_0.email,
        u1_0.firstname,
        u1_0.lastname,
        u1_0.password,
        u1_0.role,
        u1_0.username 
    from
        users u1_0 
    where
        u1_0.user_id=?
2025-05-21T00:39:23.399+07:00 DEBUG 28136 --- [http-nio-8080-exec-4] org.hibernate.SQL                        : 
    select
        r1_0.recipe_id,
        r1_0.author_id,
        r1_0.author_name,
        r1_0.author_url,
        r1_0.avatar_url,
        r1_0.category_name,
        r1_0.category_id,
        r1_0.created_at,
        r1_0.description,
        r1_0.ingredients,
        r1_0.instruction,
        r1_0.name,
        r1_1.average_rating,
        r1_1.comment_count,
        r1_1.like_count,
        r1_1.rate_count,
        r1_1.save_count 
    from
        recipes r1_0 
    left join
        recipe_stats r1_1 
            on r1_0.recipe_id=r1_1.recipe_id 
    where
        r1_0.author_id=? 
    order by
        r1_0.created_at desc
2025-05-21T00:39:23.422+07:00 DEBUG 28136 --- [http-nio-8080-exec-4] org.hibernate.SQL                        : 
    select
        avg(r1_0.rating) 
    from
        rates r1_0 
    where
        r1_0.recipe_id=?
2025-05-21T00:39:23.425+07:00 DEBUG 28136 --- [http-nio-8080-exec-4] org.hibernate.SQL                        : 
    select
        avg(r1_0.rating) 
    from
        rates r1_0 
    where
        r1_0.recipe_id=?
2025-05-21T00:39:23.427+07:00 DEBUG 28136 --- [http-nio-8080-exec-4] org.hibernate.SQL                        : 
    select
        avg(r1_0.rating) 
    from
        rates r1_0 
    where
        r1_0.recipe_id=?
2025-05-21T00:39:23.432+07:00 DEBUG 28136 --- [http-nio-8080-exec-4] org.hibernate.SQL                        : 
    select
        u1_0.user_id,
        u1_0.avatar_url,
        u1_0.date_of_birth,
        u1_0.email,
        u1_0.firstname,
        u1_0.lastname,
        u1_0.password,
        u1_0.role,
        u1_0.username 
    from
        users u1_0 
    where
        u1_0.username=?
2025-05-21T00:39:23.436+07:00 DEBUG 28136 --- [http-nio-8080-exec-4] org.hibernate.SQL                        : 
    select
        r1_0.recipe_id,
        r1_0.author_id,
        r1_0.author_name,
        r1_0.author_url,
        r1_0.avatar_url,
        r1_0.category_name,
        r1_0.category_id,
        r1_0.created_at,
        r1_0.description,
        r1_0.ingredients,
        r1_0.instruction,
        r1_0.name,
        r1_1.average_rating,
        r1_1.comment_count,
        r1_1.like_count,
        r1_1.rate_count,
        r1_1.save_count 
    from
        recipes r1_0 
    left join
        recipe_stats r1_1 
            on r1_0.recipe_id=r1_1.recipe_id 
    where
        r1_0.author_id=? 
    order by
        r1_0.created_at desc
2025-05-21T00:39:23.440+07:00 DEBUG 28136 --- [http-nio-8080-exec-4] org.hibernate.SQL                        : 
    select
        avg(r1_0.rating) 
    from
        rates r1_0 
    where
        r1_0.recipe_id=?
2025-05-21T00:39:23.444+07:00 DEBUG 28136 --- [http-nio-8080-exec-4] org.hibernate.SQL                        : 
    select
        count(l1_0.like_id) 
    from
        likes l1_0 
    where
        l1_0.recipe_id=?
2025-05-21T00:39:23.447+07:00 DEBUG 28136 --- [http-nio-8080-exec-4] org.hibernate.SQL                        : 
    select
        avg(r1_0.rating) 
    from
        rates r1_0 
    where
        r1_0.recipe_id=?
2025-05-21T00:39:23.451+07:00 DEBUG 28136 --- [http-nio-8080-exec-4] org.hibernate.SQL                        : 
    select
        count(l1_0.like_id) 
    from
        likes l1_0 
    where
        l1_0.recipe_id=?
2025-05-21T00:39:23.452+07:00 DEBUG 28136 --- [http-nio-8080-exec-4] org.hibernate.SQL                        : 
    select
        avg(r1_0.rating) 
    from
        rates r1_0 
    where
        r1_0.recipe_id=?
2025-05-21T00:39:23.456+07:00 DEBUG 28136 --- [http-nio-8080-exec-4] org.hibernate.SQL                        : 
    select
        count(l1_0.like_id) 
    from
        likes l1_0 
    where
        l1_0.recipe_id=?
2025-05-21T00:39:23.458+07:00 DEBUG 28136 --- [http-nio-8080-exec-4] org.hibernate.SQL                        : 
    select
        u1_0.user_id,
        u1_0.avatar_url,
        u1_0.date_of_birth,
        u1_0.email,
        u1_0.firstname,
        u1_0.lastname,
        u1_0.password,
        u1_0.role,
        u1_0.username 
    from
        users u1_0 
    where
        u1_0.username=?
2025-05-21T00:39:23.463+07:00 DEBUG 28136 --- [http-nio-8080-exec-4] org.hibernate.SQL                        : 
    select
        s1_0.save_id,
        s1_0.created_at,
        s1_0.recipe_id,
        s1_0.user_id 
    from
        saved s1_0 
    where
        s1_0.user_id=?
2025-05-21T00:39:23.470+07:00 DEBUG 28136 --- [http-nio-8080-exec-4] org.hibernate.SQL                        : 
    select
        avg(r1_0.rating) 
    from
        rates r1_0 
    where
        r1_0.recipe_id=?
2025-05-21T00:39:23.473+07:00 DEBUG 28136 --- [http-nio-8080-exec-4] org.hibernate.SQL                        : 
    select
        count(l1_0.like_id) 
    from
        likes l1_0 
    where
        l1_0.recipe_id=?
2025-05-21T00:39:23.476+07:00 DEBUG 28136 --- [http-nio-8080-exec-4] org.hibernate.SQL                        : 
    select
        u1_0.user_id,
        u1_0.avatar_url,
        u1_0.date_of_birth,
        u1_0.email,
        u1_0.firstname,
        u1_0.lastname,
        u1_0.password,
        u1_0.role,
        u1_0.username 
    from
        users u1_0 
    where
        u1_0.username=?
2025-05-21T00:39:23.480+07:00 DEBUG 28136 --- [http-nio-8080-exec-4] org.hibernate.SQL                        : 
    select
        l1_0.like_id,
        l1_0.created_at,
        l1_0.recipe_id,
        l1_0.user_id 
    from
        likes l1_0 
    where
        l1_0.user_id=?
2025-05-21T00:39:23.489+07:00 DEBUG 28136 --- [http-nio-8080-exec-4] org.hibernate.SQL                        : 
    select
        avg(r1_0.rating) 
    from
        rates r1_0 
    where
        r1_0.recipe_id=?
2025-05-21T00:39:23.492+07:00 DEBUG 28136 --- [http-nio-8080-exec-4] org.hibernate.SQL                        : 
    select
        count(l1_0.like_id) 
    from
        likes l1_0 
    where
        l1_0.recipe_id=?
2025-05-21T00:39:23.495+07:00 DEBUG 28136 --- [http-nio-8080-exec-4] org.hibernate.SQL                        : 
    select
        avg(r1_0.rating) 
    from
        rates r1_0 
    where
        r1_0.recipe_id=?
2025-05-21T00:39:23.497+07:00 DEBUG 28136 --- [http-nio-8080-exec-4] org.hibernate.SQL                        : 
    select
        count(l1_0.like_id) 
    from
        likes l1_0 
    where
        l1_0.recipe_id=?
2025-05-21T00:39:23.754+07:00  WARN 28136 --- [http-nio-8080-exec-9] .m.m.a.ExceptionHandlerExceptionResolver : Resolved [org.springframework.web.servlet.resource.NoResourceFoundException: No static resource favicon.ico.]
2025-05-21T00:39:30.038+07:00 DEBUG 28136 --- [http-nio-8080-exec-10] org.hibernate.SQL                        : 
    select
        r1_0.recipe_id,
        r1_0.author_id,
        r1_0.author_name,
        r1_0.author_url,
        r1_0.avatar_url,
        r1_0.category_name,
        r1_0.category_id,
        r1_0.created_at,
        r1_0.description,
        r1_0.ingredients,
        r1_0.instruction,
        r1_0.name,
        r1_1.average_rating,
        r1_1.comment_count,
        r1_1.like_count,
        r1_1.rate_count,
        r1_1.save_count 
    from
        recipes r1_0 
    left join
        recipe_stats r1_1 
            on r1_0.recipe_id=r1_1.recipe_id 
    where
        r1_0.recipe_id=?
2025-05-21T00:39:30.044+07:00 DEBUG 28136 --- [http-nio-8080-exec-10] org.hibernate.SQL                        : 
    select
        c1_0.comment_id,
        c1_0.comment_content,
        c1_0.created_at,
        c1_0.recipe_id,
        c1_0.user_id 
    from
        comments c1_0 
    where
        c1_0.recipe_id=?
2025-05-21T00:39:30.048+07:00 DEBUG 28136 --- [http-nio-8080-exec-10] org.hibernate.SQL                        : 
    select
        u1_0.user_id,
        u1_0.avatar_url,
        u1_0.date_of_birth,
        u1_0.email,
        u1_0.firstname,
        u1_0.lastname,
        u1_0.password,
        u1_0.role,
        u1_0.username 
    from
        users u1_0 
    where
        u1_0.user_id=?
2025-05-21T00:39:30.050+07:00 DEBUG 28136 --- [http-nio-8080-exec-10] org.hibernate.SQL                        : 
    select
        u1_0.user_id,
        u1_0.avatar_url,
        u1_0.date_of_birth,
        u1_0.email,
        u1_0.firstname,
        u1_0.lastname,
        u1_0.password,
        u1_0.role,
        u1_0.username 
    from
        users u1_0 
    where
        u1_0.user_id=?
2025-05-21T00:39:30.073+07:00 DEBUG 28136 --- [http-nio-8080-exec-3] org.hibernate.SQL                        : 
    select
        r1_0.recipe_id,
        r1_0.author_id,
        r1_0.author_name,
        r1_0.author_url,
        r1_0.avatar_url,
        r1_0.category_name,
        r1_0.category_id,
        r1_0.created_at,
        r1_0.description,
        r1_0.ingredients,
        r1_0.instruction,
        r1_0.name,
        r1_1.average_rating,
        r1_1.comment_count,
        r1_1.like_count,
        r1_1.rate_count,
        r1_1.save_count 
    from
        recipes r1_0 
    left join
        recipe_stats r1_1 
            on r1_0.recipe_id=r1_1.recipe_id 
    where
        r1_0.recipe_id=?
2025-05-21T00:39:30.076+07:00 DEBUG 28136 --- [http-nio-8080-exec-3] org.hibernate.SQL                        : 
    select
        c1_0.comment_id,
        c1_0.comment_content,
        c1_0.created_at,
        c1_0.recipe_id,
        c1_0.user_id 
    from
        comments c1_0 
    where
        c1_0.recipe_id=?
2025-05-21T00:39:30.078+07:00 DEBUG 28136 --- [http-nio-8080-exec-3] org.hibernate.SQL                        : 
    select
        u1_0.user_id,
        u1_0.avatar_url,
        u1_0.date_of_birth,
        u1_0.email,
        u1_0.firstname,
        u1_0.lastname,
        u1_0.password,
        u1_0.role,
        u1_0.username 
    from
        users u1_0 
    where
        u1_0.user_id=?
2025-05-21T00:39:30.080+07:00 DEBUG 28136 --- [http-nio-8080-exec-3] org.hibernate.SQL                        : 
    select
        u1_0.user_id,
        u1_0.avatar_url,
        u1_0.date_of_birth,
        u1_0.email,
        u1_0.firstname,
        u1_0.lastname,
        u1_0.password,
        u1_0.role,
        u1_0.username 
    from
        users u1_0 
    where
        u1_0.user_id=?
2025-05-21T00:39:30.084+07:00 DEBUG 28136 --- [http-nio-8080-exec-4] org.hibernate.SQL                        : 
    select
        l1_0.like_id 
    from
        likes l1_0 
    where
        l1_0.user_id=? 
        and l1_0.recipe_id=? 
    limit
        ?
2025-05-21T00:39:30.084+07:00 DEBUG 28136 --- [http-nio-8080-exec-6] org.hibernate.SQL                        : 
    select
        s1_0.save_id 
    from
        saved s1_0 
    where
        s1_0.user_id=? 
        and s1_0.recipe_id=? 
    limit
        ?
2025-05-21T00:39:30.087+07:00 DEBUG 28136 --- [http-nio-8080-exec-7] org.hibernate.SQL                        : 
    select
        r1_0.recipe_id,
        r1_0.author_id,
        r1_0.author_name,
        r1_0.author_url,
        r1_0.avatar_url,
        r1_0.category_name,
        r1_0.category_id,
        r1_0.created_at,
        r1_0.description,
        r1_0.ingredients,
        r1_0.instruction,
        r1_0.name,
        r1_1.average_rating,
        r1_1.comment_count,
        r1_1.like_count,
        r1_1.rate_count,
        r1_1.save_count 
    from
        recipes r1_0 
    left join
        recipe_stats r1_1 
            on r1_0.recipe_id=r1_1.recipe_id 
    where
        r1_0.recipe_id=?
2025-05-21T00:39:30.091+07:00 DEBUG 28136 --- [http-nio-8080-exec-7] org.hibernate.SQL                        : 
    select
        c1_0.comment_id,
        c1_0.comment_content,
        c1_0.created_at,
        c1_0.recipe_id,
        c1_0.user_id 
    from
        comments c1_0 
    where
        c1_0.recipe_id=?
2025-05-21T00:39:30.093+07:00 DEBUG 28136 --- [http-nio-8080-exec-7] org.hibernate.SQL                        : 
    select
        u1_0.user_id,
        u1_0.avatar_url,
        u1_0.date_of_birth,
        u1_0.email,
        u1_0.firstname,
        u1_0.lastname,
        u1_0.password,
        u1_0.role,
        u1_0.username 
    from
        users u1_0 
    where
        u1_0.user_id=?
2025-05-21T00:39:30.096+07:00 DEBUG 28136 --- [http-nio-8080-exec-7] org.hibernate.SQL                        : 
    select
        u1_0.user_id,
        u1_0.avatar_url,
        u1_0.date_of_birth,
        u1_0.email,
        u1_0.firstname,
        u1_0.lastname,
        u1_0.password,
        u1_0.role,
        u1_0.username 
    from
        users u1_0 
    where
        u1_0.user_id=?
2025-05-21T00:39:36.346+07:00  WARN 28136 --- [http-nio-8080-exec-5] .m.m.a.ExceptionHandlerExceptionResolver : Resolved [org.springframework.web.servlet.resource.NoResourceFoundException: No static resource .well-known/appspecific/com.chrome.devtools.json.]
2025-05-21T00:41:44.433+07:00  INFO 28136 --- [File Watcher] rtingClassPathChangeChangedEventListener : Restarting due to 1 class path change (0 additions, 1 deletion, 0 modifications)
2025-05-21T00:41:44.444+07:00  INFO 28136 --- [Thread-5] o.s.b.w.e.tomcat.GracefulShutdown        : Commencing graceful shutdown. Waiting for active requests to complete
2025-05-21T00:41:44.470+07:00  INFO 28136 --- [tomcat-shutdown] o.s.b.w.e.tomcat.GracefulShutdown        : Graceful shutdown complete
2025-05-21T00:41:44.514+07:00  INFO 28136 --- [Thread-5] j.LocalContainerEntityManagerFactoryBean : Closing JPA EntityManagerFactory for persistence unit 'default'
2025-05-21T00:41:44.520+07:00  INFO 28136 --- [Thread-5] com.zaxxer.hikari.HikariDataSource       : HikariPool-1 - Shutdown initiated...
2025-05-21T00:41:44.528+07:00  INFO 28136 --- [Thread-5] com.zaxxer.hikari.HikariDataSource       : HikariPool-1 - Shutdown completed.
2025-05-21T00:41:44.675+07:00  INFO 28136 --- [restartedMain] o.e.r.RecipeSharingWebsiteApplication    : Starting RecipeSharingWebsiteApplication using Java 23 with PID 28136 (C:\RecipeSharing\target\classes started by haiye in C:\RecipeSharing)
2025-05-21T00:41:44.676+07:00  INFO 28136 --- [restartedMain] o.e.r.RecipeSharingWebsiteApplication    : No active profile set, falling back to 1 default profile: "default"
2025-05-21T00:41:45.232+07:00  INFO 28136 --- [restartedMain] .s.d.r.c.RepositoryConfigurationDelegate : Bootstrapping Spring Data JPA repositories in DEFAULT mode.
2025-05-21T00:41:45.284+07:00  INFO 28136 --- [restartedMain] .s.d.r.c.RepositoryConfigurationDelegate : Finished Spring Data repository scanning in 50 ms. Found 10 JPA repository interfaces.
2025-05-21T00:41:45.521+07:00  INFO 28136 --- [restartedMain] o.s.b.w.embedded.tomcat.TomcatWebServer  : Tomcat initialized with port 8080 (http)
2025-05-21T00:41:45.522+07:00  INFO 28136 --- [restartedMain] o.apache.catalina.core.StandardService   : Starting service [Tomcat]
2025-05-21T00:41:45.523+07:00  INFO 28136 --- [restartedMain] o.apache.catalina.core.StandardEngine    : Starting Servlet engine: [Apache Tomcat/10.1.40]
2025-05-21T00:41:45.571+07:00  INFO 28136 --- [restartedMain] o.a.c.c.C.[Tomcat].[localhost].[/]       : Initializing Spring embedded WebApplicationContext
2025-05-21T00:41:45.572+07:00  INFO 28136 --- [restartedMain] w.s.c.ServletWebServerApplicationContext : Root WebApplicationContext: initialization completed in 893 ms
2025-05-21T00:41:45.807+07:00  INFO 28136 --- [restartedMain] o.hibernate.jpa.internal.util.LogHelper  : HHH000204: Processing PersistenceUnitInfo [name: default]
2025-05-21T00:41:45.810+07:00  INFO 28136 --- [restartedMain] o.h.c.internal.RegionFactoryInitiator    : HHH000026: Second-level cache disabled
2025-05-21T00:41:45.825+07:00  INFO 28136 --- [restartedMain] o.s.o.j.p.SpringPersistenceUnitInfo      : No LoadTimeWeaver setup: ignoring JPA class transformer
2025-05-21T00:41:45.826+07:00  INFO 28136 --- [restartedMain] com.zaxxer.hikari.HikariDataSource       : HikariPool-2 - Starting...
2025-05-21T00:41:45.834+07:00  INFO 28136 --- [restartedMain] com.zaxxer.hikari.pool.HikariPool        : HikariPool-2 - Added connection com.mysql.cj.jdbc.ConnectionImpl@38cee0f4
2025-05-21T00:41:45.834+07:00  INFO 28136 --- [restartedMain] com.zaxxer.hikari.HikariDataSource       : HikariPool-2 - Start completed.
2025-05-21T00:41:45.835+07:00  WARN 28136 --- [restartedMain] org.hibernate.orm.deprecation            : HHH90000025: MySQL8Dialect does not need to be specified explicitly using 'hibernate.dialect' (remove the property setting and it will be selected by default)
2025-05-21T00:41:45.836+07:00  WARN 28136 --- [restartedMain] org.hibernate.orm.deprecation            : HHH90000026: MySQL8Dialect has been deprecated; use org.hibernate.dialect.MySQLDialect instead
2025-05-21T00:41:45.836+07:00  INFO 28136 --- [restartedMain] org.hibernate.orm.connections.pooling    : HHH10001005: Database info:
	Database JDBC URL [Connecting through datasource 'HikariDataSource (HikariPool-2)']
	Database driver: undefined/unknown
	Database version: 8.0
	Autocommit mode: undefined/unknown
	Isolation level: undefined/unknown
	Minimum pool size: undefined/unknown
	Maximum pool size: undefined/unknown
2025-05-21T00:41:46.027+07:00  INFO 28136 --- [restartedMain] o.h.e.t.j.p.i.JtaPlatformInitiator       : HHH000489: No JTA platform available (set 'hibernate.transaction.jta.platform' to enable JTA platform integration)
2025-05-21T00:41:46.028+07:00  INFO 28136 --- [restartedMain] j.LocalContainerEntityManagerFactoryBean : Initialized JPA EntityManagerFactory for persistence unit 'default'
2025-05-21T00:41:46.372+07:00  WARN 28136 --- [restartedMain] ConfigServletWebServerApplicationContext : Exception encountered during context initialization - cancelling refresh attempt: org.springframework.beans.factory.UnsatisfiedDependencyException: Error creating bean with name 'adminServiceImpl' defined in file [C:\RecipeSharing\target\classes\org\example\recipes\admin\AdminServiceImpl.class]: Unsatisfied dependency expressed through constructor parameter 1: Error creating bean with name 'userServiceImpl' defined in file [C:\RecipeSharing\target\classes\org\example\recipes\user\UserServiceImpl.class]: Unsatisfied dependency expressed through constructor parameter 5: No qualifying bean of type 'org.example.recipes.rate.RateService' available: expected at least 1 bean which qualifies as autowire candidate. Dependency annotations: {}
2025-05-21T00:41:46.372+07:00  INFO 28136 --- [restartedMain] j.LocalContainerEntityManagerFactoryBean : Closing JPA EntityManagerFactory for persistence unit 'default'
2025-05-21T00:41:46.373+07:00  INFO 28136 --- [restartedMain] com.zaxxer.hikari.HikariDataSource       : HikariPool-2 - Shutdown initiated...
2025-05-21T00:41:46.375+07:00  INFO 28136 --- [restartedMain] com.zaxxer.hikari.HikariDataSource       : HikariPool-2 - Shutdown completed.
2025-05-21T00:41:46.376+07:00  INFO 28136 --- [restartedMain] o.apache.catalina.core.StandardService   : Stopping service [Tomcat]
2025-05-21T00:41:46.388+07:00  INFO 28136 --- [restartedMain] .s.b.a.l.ConditionEvaluationReportLogger : 

Error starting ApplicationContext. To display the condition evaluation report re-run your application with 'debug' enabled.
2025-05-21T00:41:46.431+07:00 ERROR 28136 --- [restartedMain] o.s.b.d.LoggingFailureAnalysisReporter   : 

***************************
APPLICATION FAILED TO START
***************************

Description:

Parameter 5 of constructor in org.example.recipes.user.UserServiceImpl required a bean of type 'org.example.recipes.rate.RateService' that could not be found.


Action:

Consider defining a bean of type 'org.example.recipes.rate.RateService' in your configuration.

2025-05-21T01:18:58.157+07:00  INFO 7220 --- [restartedMain] o.e.r.RecipeSharingWebsiteApplication    : Starting RecipeSharingWebsiteApplication using Java 23 with PID 7220 (C:\RecipeSharing\target\classes started by haiye in C:\RecipeSharing)
2025-05-21T01:18:58.160+07:00  INFO 7220 --- [restartedMain] o.e.r.RecipeSharingWebsiteApplication    : No active profile set, falling back to 1 default profile: "default"
2025-05-21T01:18:58.240+07:00  INFO 7220 --- [restartedMain] .e.DevToolsPropertyDefaultsPostProcessor : Devtools property defaults active! Set 'spring.devtools.add-properties' to 'false' to disable
2025-05-21T01:18:58.240+07:00  INFO 7220 --- [restartedMain] .e.DevToolsPropertyDefaultsPostProcessor : For additional web related logging consider setting the 'logging.level.web' property to 'DEBUG'
2025-05-21T01:18:59.885+07:00  INFO 7220 --- [restartedMain] .s.d.r.c.RepositoryConfigurationDelegate : Bootstrapping Spring Data JPA repositories in DEFAULT mode.
2025-05-21T01:19:00.154+07:00  INFO 7220 --- [restartedMain] .s.d.r.c.RepositoryConfigurationDelegate : Finished Spring Data repository scanning in 255 ms. Found 10 JPA repository interfaces.
2025-05-21T01:19:01.158+07:00  INFO 7220 --- [restartedMain] o.s.b.w.embedded.tomcat.TomcatWebServer  : Tomcat initialized with port 8080 (http)
2025-05-21T01:19:01.176+07:00  INFO 7220 --- [restartedMain] o.apache.catalina.core.StandardService   : Starting service [Tomcat]
2025-05-21T01:19:01.177+07:00  INFO 7220 --- [restartedMain] o.apache.catalina.core.StandardEngine    : Starting Servlet engine: [Apache Tomcat/10.1.40]
2025-05-21T01:19:01.234+07:00  INFO 7220 --- [restartedMain] o.a.c.c.C.[Tomcat].[localhost].[/]       : Initializing Spring embedded WebApplicationContext
2025-05-21T01:19:01.234+07:00  INFO 7220 --- [restartedMain] w.s.c.ServletWebServerApplicationContext : Root WebApplicationContext: initialization completed in 2993 ms
2025-05-21T01:19:01.644+07:00  INFO 7220 --- [restartedMain] o.hibernate.jpa.internal.util.LogHelper  : HHH000204: Processing PersistenceUnitInfo [name: default]
2025-05-21T01:19:01.716+07:00  INFO 7220 --- [restartedMain] org.hibernate.Version                    : HHH000412: Hibernate ORM core version 6.6.13.Final
2025-05-21T01:19:01.778+07:00  INFO 7220 --- [restartedMain] o.h.c.internal.RegionFactoryInitiator    : HHH000026: Second-level cache disabled
2025-05-21T01:19:02.116+07:00  INFO 7220 --- [restartedMain] o.s.o.j.p.SpringPersistenceUnitInfo      : No LoadTimeWeaver setup: ignoring JPA class transformer
2025-05-21T01:19:02.157+07:00  INFO 7220 --- [restartedMain] com.zaxxer.hikari.HikariDataSource       : HikariPool-1 - Starting...
2025-05-21T01:19:02.351+07:00  INFO 7220 --- [restartedMain] com.zaxxer.hikari.pool.HikariPool        : HikariPool-1 - Added connection com.mysql.cj.jdbc.ConnectionImpl@399292e7
2025-05-21T01:19:02.353+07:00  INFO 7220 --- [restartedMain] com.zaxxer.hikari.HikariDataSource       : HikariPool-1 - Start completed.
2025-05-21T01:19:02.383+07:00  WARN 7220 --- [restartedMain] org.hibernate.orm.deprecation            : HHH90000025: MySQL8Dialect does not need to be specified explicitly using 'hibernate.dialect' (remove the property setting and it will be selected by default)
2025-05-21T01:19:02.384+07:00  WARN 7220 --- [restartedMain] org.hibernate.orm.deprecation            : HHH90000026: MySQL8Dialect has been deprecated; use org.hibernate.dialect.MySQLDialect instead
2025-05-21T01:19:02.410+07:00  INFO 7220 --- [restartedMain] org.hibernate.orm.connections.pooling    : HHH10001005: Database info:
	Database JDBC URL [Connecting through datasource 'HikariDataSource (HikariPool-1)']
	Database driver: undefined/unknown
	Database version: 8.0
	Autocommit mode: undefined/unknown
	Isolation level: undefined/unknown
	Minimum pool size: undefined/unknown
	Maximum pool size: undefined/unknown
2025-05-21T01:19:03.543+07:00  INFO 7220 --- [restartedMain] o.h.e.t.j.p.i.JtaPlatformInitiator       : HHH000489: No JTA platform available (set 'hibernate.transaction.jta.platform' to enable JTA platform integration)
2025-05-21T01:19:03.547+07:00  INFO 7220 --- [restartedMain] j.LocalContainerEntityManagerFactoryBean : Initialized JPA EntityManagerFactory for persistence unit 'default'
2025-05-21T01:19:04.155+07:00  INFO 7220 --- [restartedMain] o.s.d.j.r.query.QueryEnhancerFactory     : Hibernate is in classpath; If applicable, HQL parser will be used.
2025-05-21T01:19:04.780+07:00  WARN 7220 --- [restartedMain] JpaBaseConfiguration$JpaWebConfiguration : spring.jpa.open-in-view is enabled by default. Therefore, database queries may be performed during view rendering. Explicitly configure spring.jpa.open-in-view to disable this warning
2025-05-21T01:19:04.837+07:00  INFO 7220 --- [restartedMain] r$InitializeUserDetailsManagerConfigurer : Global AuthenticationManager configured with UserDetailsService bean with name userDetailsService
2025-05-21T01:19:04.939+07:00  INFO 7220 --- [restartedMain] o.s.b.a.w.s.WelcomePageHandlerMapping    : Adding welcome page template: index
2025-05-21T01:19:05.409+07:00  INFO 7220 --- [restartedMain] o.s.b.a.e.web.EndpointLinksResolver      : Exposing 1 endpoint beneath base path '/actuator'
2025-05-21T01:19:05.945+07:00  INFO 7220 --- [restartedMain] o.s.b.a.h2.H2ConsoleAutoConfiguration    : H2 console available at '/h2-console'. Database available at 'jdbc:mysql://localhost:3307/cnpm'
2025-05-21T01:19:06.079+07:00  INFO 7220 --- [restartedMain] .w.s.a.s.AnnotationActionEndpointMapping : Supporting [WS-Addressing August 2004, WS-Addressing 1.0]
2025-05-21T01:19:06.159+07:00  INFO 7220 --- [restartedMain] o.s.b.d.a.OptionalLiveReloadServer       : LiveReload server is running on port 35729
2025-05-21T01:19:06.325+07:00  INFO 7220 --- [restartedMain] o.s.b.w.embedded.tomcat.TomcatWebServer  : Tomcat started on port 8080 (http) with context path '/'
2025-05-21T01:19:06.336+07:00  INFO 7220 --- [restartedMain] o.e.r.RecipeSharingWebsiteApplication    : Started RecipeSharingWebsiteApplication in 8.746 seconds (process running for 9.714)
2025-05-21T01:19:06.761+07:00  INFO 7220 --- [RMI TCP Connection(2)-172.21.176.1] o.a.c.c.C.[Tomcat].[localhost].[/]       : Initializing Spring DispatcherServlet 'dispatcherServlet'
2025-05-21T01:19:06.761+07:00  INFO 7220 --- [RMI TCP Connection(2)-172.21.176.1] o.s.web.servlet.DispatcherServlet        : Initializing Servlet 'dispatcherServlet'
2025-05-21T01:19:06.765+07:00  INFO 7220 --- [RMI TCP Connection(2)-172.21.176.1] o.s.web.servlet.DispatcherServlet        : Completed initialization in 3 ms
2025-05-21T01:19:15.223+07:00 DEBUG 7220 --- [http-nio-8080-exec-6] org.hibernate.SQL                        : 
    select
        u1_0.user_id,
        u1_0.avatar_url,
        u1_0.date_of_birth,
        u1_0.email,
        u1_0.firstname,
        u1_0.lastname,
        u1_0.password,
        u1_0.role,
        u1_0.username 
    from
        users u1_0 
    where
        u1_0.username=? 
        or u1_0.email=?
2025-05-21T01:19:15.560+07:00 DEBUG 7220 --- [http-nio-8080-exec-5] org.hibernate.SQL                        : 
    select
        u1_0.user_id,
        u1_0.avatar_url,
        u1_0.date_of_birth,
        u1_0.email,
        u1_0.firstname,
        u1_0.lastname,
        u1_0.password,
        u1_0.role,
        u1_0.username 
    from
        users u1_0 
    where
        u1_0.username=?
2025-05-21T01:19:15.567+07:00 DEBUG 7220 --- [http-nio-8080-exec-5] org.hibernate.SQL                        : 
    select
        f1_0.follow_id,
        f1_0.follow_time,
        f1_0.follower_id,
        f1_0.following_id 
    from
        follows f1_0 
    where
        f1_0.following_id=?
2025-05-21T01:19:15.603+07:00 DEBUG 7220 --- [http-nio-8080-exec-5] org.hibernate.SQL                        : 
    select
        u1_0.user_id,
        u1_0.avatar_url,
        u1_0.date_of_birth,
        u1_0.email,
        u1_0.firstname,
        u1_0.lastname,
        u1_0.password,
        u1_0.role,
        u1_0.username 
    from
        users u1_0 
    where
        u1_0.user_id=?
2025-05-21T01:19:15.612+07:00 DEBUG 7220 --- [http-nio-8080-exec-5] org.hibernate.SQL                        : 
    select
        f1_0.follow_id,
        f1_0.follow_time,
        f1_0.follower_id,
        f1_0.following_id 
    from
        follows f1_0 
    where
        f1_0.follower_id=?
2025-05-21T01:19:15.617+07:00 DEBUG 7220 --- [http-nio-8080-exec-5] org.hibernate.SQL                        : 
    select
        u1_0.user_id,
        u1_0.avatar_url,
        u1_0.date_of_birth,
        u1_0.email,
        u1_0.firstname,
        u1_0.lastname,
        u1_0.password,
        u1_0.role,
        u1_0.username 
    from
        users u1_0 
    where
        u1_0.user_id=?
2025-05-21T01:19:15.629+07:00 DEBUG 7220 --- [http-nio-8080-exec-5] org.hibernate.SQL                        : 
    select
        r1_0.recipe_id,
        r1_0.author_id,
        r1_0.author_name,
        r1_0.author_url,
        r1_0.avatar_url,
        r1_0.category_name,
        r1_0.category_id,
        r1_0.created_at,
        r1_0.description,
        r1_0.ingredients,
        r1_0.instruction,
        r1_0.name,
        r1_1.average_rating,
        r1_1.comment_count,
        r1_1.like_count,
        r1_1.rate_count,
        r1_1.save_count 
    from
        recipes r1_0 
    left join
        recipe_stats r1_1 
            on r1_0.recipe_id=r1_1.recipe_id 
    where
        r1_0.author_id=? 
    order by
        r1_0.created_at desc
2025-05-21T01:19:15.660+07:00 DEBUG 7220 --- [http-nio-8080-exec-5] org.hibernate.SQL                        : 
    select
        avg(r1_0.rating) 
    from
        rates r1_0 
    where
        r1_0.recipe_id=?
2025-05-21T01:19:15.666+07:00 DEBUG 7220 --- [http-nio-8080-exec-5] org.hibernate.SQL                        : 
    select
        avg(r1_0.rating) 
    from
        rates r1_0 
    where
        r1_0.recipe_id=?
2025-05-21T01:19:15.668+07:00 DEBUG 7220 --- [http-nio-8080-exec-5] org.hibernate.SQL                        : 
    select
        avg(r1_0.rating) 
    from
        rates r1_0 
    where
        r1_0.recipe_id=?
2025-05-21T01:19:15.672+07:00 DEBUG 7220 --- [http-nio-8080-exec-5] org.hibernate.SQL                        : 
    select
        u1_0.user_id,
        u1_0.avatar_url,
        u1_0.date_of_birth,
        u1_0.email,
        u1_0.firstname,
        u1_0.lastname,
        u1_0.password,
        u1_0.role,
        u1_0.username 
    from
        users u1_0 
    where
        u1_0.username=?
2025-05-21T01:19:15.680+07:00 DEBUG 7220 --- [http-nio-8080-exec-5] org.hibernate.SQL                        : 
    select
        r1_0.recipe_id,
        r1_0.author_id,
        r1_0.author_name,
        r1_0.author_url,
        r1_0.avatar_url,
        r1_0.category_name,
        r1_0.category_id,
        r1_0.created_at,
        r1_0.description,
        r1_0.ingredients,
        r1_0.instruction,
        r1_0.name,
        r1_1.average_rating,
        r1_1.comment_count,
        r1_1.like_count,
        r1_1.rate_count,
        r1_1.save_count 
    from
        recipes r1_0 
    left join
        recipe_stats r1_1 
            on r1_0.recipe_id=r1_1.recipe_id 
    where
        r1_0.author_id=? 
    order by
        r1_0.created_at desc
2025-05-21T01:19:15.685+07:00 DEBUG 7220 --- [http-nio-8080-exec-5] org.hibernate.SQL                        : 
    select
        avg(r1_0.rating) 
    from
        rates r1_0 
    where
        r1_0.recipe_id=?
2025-05-21T01:19:15.693+07:00 DEBUG 7220 --- [http-nio-8080-exec-5] org.hibernate.SQL                        : 
    select
        count(l1_0.like_id) 
    from
        likes l1_0 
    where
        l1_0.recipe_id=?
2025-05-21T01:19:15.696+07:00 DEBUG 7220 --- [http-nio-8080-exec-5] org.hibernate.SQL                        : 
    select
        avg(r1_0.rating) 
    from
        rates r1_0 
    where
        r1_0.recipe_id=?
2025-05-21T01:19:15.700+07:00 DEBUG 7220 --- [http-nio-8080-exec-5] org.hibernate.SQL                        : 
    select
        count(l1_0.like_id) 
    from
        likes l1_0 
    where
        l1_0.recipe_id=?
2025-05-21T01:19:15.704+07:00 DEBUG 7220 --- [http-nio-8080-exec-5] org.hibernate.SQL                        : 
    select
        avg(r1_0.rating) 
    from
        rates r1_0 
    where
        r1_0.recipe_id=?
2025-05-21T01:19:15.708+07:00 DEBUG 7220 --- [http-nio-8080-exec-5] org.hibernate.SQL                        : 
    select
        count(l1_0.like_id) 
    from
        likes l1_0 
    where
        l1_0.recipe_id=?
2025-05-21T01:19:15.713+07:00 DEBUG 7220 --- [http-nio-8080-exec-5] org.hibernate.SQL                        : 
    select
        u1_0.user_id,
        u1_0.avatar_url,
        u1_0.date_of_birth,
        u1_0.email,
        u1_0.firstname,
        u1_0.lastname,
        u1_0.password,
        u1_0.role,
        u1_0.username 
    from
        users u1_0 
    where
        u1_0.username=?
2025-05-21T01:19:15.720+07:00 DEBUG 7220 --- [http-nio-8080-exec-5] org.hibernate.SQL                        : 
    select
        s1_0.save_id,
        s1_0.created_at,
        s1_0.recipe_id,
        s1_0.user_id 
    from
        saved s1_0 
    where
        s1_0.user_id=?
2025-05-21T01:19:15.730+07:00 DEBUG 7220 --- [http-nio-8080-exec-5] org.hibernate.SQL                        : 
    select
        avg(r1_0.rating) 
    from
        rates r1_0 
    where
        r1_0.recipe_id=?
2025-05-21T01:19:15.734+07:00 DEBUG 7220 --- [http-nio-8080-exec-5] org.hibernate.SQL                        : 
    select
        count(l1_0.like_id) 
    from
        likes l1_0 
    where
        l1_0.recipe_id=?
2025-05-21T01:19:15.738+07:00 DEBUG 7220 --- [http-nio-8080-exec-5] org.hibernate.SQL                        : 
    select
        u1_0.user_id,
        u1_0.avatar_url,
        u1_0.date_of_birth,
        u1_0.email,
        u1_0.firstname,
        u1_0.lastname,
        u1_0.password,
        u1_0.role,
        u1_0.username 
    from
        users u1_0 
    where
        u1_0.username=?
2025-05-21T01:19:15.746+07:00 DEBUG 7220 --- [http-nio-8080-exec-5] org.hibernate.SQL                        : 
    select
        l1_0.like_id,
        l1_0.created_at,
        l1_0.recipe_id,
        l1_0.user_id 
    from
        likes l1_0 
    where
        l1_0.user_id=?
2025-05-21T01:19:15.758+07:00 DEBUG 7220 --- [http-nio-8080-exec-5] org.hibernate.SQL                        : 
    select
        avg(r1_0.rating) 
    from
        rates r1_0 
    where
        r1_0.recipe_id=?
2025-05-21T01:19:15.762+07:00 DEBUG 7220 --- [http-nio-8080-exec-5] org.hibernate.SQL                        : 
    select
        count(l1_0.like_id) 
    from
        likes l1_0 
    where
        l1_0.recipe_id=?
2025-05-21T01:19:15.765+07:00 DEBUG 7220 --- [http-nio-8080-exec-5] org.hibernate.SQL                        : 
    select
        avg(r1_0.rating) 
    from
        rates r1_0 
    where
        r1_0.recipe_id=?
2025-05-21T01:19:15.771+07:00 DEBUG 7220 --- [http-nio-8080-exec-5] org.hibernate.SQL                        : 
    select
        count(l1_0.like_id) 
    from
        likes l1_0 
    where
        l1_0.recipe_id=?
2025-05-21T01:19:15.952+07:00  WARN 7220 --- [http-nio-8080-exec-10] .m.m.a.ExceptionHandlerExceptionResolver : Resolved [org.springframework.web.servlet.resource.NoResourceFoundException: No static resource favicon.ico.]
2025-05-21T01:19:18.300+07:00 DEBUG 7220 --- [http-nio-8080-exec-1] org.hibernate.SQL                        : 
    select
        r1_0.recipe_id,
        r1_0.author_id,
        r1_0.author_name,
        r1_0.author_url,
        r1_0.avatar_url,
        r1_0.category_name,
        r1_0.category_id,
        r1_0.created_at,
        r1_0.description,
        r1_0.ingredients,
        r1_0.instruction,
        r1_0.name,
        r1_1.average_rating,
        r1_1.comment_count,
        r1_1.like_count,
        r1_1.rate_count,
        r1_1.save_count 
    from
        recipes r1_0 
    left join
        recipe_stats r1_1 
            on r1_0.recipe_id=r1_1.recipe_id 
    where
        r1_0.recipe_id=?
2025-05-21T01:19:18.308+07:00 DEBUG 7220 --- [http-nio-8080-exec-1] org.hibernate.SQL                        : 
    select
        c1_0.comment_id,
        c1_0.comment_content,
        c1_0.created_at,
        c1_0.recipe_id,
        c1_0.user_id 
    from
        comments c1_0 
    where
        c1_0.recipe_id=?
2025-05-21T01:19:18.315+07:00 DEBUG 7220 --- [http-nio-8080-exec-1] org.hibernate.SQL                        : 
    select
        u1_0.user_id,
        u1_0.avatar_url,
        u1_0.date_of_birth,
        u1_0.email,
        u1_0.firstname,
        u1_0.lastname,
        u1_0.password,
        u1_0.role,
        u1_0.username 
    from
        users u1_0 
    where
        u1_0.user_id=?
2025-05-21T01:19:18.318+07:00 DEBUG 7220 --- [http-nio-8080-exec-1] org.hibernate.SQL                        : 
    select
        u1_0.user_id,
        u1_0.avatar_url,
        u1_0.date_of_birth,
        u1_0.email,
        u1_0.firstname,
        u1_0.lastname,
        u1_0.password,
        u1_0.role,
        u1_0.username 
    from
        users u1_0 
    where
        u1_0.user_id=?
2025-05-21T01:19:18.358+07:00 DEBUG 7220 --- [http-nio-8080-exec-6] org.hibernate.SQL                        : 
    select
        r1_0.recipe_id,
        r1_0.author_id,
        r1_0.author_name,
        r1_0.author_url,
        r1_0.avatar_url,
        r1_0.category_name,
        r1_0.category_id,
        r1_0.created_at,
        r1_0.description,
        r1_0.ingredients,
        r1_0.instruction,
        r1_0.name,
        r1_1.average_rating,
        r1_1.comment_count,
        r1_1.like_count,
        r1_1.rate_count,
        r1_1.save_count 
    from
        recipes r1_0 
    left join
        recipe_stats r1_1 
            on r1_0.recipe_id=r1_1.recipe_id 
    where
        r1_0.recipe_id=?
2025-05-21T01:19:18.363+07:00 DEBUG 7220 --- [http-nio-8080-exec-6] org.hibernate.SQL                        : 
    select
        c1_0.comment_id,
        c1_0.comment_content,
        c1_0.created_at,
        c1_0.recipe_id,
        c1_0.user_id 
    from
        comments c1_0 
    where
        c1_0.recipe_id=?
2025-05-21T01:19:18.369+07:00 DEBUG 7220 --- [http-nio-8080-exec-6] org.hibernate.SQL                        : 
    select
        u1_0.user_id,
        u1_0.avatar_url,
        u1_0.date_of_birth,
        u1_0.email,
        u1_0.firstname,
        u1_0.lastname,
        u1_0.password,
        u1_0.role,
        u1_0.username 
    from
        users u1_0 
    where
        u1_0.user_id=?
2025-05-21T01:19:18.373+07:00 DEBUG 7220 --- [http-nio-8080-exec-6] org.hibernate.SQL                        : 
    select
        u1_0.user_id,
        u1_0.avatar_url,
        u1_0.date_of_birth,
        u1_0.email,
        u1_0.firstname,
        u1_0.lastname,
        u1_0.password,
        u1_0.role,
        u1_0.username 
    from
        users u1_0 
    where
        u1_0.user_id=?
2025-05-21T01:19:18.387+07:00 DEBUG 7220 --- [http-nio-8080-exec-4] org.hibernate.SQL                        : 
    select
        r1_0.recipe_id,
        r1_0.author_id,
        r1_0.author_name,
        r1_0.author_url,
        r1_0.avatar_url,
        r1_0.category_name,
        r1_0.category_id,
        r1_0.created_at,
        r1_0.description,
        r1_0.ingredients,
        r1_0.instruction,
        r1_0.name,
        r1_1.average_rating,
        r1_1.comment_count,
        r1_1.like_count,
        r1_1.rate_count,
        r1_1.save_count 
    from
        recipes r1_0 
    left join
        recipe_stats r1_1 
            on r1_0.recipe_id=r1_1.recipe_id 
    where
        r1_0.recipe_id=?
2025-05-21T01:19:18.390+07:00 DEBUG 7220 --- [http-nio-8080-exec-7] org.hibernate.SQL                        : 
    select
        s1_0.save_id 
    from
        saved s1_0 
    where
        s1_0.user_id=? 
        and s1_0.recipe_id=? 
    limit
        ?
2025-05-21T01:19:18.390+07:00 DEBUG 7220 --- [http-nio-8080-exec-5] org.hibernate.SQL                        : 
    select
        l1_0.like_id 
    from
        likes l1_0 
    where
        l1_0.user_id=? 
        and l1_0.recipe_id=? 
    limit
        ?
2025-05-21T01:19:18.394+07:00 DEBUG 7220 --- [http-nio-8080-exec-4] org.hibernate.SQL                        : 
    select
        c1_0.comment_id,
        c1_0.comment_content,
        c1_0.created_at,
        c1_0.recipe_id,
        c1_0.user_id 
    from
        comments c1_0 
    where
        c1_0.recipe_id=?
2025-05-21T01:19:18.397+07:00 DEBUG 7220 --- [http-nio-8080-exec-4] org.hibernate.SQL                        : 
    select
        u1_0.user_id,
        u1_0.avatar_url,
        u1_0.date_of_birth,
        u1_0.email,
        u1_0.firstname,
        u1_0.lastname,
        u1_0.password,
        u1_0.role,
        u1_0.username 
    from
        users u1_0 
    where
        u1_0.user_id=?
2025-05-21T01:19:18.403+07:00 DEBUG 7220 --- [http-nio-8080-exec-4] org.hibernate.SQL                        : 
    select
        u1_0.user_id,
        u1_0.avatar_url,
        u1_0.date_of_birth,
        u1_0.email,
        u1_0.firstname,
        u1_0.lastname,
        u1_0.password,
        u1_0.role,
        u1_0.username 
    from
        users u1_0 
    where
        u1_0.user_id=?
2025-05-21T01:19:20.843+07:00  WARN 7220 --- [http-nio-8080-exec-8] .m.m.a.ExceptionHandlerExceptionResolver : Resolved [org.springframework.http.converter.HttpMessageConversionException: Type definition error: [simple type, class org.example.recipes.rate.RateRequest$RatingRequest]]
2025-05-21T01:20:37.748+07:00  INFO 7220 --- [File Watcher] rtingClassPathChangeChangedEventListener : Restarting due to 3 class path changes (0 additions, 3 deletions, 0 modifications)
2025-05-21T01:20:37.755+07:00  INFO 7220 --- [Thread-5] o.s.b.w.e.tomcat.GracefulShutdown        : Commencing graceful shutdown. Waiting for active requests to complete
2025-05-21T01:20:37.764+07:00  INFO 7220 --- [tomcat-shutdown] o.s.b.w.e.tomcat.GracefulShutdown        : Graceful shutdown complete
2025-05-21T01:20:37.824+07:00  INFO 7220 --- [Thread-5] j.LocalContainerEntityManagerFactoryBean : Closing JPA EntityManagerFactory for persistence unit 'default'
2025-05-21T01:20:37.830+07:00  INFO 7220 --- [Thread-5] com.zaxxer.hikari.HikariDataSource       : HikariPool-1 - Shutdown initiated...
2025-05-21T01:20:37.842+07:00  INFO 7220 --- [Thread-5] com.zaxxer.hikari.HikariDataSource       : HikariPool-1 - Shutdown completed.
2025-05-21T01:20:38.019+07:00  INFO 7220 --- [restartedMain] o.e.r.RecipeSharingWebsiteApplication    : Starting RecipeSharingWebsiteApplication using Java 23 with PID 7220 (C:\RecipeSharing\target\classes started by haiye in C:\RecipeSharing)
2025-05-21T01:20:38.020+07:00  INFO 7220 --- [restartedMain] o.e.r.RecipeSharingWebsiteApplication    : No active profile set, falling back to 1 default profile: "default"
2025-05-21T01:20:38.748+07:00  INFO 7220 --- [restartedMain] .s.d.r.c.RepositoryConfigurationDelegate : Bootstrapping Spring Data JPA repositories in DEFAULT mode.
2025-05-21T01:20:38.809+07:00  INFO 7220 --- [restartedMain] .s.d.r.c.RepositoryConfigurationDelegate : Finished Spring Data repository scanning in 59 ms. Found 10 JPA repository interfaces.
2025-05-21T01:20:39.145+07:00  INFO 7220 --- [restartedMain] o.s.b.w.embedded.tomcat.TomcatWebServer  : Tomcat initialized with port 8080 (http)
2025-05-21T01:20:39.148+07:00  INFO 7220 --- [restartedMain] o.apache.catalina.core.StandardService   : Starting service [Tomcat]
2025-05-21T01:20:39.148+07:00  INFO 7220 --- [restartedMain] o.apache.catalina.core.StandardEngine    : Starting Servlet engine: [Apache Tomcat/10.1.40]
2025-05-21T01:20:39.192+07:00  INFO 7220 --- [restartedMain] o.a.c.c.C.[Tomcat].[localhost].[/]       : Initializing Spring embedded WebApplicationContext
2025-05-21T01:20:39.193+07:00  INFO 7220 --- [restartedMain] w.s.c.ServletWebServerApplicationContext : Root WebApplicationContext: initialization completed in 1166 ms
2025-05-21T01:20:39.421+07:00  INFO 7220 --- [restartedMain] o.hibernate.jpa.internal.util.LogHelper  : HHH000204: Processing PersistenceUnitInfo [name: default]
2025-05-21T01:20:39.425+07:00  INFO 7220 --- [restartedMain] o.h.c.internal.RegionFactoryInitiator    : HHH000026: Second-level cache disabled
2025-05-21T01:20:39.441+07:00  INFO 7220 --- [restartedMain] o.s.o.j.p.SpringPersistenceUnitInfo      : No LoadTimeWeaver setup: ignoring JPA class transformer
2025-05-21T01:20:39.442+07:00  INFO 7220 --- [restartedMain] com.zaxxer.hikari.HikariDataSource       : HikariPool-2 - Starting...
2025-05-21T01:20:39.448+07:00  INFO 7220 --- [restartedMain] com.zaxxer.hikari.pool.HikariPool        : HikariPool-2 - Added connection com.mysql.cj.jdbc.ConnectionImpl@3cb1e997
2025-05-21T01:20:39.450+07:00  INFO 7220 --- [restartedMain] com.zaxxer.hikari.HikariDataSource       : HikariPool-2 - Start completed.
2025-05-21T01:20:39.450+07:00  WARN 7220 --- [restartedMain] org.hibernate.orm.deprecation            : HHH90000025: MySQL8Dialect does not need to be specified explicitly using 'hibernate.dialect' (remove the property setting and it will be selected by default)
2025-05-21T01:20:39.450+07:00  WARN 7220 --- [restartedMain] org.hibernate.orm.deprecation            : HHH90000026: MySQL8Dialect has been deprecated; use org.hibernate.dialect.MySQLDialect instead
2025-05-21T01:20:39.451+07:00  INFO 7220 --- [restartedMain] org.hibernate.orm.connections.pooling    : HHH10001005: Database info:
	Database JDBC URL [Connecting through datasource 'HikariDataSource (HikariPool-2)']
	Database driver: undefined/unknown
	Database version: 8.0
	Autocommit mode: undefined/unknown
	Isolation level: undefined/unknown
	Minimum pool size: undefined/unknown
	Maximum pool size: undefined/unknown
2025-05-21T01:20:39.712+07:00  INFO 7220 --- [restartedMain] o.h.e.t.j.p.i.JtaPlatformInitiator       : HHH000489: No JTA platform available (set 'hibernate.transaction.jta.platform' to enable JTA platform integration)
2025-05-21T01:20:39.712+07:00  INFO 7220 --- [restartedMain] j.LocalContainerEntityManagerFactoryBean : Initialized JPA EntityManagerFactory for persistence unit 'default'
2025-05-21T01:20:40.188+07:00  WARN 7220 --- [restartedMain] JpaBaseConfiguration$JpaWebConfiguration : spring.jpa.open-in-view is enabled by default. Therefore, database queries may be performed during view rendering. Explicitly configure spring.jpa.open-in-view to disable this warning
2025-05-21T01:20:40.227+07:00  INFO 7220 --- [restartedMain] r$InitializeUserDetailsManagerConfigurer : Global AuthenticationManager configured with UserDetailsService bean with name userDetailsService
2025-05-21T01:20:40.261+07:00  INFO 7220 --- [restartedMain] o.s.b.a.w.s.WelcomePageHandlerMapping    : Adding welcome page template: index
2025-05-21T01:20:40.613+07:00  INFO 7220 --- [restartedMain] o.s.b.a.e.web.EndpointLinksResolver      : Exposing 1 endpoint beneath base path '/actuator'
2025-05-21T01:20:41.390+07:00  INFO 7220 --- [restartedMain] o.s.b.a.h2.H2ConsoleAutoConfiguration    : H2 console available at '/h2-console'. Database available at 'jdbc:mysql://localhost:3307/cnpm'
2025-05-21T01:20:41.868+07:00  INFO 7220 --- [restartedMain] .w.s.a.s.AnnotationActionEndpointMapping : Supporting [WS-Addressing August 2004, WS-Addressing 1.0]
2025-05-21T01:20:41.944+07:00  INFO 7220 --- [restartedMain] o.s.b.d.a.OptionalLiveReloadServer       : LiveReload server is running on port 35729
2025-05-21T01:20:42.073+07:00  INFO 7220 --- [restartedMain] o.s.b.w.embedded.tomcat.TomcatWebServer  : Tomcat started on port 8080 (http) with context path '/'
2025-05-21T01:20:42.078+07:00  INFO 7220 --- [http-nio-8080-exec-1] o.a.c.c.C.[Tomcat].[localhost].[/]       : Initializing Spring DispatcherServlet 'dispatcherServlet'
2025-05-21T01:20:42.078+07:00  INFO 7220 --- [http-nio-8080-exec-1] o.s.web.servlet.DispatcherServlet        : Initializing Servlet 'dispatcherServlet'
2025-05-21T01:20:42.079+07:00  INFO 7220 --- [http-nio-8080-exec-1] o.s.web.servlet.DispatcherServlet        : Completed initialization in 1 ms
2025-05-21T01:20:42.079+07:00  INFO 7220 --- [restartedMain] o.e.r.RecipeSharingWebsiteApplication    : Started RecipeSharingWebsiteApplication in 4.139 seconds (process running for 105.457)
2025-05-21T01:20:42.088+07:00  INFO 7220 --- [restartedMain] .ConditionEvaluationDeltaLoggingListener : Condition evaluation unchanged
2025-05-21T01:20:42.089+07:00 DEBUG 7220 --- [http-nio-8080-exec-1] org.hibernate.SQL                        : 
    select
        u1_0.user_id,
        u1_0.avatar_url,
        u1_0.date_of_birth,
        u1_0.email,
        u1_0.firstname,
        u1_0.lastname,
        u1_0.password,
        u1_0.role,
        u1_0.username 
    from
        users u1_0 
    where
        u1_0.username=?
2025-05-21T01:20:42.098+07:00 DEBUG 7220 --- [http-nio-8080-exec-1] org.hibernate.SQL                        : 
    select
        f1_0.follow_id,
        f1_0.follow_time,
        f1_0.follower_id,
        f1_0.following_id 
    from
        follows f1_0 
    where
        f1_0.following_id=?
2025-05-21T01:20:42.153+07:00 DEBUG 7220 --- [http-nio-8080-exec-1] org.hibernate.SQL                        : 
    select
        u1_0.user_id,
        u1_0.avatar_url,
        u1_0.date_of_birth,
        u1_0.email,
        u1_0.firstname,
        u1_0.lastname,
        u1_0.password,
        u1_0.role,
        u1_0.username 
    from
        users u1_0 
    where
        u1_0.user_id=?
2025-05-21T01:20:42.205+07:00 DEBUG 7220 --- [http-nio-8080-exec-1] org.hibernate.SQL                        : 
    select
        f1_0.follow_id,
        f1_0.follow_time,
        f1_0.follower_id,
        f1_0.following_id 
    from
        follows f1_0 
    where
        f1_0.follower_id=?
2025-05-21T01:20:42.218+07:00 DEBUG 7220 --- [http-nio-8080-exec-1] org.hibernate.SQL                        : 
    select
        u1_0.user_id,
        u1_0.avatar_url,
        u1_0.date_of_birth,
        u1_0.email,
        u1_0.firstname,
        u1_0.lastname,
        u1_0.password,
        u1_0.role,
        u1_0.username 
    from
        users u1_0 
    where
        u1_0.user_id=?
2025-05-21T01:20:42.453+07:00 DEBUG 7220 --- [http-nio-8080-exec-1] org.hibernate.SQL                        : 
    select
        r1_0.recipe_id,
        r1_0.author_id,
        r1_0.author_name,
        r1_0.author_url,
        r1_0.avatar_url,
        r1_0.category_name,
        r1_0.category_id,
        r1_0.created_at,
        r1_0.description,
        r1_0.ingredients,
        r1_0.instruction,
        r1_0.name,
        r1_1.average_rating,
        r1_1.comment_count,
        r1_1.like_count,
        r1_1.rate_count,
        r1_1.save_count 
    from
        recipes r1_0 
    left join
        recipe_stats r1_1 
            on r1_0.recipe_id=r1_1.recipe_id 
    where
        r1_0.author_id=? 
    order by
        r1_0.created_at desc
2025-05-21T01:20:42.715+07:00 DEBUG 7220 --- [http-nio-8080-exec-1] org.hibernate.SQL                        : 
    select
        avg(r1_0.rating) 
    from
        rates r1_0 
    where
        r1_0.recipe_id=?
2025-05-21T01:20:42.851+07:00 DEBUG 7220 --- [http-nio-8080-exec-1] org.hibernate.SQL                        : 
    select
        avg(r1_0.rating) 
    from
        rates r1_0 
    where
        r1_0.recipe_id=?
2025-05-21T01:20:42.928+07:00 DEBUG 7220 --- [http-nio-8080-exec-1] org.hibernate.SQL                        : 
    select
        avg(r1_0.rating) 
    from
        rates r1_0 
    where
        r1_0.recipe_id=?
2025-05-21T01:20:42.967+07:00 DEBUG 7220 --- [http-nio-8080-exec-1] org.hibernate.SQL                        : 
    select
        u1_0.user_id,
        u1_0.avatar_url,
        u1_0.date_of_birth,
        u1_0.email,
        u1_0.firstname,
        u1_0.lastname,
        u1_0.password,
        u1_0.role,
        u1_0.username 
    from
        users u1_0 
    where
        u1_0.username=?
2025-05-21T01:20:43.125+07:00 DEBUG 7220 --- [http-nio-8080-exec-1] org.hibernate.SQL                        : 
    select
        r1_0.recipe_id,
        r1_0.author_id,
        r1_0.author_name,
        r1_0.author_url,
        r1_0.avatar_url,
        r1_0.category_name,
        r1_0.category_id,
        r1_0.created_at,
        r1_0.description,
        r1_0.ingredients,
        r1_0.instruction,
        r1_0.name,
        r1_1.average_rating,
        r1_1.comment_count,
        r1_1.like_count,
        r1_1.rate_count,
        r1_1.save_count 
    from
        recipes r1_0 
    left join
        recipe_stats r1_1 
            on r1_0.recipe_id=r1_1.recipe_id 
    where
        r1_0.author_id=? 
    order by
        r1_0.created_at desc
2025-05-21T01:20:43.217+07:00 DEBUG 7220 --- [http-nio-8080-exec-1] org.hibernate.SQL                        : 
    select
        avg(r1_0.rating) 
    from
        rates r1_0 
    where
        r1_0.recipe_id=?
2025-05-21T01:20:43.272+07:00 DEBUG 7220 --- [http-nio-8080-exec-1] org.hibernate.SQL                        : 
    select
        count(l1_0.like_id) 
    from
        likes l1_0 
    where
        l1_0.recipe_id=?
2025-05-21T01:20:43.298+07:00  WARN 7220 --- [http-nio-8080-exec-2] .m.m.a.ExceptionHandlerExceptionResolver : Resolved [org.springframework.web.servlet.resource.NoResourceFoundException: No static resource favicon.ico.]
2025-05-21T01:20:43.329+07:00 DEBUG 7220 --- [http-nio-8080-exec-1] org.hibernate.SQL                        : 
    select
        avg(r1_0.rating) 
    from
        rates r1_0 
    where
        r1_0.recipe_id=?
2025-05-21T01:20:43.361+07:00 DEBUG 7220 --- [http-nio-8080-exec-1] org.hibernate.SQL                        : 
    select
        count(l1_0.like_id) 
    from
        likes l1_0 
    where
        l1_0.recipe_id=?
2025-05-21T01:20:43.367+07:00 DEBUG 7220 --- [http-nio-8080-exec-1] org.hibernate.SQL                        : 
    select
        avg(r1_0.rating) 
    from
        rates r1_0 
    where
        r1_0.recipe_id=?
2025-05-21T01:20:43.368+07:00 DEBUG 7220 --- [http-nio-8080-exec-1] org.hibernate.SQL                        : 
    select
        count(l1_0.like_id) 
    from
        likes l1_0 
    where
        l1_0.recipe_id=?
2025-05-21T01:20:43.376+07:00 DEBUG 7220 --- [http-nio-8080-exec-1] org.hibernate.SQL                        : 
    select
        u1_0.user_id,
        u1_0.avatar_url,
        u1_0.date_of_birth,
        u1_0.email,
        u1_0.firstname,
        u1_0.lastname,
        u1_0.password,
        u1_0.role,
        u1_0.username 
    from
        users u1_0 
    where
        u1_0.username=?
2025-05-21T01:20:43.388+07:00 DEBUG 7220 --- [http-nio-8080-exec-1] org.hibernate.SQL                        : 
    select
        s1_0.save_id,
        s1_0.created_at,
        s1_0.recipe_id,
        s1_0.user_id 
    from
        saved s1_0 
    where
        s1_0.user_id=?
2025-05-21T01:20:43.399+07:00 DEBUG 7220 --- [http-nio-8080-exec-1] org.hibernate.SQL                        : 
    select
        avg(r1_0.rating) 
    from
        rates r1_0 
    where
        r1_0.recipe_id=?
2025-05-21T01:20:43.405+07:00 DEBUG 7220 --- [http-nio-8080-exec-1] org.hibernate.SQL                        : 
    select
        count(l1_0.like_id) 
    from
        likes l1_0 
    where
        l1_0.recipe_id=?
2025-05-21T01:20:43.409+07:00 DEBUG 7220 --- [http-nio-8080-exec-1] org.hibernate.SQL                        : 
    select
        u1_0.user_id,
        u1_0.avatar_url,
        u1_0.date_of_birth,
        u1_0.email,
        u1_0.firstname,
        u1_0.lastname,
        u1_0.password,
        u1_0.role,
        u1_0.username 
    from
        users u1_0 
    where
        u1_0.username=?
2025-05-21T01:20:43.415+07:00 DEBUG 7220 --- [http-nio-8080-exec-1] org.hibernate.SQL                        : 
    select
        l1_0.like_id,
        l1_0.created_at,
        l1_0.recipe_id,
        l1_0.user_id 
    from
        likes l1_0 
    where
        l1_0.user_id=?
2025-05-21T01:20:43.430+07:00 DEBUG 7220 --- [http-nio-8080-exec-1] org.hibernate.SQL                        : 
    select
        avg(r1_0.rating) 
    from
        rates r1_0 
    where
        r1_0.recipe_id=?
2025-05-21T01:20:43.440+07:00 DEBUG 7220 --- [http-nio-8080-exec-1] org.hibernate.SQL                        : 
    select
        count(l1_0.like_id) 
    from
        likes l1_0 
    where
        l1_0.recipe_id=?
2025-05-21T01:20:43.445+07:00 DEBUG 7220 --- [http-nio-8080-exec-1] org.hibernate.SQL                        : 
    select
        avg(r1_0.rating) 
    from
        rates r1_0 
    where
        r1_0.recipe_id=?
2025-05-21T01:20:43.453+07:00 DEBUG 7220 --- [http-nio-8080-exec-1] org.hibernate.SQL                        : 
    select
        count(l1_0.like_id) 
    from
        likes l1_0 
    where
        l1_0.recipe_id=?
2025-05-21T01:20:43.616+07:00  WARN 7220 --- [http-nio-8080-exec-7] .m.m.a.ExceptionHandlerExceptionResolver : Resolved [org.springframework.web.servlet.resource.NoResourceFoundException: No static resource favicon.ico.]
2025-05-21T01:20:44.063+07:00  INFO 7220 --- [File Watcher] rtingClassPathChangeChangedEventListener : Restarting due to 2 class path changes (2 additions, 0 deletions, 0 modifications)
2025-05-21T01:20:44.067+07:00  INFO 7220 --- [Thread-7] o.s.b.w.e.tomcat.GracefulShutdown        : Commencing graceful shutdown. Waiting for active requests to complete
2025-05-21T01:20:44.077+07:00  INFO 7220 --- [tomcat-shutdown] o.s.b.w.e.tomcat.GracefulShutdown        : Graceful shutdown complete
2025-05-21T01:20:44.082+07:00  INFO 7220 --- [Thread-7] j.LocalContainerEntityManagerFactoryBean : Closing JPA EntityManagerFactory for persistence unit 'default'
2025-05-21T01:20:44.083+07:00  INFO 7220 --- [Thread-7] com.zaxxer.hikari.HikariDataSource       : HikariPool-2 - Shutdown initiated...
2025-05-21T01:20:44.086+07:00  INFO 7220 --- [Thread-7] com.zaxxer.hikari.HikariDataSource       : HikariPool-2 - Shutdown completed.
2025-05-21T01:20:44.293+07:00  INFO 7220 --- [restartedMain] o.e.r.RecipeSharingWebsiteApplication    : Starting RecipeSharingWebsiteApplication using Java 23 with PID 7220 (C:\RecipeSharing\target\classes started by haiye in C:\RecipeSharing)
2025-05-21T01:20:44.293+07:00  INFO 7220 --- [restartedMain] o.e.r.RecipeSharingWebsiteApplication    : No active profile set, falling back to 1 default profile: "default"
2025-05-21T01:20:45.072+07:00  INFO 7220 --- [restartedMain] .s.d.r.c.RepositoryConfigurationDelegate : Bootstrapping Spring Data JPA repositories in DEFAULT mode.
2025-05-21T01:20:45.162+07:00  INFO 7220 --- [restartedMain] .s.d.r.c.RepositoryConfigurationDelegate : Finished Spring Data repository scanning in 87 ms. Found 10 JPA repository interfaces.
2025-05-21T01:20:45.600+07:00  INFO 7220 --- [restartedMain] o.s.b.w.embedded.tomcat.TomcatWebServer  : Tomcat initialized with port 8080 (http)
2025-05-21T01:20:45.601+07:00  INFO 7220 --- [restartedMain] o.apache.catalina.core.StandardService   : Starting service [Tomcat]
2025-05-21T01:20:45.602+07:00  INFO 7220 --- [restartedMain] o.apache.catalina.core.StandardEngine    : Starting Servlet engine: [Apache Tomcat/10.1.40]
2025-05-21T01:20:45.676+07:00  INFO 7220 --- [restartedMain] o.a.c.c.C.[Tomcat].[localhost].[/]       : Initializing Spring embedded WebApplicationContext
2025-05-21T01:20:45.678+07:00  INFO 7220 --- [restartedMain] w.s.c.ServletWebServerApplicationContext : Root WebApplicationContext: initialization completed in 1381 ms
2025-05-21T01:20:46.033+07:00  INFO 7220 --- [restartedMain] o.hibernate.jpa.internal.util.LogHelper  : HHH000204: Processing PersistenceUnitInfo [name: default]
2025-05-21T01:20:46.040+07:00  INFO 7220 --- [restartedMain] o.h.c.internal.RegionFactoryInitiator    : HHH000026: Second-level cache disabled
2025-05-21T01:20:46.064+07:00  INFO 7220 --- [restartedMain] o.s.o.j.p.SpringPersistenceUnitInfo      : No LoadTimeWeaver setup: ignoring JPA class transformer
2025-05-21T01:20:46.067+07:00  INFO 7220 --- [restartedMain] com.zaxxer.hikari.HikariDataSource       : HikariPool-3 - Starting...
2025-05-21T01:20:46.072+07:00  INFO 7220 --- [restartedMain] com.zaxxer.hikari.pool.HikariPool        : HikariPool-3 - Added connection com.mysql.cj.jdbc.ConnectionImpl@703d3f59
2025-05-21T01:20:46.073+07:00  INFO 7220 --- [restartedMain] com.zaxxer.hikari.HikariDataSource       : HikariPool-3 - Start completed.
2025-05-21T01:20:46.073+07:00  WARN 7220 --- [restartedMain] org.hibernate.orm.deprecation            : HHH90000025: MySQL8Dialect does not need to be specified explicitly using 'hibernate.dialect' (remove the property setting and it will be selected by default)
2025-05-21T01:20:46.073+07:00  WARN 7220 --- [restartedMain] org.hibernate.orm.deprecation            : HHH90000026: MySQL8Dialect has been deprecated; use org.hibernate.dialect.MySQLDialect instead
2025-05-21T01:20:46.074+07:00  INFO 7220 --- [restartedMain] org.hibernate.orm.connections.pooling    : HHH10001005: Database info:
	Database JDBC URL [Connecting through datasource 'HikariDataSource (HikariPool-3)']
	Database driver: undefined/unknown
	Database version: 8.0
	Autocommit mode: undefined/unknown
	Isolation level: undefined/unknown
	Minimum pool size: undefined/unknown
	Maximum pool size: undefined/unknown
2025-05-21T01:20:46.494+07:00  INFO 7220 --- [restartedMain] o.h.e.t.j.p.i.JtaPlatformInitiator       : HHH000489: No JTA platform available (set 'hibernate.transaction.jta.platform' to enable JTA platform integration)
2025-05-21T01:20:46.495+07:00  INFO 7220 --- [restartedMain] j.LocalContainerEntityManagerFactoryBean : Initialized JPA EntityManagerFactory for persistence unit 'default'
2025-05-21T01:20:47.535+07:00  WARN 7220 --- [restartedMain] JpaBaseConfiguration$JpaWebConfiguration : spring.jpa.open-in-view is enabled by default. Therefore, database queries may be performed during view rendering. Explicitly configure spring.jpa.open-in-view to disable this warning
2025-05-21T01:20:47.604+07:00  INFO 7220 --- [restartedMain] r$InitializeUserDetailsManagerConfigurer : Global AuthenticationManager configured with UserDetailsService bean with name userDetailsService
2025-05-21T01:20:47.731+07:00  INFO 7220 --- [restartedMain] o.s.b.a.w.s.WelcomePageHandlerMapping    : Adding welcome page template: index
2025-05-21T01:20:48.316+07:00  INFO 7220 --- [restartedMain] o.s.b.a.e.web.EndpointLinksResolver      : Exposing 1 endpoint beneath base path '/actuator'
2025-05-21T01:20:49.036+07:00  INFO 7220 --- [restartedMain] o.s.b.a.h2.H2ConsoleAutoConfiguration    : H2 console available at '/h2-console'. Database available at 'jdbc:mysql://localhost:3307/cnpm'
2025-05-21T01:20:49.192+07:00  INFO 7220 --- [restartedMain] .w.s.a.s.AnnotationActionEndpointMapping : Supporting [WS-Addressing August 2004, WS-Addressing 1.0]
2025-05-21T01:20:49.245+07:00  INFO 7220 --- [restartedMain] o.s.b.d.a.OptionalLiveReloadServer       : LiveReload server is running on port 35729
2025-05-21T01:20:49.314+07:00  INFO 7220 --- [restartedMain] o.s.b.w.embedded.tomcat.TomcatWebServer  : Tomcat started on port 8080 (http) with context path '/'
2025-05-21T01:20:49.332+07:00  INFO 7220 --- [restartedMain] o.e.r.RecipeSharingWebsiteApplication    : Started RecipeSharingWebsiteApplication in 5.109 seconds (process running for 112.71)
2025-05-21T01:20:49.343+07:00  INFO 7220 --- [restartedMain] .ConditionEvaluationDeltaLoggingListener : Condition evaluation unchanged
2025-05-21T01:20:49.580+07:00  INFO 7220 --- [http-nio-8080-exec-1] o.a.c.c.C.[Tomcat].[localhost].[/]       : Initializing Spring DispatcherServlet 'dispatcherServlet'
2025-05-21T01:20:49.580+07:00  INFO 7220 --- [http-nio-8080-exec-1] o.s.web.servlet.DispatcherServlet        : Initializing Servlet 'dispatcherServlet'
2025-05-21T01:20:49.583+07:00  INFO 7220 --- [http-nio-8080-exec-1] o.s.web.servlet.DispatcherServlet        : Completed initialization in 3 ms
2025-05-21T01:20:49.688+07:00  WARN 7220 --- [http-nio-8080-exec-2] .m.m.a.ExceptionHandlerExceptionResolver : Resolved [org.springframework.web.servlet.resource.NoResourceFoundException: No static resource favicon.ico.]
2025-05-21T01:23:15.755+07:00  INFO 7220 --- [File Watcher] rtingClassPathChangeChangedEventListener : Restarting due to 1 class path change (0 additions, 1 deletion, 0 modifications)
2025-05-21T01:23:15.757+07:00  INFO 7220 --- [Thread-11] o.s.b.w.e.tomcat.GracefulShutdown        : Commencing graceful shutdown. Waiting for active requests to complete
2025-05-21T01:23:15.762+07:00  INFO 7220 --- [tomcat-shutdown] o.s.b.w.e.tomcat.GracefulShutdown        : Graceful shutdown complete
2025-05-21T01:23:15.766+07:00  INFO 7220 --- [Thread-11] j.LocalContainerEntityManagerFactoryBean : Closing JPA EntityManagerFactory for persistence unit 'default'
2025-05-21T01:23:15.766+07:00  INFO 7220 --- [Thread-11] com.zaxxer.hikari.HikariDataSource       : HikariPool-3 - Shutdown initiated...
2025-05-21T01:23:15.768+07:00  INFO 7220 --- [Thread-11] com.zaxxer.hikari.HikariDataSource       : HikariPool-3 - Shutdown completed.
2025-05-21T01:23:15.841+07:00  INFO 7220 --- [restartedMain] o.e.r.RecipeSharingWebsiteApplication    : Starting RecipeSharingWebsiteApplication using Java 23 with PID 7220 (C:\RecipeSharing\target\classes started by haiye in C:\RecipeSharing)
2025-05-21T01:23:15.841+07:00  INFO 7220 --- [restartedMain] o.e.r.RecipeSharingWebsiteApplication    : No active profile set, falling back to 1 default profile: "default"
2025-05-21T01:23:16.167+07:00  INFO 7220 --- [restartedMain] .s.d.r.c.RepositoryConfigurationDelegate : Bootstrapping Spring Data JPA repositories in DEFAULT mode.
2025-05-21T01:23:16.199+07:00  INFO 7220 --- [restartedMain] .s.d.r.c.RepositoryConfigurationDelegate : Finished Spring Data repository scanning in 30 ms. Found 10 JPA repository interfaces.
2025-05-21T01:23:16.397+07:00  INFO 7220 --- [restartedMain] o.s.b.w.embedded.tomcat.TomcatWebServer  : Tomcat initialized with port 8080 (http)
2025-05-21T01:23:16.400+07:00  INFO 7220 --- [restartedMain] o.apache.catalina.core.StandardService   : Starting service [Tomcat]
2025-05-21T01:23:16.400+07:00  INFO 7220 --- [restartedMain] o.apache.catalina.core.StandardEngine    : Starting Servlet engine: [Apache Tomcat/10.1.40]
2025-05-21T01:23:16.425+07:00  INFO 7220 --- [restartedMain] o.a.c.c.C.[Tomcat].[localhost].[/]       : Initializing Spring embedded WebApplicationContext
2025-05-21T01:23:16.425+07:00  INFO 7220 --- [restartedMain] w.s.c.ServletWebServerApplicationContext : Root WebApplicationContext: initialization completed in 581 ms
2025-05-21T01:23:16.581+07:00  INFO 7220 --- [restartedMain] o.hibernate.jpa.internal.util.LogHelper  : HHH000204: Processing PersistenceUnitInfo [name: default]
2025-05-21T01:23:16.583+07:00  INFO 7220 --- [restartedMain] o.h.c.internal.RegionFactoryInitiator    : HHH000026: Second-level cache disabled
2025-05-21T01:23:16.592+07:00  INFO 7220 --- [restartedMain] o.s.o.j.p.SpringPersistenceUnitInfo      : No LoadTimeWeaver setup: ignoring JPA class transformer
2025-05-21T01:23:16.593+07:00  INFO 7220 --- [restartedMain] com.zaxxer.hikari.HikariDataSource       : HikariPool-4 - Starting...
2025-05-21T01:23:16.598+07:00  INFO 7220 --- [restartedMain] com.zaxxer.hikari.pool.HikariPool        : HikariPool-4 - Added connection com.mysql.cj.jdbc.ConnectionImpl@74bec7db
2025-05-21T01:23:16.598+07:00  INFO 7220 --- [restartedMain] com.zaxxer.hikari.HikariDataSource       : HikariPool-4 - Start completed.
2025-05-21T01:23:16.598+07:00  WARN 7220 --- [restartedMain] org.hibernate.orm.deprecation            : HHH90000025: MySQL8Dialect does not need to be specified explicitly using 'hibernate.dialect' (remove the property setting and it will be selected by default)
2025-05-21T01:23:16.598+07:00  WARN 7220 --- [restartedMain] org.hibernate.orm.deprecation            : HHH90000026: MySQL8Dialect has been deprecated; use org.hibernate.dialect.MySQLDialect instead
2025-05-21T01:23:16.599+07:00  INFO 7220 --- [restartedMain] org.hibernate.orm.connections.pooling    : HHH10001005: Database info:
	Database JDBC URL [Connecting through datasource 'HikariDataSource (HikariPool-4)']
	Database driver: undefined/unknown
	Database version: 8.0
	Autocommit mode: undefined/unknown
	Isolation level: undefined/unknown
	Minimum pool size: undefined/unknown
	Maximum pool size: undefined/unknown
2025-05-21T01:23:16.704+07:00  INFO 7220 --- [restartedMain] o.h.e.t.j.p.i.JtaPlatformInitiator       : HHH000489: No JTA platform available (set 'hibernate.transaction.jta.platform' to enable JTA platform integration)
2025-05-21T01:23:16.704+07:00  INFO 7220 --- [restartedMain] j.LocalContainerEntityManagerFactoryBean : Initialized JPA EntityManagerFactory for persistence unit 'default'
2025-05-21T01:23:16.983+07:00  WARN 7220 --- [restartedMain] JpaBaseConfiguration$JpaWebConfiguration : spring.jpa.open-in-view is enabled by default. Therefore, database queries may be performed during view rendering. Explicitly configure spring.jpa.open-in-view to disable this warning
2025-05-21T01:23:17.003+07:00  INFO 7220 --- [restartedMain] r$InitializeUserDetailsManagerConfigurer : Global AuthenticationManager configured with UserDetailsService bean with name userDetailsService
2025-05-21T01:23:17.022+07:00  INFO 7220 --- [restartedMain] o.s.b.a.w.s.WelcomePageHandlerMapping    : Adding welcome page template: index
2025-05-21T01:23:17.159+07:00  INFO 7220 --- [restartedMain] o.s.b.a.e.web.EndpointLinksResolver      : Exposing 1 endpoint beneath base path '/actuator'
2025-05-21T01:23:17.353+07:00  INFO 7220 --- [restartedMain] o.s.b.a.h2.H2ConsoleAutoConfiguration    : H2 console available at '/h2-console'. Database available at 'jdbc:mysql://localhost:3307/cnpm'
2025-05-21T01:23:17.393+07:00  INFO 7220 --- [restartedMain] .w.s.a.s.AnnotationActionEndpointMapping : Supporting [WS-Addressing August 2004, WS-Addressing 1.0]
2025-05-21T01:23:17.408+07:00  INFO 7220 --- [restartedMain] o.s.b.d.a.OptionalLiveReloadServer       : LiveReload server is running on port 35729
2025-05-21T01:23:17.424+07:00  INFO 7220 --- [restartedMain] o.s.b.w.embedded.tomcat.TomcatWebServer  : Tomcat started on port 8080 (http) with context path '/'
2025-05-21T01:23:17.428+07:00  INFO 7220 --- [restartedMain] o.e.r.RecipeSharingWebsiteApplication    : Started RecipeSharingWebsiteApplication in 1.612 seconds (process running for 260.806)
2025-05-21T01:23:17.434+07:00  INFO 7220 --- [restartedMain] .ConditionEvaluationDeltaLoggingListener : Condition evaluation unchanged
2025-05-21T01:23:17.606+07:00  INFO 7220 --- [http-nio-8080-exec-1] o.a.c.c.C.[Tomcat].[localhost].[/]       : Initializing Spring DispatcherServlet 'dispatcherServlet'
2025-05-21T01:23:17.606+07:00  INFO 7220 --- [http-nio-8080-exec-1] o.s.web.servlet.DispatcherServlet        : Initializing Servlet 'dispatcherServlet'
2025-05-21T01:23:17.607+07:00  INFO 7220 --- [http-nio-8080-exec-1] o.s.web.servlet.DispatcherServlet        : Completed initialization in 1 ms
2025-05-21T01:23:17.653+07:00  WARN 7220 --- [http-nio-8080-exec-7] .m.m.a.ExceptionHandlerExceptionResolver : Resolved [org.springframework.web.servlet.resource.NoResourceFoundException: No static resource favicon.ico.]
2025-05-21T01:23:18.858+07:00  INFO 7220 --- [File Watcher] rtingClassPathChangeChangedEventListener : Restarting due to 1 class path change (1 addition, 0 deletions, 0 modifications)
2025-05-21T01:23:18.861+07:00  INFO 7220 --- [Thread-15] o.s.b.w.e.tomcat.GracefulShutdown        : Commencing graceful shutdown. Waiting for active requests to complete
2025-05-21T01:23:18.872+07:00  INFO 7220 --- [tomcat-shutdown] o.s.b.w.e.tomcat.GracefulShutdown        : Graceful shutdown complete
2025-05-21T01:23:18.879+07:00  INFO 7220 --- [Thread-15] j.LocalContainerEntityManagerFactoryBean : Closing JPA EntityManagerFactory for persistence unit 'default'
2025-05-21T01:23:18.881+07:00  INFO 7220 --- [Thread-15] com.zaxxer.hikari.HikariDataSource       : HikariPool-4 - Shutdown initiated...
2025-05-21T01:23:18.885+07:00  INFO 7220 --- [Thread-15] com.zaxxer.hikari.HikariDataSource       : HikariPool-4 - Shutdown completed.
2025-05-21T01:23:19.073+07:00  INFO 7220 --- [restartedMain] o.e.r.RecipeSharingWebsiteApplication    : Starting RecipeSharingWebsiteApplication using Java 23 with PID 7220 (C:\RecipeSharing\target\classes started by haiye in C:\RecipeSharing)
2025-05-21T01:23:19.074+07:00  INFO 7220 --- [restartedMain] o.e.r.RecipeSharingWebsiteApplication    : No active profile set, falling back to 1 default profile: "default"
2025-05-21T01:23:19.798+07:00  INFO 7220 --- [restartedMain] .s.d.r.c.RepositoryConfigurationDelegate : Bootstrapping Spring Data JPA repositories in DEFAULT mode.
2025-05-21T01:23:19.870+07:00  INFO 7220 --- [restartedMain] .s.d.r.c.RepositoryConfigurationDelegate : Finished Spring Data repository scanning in 70 ms. Found 10 JPA repository interfaces.
2025-05-21T01:23:20.166+07:00  INFO 7220 --- [restartedMain] o.s.b.w.embedded.tomcat.TomcatWebServer  : Tomcat initialized with port 8080 (http)
2025-05-21T01:23:20.168+07:00  INFO 7220 --- [restartedMain] o.apache.catalina.core.StandardService   : Starting service [Tomcat]
2025-05-21T01:23:20.168+07:00  INFO 7220 --- [restartedMain] o.apache.catalina.core.StandardEngine    : Starting Servlet engine: [Apache Tomcat/10.1.40]
2025-05-21T01:23:20.229+07:00  INFO 7220 --- [restartedMain] o.a.c.c.C.[Tomcat].[localhost].[/]       : Initializing Spring embedded WebApplicationContext
2025-05-21T01:23:20.229+07:00  INFO 7220 --- [restartedMain] w.s.c.ServletWebServerApplicationContext : Root WebApplicationContext: initialization completed in 1149 ms
2025-05-21T01:23:20.558+07:00  INFO 7220 --- [restartedMain] o.hibernate.jpa.internal.util.LogHelper  : HHH000204: Processing PersistenceUnitInfo [name: default]
2025-05-21T01:23:20.563+07:00  INFO 7220 --- [restartedMain] o.h.c.internal.RegionFactoryInitiator    : HHH000026: Second-level cache disabled
2025-05-21T01:23:20.582+07:00  INFO 7220 --- [restartedMain] o.s.o.j.p.SpringPersistenceUnitInfo      : No LoadTimeWeaver setup: ignoring JPA class transformer
2025-05-21T01:23:20.583+07:00  INFO 7220 --- [restartedMain] com.zaxxer.hikari.HikariDataSource       : HikariPool-5 - Starting...
2025-05-21T01:23:20.591+07:00  INFO 7220 --- [restartedMain] com.zaxxer.hikari.pool.HikariPool        : HikariPool-5 - Added connection com.mysql.cj.jdbc.ConnectionImpl@791db084
2025-05-21T01:23:20.591+07:00  INFO 7220 --- [restartedMain] com.zaxxer.hikari.HikariDataSource       : HikariPool-5 - Start completed.
2025-05-21T01:23:20.592+07:00  WARN 7220 --- [restartedMain] org.hibernate.orm.deprecation            : HHH90000025: MySQL8Dialect does not need to be specified explicitly using 'hibernate.dialect' (remove the property setting and it will be selected by default)
2025-05-21T01:23:20.592+07:00  WARN 7220 --- [restartedMain] org.hibernate.orm.deprecation            : HHH90000026: MySQL8Dialect has been deprecated; use org.hibernate.dialect.MySQLDialect instead
2025-05-21T01:23:20.593+07:00  INFO 7220 --- [restartedMain] org.hibernate.orm.connections.pooling    : HHH10001005: Database info:
	Database JDBC URL [Connecting through datasource 'HikariDataSource (HikariPool-5)']
	Database driver: undefined/unknown
	Database version: 8.0
	Autocommit mode: undefined/unknown
	Isolation level: undefined/unknown
	Minimum pool size: undefined/unknown
	Maximum pool size: undefined/unknown
2025-05-21T01:23:20.873+07:00  INFO 7220 --- [restartedMain] o.h.e.t.j.p.i.JtaPlatformInitiator       : HHH000489: No JTA platform available (set 'hibernate.transaction.jta.platform' to enable JTA platform integration)
2025-05-21T01:23:20.875+07:00  INFO 7220 --- [restartedMain] j.LocalContainerEntityManagerFactoryBean : Initialized JPA EntityManagerFactory for persistence unit 'default'
2025-05-21T01:23:21.559+07:00  WARN 7220 --- [restartedMain] JpaBaseConfiguration$JpaWebConfiguration : spring.jpa.open-in-view is enabled by default. Therefore, database queries may be performed during view rendering. Explicitly configure spring.jpa.open-in-view to disable this warning
2025-05-21T01:23:21.618+07:00  INFO 7220 --- [restartedMain] r$InitializeUserDetailsManagerConfigurer : Global AuthenticationManager configured with UserDetailsService bean with name userDetailsService
2025-05-21T01:23:21.665+07:00  INFO 7220 --- [restartedMain] o.s.b.a.w.s.WelcomePageHandlerMapping    : Adding welcome page template: index
2025-05-21T01:23:22.058+07:00  INFO 7220 --- [restartedMain] o.s.b.a.e.web.EndpointLinksResolver      : Exposing 1 endpoint beneath base path '/actuator'
2025-05-21T01:23:22.615+07:00  INFO 7220 --- [restartedMain] o.s.b.a.h2.H2ConsoleAutoConfiguration    : H2 console available at '/h2-console'. Database available at 'jdbc:mysql://localhost:3307/cnpm'
2025-05-21T01:23:22.732+07:00  INFO 7220 --- [restartedMain] .w.s.a.s.AnnotationActionEndpointMapping : Supporting [WS-Addressing August 2004, WS-Addressing 1.0]
2025-05-21T01:23:22.783+07:00  INFO 7220 --- [restartedMain] o.s.b.d.a.OptionalLiveReloadServer       : LiveReload server is running on port 35729
2025-05-21T01:23:22.841+07:00  INFO 7220 --- [restartedMain] o.s.b.w.embedded.tomcat.TomcatWebServer  : Tomcat started on port 8080 (http) with context path '/'
2025-05-21T01:23:22.861+07:00  INFO 7220 --- [restartedMain] o.e.r.RecipeSharingWebsiteApplication    : Started RecipeSharingWebsiteApplication in 3.85 seconds (process running for 266.238)
2025-05-21T01:23:22.877+07:00  INFO 7220 --- [restartedMain] .ConditionEvaluationDeltaLoggingListener : Condition evaluation unchanged
2025-05-21T01:23:23.044+07:00  INFO 7220 --- [http-nio-8080-exec-1] o.a.c.c.C.[Tomcat].[localhost].[/]       : Initializing Spring DispatcherServlet 'dispatcherServlet'
2025-05-21T01:23:23.044+07:00  INFO 7220 --- [http-nio-8080-exec-1] o.s.web.servlet.DispatcherServlet        : Initializing Servlet 'dispatcherServlet'
2025-05-21T01:23:23.047+07:00  INFO 7220 --- [http-nio-8080-exec-1] o.s.web.servlet.DispatcherServlet        : Completed initialization in 3 ms
2025-05-21T01:23:23.119+07:00  WARN 7220 --- [http-nio-8080-exec-2] .m.m.a.ExceptionHandlerExceptionResolver : Resolved [org.springframework.web.servlet.resource.NoResourceFoundException: No static resource favicon.ico.]
2025-05-21T01:23:48.798+07:00 DEBUG 7220 --- [http-nio-8080-exec-3] org.hibernate.SQL                        : 
    select
        u1_0.user_id,
        u1_0.avatar_url,
        u1_0.date_of_birth,
        u1_0.email,
        u1_0.firstname,
        u1_0.lastname,
        u1_0.password,
        u1_0.role,
        u1_0.username 
    from
        users u1_0 
    where
        u1_0.username=? 
        or u1_0.email=?
2025-05-21T01:23:48.972+07:00 DEBUG 7220 --- [http-nio-8080-exec-4] org.hibernate.SQL                        : 
    select
        u1_0.user_id,
        u1_0.avatar_url,
        u1_0.date_of_birth,
        u1_0.email,
        u1_0.firstname,
        u1_0.lastname,
        u1_0.password,
        u1_0.role,
        u1_0.username 
    from
        users u1_0 
    where
        u1_0.username=?
2025-05-21T01:23:48.980+07:00 DEBUG 7220 --- [http-nio-8080-exec-4] org.hibernate.SQL                        : 
    select
        f1_0.follow_id,
        f1_0.follow_time,
        f1_0.follower_id,
        f1_0.following_id 
    from
        follows f1_0 
    where
        f1_0.following_id=?
2025-05-21T01:23:48.990+07:00 DEBUG 7220 --- [http-nio-8080-exec-4] org.hibernate.SQL                        : 
    select
        u1_0.user_id,
        u1_0.avatar_url,
        u1_0.date_of_birth,
        u1_0.email,
        u1_0.firstname,
        u1_0.lastname,
        u1_0.password,
        u1_0.role,
        u1_0.username 
    from
        users u1_0 
    where
        u1_0.user_id=?
2025-05-21T01:23:48.997+07:00 DEBUG 7220 --- [http-nio-8080-exec-4] org.hibernate.SQL                        : 
    select
        f1_0.follow_id,
        f1_0.follow_time,
        f1_0.follower_id,
        f1_0.following_id 
    from
        follows f1_0 
    where
        f1_0.follower_id=?
2025-05-21T01:23:49.001+07:00 DEBUG 7220 --- [http-nio-8080-exec-4] org.hibernate.SQL                        : 
    select
        u1_0.user_id,
        u1_0.avatar_url,
        u1_0.date_of_birth,
        u1_0.email,
        u1_0.firstname,
        u1_0.lastname,
        u1_0.password,
        u1_0.role,
        u1_0.username 
    from
        users u1_0 
    where
        u1_0.user_id=?
2025-05-21T01:23:49.008+07:00 DEBUG 7220 --- [http-nio-8080-exec-4] org.hibernate.SQL                        : 
    select
        r1_0.recipe_id,
        r1_0.author_id,
        r1_0.author_name,
        r1_0.author_url,
        r1_0.avatar_url,
        r1_0.category_name,
        r1_0.category_id,
        r1_0.created_at,
        r1_0.description,
        r1_0.ingredients,
        r1_0.instruction,
        r1_0.name,
        r1_1.average_rating,
        r1_1.comment_count,
        r1_1.like_count,
        r1_1.rate_count,
        r1_1.save_count 
    from
        recipes r1_0 
    left join
        recipe_stats r1_1 
            on r1_0.recipe_id=r1_1.recipe_id 
    where
        r1_0.author_id=? 
    order by
        r1_0.created_at desc
2025-05-21T01:23:49.021+07:00 DEBUG 7220 --- [http-nio-8080-exec-4] org.hibernate.SQL                        : 
    select
        avg(r1_0.rating) 
    from
        rates r1_0 
    where
        r1_0.recipe_id=?
2025-05-21T01:23:49.025+07:00 DEBUG 7220 --- [http-nio-8080-exec-4] org.hibernate.SQL                        : 
    select
        avg(r1_0.rating) 
    from
        rates r1_0 
    where
        r1_0.recipe_id=?
2025-05-21T01:23:49.028+07:00 DEBUG 7220 --- [http-nio-8080-exec-4] org.hibernate.SQL                        : 
    select
        avg(r1_0.rating) 
    from
        rates r1_0 
    where
        r1_0.recipe_id=?
2025-05-21T01:23:49.034+07:00 DEBUG 7220 --- [http-nio-8080-exec-4] org.hibernate.SQL                        : 
    select
        u1_0.user_id,
        u1_0.avatar_url,
        u1_0.date_of_birth,
        u1_0.email,
        u1_0.firstname,
        u1_0.lastname,
        u1_0.password,
        u1_0.role,
        u1_0.username 
    from
        users u1_0 
    where
        u1_0.username=?
2025-05-21T01:23:49.042+07:00 DEBUG 7220 --- [http-nio-8080-exec-4] org.hibernate.SQL                        : 
    select
        r1_0.recipe_id,
        r1_0.author_id,
        r1_0.author_name,
        r1_0.author_url,
        r1_0.avatar_url,
        r1_0.category_name,
        r1_0.category_id,
        r1_0.created_at,
        r1_0.description,
        r1_0.ingredients,
        r1_0.instruction,
        r1_0.name,
        r1_1.average_rating,
        r1_1.comment_count,
        r1_1.like_count,
        r1_1.rate_count,
        r1_1.save_count 
    from
        recipes r1_0 
    left join
        recipe_stats r1_1 
            on r1_0.recipe_id=r1_1.recipe_id 
    where
        r1_0.author_id=? 
    order by
        r1_0.created_at desc
2025-05-21T01:23:49.050+07:00 DEBUG 7220 --- [http-nio-8080-exec-4] org.hibernate.SQL                        : 
    select
        avg(r1_0.rating) 
    from
        rates r1_0 
    where
        r1_0.recipe_id=?
2025-05-21T01:23:49.059+07:00 DEBUG 7220 --- [http-nio-8080-exec-4] org.hibernate.SQL                        : 
    select
        count(l1_0.like_id) 
    from
        likes l1_0 
    where
        l1_0.recipe_id=?
2025-05-21T01:23:49.064+07:00 DEBUG 7220 --- [http-nio-8080-exec-4] org.hibernate.SQL                        : 
    select
        avg(r1_0.rating) 
    from
        rates r1_0 
    where
        r1_0.recipe_id=?
2025-05-21T01:23:49.070+07:00 DEBUG 7220 --- [http-nio-8080-exec-4] org.hibernate.SQL                        : 
    select
        count(l1_0.like_id) 
    from
        likes l1_0 
    where
        l1_0.recipe_id=?
2025-05-21T01:23:49.072+07:00 DEBUG 7220 --- [http-nio-8080-exec-4] org.hibernate.SQL                        : 
    select
        avg(r1_0.rating) 
    from
        rates r1_0 
    where
        r1_0.recipe_id=?
2025-05-21T01:23:49.075+07:00 DEBUG 7220 --- [http-nio-8080-exec-4] org.hibernate.SQL                        : 
    select
        count(l1_0.like_id) 
    from
        likes l1_0 
    where
        l1_0.recipe_id=?
2025-05-21T01:23:49.082+07:00 DEBUG 7220 --- [http-nio-8080-exec-4] org.hibernate.SQL                        : 
    select
        u1_0.user_id,
        u1_0.avatar_url,
        u1_0.date_of_birth,
        u1_0.email,
        u1_0.firstname,
        u1_0.lastname,
        u1_0.password,
        u1_0.role,
        u1_0.username 
    from
        users u1_0 
    where
        u1_0.username=?
2025-05-21T01:23:49.089+07:00 DEBUG 7220 --- [http-nio-8080-exec-4] org.hibernate.SQL                        : 
    select
        s1_0.save_id,
        s1_0.created_at,
        s1_0.recipe_id,
        s1_0.user_id 
    from
        saved s1_0 
    where
        s1_0.user_id=?
2025-05-21T01:23:49.095+07:00 DEBUG 7220 --- [http-nio-8080-exec-4] org.hibernate.SQL                        : 
    select
        avg(r1_0.rating) 
    from
        rates r1_0 
    where
        r1_0.recipe_id=?
2025-05-21T01:23:49.100+07:00 DEBUG 7220 --- [http-nio-8080-exec-4] org.hibernate.SQL                        : 
    select
        count(l1_0.like_id) 
    from
        likes l1_0 
    where
        l1_0.recipe_id=?
2025-05-21T01:23:49.104+07:00 DEBUG 7220 --- [http-nio-8080-exec-4] org.hibernate.SQL                        : 
    select
        u1_0.user_id,
        u1_0.avatar_url,
        u1_0.date_of_birth,
        u1_0.email,
        u1_0.firstname,
        u1_0.lastname,
        u1_0.password,
        u1_0.role,
        u1_0.username 
    from
        users u1_0 
    where
        u1_0.username=?
2025-05-21T01:23:49.109+07:00 DEBUG 7220 --- [http-nio-8080-exec-4] org.hibernate.SQL                        : 
    select
        l1_0.like_id,
        l1_0.created_at,
        l1_0.recipe_id,
        l1_0.user_id 
    from
        likes l1_0 
    where
        l1_0.user_id=?
2025-05-21T01:23:49.117+07:00 DEBUG 7220 --- [http-nio-8080-exec-4] org.hibernate.SQL                        : 
    select
        avg(r1_0.rating) 
    from
        rates r1_0 
    where
        r1_0.recipe_id=?
2025-05-21T01:23:49.120+07:00 DEBUG 7220 --- [http-nio-8080-exec-4] org.hibernate.SQL                        : 
    select
        count(l1_0.like_id) 
    from
        likes l1_0 
    where
        l1_0.recipe_id=?
2025-05-21T01:23:49.121+07:00 DEBUG 7220 --- [http-nio-8080-exec-4] org.hibernate.SQL                        : 
    select
        avg(r1_0.rating) 
    from
        rates r1_0 
    where
        r1_0.recipe_id=?
2025-05-21T01:23:49.124+07:00 DEBUG 7220 --- [http-nio-8080-exec-4] org.hibernate.SQL                        : 
    select
        count(l1_0.like_id) 
    from
        likes l1_0 
    where
        l1_0.recipe_id=?
2025-05-21T01:23:49.192+07:00  WARN 7220 --- [http-nio-8080-exec-9] .m.m.a.ExceptionHandlerExceptionResolver : Resolved [org.springframework.web.servlet.resource.NoResourceFoundException: No static resource favicon.ico.]
2025-05-21T01:23:51.381+07:00 DEBUG 7220 --- [http-nio-8080-exec-10] org.hibernate.SQL                        : 
    select
        r1_0.recipe_id,
        r1_0.author_id,
        r1_0.author_name,
        r1_0.author_url,
        r1_0.avatar_url,
        r1_0.category_name,
        r1_0.category_id,
        r1_0.created_at,
        r1_0.description,
        r1_0.ingredients,
        r1_0.instruction,
        r1_0.name,
        r1_1.average_rating,
        r1_1.comment_count,
        r1_1.like_count,
        r1_1.rate_count,
        r1_1.save_count 
    from
        recipes r1_0 
    left join
        recipe_stats r1_1 
            on r1_0.recipe_id=r1_1.recipe_id 
    where
        r1_0.recipe_id=?
2025-05-21T01:23:51.391+07:00 DEBUG 7220 --- [http-nio-8080-exec-10] org.hibernate.SQL                        : 
    select
        c1_0.comment_id,
        c1_0.comment_content,
        c1_0.created_at,
        c1_0.recipe_id,
        c1_0.user_id 
    from
        comments c1_0 
    where
        c1_0.recipe_id=?
2025-05-21T01:23:51.398+07:00 DEBUG 7220 --- [http-nio-8080-exec-10] org.hibernate.SQL                        : 
    select
        u1_0.user_id,
        u1_0.avatar_url,
        u1_0.date_of_birth,
        u1_0.email,
        u1_0.firstname,
        u1_0.lastname,
        u1_0.password,
        u1_0.role,
        u1_0.username 
    from
        users u1_0 
    where
        u1_0.user_id=?
2025-05-21T01:23:51.401+07:00 DEBUG 7220 --- [http-nio-8080-exec-10] org.hibernate.SQL                        : 
    select
        u1_0.user_id,
        u1_0.avatar_url,
        u1_0.date_of_birth,
        u1_0.email,
        u1_0.firstname,
        u1_0.lastname,
        u1_0.password,
        u1_0.role,
        u1_0.username 
    from
        users u1_0 
    where
        u1_0.user_id=?
2025-05-21T01:23:51.428+07:00 DEBUG 7220 --- [http-nio-8080-exec-3] org.hibernate.SQL                        : 
    select
        r1_0.recipe_id,
        r1_0.author_id,
        r1_0.author_name,
        r1_0.author_url,
        r1_0.avatar_url,
        r1_0.category_name,
        r1_0.category_id,
        r1_0.created_at,
        r1_0.description,
        r1_0.ingredients,
        r1_0.instruction,
        r1_0.name,
        r1_1.average_rating,
        r1_1.comment_count,
        r1_1.like_count,
        r1_1.rate_count,
        r1_1.save_count 
    from
        recipes r1_0 
    left join
        recipe_stats r1_1 
            on r1_0.recipe_id=r1_1.recipe_id 
    where
        r1_0.recipe_id=?
2025-05-21T01:23:51.432+07:00 DEBUG 7220 --- [http-nio-8080-exec-7] org.hibernate.SQL                        : 
    select
        s1_0.save_id 
    from
        saved s1_0 
    where
        s1_0.user_id=? 
        and s1_0.recipe_id=? 
    limit
        ?
2025-05-21T01:23:51.433+07:00 DEBUG 7220 --- [http-nio-8080-exec-4] org.hibernate.SQL                        : 
    select
        l1_0.like_id 
    from
        likes l1_0 
    where
        l1_0.user_id=? 
        and l1_0.recipe_id=? 
    limit
        ?
2025-05-21T01:23:51.433+07:00 DEBUG 7220 --- [http-nio-8080-exec-3] org.hibernate.SQL                        : 
    select
        c1_0.comment_id,
        c1_0.comment_content,
        c1_0.created_at,
        c1_0.recipe_id,
        c1_0.user_id 
    from
        comments c1_0 
    where
        c1_0.recipe_id=?
2025-05-21T01:23:51.438+07:00 DEBUG 7220 --- [http-nio-8080-exec-3] org.hibernate.SQL                        : 
    select
        u1_0.user_id,
        u1_0.avatar_url,
        u1_0.date_of_birth,
        u1_0.email,
        u1_0.firstname,
        u1_0.lastname,
        u1_0.password,
        u1_0.role,
        u1_0.username 
    from
        users u1_0 
    where
        u1_0.user_id=?
2025-05-21T01:23:51.442+07:00 DEBUG 7220 --- [http-nio-8080-exec-3] org.hibernate.SQL                        : 
    select
        u1_0.user_id,
        u1_0.avatar_url,
        u1_0.date_of_birth,
        u1_0.email,
        u1_0.firstname,
        u1_0.lastname,
        u1_0.password,
        u1_0.role,
        u1_0.username 
    from
        users u1_0 
    where
        u1_0.user_id=?
2025-05-21T01:23:51.457+07:00 DEBUG 7220 --- [http-nio-8080-exec-6] org.hibernate.SQL                        : 
    select
        r1_0.recipe_id,
        r1_0.author_id,
        r1_0.author_name,
        r1_0.author_url,
        r1_0.avatar_url,
        r1_0.category_name,
        r1_0.category_id,
        r1_0.created_at,
        r1_0.description,
        r1_0.ingredients,
        r1_0.instruction,
        r1_0.name,
        r1_1.average_rating,
        r1_1.comment_count,
        r1_1.like_count,
        r1_1.rate_count,
        r1_1.save_count 
    from
        recipes r1_0 
    left join
        recipe_stats r1_1 
            on r1_0.recipe_id=r1_1.recipe_id 
    where
        r1_0.recipe_id=?
2025-05-21T01:23:51.461+07:00 DEBUG 7220 --- [http-nio-8080-exec-6] org.hibernate.SQL                        : 
    select
        c1_0.comment_id,
        c1_0.comment_content,
        c1_0.created_at,
        c1_0.recipe_id,
        c1_0.user_id 
    from
        comments c1_0 
    where
        c1_0.recipe_id=?
2025-05-21T01:23:51.467+07:00 DEBUG 7220 --- [http-nio-8080-exec-6] org.hibernate.SQL                        : 
    select
        u1_0.user_id,
        u1_0.avatar_url,
        u1_0.date_of_birth,
        u1_0.email,
        u1_0.firstname,
        u1_0.lastname,
        u1_0.password,
        u1_0.role,
        u1_0.username 
    from
        users u1_0 
    where
        u1_0.user_id=?
2025-05-21T01:23:51.472+07:00 DEBUG 7220 --- [http-nio-8080-exec-6] org.hibernate.SQL                        : 
    select
        u1_0.user_id,
        u1_0.avatar_url,
        u1_0.date_of_birth,
        u1_0.email,
        u1_0.firstname,
        u1_0.lastname,
        u1_0.password,
        u1_0.role,
        u1_0.username 
    from
        users u1_0 
    where
        u1_0.user_id=?
2025-05-21T01:23:54.012+07:00 DEBUG 7220 --- [http-nio-8080-exec-5] org.hibernate.SQL                        : 
    select
        r1_0.rate_id,
        r1_0.created_at,
        r1_0.rating,
        r1_0.recipe_id,
        r1_0.user_id 
    from
        rates r1_0 
    where
        r1_0.user_id=? 
        and r1_0.recipe_id=?
2025-05-21T01:23:54.020+07:00 DEBUG 7220 --- [http-nio-8080-exec-5] org.hibernate.SQL                        : 
    select
        is1_0.id 
    from
        id_seq is1_0 
    order by
        is1_0.id desc 
    limit
        ?
2025-05-21T01:23:54.032+07:00 DEBUG 7220 --- [http-nio-8080-exec-5] org.hibernate.SQL                        : 
    select
        is1_0.id 
    from
        id_seq is1_0 
    where
        is1_0.id=?
2025-05-21T01:23:54.050+07:00 DEBUG 7220 --- [http-nio-8080-exec-5] org.hibernate.SQL                        : 
    select
        r1_0.rate_id,
        r1_0.created_at,
        r1_0.rating,
        r1_0.recipe_id,
        r1_0.user_id 
    from
        rates r1_0 
    where
        r1_0.rate_id=?
2025-05-21T01:23:54.080+07:00 DEBUG 7220 --- [http-nio-8080-exec-5] org.hibernate.SQL                        : 
    insert 
    into
        id_seq
        (id) 
    values
        (?)
2025-05-21T01:23:54.089+07:00 DEBUG 7220 --- [http-nio-8080-exec-5] org.hibernate.SQL                        : 
    insert 
    into
        rates
        (created_at, rating, recipe_id, user_id, rate_id) 
    values
        (?, ?, ?, ?, ?)
2025-05-21T01:23:54.114+07:00 DEBUG 7220 --- [http-nio-8080-exec-8] org.hibernate.SQL                        : 
    select
        r1_0.recipe_id,
        r1_0.author_id,
        r1_0.author_name,
        r1_0.author_url,
        r1_0.avatar_url,
        r1_0.category_name,
        r1_0.category_id,
        r1_0.created_at,
        r1_0.description,
        r1_0.ingredients,
        r1_0.instruction,
        r1_0.name,
        r1_1.average_rating,
        r1_1.comment_count,
        r1_1.like_count,
        r1_1.rate_count,
        r1_1.save_count 
    from
        recipes r1_0 
    left join
        recipe_stats r1_1 
            on r1_0.recipe_id=r1_1.recipe_id 
    where
        r1_0.recipe_id=?
2025-05-21T01:23:54.121+07:00 DEBUG 7220 --- [http-nio-8080-exec-8] org.hibernate.SQL                        : 
    select
        c1_0.comment_id,
        c1_0.comment_content,
        c1_0.created_at,
        c1_0.recipe_id,
        c1_0.user_id 
    from
        comments c1_0 
    where
        c1_0.recipe_id=?
2025-05-21T01:23:54.126+07:00 DEBUG 7220 --- [http-nio-8080-exec-8] org.hibernate.SQL                        : 
    select
        u1_0.user_id,
        u1_0.avatar_url,
        u1_0.date_of_birth,
        u1_0.email,
        u1_0.firstname,
        u1_0.lastname,
        u1_0.password,
        u1_0.role,
        u1_0.username 
    from
        users u1_0 
    where
        u1_0.user_id=?
2025-05-21T01:23:54.131+07:00 DEBUG 7220 --- [http-nio-8080-exec-8] org.hibernate.SQL                        : 
    select
        u1_0.user_id,
        u1_0.avatar_url,
        u1_0.date_of_birth,
        u1_0.email,
        u1_0.firstname,
        u1_0.lastname,
        u1_0.password,
        u1_0.role,
        u1_0.username 
    from
        users u1_0 
    where
        u1_0.user_id=?
2025-05-21T01:23:59.721+07:00  WARN 7220 --- [http-nio-8080-exec-9] .m.m.a.ExceptionHandlerExceptionResolver : Resolved [org.springframework.web.servlet.resource.NoResourceFoundException: No static resource .well-known/appspecific/com.chrome.devtools.json.]
2025-05-21T01:25:03.519+07:00  INFO 7220 --- [SpringApplicationShutdownHook] o.s.b.w.e.tomcat.GracefulShutdown        : Commencing graceful shutdown. Waiting for active requests to complete
2025-05-21T01:25:03.531+07:00  INFO 7220 --- [tomcat-shutdown] o.s.b.w.e.tomcat.GracefulShutdown        : Graceful shutdown complete
2025-05-21T01:25:03.538+07:00  INFO 7220 --- [SpringApplicationShutdownHook] j.LocalContainerEntityManagerFactoryBean : Closing JPA EntityManagerFactory for persistence unit 'default'
2025-05-21T01:25:03.539+07:00  INFO 7220 --- [SpringApplicationShutdownHook] com.zaxxer.hikari.HikariDataSource       : HikariPool-5 - Shutdown initiated...
2025-05-21T01:25:03.543+07:00  INFO 7220 --- [SpringApplicationShutdownHook] com.zaxxer.hikari.HikariDataSource       : HikariPool-5 - Shutdown completed.
2025-05-21T01:25:09.323+07:00  INFO 7320 --- [restartedMain] o.e.r.RecipeSharingWebsiteApplication    : Starting RecipeSharingWebsiteApplication using Java 23 with PID 7320 (C:\RecipeSharing\target\classes started by haiye in C:\RecipeSharing)
2025-05-21T01:25:09.327+07:00  INFO 7320 --- [restartedMain] o.e.r.RecipeSharingWebsiteApplication    : No active profile set, falling back to 1 default profile: "default"
2025-05-21T01:25:09.431+07:00  INFO 7320 --- [restartedMain] .e.DevToolsPropertyDefaultsPostProcessor : Devtools property defaults active! Set 'spring.devtools.add-properties' to 'false' to disable
2025-05-21T01:25:09.432+07:00  INFO 7320 --- [restartedMain] .e.DevToolsPropertyDefaultsPostProcessor : For additional web related logging consider setting the 'logging.level.web' property to 'DEBUG'
2025-05-21T01:25:10.767+07:00  INFO 7320 --- [restartedMain] .s.d.r.c.RepositoryConfigurationDelegate : Bootstrapping Spring Data JPA repositories in DEFAULT mode.
2025-05-21T01:25:10.947+07:00  INFO 7320 --- [restartedMain] .s.d.r.c.RepositoryConfigurationDelegate : Finished Spring Data repository scanning in 166 ms. Found 10 JPA repository interfaces.
2025-05-21T01:25:11.801+07:00  INFO 7320 --- [restartedMain] o.s.b.w.embedded.tomcat.TomcatWebServer  : Tomcat initialized with port 8080 (http)
2025-05-21T01:25:11.814+07:00  INFO 7320 --- [restartedMain] o.apache.catalina.core.StandardService   : Starting service [Tomcat]
2025-05-21T01:25:11.814+07:00  INFO 7320 --- [restartedMain] o.apache.catalina.core.StandardEngine    : Starting Servlet engine: [Apache Tomcat/10.1.40]
2025-05-21T01:25:11.863+07:00  INFO 7320 --- [restartedMain] o.a.c.c.C.[Tomcat].[localhost].[/]       : Initializing Spring embedded WebApplicationContext
2025-05-21T01:25:11.863+07:00  INFO 7320 --- [restartedMain] w.s.c.ServletWebServerApplicationContext : Root WebApplicationContext: initialization completed in 2430 ms
2025-05-21T01:25:12.214+07:00  INFO 7320 --- [restartedMain] o.hibernate.jpa.internal.util.LogHelper  : HHH000204: Processing PersistenceUnitInfo [name: default]
2025-05-21T01:25:12.268+07:00  INFO 7320 --- [restartedMain] org.hibernate.Version                    : HHH000412: Hibernate ORM core version 6.6.13.Final
2025-05-21T01:25:12.296+07:00  INFO 7320 --- [restartedMain] o.h.c.internal.RegionFactoryInitiator    : HHH000026: Second-level cache disabled
2025-05-21T01:25:12.549+07:00  INFO 7320 --- [restartedMain] o.s.o.j.p.SpringPersistenceUnitInfo      : No LoadTimeWeaver setup: ignoring JPA class transformer
2025-05-21T01:25:12.575+07:00  INFO 7320 --- [restartedMain] com.zaxxer.hikari.HikariDataSource       : HikariPool-1 - Starting...
2025-05-21T01:25:12.718+07:00  INFO 7320 --- [restartedMain] com.zaxxer.hikari.pool.HikariPool        : HikariPool-1 - Added connection com.mysql.cj.jdbc.ConnectionImpl@5d6d89b0
2025-05-21T01:25:12.720+07:00  INFO 7320 --- [restartedMain] com.zaxxer.hikari.HikariDataSource       : HikariPool-1 - Start completed.
2025-05-21T01:25:12.740+07:00  WARN 7320 --- [restartedMain] org.hibernate.orm.deprecation            : HHH90000025: MySQL8Dialect does not need to be specified explicitly using 'hibernate.dialect' (remove the property setting and it will be selected by default)
2025-05-21T01:25:12.741+07:00  WARN 7320 --- [restartedMain] org.hibernate.orm.deprecation            : HHH90000026: MySQL8Dialect has been deprecated; use org.hibernate.dialect.MySQLDialect instead
2025-05-21T01:25:12.762+07:00  INFO 7320 --- [restartedMain] org.hibernate.orm.connections.pooling    : HHH10001005: Database info:
	Database JDBC URL [Connecting through datasource 'HikariDataSource (HikariPool-1)']
	Database driver: undefined/unknown
	Database version: 8.0
	Autocommit mode: undefined/unknown
	Isolation level: undefined/unknown
	Minimum pool size: undefined/unknown
	Maximum pool size: undefined/unknown
2025-05-21T01:25:13.782+07:00  INFO 7320 --- [restartedMain] o.h.e.t.j.p.i.JtaPlatformInitiator       : HHH000489: No JTA platform available (set 'hibernate.transaction.jta.platform' to enable JTA platform integration)
2025-05-21T01:25:13.785+07:00  INFO 7320 --- [restartedMain] j.LocalContainerEntityManagerFactoryBean : Initialized JPA EntityManagerFactory for persistence unit 'default'
2025-05-21T01:25:14.349+07:00  INFO 7320 --- [restartedMain] o.s.d.j.r.query.QueryEnhancerFactory     : Hibernate is in classpath; If applicable, HQL parser will be used.
2025-05-21T01:25:14.960+07:00  WARN 7320 --- [restartedMain] JpaBaseConfiguration$JpaWebConfiguration : spring.jpa.open-in-view is enabled by default. Therefore, database queries may be performed during view rendering. Explicitly configure spring.jpa.open-in-view to disable this warning
2025-05-21T01:25:15.013+07:00  INFO 7320 --- [restartedMain] r$InitializeUserDetailsManagerConfigurer : Global AuthenticationManager configured with UserDetailsService bean with name userDetailsService
2025-05-21T01:25:15.116+07:00  INFO 7320 --- [restartedMain] o.s.b.a.w.s.WelcomePageHandlerMapping    : Adding welcome page template: index
2025-05-21T01:25:15.546+07:00  INFO 7320 --- [restartedMain] o.s.b.a.e.web.EndpointLinksResolver      : Exposing 1 endpoint beneath base path '/actuator'
2025-05-21T01:25:16.127+07:00  INFO 7320 --- [restartedMain] o.s.b.a.h2.H2ConsoleAutoConfiguration    : H2 console available at '/h2-console'. Database available at 'jdbc:mysql://localhost:3307/cnpm'
2025-05-21T01:25:16.257+07:00  INFO 7320 --- [restartedMain] .w.s.a.s.AnnotationActionEndpointMapping : Supporting [WS-Addressing August 2004, WS-Addressing 1.0]
2025-05-21T01:25:16.335+07:00  INFO 7320 --- [restartedMain] o.s.b.d.a.OptionalLiveReloadServer       : LiveReload server is running on port 35729
2025-05-21T01:25:16.465+07:00  INFO 7320 --- [restartedMain] o.s.b.w.embedded.tomcat.TomcatWebServer  : Tomcat started on port 8080 (http) with context path '/'
2025-05-21T01:25:16.480+07:00  INFO 7320 --- [restartedMain] o.e.r.RecipeSharingWebsiteApplication    : Started RecipeSharingWebsiteApplication in 7.938 seconds (process running for 9.06)
2025-05-21T01:25:16.902+07:00  INFO 7320 --- [RMI TCP Connection(3)-172.21.176.1] o.a.c.c.C.[Tomcat].[localhost].[/]       : Initializing Spring DispatcherServlet 'dispatcherServlet'
2025-05-21T01:25:16.902+07:00  INFO 7320 --- [RMI TCP Connection(3)-172.21.176.1] o.s.web.servlet.DispatcherServlet        : Initializing Servlet 'dispatcherServlet'
2025-05-21T01:25:16.907+07:00  INFO 7320 --- [RMI TCP Connection(3)-172.21.176.1] o.s.web.servlet.DispatcherServlet        : Completed initialization in 4 ms
2025-05-21T01:25:24.507+07:00 DEBUG 7320 --- [http-nio-8080-exec-4] org.hibernate.SQL                        : 
    select
        u1_0.user_id,
        u1_0.avatar_url,
        u1_0.date_of_birth,
        u1_0.email,
        u1_0.firstname,
        u1_0.lastname,
        u1_0.password,
        u1_0.role,
        u1_0.username 
    from
        users u1_0 
    where
        u1_0.username=? 
        or u1_0.email=?
2025-05-21T01:25:24.835+07:00 DEBUG 7320 --- [http-nio-8080-exec-5] org.hibernate.SQL                        : 
    select
        u1_0.user_id,
        u1_0.avatar_url,
        u1_0.date_of_birth,
        u1_0.email,
        u1_0.firstname,
        u1_0.lastname,
        u1_0.password,
        u1_0.role,
        u1_0.username 
    from
        users u1_0 
    where
        u1_0.username=?
2025-05-21T01:25:24.842+07:00 DEBUG 7320 --- [http-nio-8080-exec-5] org.hibernate.SQL                        : 
    select
        f1_0.follow_id,
        f1_0.follow_time,
        f1_0.follower_id,
        f1_0.following_id 
    from
        follows f1_0 
    where
        f1_0.following_id=?
2025-05-21T01:25:24.878+07:00 DEBUG 7320 --- [http-nio-8080-exec-5] org.hibernate.SQL                        : 
    select
        u1_0.user_id,
        u1_0.avatar_url,
        u1_0.date_of_birth,
        u1_0.email,
        u1_0.firstname,
        u1_0.lastname,
        u1_0.password,
        u1_0.role,
        u1_0.username 
    from
        users u1_0 
    where
        u1_0.user_id=?
2025-05-21T01:25:24.887+07:00 DEBUG 7320 --- [http-nio-8080-exec-5] org.hibernate.SQL                        : 
    select
        f1_0.follow_id,
        f1_0.follow_time,
        f1_0.follower_id,
        f1_0.following_id 
    from
        follows f1_0 
    where
        f1_0.follower_id=?
2025-05-21T01:25:24.893+07:00 DEBUG 7320 --- [http-nio-8080-exec-5] org.hibernate.SQL                        : 
    select
        u1_0.user_id,
        u1_0.avatar_url,
        u1_0.date_of_birth,
        u1_0.email,
        u1_0.firstname,
        u1_0.lastname,
        u1_0.password,
        u1_0.role,
        u1_0.username 
    from
        users u1_0 
    where
        u1_0.user_id=?
2025-05-21T01:25:24.905+07:00 DEBUG 7320 --- [http-nio-8080-exec-5] org.hibernate.SQL                        : 
    select
        r1_0.recipe_id,
        r1_0.author_id,
        r1_0.author_name,
        r1_0.author_url,
        r1_0.avatar_url,
        r1_0.category_name,
        r1_0.category_id,
        r1_0.created_at,
        r1_0.description,
        r1_0.ingredients,
        r1_0.instruction,
        r1_0.name,
        r1_1.average_rating,
        r1_1.comment_count,
        r1_1.like_count,
        r1_1.rate_count,
        r1_1.save_count 
    from
        recipes r1_0 
    left join
        recipe_stats r1_1 
            on r1_0.recipe_id=r1_1.recipe_id 
    where
        r1_0.author_id=? 
    order by
        r1_0.created_at desc
2025-05-21T01:25:24.938+07:00 DEBUG 7320 --- [http-nio-8080-exec-5] org.hibernate.SQL                        : 
    select
        avg(r1_0.rating) 
    from
        rates r1_0 
    where
        r1_0.recipe_id=?
2025-05-21T01:25:24.944+07:00 DEBUG 7320 --- [http-nio-8080-exec-5] org.hibernate.SQL                        : 
    select
        avg(r1_0.rating) 
    from
        rates r1_0 
    where
        r1_0.recipe_id=?
2025-05-21T01:25:24.947+07:00 DEBUG 7320 --- [http-nio-8080-exec-5] org.hibernate.SQL                        : 
    select
        avg(r1_0.rating) 
    from
        rates r1_0 
    where
        r1_0.recipe_id=?
2025-05-21T01:25:24.952+07:00 DEBUG 7320 --- [http-nio-8080-exec-5] org.hibernate.SQL                        : 
    select
        u1_0.user_id,
        u1_0.avatar_url,
        u1_0.date_of_birth,
        u1_0.email,
        u1_0.firstname,
        u1_0.lastname,
        u1_0.password,
        u1_0.role,
        u1_0.username 
    from
        users u1_0 
    where
        u1_0.username=?
2025-05-21T01:25:24.960+07:00 DEBUG 7320 --- [http-nio-8080-exec-5] org.hibernate.SQL                        : 
    select
        r1_0.recipe_id,
        r1_0.author_id,
        r1_0.author_name,
        r1_0.author_url,
        r1_0.avatar_url,
        r1_0.category_name,
        r1_0.category_id,
        r1_0.created_at,
        r1_0.description,
        r1_0.ingredients,
        r1_0.instruction,
        r1_0.name,
        r1_1.average_rating,
        r1_1.comment_count,
        r1_1.like_count,
        r1_1.rate_count,
        r1_1.save_count 
    from
        recipes r1_0 
    left join
        recipe_stats r1_1 
            on r1_0.recipe_id=r1_1.recipe_id 
    where
        r1_0.author_id=? 
    order by
        r1_0.created_at desc
2025-05-21T01:25:24.967+07:00 DEBUG 7320 --- [http-nio-8080-exec-5] org.hibernate.SQL                        : 
    select
        avg(r1_0.rating) 
    from
        rates r1_0 
    where
        r1_0.recipe_id=?
2025-05-21T01:25:24.973+07:00 DEBUG 7320 --- [http-nio-8080-exec-5] org.hibernate.SQL                        : 
    select
        count(l1_0.like_id) 
    from
        likes l1_0 
    where
        l1_0.recipe_id=?
2025-05-21T01:25:24.978+07:00 DEBUG 7320 --- [http-nio-8080-exec-5] org.hibernate.SQL                        : 
    select
        avg(r1_0.rating) 
    from
        rates r1_0 
    where
        r1_0.recipe_id=?
2025-05-21T01:25:24.982+07:00 DEBUG 7320 --- [http-nio-8080-exec-5] org.hibernate.SQL                        : 
    select
        count(l1_0.like_id) 
    from
        likes l1_0 
    where
        l1_0.recipe_id=?
2025-05-21T01:25:24.984+07:00 DEBUG 7320 --- [http-nio-8080-exec-5] org.hibernate.SQL                        : 
    select
        avg(r1_0.rating) 
    from
        rates r1_0 
    where
        r1_0.recipe_id=?
2025-05-21T01:25:24.986+07:00 DEBUG 7320 --- [http-nio-8080-exec-5] org.hibernate.SQL                        : 
    select
        count(l1_0.like_id) 
    from
        likes l1_0 
    where
        l1_0.recipe_id=?
2025-05-21T01:25:24.991+07:00 DEBUG 7320 --- [http-nio-8080-exec-5] org.hibernate.SQL                        : 
    select
        u1_0.user_id,
        u1_0.avatar_url,
        u1_0.date_of_birth,
        u1_0.email,
        u1_0.firstname,
        u1_0.lastname,
        u1_0.password,
        u1_0.role,
        u1_0.username 
    from
        users u1_0 
    where
        u1_0.username=?
2025-05-21T01:25:24.999+07:00 DEBUG 7320 --- [http-nio-8080-exec-5] org.hibernate.SQL                        : 
    select
        s1_0.save_id,
        s1_0.created_at,
        s1_0.recipe_id,
        s1_0.user_id 
    from
        saved s1_0 
    where
        s1_0.user_id=?
2025-05-21T01:25:25.011+07:00 DEBUG 7320 --- [http-nio-8080-exec-5] org.hibernate.SQL                        : 
    select
        avg(r1_0.rating) 
    from
        rates r1_0 
    where
        r1_0.recipe_id=?
2025-05-21T01:25:25.015+07:00 DEBUG 7320 --- [http-nio-8080-exec-5] org.hibernate.SQL                        : 
    select
        count(l1_0.like_id) 
    from
        likes l1_0 
    where
        l1_0.recipe_id=?
2025-05-21T01:25:25.021+07:00 DEBUG 7320 --- [http-nio-8080-exec-5] org.hibernate.SQL                        : 
    select
        u1_0.user_id,
        u1_0.avatar_url,
        u1_0.date_of_birth,
        u1_0.email,
        u1_0.firstname,
        u1_0.lastname,
        u1_0.password,
        u1_0.role,
        u1_0.username 
    from
        users u1_0 
    where
        u1_0.username=?
2025-05-21T01:25:25.027+07:00 DEBUG 7320 --- [http-nio-8080-exec-5] org.hibernate.SQL                        : 
    select
        l1_0.like_id,
        l1_0.created_at,
        l1_0.recipe_id,
        l1_0.user_id 
    from
        likes l1_0 
    where
        l1_0.user_id=?
2025-05-21T01:25:25.037+07:00 DEBUG 7320 --- [http-nio-8080-exec-5] org.hibernate.SQL                        : 
    select
        avg(r1_0.rating) 
    from
        rates r1_0 
    where
        r1_0.recipe_id=?
2025-05-21T01:25:25.042+07:00 DEBUG 7320 --- [http-nio-8080-exec-5] org.hibernate.SQL                        : 
    select
        count(l1_0.like_id) 
    from
        likes l1_0 
    where
        l1_0.recipe_id=?
2025-05-21T01:25:25.045+07:00 DEBUG 7320 --- [http-nio-8080-exec-5] org.hibernate.SQL                        : 
    select
        avg(r1_0.rating) 
    from
        rates r1_0 
    where
        r1_0.recipe_id=?
2025-05-21T01:25:25.050+07:00 DEBUG 7320 --- [http-nio-8080-exec-5] org.hibernate.SQL                        : 
    select
        count(l1_0.like_id) 
    from
        likes l1_0 
    where
        l1_0.recipe_id=?
2025-05-21T01:25:25.312+07:00  WARN 7320 --- [http-nio-8080-exec-10] .m.m.a.ExceptionHandlerExceptionResolver : Resolved [org.springframework.web.servlet.resource.NoResourceFoundException: No static resource favicon.ico.]
2025-05-21T01:25:27.395+07:00 DEBUG 7320 --- [http-nio-8080-exec-1] org.hibernate.SQL                        : 
    select
        r1_0.recipe_id,
        r1_0.author_id,
        r1_0.author_name,
        r1_0.author_url,
        r1_0.avatar_url,
        r1_0.category_name,
        r1_0.category_id,
        r1_0.created_at,
        r1_0.description,
        r1_0.ingredients,
        r1_0.instruction,
        r1_0.name,
        r1_1.average_rating,
        r1_1.comment_count,
        r1_1.like_count,
        r1_1.rate_count,
        r1_1.save_count 
    from
        recipes r1_0 
    left join
        recipe_stats r1_1 
            on r1_0.recipe_id=r1_1.recipe_id 
    where
        r1_0.recipe_id=?
2025-05-21T01:25:27.403+07:00 DEBUG 7320 --- [http-nio-8080-exec-1] org.hibernate.SQL                        : 
    select
        c1_0.comment_id,
        c1_0.comment_content,
        c1_0.created_at,
        c1_0.recipe_id,
        c1_0.user_id 
    from
        comments c1_0 
    where
        c1_0.recipe_id=?
2025-05-21T01:25:27.407+07:00 DEBUG 7320 --- [http-nio-8080-exec-1] org.hibernate.SQL                        : 
    select
        u1_0.user_id,
        u1_0.avatar_url,
        u1_0.date_of_birth,
        u1_0.email,
        u1_0.firstname,
        u1_0.lastname,
        u1_0.password,
        u1_0.role,
        u1_0.username 
    from
        users u1_0 
    where
        u1_0.user_id=?
2025-05-21T01:25:27.457+07:00 DEBUG 7320 --- [http-nio-8080-exec-4] org.hibernate.SQL                        : 
    select
        r1_0.recipe_id,
        r1_0.author_id,
        r1_0.author_name,
        r1_0.author_url,
        r1_0.avatar_url,
        r1_0.category_name,
        r1_0.category_id,
        r1_0.created_at,
        r1_0.description,
        r1_0.ingredients,
        r1_0.instruction,
        r1_0.name,
        r1_1.average_rating,
        r1_1.comment_count,
        r1_1.like_count,
        r1_1.rate_count,
        r1_1.save_count 
    from
        recipes r1_0 
    left join
        recipe_stats r1_1 
            on r1_0.recipe_id=r1_1.recipe_id 
    where
        r1_0.recipe_id=?
2025-05-21T01:25:27.466+07:00 DEBUG 7320 --- [http-nio-8080-exec-4] org.hibernate.SQL                        : 
    select
        c1_0.comment_id,
        c1_0.comment_content,
        c1_0.created_at,
        c1_0.recipe_id,
        c1_0.user_id 
    from
        comments c1_0 
    where
        c1_0.recipe_id=?
2025-05-21T01:25:27.471+07:00 DEBUG 7320 --- [http-nio-8080-exec-4] org.hibernate.SQL                        : 
    select
        u1_0.user_id,
        u1_0.avatar_url,
        u1_0.date_of_birth,
        u1_0.email,
        u1_0.firstname,
        u1_0.lastname,
        u1_0.password,
        u1_0.role,
        u1_0.username 
    from
        users u1_0 
    where
        u1_0.user_id=?
2025-05-21T01:25:27.483+07:00 DEBUG 7320 --- [http-nio-8080-exec-7] org.hibernate.SQL                        : 
    select
        r1_0.recipe_id,
        r1_0.author_id,
        r1_0.author_name,
        r1_0.author_url,
        r1_0.avatar_url,
        r1_0.category_name,
        r1_0.category_id,
        r1_0.created_at,
        r1_0.description,
        r1_0.ingredients,
        r1_0.instruction,
        r1_0.name,
        r1_1.average_rating,
        r1_1.comment_count,
        r1_1.like_count,
        r1_1.rate_count,
        r1_1.save_count 
    from
        recipes r1_0 
    left join
        recipe_stats r1_1 
            on r1_0.recipe_id=r1_1.recipe_id 
    where
        r1_0.recipe_id=?
2025-05-21T01:25:27.491+07:00 DEBUG 7320 --- [http-nio-8080-exec-5] org.hibernate.SQL                        : 
    select
        l1_0.like_id 
    from
        likes l1_0 
    where
        l1_0.user_id=? 
        and l1_0.recipe_id=? 
    limit
        ?
2025-05-21T01:25:27.491+07:00 DEBUG 7320 --- [http-nio-8080-exec-7] org.hibernate.SQL                        : 
    select
        c1_0.comment_id,
        c1_0.comment_content,
        c1_0.created_at,
        c1_0.recipe_id,
        c1_0.user_id 
    from
        comments c1_0 
    where
        c1_0.recipe_id=?
2025-05-21T01:25:27.491+07:00 DEBUG 7320 --- [http-nio-8080-exec-6] org.hibernate.SQL                        : 
    select
        s1_0.save_id 
    from
        saved s1_0 
    where
        s1_0.user_id=? 
        and s1_0.recipe_id=? 
    limit
        ?
2025-05-21T01:25:27.498+07:00 DEBUG 7320 --- [http-nio-8080-exec-7] org.hibernate.SQL                        : 
    select
        u1_0.user_id,
        u1_0.avatar_url,
        u1_0.date_of_birth,
        u1_0.email,
        u1_0.firstname,
        u1_0.lastname,
        u1_0.password,
        u1_0.role,
        u1_0.username 
    from
        users u1_0 
    where
        u1_0.user_id=?
2025-05-21T01:25:31.011+07:00 DEBUG 7320 --- [http-nio-8080-exec-8] org.hibernate.SQL                        : 
    select
        r1_0.recipe_id,
        r1_0.author_id,
        r1_0.author_name,
        r1_0.author_url,
        r1_0.avatar_url,
        r1_0.category_name,
        r1_0.category_id,
        r1_0.created_at,
        r1_0.description,
        r1_0.ingredients,
        r1_0.instruction,
        r1_0.name,
        r1_1.average_rating,
        r1_1.comment_count,
        r1_1.like_count,
        r1_1.rate_count,
        r1_1.save_count 
    from
        recipes r1_0 
    left join
        recipe_stats r1_1 
            on r1_0.recipe_id=r1_1.recipe_id 
    where
        r1_0.recipe_id=?
2025-05-21T01:25:31.016+07:00 DEBUG 7320 --- [http-nio-8080-exec-8] org.hibernate.SQL                        : 
    select
        c1_0.comment_id,
        c1_0.comment_content,
        c1_0.created_at,
        c1_0.recipe_id,
        c1_0.user_id 
    from
        comments c1_0 
    where
        c1_0.recipe_id=?
2025-05-21T01:25:31.018+07:00 DEBUG 7320 --- [http-nio-8080-exec-8] org.hibernate.SQL                        : 
    select
        u1_0.user_id,
        u1_0.avatar_url,
        u1_0.date_of_birth,
        u1_0.email,
        u1_0.firstname,
        u1_0.lastname,
        u1_0.password,
        u1_0.role,
        u1_0.username 
    from
        users u1_0 
    where
        u1_0.user_id=?
2025-05-21T01:25:31.023+07:00 DEBUG 7320 --- [http-nio-8080-exec-8] org.hibernate.SQL                        : 
    select
        u1_0.user_id,
        u1_0.avatar_url,
        u1_0.date_of_birth,
        u1_0.email,
        u1_0.firstname,
        u1_0.lastname,
        u1_0.password,
        u1_0.role,
        u1_0.username 
    from
        users u1_0 
    where
        u1_0.user_id=?
2025-05-21T01:25:31.034+07:00 DEBUG 7320 --- [http-nio-8080-exec-1] org.hibernate.SQL                        : 
    select
        r1_0.recipe_id,
        r1_0.author_id,
        r1_0.author_name,
        r1_0.author_url,
        r1_0.avatar_url,
        r1_0.category_name,
        r1_0.category_id,
        r1_0.created_at,
        r1_0.description,
        r1_0.ingredients,
        r1_0.instruction,
        r1_0.name,
        r1_1.average_rating,
        r1_1.comment_count,
        r1_1.like_count,
        r1_1.rate_count,
        r1_1.save_count 
    from
        recipes r1_0 
    left join
        recipe_stats r1_1 
            on r1_0.recipe_id=r1_1.recipe_id 
    where
        r1_0.recipe_id=?
2025-05-21T01:25:31.035+07:00 DEBUG 7320 --- [http-nio-8080-exec-3] org.hibernate.SQL                        : 
    select
        s1_0.save_id 
    from
        saved s1_0 
    where
        s1_0.user_id=? 
        and s1_0.recipe_id=? 
    limit
        ?
2025-05-21T01:25:31.043+07:00 DEBUG 7320 --- [http-nio-8080-exec-2] org.hibernate.SQL                        : 
    select
        l1_0.like_id 
    from
        likes l1_0 
    where
        l1_0.user_id=? 
        and l1_0.recipe_id=? 
    limit
        ?
2025-05-21T01:25:31.052+07:00 DEBUG 7320 --- [http-nio-8080-exec-1] org.hibernate.SQL                        : 
    select
        c1_0.comment_id,
        c1_0.comment_content,
        c1_0.created_at,
        c1_0.recipe_id,
        c1_0.user_id 
    from
        comments c1_0 
    where
        c1_0.recipe_id=?
2025-05-21T01:25:31.058+07:00 DEBUG 7320 --- [http-nio-8080-exec-1] org.hibernate.SQL                        : 
    select
        u1_0.user_id,
        u1_0.avatar_url,
        u1_0.date_of_birth,
        u1_0.email,
        u1_0.firstname,
        u1_0.lastname,
        u1_0.password,
        u1_0.role,
        u1_0.username 
    from
        users u1_0 
    where
        u1_0.user_id=?
2025-05-21T01:25:31.065+07:00 DEBUG 7320 --- [http-nio-8080-exec-1] org.hibernate.SQL                        : 
    select
        u1_0.user_id,
        u1_0.avatar_url,
        u1_0.date_of_birth,
        u1_0.email,
        u1_0.firstname,
        u1_0.lastname,
        u1_0.password,
        u1_0.role,
        u1_0.username 
    from
        users u1_0 
    where
        u1_0.user_id=?
2025-05-21T01:25:31.078+07:00 DEBUG 7320 --- [http-nio-8080-exec-4] org.hibernate.SQL                        : 
    select
        r1_0.recipe_id,
        r1_0.author_id,
        r1_0.author_name,
        r1_0.author_url,
        r1_0.avatar_url,
        r1_0.category_name,
        r1_0.category_id,
        r1_0.created_at,
        r1_0.description,
        r1_0.ingredients,
        r1_0.instruction,
        r1_0.name,
        r1_1.average_rating,
        r1_1.comment_count,
        r1_1.like_count,
        r1_1.rate_count,
        r1_1.save_count 
    from
        recipes r1_0 
    left join
        recipe_stats r1_1 
            on r1_0.recipe_id=r1_1.recipe_id 
    where
        r1_0.recipe_id=?
2025-05-21T01:25:31.092+07:00 DEBUG 7320 --- [http-nio-8080-exec-4] org.hibernate.SQL                        : 
    select
        c1_0.comment_id,
        c1_0.comment_content,
        c1_0.created_at,
        c1_0.recipe_id,
        c1_0.user_id 
    from
        comments c1_0 
    where
        c1_0.recipe_id=?
2025-05-21T01:25:31.097+07:00 DEBUG 7320 --- [http-nio-8080-exec-4] org.hibernate.SQL                        : 
    select
        u1_0.user_id,
        u1_0.avatar_url,
        u1_0.date_of_birth,
        u1_0.email,
        u1_0.firstname,
        u1_0.lastname,
        u1_0.password,
        u1_0.role,
        u1_0.username 
    from
        users u1_0 
    where
        u1_0.user_id=?
2025-05-21T01:25:31.103+07:00 DEBUG 7320 --- [http-nio-8080-exec-4] org.hibernate.SQL                        : 
    select
        u1_0.user_id,
        u1_0.avatar_url,
        u1_0.date_of_birth,
        u1_0.email,
        u1_0.firstname,
        u1_0.lastname,
        u1_0.password,
        u1_0.role,
        u1_0.username 
    from
        users u1_0 
    where
        u1_0.user_id=?
2025-05-21T01:25:33.312+07:00 DEBUG 7320 --- [http-nio-8080-exec-6] org.hibernate.SQL                        : 
    select
        r1_0.rate_id,
        r1_0.created_at,
        r1_0.rating,
        r1_0.recipe_id,
        r1_0.user_id 
    from
        rates r1_0 
    where
        r1_0.user_id=? 
        and r1_0.recipe_id=?
2025-05-21T01:25:33.315+07:00 DEBUG 7320 --- [http-nio-8080-exec-6] org.hibernate.SQL                        : 
    select
        is1_0.id 
    from
        id_seq is1_0 
    order by
        is1_0.id desc 
    limit
        ?
2025-05-21T01:25:33.329+07:00 DEBUG 7320 --- [http-nio-8080-exec-6] org.hibernate.SQL                        : 
    select
        is1_0.id 
    from
        id_seq is1_0 
    where
        is1_0.id=?
2025-05-21T01:25:33.357+07:00 DEBUG 7320 --- [http-nio-8080-exec-6] org.hibernate.SQL                        : 
    select
        r1_0.rate_id,
        r1_0.created_at,
        r1_0.rating,
        r1_0.recipe_id,
        r1_0.user_id 
    from
        rates r1_0 
    where
        r1_0.rate_id=?
2025-05-21T01:25:33.388+07:00 DEBUG 7320 --- [http-nio-8080-exec-6] org.hibernate.SQL                        : 
    insert 
    into
        id_seq
        (id) 
    values
        (?)
2025-05-21T01:25:33.399+07:00 DEBUG 7320 --- [http-nio-8080-exec-6] org.hibernate.SQL                        : 
    insert 
    into
        rates
        (created_at, rating, recipe_id, user_id, rate_id) 
    values
        (?, ?, ?, ?, ?)
2025-05-21T01:25:33.421+07:00 DEBUG 7320 --- [http-nio-8080-exec-5] org.hibernate.SQL                        : 
    select
        r1_0.recipe_id,
        r1_0.author_id,
        r1_0.author_name,
        r1_0.author_url,
        r1_0.avatar_url,
        r1_0.category_name,
        r1_0.category_id,
        r1_0.created_at,
        r1_0.description,
        r1_0.ingredients,
        r1_0.instruction,
        r1_0.name,
        r1_1.average_rating,
        r1_1.comment_count,
        r1_1.like_count,
        r1_1.rate_count,
        r1_1.save_count 
    from
        recipes r1_0 
    left join
        recipe_stats r1_1 
            on r1_0.recipe_id=r1_1.recipe_id 
    where
        r1_0.recipe_id=?
2025-05-21T01:25:33.429+07:00 DEBUG 7320 --- [http-nio-8080-exec-5] org.hibernate.SQL                        : 
    select
        c1_0.comment_id,
        c1_0.comment_content,
        c1_0.created_at,
        c1_0.recipe_id,
        c1_0.user_id 
    from
        comments c1_0 
    where
        c1_0.recipe_id=?
2025-05-21T01:25:33.435+07:00 DEBUG 7320 --- [http-nio-8080-exec-5] org.hibernate.SQL                        : 
    select
        u1_0.user_id,
        u1_0.avatar_url,
        u1_0.date_of_birth,
        u1_0.email,
        u1_0.firstname,
        u1_0.lastname,
        u1_0.password,
        u1_0.role,
        u1_0.username 
    from
        users u1_0 
    where
        u1_0.user_id=?
2025-05-21T01:25:33.442+07:00 DEBUG 7320 --- [http-nio-8080-exec-5] org.hibernate.SQL                        : 
    select
        u1_0.user_id,
        u1_0.avatar_url,
        u1_0.date_of_birth,
        u1_0.email,
        u1_0.firstname,
        u1_0.lastname,
        u1_0.password,
        u1_0.role,
        u1_0.username 
    from
        users u1_0 
    where
        u1_0.user_id=?
2025-05-21T01:25:36.473+07:00 DEBUG 7320 --- [http-nio-8080-exec-7] org.hibernate.SQL                        : 
    select
        r1_0.recipe_id,
        r1_0.author_id,
        r1_0.author_name,
        r1_0.author_url,
        r1_0.avatar_url,
        r1_0.category_name,
        r1_0.category_id,
        r1_0.created_at,
        r1_0.description,
        r1_0.ingredients,
        r1_0.instruction,
        r1_0.name,
        r1_1.average_rating,
        r1_1.comment_count,
        r1_1.like_count,
        r1_1.rate_count,
        r1_1.save_count 
    from
        recipes r1_0 
    left join
        recipe_stats r1_1 
            on r1_0.recipe_id=r1_1.recipe_id 
    where
        r1_0.recipe_id=?
2025-05-21T01:25:36.479+07:00 DEBUG 7320 --- [http-nio-8080-exec-7] org.hibernate.SQL                        : 
    select
        c1_0.comment_id,
        c1_0.comment_content,
        c1_0.created_at,
        c1_0.recipe_id,
        c1_0.user_id 
    from
        comments c1_0 
    where
        c1_0.recipe_id=?
2025-05-21T01:25:36.483+07:00 DEBUG 7320 --- [http-nio-8080-exec-7] org.hibernate.SQL                        : 
    select
        u1_0.user_id,
        u1_0.avatar_url,
        u1_0.date_of_birth,
        u1_0.email,
        u1_0.firstname,
        u1_0.lastname,
        u1_0.password,
        u1_0.role,
        u1_0.username 
    from
        users u1_0 
    where
        u1_0.user_id=?
2025-05-21T01:25:36.486+07:00 DEBUG 7320 --- [http-nio-8080-exec-7] org.hibernate.SQL                        : 
    select
        u1_0.user_id,
        u1_0.avatar_url,
        u1_0.date_of_birth,
        u1_0.email,
        u1_0.firstname,
        u1_0.lastname,
        u1_0.password,
        u1_0.role,
        u1_0.username 
    from
        users u1_0 
    where
        u1_0.user_id=?
2025-05-21T01:25:36.500+07:00 DEBUG 7320 --- [http-nio-8080-exec-9] org.hibernate.SQL                        : 
    select
        r1_0.recipe_id,
        r1_0.author_id,
        r1_0.author_name,
        r1_0.author_url,
        r1_0.avatar_url,
        r1_0.category_name,
        r1_0.category_id,
        r1_0.created_at,
        r1_0.description,
        r1_0.ingredients,
        r1_0.instruction,
        r1_0.name,
        r1_1.average_rating,
        r1_1.comment_count,
        r1_1.like_count,
        r1_1.rate_count,
        r1_1.save_count 
    from
        recipes r1_0 
    left join
        recipe_stats r1_1 
            on r1_0.recipe_id=r1_1.recipe_id 
    where
        r1_0.recipe_id=?
2025-05-21T01:25:36.501+07:00 DEBUG 7320 --- [http-nio-8080-exec-3] org.hibernate.SQL                        : 
    select
        s1_0.save_id 
    from
        saved s1_0 
    where
        s1_0.user_id=? 
        and s1_0.recipe_id=? 
    limit
        ?
2025-05-21T01:25:36.501+07:00 DEBUG 7320 --- [http-nio-8080-exec-2] org.hibernate.SQL                        : 
    select
        l1_0.like_id 
    from
        likes l1_0 
    where
        l1_0.user_id=? 
        and l1_0.recipe_id=? 
    limit
        ?
2025-05-21T01:25:36.507+07:00 DEBUG 7320 --- [http-nio-8080-exec-9] org.hibernate.SQL                        : 
    select
        c1_0.comment_id,
        c1_0.comment_content,
        c1_0.created_at,
        c1_0.recipe_id,
        c1_0.user_id 
    from
        comments c1_0 
    where
        c1_0.recipe_id=?
2025-05-21T01:25:36.512+07:00 DEBUG 7320 --- [http-nio-8080-exec-9] org.hibernate.SQL                        : 
    select
        u1_0.user_id,
        u1_0.avatar_url,
        u1_0.date_of_birth,
        u1_0.email,
        u1_0.firstname,
        u1_0.lastname,
        u1_0.password,
        u1_0.role,
        u1_0.username 
    from
        users u1_0 
    where
        u1_0.user_id=?
2025-05-21T01:25:36.515+07:00 DEBUG 7320 --- [http-nio-8080-exec-9] org.hibernate.SQL                        : 
    select
        u1_0.user_id,
        u1_0.avatar_url,
        u1_0.date_of_birth,
        u1_0.email,
        u1_0.firstname,
        u1_0.lastname,
        u1_0.password,
        u1_0.role,
        u1_0.username 
    from
        users u1_0 
    where
        u1_0.user_id=?
2025-05-21T01:25:36.528+07:00 DEBUG 7320 --- [http-nio-8080-exec-1] org.hibernate.SQL                        : 
    select
        r1_0.recipe_id,
        r1_0.author_id,
        r1_0.author_name,
        r1_0.author_url,
        r1_0.avatar_url,
        r1_0.category_name,
        r1_0.category_id,
        r1_0.created_at,
        r1_0.description,
        r1_0.ingredients,
        r1_0.instruction,
        r1_0.name,
        r1_1.average_rating,
        r1_1.comment_count,
        r1_1.like_count,
        r1_1.rate_count,
        r1_1.save_count 
    from
        recipes r1_0 
    left join
        recipe_stats r1_1 
            on r1_0.recipe_id=r1_1.recipe_id 
    where
        r1_0.recipe_id=?
2025-05-21T01:25:36.538+07:00 DEBUG 7320 --- [http-nio-8080-exec-1] org.hibernate.SQL                        : 
    select
        c1_0.comment_id,
        c1_0.comment_content,
        c1_0.created_at,
        c1_0.recipe_id,
        c1_0.user_id 
    from
        comments c1_0 
    where
        c1_0.recipe_id=?
2025-05-21T01:25:36.544+07:00 DEBUG 7320 --- [http-nio-8080-exec-1] org.hibernate.SQL                        : 
    select
        u1_0.user_id,
        u1_0.avatar_url,
        u1_0.date_of_birth,
        u1_0.email,
        u1_0.firstname,
        u1_0.lastname,
        u1_0.password,
        u1_0.role,
        u1_0.username 
    from
        users u1_0 
    where
        u1_0.user_id=?
2025-05-21T01:25:36.552+07:00 DEBUG 7320 --- [http-nio-8080-exec-1] org.hibernate.SQL                        : 
    select
        u1_0.user_id,
        u1_0.avatar_url,
        u1_0.date_of_birth,
        u1_0.email,
        u1_0.firstname,
        u1_0.lastname,
        u1_0.password,
        u1_0.role,
        u1_0.username 
    from
        users u1_0 
    where
        u1_0.user_id=?
2025-05-21T01:25:40.393+07:00 DEBUG 7320 --- [http-nio-8080-exec-4] org.hibernate.SQL                        : 
    select
        r1_0.rate_id,
        r1_0.created_at,
        r1_0.rating,
        r1_0.recipe_id,
        r1_0.user_id 
    from
        rates r1_0 
    where
        r1_0.user_id=? 
        and r1_0.recipe_id=?
2025-05-21T01:25:40.403+07:00 DEBUG 7320 --- [http-nio-8080-exec-4] org.hibernate.SQL                        : 
    update
        rates 
    set
        created_at=?,
        rating=?,
        recipe_id=?,
        user_id=? 
    where
        rate_id=?
2025-05-21T01:25:40.422+07:00 DEBUG 7320 --- [http-nio-8080-exec-6] org.hibernate.SQL                        : 
    select
        r1_0.recipe_id,
        r1_0.author_id,
        r1_0.author_name,
        r1_0.author_url,
        r1_0.avatar_url,
        r1_0.category_name,
        r1_0.category_id,
        r1_0.created_at,
        r1_0.description,
        r1_0.ingredients,
        r1_0.instruction,
        r1_0.name,
        r1_1.average_rating,
        r1_1.comment_count,
        r1_1.like_count,
        r1_1.rate_count,
        r1_1.save_count 
    from
        recipes r1_0 
    left join
        recipe_stats r1_1 
            on r1_0.recipe_id=r1_1.recipe_id 
    where
        r1_0.recipe_id=?
2025-05-21T01:25:40.430+07:00 DEBUG 7320 --- [http-nio-8080-exec-6] org.hibernate.SQL                        : 
    select
        c1_0.comment_id,
        c1_0.comment_content,
        c1_0.created_at,
        c1_0.recipe_id,
        c1_0.user_id 
    from
        comments c1_0 
    where
        c1_0.recipe_id=?
2025-05-21T01:25:40.434+07:00 DEBUG 7320 --- [http-nio-8080-exec-6] org.hibernate.SQL                        : 
    select
        u1_0.user_id,
        u1_0.avatar_url,
        u1_0.date_of_birth,
        u1_0.email,
        u1_0.firstname,
        u1_0.lastname,
        u1_0.password,
        u1_0.role,
        u1_0.username 
    from
        users u1_0 
    where
        u1_0.user_id=?
2025-05-21T01:25:40.440+07:00 DEBUG 7320 --- [http-nio-8080-exec-6] org.hibernate.SQL                        : 
    select
        u1_0.user_id,
        u1_0.avatar_url,
        u1_0.date_of_birth,
        u1_0.email,
        u1_0.firstname,
        u1_0.lastname,
        u1_0.password,
        u1_0.role,
        u1_0.username 
    from
        users u1_0 
    where
        u1_0.user_id=?
2025-05-21T01:25:42.841+07:00 DEBUG 7320 --- [http-nio-8080-exec-5] org.hibernate.SQL                        : 
    select
        r1_0.rate_id,
        r1_0.created_at,
        r1_0.rating,
        r1_0.recipe_id,
        r1_0.user_id 
    from
        rates r1_0 
    where
        r1_0.user_id=? 
        and r1_0.recipe_id=?
2025-05-21T01:25:42.846+07:00 DEBUG 7320 --- [http-nio-8080-exec-5] org.hibernate.SQL                        : 
    update
        rates 
    set
        created_at=?,
        rating=?,
        recipe_id=?,
        user_id=? 
    where
        rate_id=?
2025-05-21T01:25:42.859+07:00 DEBUG 7320 --- [http-nio-8080-exec-7] org.hibernate.SQL                        : 
    select
        r1_0.recipe_id,
        r1_0.author_id,
        r1_0.author_name,
        r1_0.author_url,
        r1_0.avatar_url,
        r1_0.category_name,
        r1_0.category_id,
        r1_0.created_at,
        r1_0.description,
        r1_0.ingredients,
        r1_0.instruction,
        r1_0.name,
        r1_1.average_rating,
        r1_1.comment_count,
        r1_1.like_count,
        r1_1.rate_count,
        r1_1.save_count 
    from
        recipes r1_0 
    left join
        recipe_stats r1_1 
            on r1_0.recipe_id=r1_1.recipe_id 
    where
        r1_0.recipe_id=?
2025-05-21T01:25:42.865+07:00 DEBUG 7320 --- [http-nio-8080-exec-7] org.hibernate.SQL                        : 
    select
        c1_0.comment_id,
        c1_0.comment_content,
        c1_0.created_at,
        c1_0.recipe_id,
        c1_0.user_id 
    from
        comments c1_0 
    where
        c1_0.recipe_id=?
2025-05-21T01:25:42.869+07:00 DEBUG 7320 --- [http-nio-8080-exec-7] org.hibernate.SQL                        : 
    select
        u1_0.user_id,
        u1_0.avatar_url,
        u1_0.date_of_birth,
        u1_0.email,
        u1_0.firstname,
        u1_0.lastname,
        u1_0.password,
        u1_0.role,
        u1_0.username 
    from
        users u1_0 
    where
        u1_0.user_id=?
2025-05-21T01:25:42.872+07:00 DEBUG 7320 --- [http-nio-8080-exec-7] org.hibernate.SQL                        : 
    select
        u1_0.user_id,
        u1_0.avatar_url,
        u1_0.date_of_birth,
        u1_0.email,
        u1_0.firstname,
        u1_0.lastname,
        u1_0.password,
        u1_0.role,
        u1_0.username 
    from
        users u1_0 
    where
        u1_0.user_id=?
2025-05-21T01:25:44.131+07:00 DEBUG 7320 --- [http-nio-8080-exec-8] org.hibernate.SQL                        : 
    select
        r1_0.rate_id,
        r1_0.created_at,
        r1_0.rating,
        r1_0.recipe_id,
        r1_0.user_id 
    from
        rates r1_0 
    where
        r1_0.user_id=? 
        and r1_0.recipe_id=?
2025-05-21T01:25:44.133+07:00 DEBUG 7320 --- [http-nio-8080-exec-8] org.hibernate.SQL                        : 
    update
        rates 
    set
        created_at=?,
        rating=?,
        recipe_id=?,
        user_id=? 
    where
        rate_id=?
2025-05-21T01:25:44.147+07:00 DEBUG 7320 --- [http-nio-8080-exec-10] org.hibernate.SQL                        : 
    select
        r1_0.recipe_id,
        r1_0.author_id,
        r1_0.author_name,
        r1_0.author_url,
        r1_0.avatar_url,
        r1_0.category_name,
        r1_0.category_id,
        r1_0.created_at,
        r1_0.description,
        r1_0.ingredients,
        r1_0.instruction,
        r1_0.name,
        r1_1.average_rating,
        r1_1.comment_count,
        r1_1.like_count,
        r1_1.rate_count,
        r1_1.save_count 
    from
        recipes r1_0 
    left join
        recipe_stats r1_1 
            on r1_0.recipe_id=r1_1.recipe_id 
    where
        r1_0.recipe_id=?
2025-05-21T01:25:44.152+07:00 DEBUG 7320 --- [http-nio-8080-exec-10] org.hibernate.SQL                        : 
    select
        c1_0.comment_id,
        c1_0.comment_content,
        c1_0.created_at,
        c1_0.recipe_id,
        c1_0.user_id 
    from
        comments c1_0 
    where
        c1_0.recipe_id=?
2025-05-21T01:25:44.157+07:00 DEBUG 7320 --- [http-nio-8080-exec-10] org.hibernate.SQL                        : 
    select
        u1_0.user_id,
        u1_0.avatar_url,
        u1_0.date_of_birth,
        u1_0.email,
        u1_0.firstname,
        u1_0.lastname,
        u1_0.password,
        u1_0.role,
        u1_0.username 
    from
        users u1_0 
    where
        u1_0.user_id=?
2025-05-21T01:25:44.161+07:00 DEBUG 7320 --- [http-nio-8080-exec-10] org.hibernate.SQL                        : 
    select
        u1_0.user_id,
        u1_0.avatar_url,
        u1_0.date_of_birth,
        u1_0.email,
        u1_0.firstname,
        u1_0.lastname,
        u1_0.password,
        u1_0.role,
        u1_0.username 
    from
        users u1_0 
    where
        u1_0.user_id=?
2025-05-21T01:25:45.011+07:00 DEBUG 7320 --- [http-nio-8080-exec-3] org.hibernate.SQL                        : 
    select
        r1_0.rate_id,
        r1_0.created_at,
        r1_0.rating,
        r1_0.recipe_id,
        r1_0.user_id 
    from
        rates r1_0 
    where
        r1_0.user_id=? 
        and r1_0.recipe_id=?
2025-05-21T01:25:45.015+07:00 DEBUG 7320 --- [http-nio-8080-exec-3] org.hibernate.SQL                        : 
    update
        rates 
    set
        created_at=?,
        rating=?,
        recipe_id=?,
        user_id=? 
    where
        rate_id=?
2025-05-21T01:25:45.027+07:00 DEBUG 7320 --- [http-nio-8080-exec-2] org.hibernate.SQL                        : 
    select
        r1_0.recipe_id,
        r1_0.author_id,
        r1_0.author_name,
        r1_0.author_url,
        r1_0.avatar_url,
        r1_0.category_name,
        r1_0.category_id,
        r1_0.created_at,
        r1_0.description,
        r1_0.ingredients,
        r1_0.instruction,
        r1_0.name,
        r1_1.average_rating,
        r1_1.comment_count,
        r1_1.like_count,
        r1_1.rate_count,
        r1_1.save_count 
    from
        recipes r1_0 
    left join
        recipe_stats r1_1 
            on r1_0.recipe_id=r1_1.recipe_id 
    where
        r1_0.recipe_id=?
2025-05-21T01:25:45.033+07:00 DEBUG 7320 --- [http-nio-8080-exec-2] org.hibernate.SQL                        : 
    select
        c1_0.comment_id,
        c1_0.comment_content,
        c1_0.created_at,
        c1_0.recipe_id,
        c1_0.user_id 
    from
        comments c1_0 
    where
        c1_0.recipe_id=?
2025-05-21T01:25:45.036+07:00 DEBUG 7320 --- [http-nio-8080-exec-2] org.hibernate.SQL                        : 
    select
        u1_0.user_id,
        u1_0.avatar_url,
        u1_0.date_of_birth,
        u1_0.email,
        u1_0.firstname,
        u1_0.lastname,
        u1_0.password,
        u1_0.role,
        u1_0.username 
    from
        users u1_0 
    where
        u1_0.user_id=?
2025-05-21T01:25:45.040+07:00 DEBUG 7320 --- [http-nio-8080-exec-2] org.hibernate.SQL                        : 
    select
        u1_0.user_id,
        u1_0.avatar_url,
        u1_0.date_of_birth,
        u1_0.email,
        u1_0.firstname,
        u1_0.lastname,
        u1_0.password,
        u1_0.role,
        u1_0.username 
    from
        users u1_0 
    where
        u1_0.user_id=?
2025-05-21T01:25:46.012+07:00 DEBUG 7320 --- [http-nio-8080-exec-9] org.hibernate.SQL                        : 
    select
        r1_0.rate_id,
        r1_0.created_at,
        r1_0.rating,
        r1_0.recipe_id,
        r1_0.user_id 
    from
        rates r1_0 
    where
        r1_0.user_id=? 
        and r1_0.recipe_id=?
2025-05-21T01:25:46.015+07:00 DEBUG 7320 --- [http-nio-8080-exec-9] org.hibernate.SQL                        : 
    update
        rates 
    set
        created_at=?,
        rating=?,
        recipe_id=?,
        user_id=? 
    where
        rate_id=?
2025-05-21T01:25:46.028+07:00 DEBUG 7320 --- [http-nio-8080-exec-1] org.hibernate.SQL                        : 
    select
        r1_0.recipe_id,
        r1_0.author_id,
        r1_0.author_name,
        r1_0.author_url,
        r1_0.avatar_url,
        r1_0.category_name,
        r1_0.category_id,
        r1_0.created_at,
        r1_0.description,
        r1_0.ingredients,
        r1_0.instruction,
        r1_0.name,
        r1_1.average_rating,
        r1_1.comment_count,
        r1_1.like_count,
        r1_1.rate_count,
        r1_1.save_count 
    from
        recipes r1_0 
    left join
        recipe_stats r1_1 
            on r1_0.recipe_id=r1_1.recipe_id 
    where
        r1_0.recipe_id=?
2025-05-21T01:25:46.032+07:00 DEBUG 7320 --- [http-nio-8080-exec-1] org.hibernate.SQL                        : 
    select
        c1_0.comment_id,
        c1_0.comment_content,
        c1_0.created_at,
        c1_0.recipe_id,
        c1_0.user_id 
    from
        comments c1_0 
    where
        c1_0.recipe_id=?
2025-05-21T01:25:46.035+07:00 DEBUG 7320 --- [http-nio-8080-exec-1] org.hibernate.SQL                        : 
    select
        u1_0.user_id,
        u1_0.avatar_url,
        u1_0.date_of_birth,
        u1_0.email,
        u1_0.firstname,
        u1_0.lastname,
        u1_0.password,
        u1_0.role,
        u1_0.username 
    from
        users u1_0 
    where
        u1_0.user_id=?
2025-05-21T01:25:46.039+07:00 DEBUG 7320 --- [http-nio-8080-exec-1] org.hibernate.SQL                        : 
    select
        u1_0.user_id,
        u1_0.avatar_url,
        u1_0.date_of_birth,
        u1_0.email,
        u1_0.firstname,
        u1_0.lastname,
        u1_0.password,
        u1_0.role,
        u1_0.username 
    from
        users u1_0 
    where
        u1_0.user_id=?
2025-05-21T01:25:46.919+07:00 DEBUG 7320 --- [http-nio-8080-exec-4] org.hibernate.SQL                        : 
    select
        r1_0.rate_id,
        r1_0.created_at,
        r1_0.rating,
        r1_0.recipe_id,
        r1_0.user_id 
    from
        rates r1_0 
    where
        r1_0.user_id=? 
        and r1_0.recipe_id=?
2025-05-21T01:25:46.922+07:00 DEBUG 7320 --- [http-nio-8080-exec-4] org.hibernate.SQL                        : 
    update
        rates 
    set
        created_at=?,
        rating=?,
        recipe_id=?,
        user_id=? 
    where
        rate_id=?
2025-05-21T01:25:46.932+07:00 DEBUG 7320 --- [http-nio-8080-exec-6] org.hibernate.SQL                        : 
    select
        r1_0.recipe_id,
        r1_0.author_id,
        r1_0.author_name,
        r1_0.author_url,
        r1_0.avatar_url,
        r1_0.category_name,
        r1_0.category_id,
        r1_0.created_at,
        r1_0.description,
        r1_0.ingredients,
        r1_0.instruction,
        r1_0.name,
        r1_1.average_rating,
        r1_1.comment_count,
        r1_1.like_count,
        r1_1.rate_count,
        r1_1.save_count 
    from
        recipes r1_0 
    left join
        recipe_stats r1_1 
            on r1_0.recipe_id=r1_1.recipe_id 
    where
        r1_0.recipe_id=?
2025-05-21T01:25:46.938+07:00 DEBUG 7320 --- [http-nio-8080-exec-6] org.hibernate.SQL                        : 
    select
        c1_0.comment_id,
        c1_0.comment_content,
        c1_0.created_at,
        c1_0.recipe_id,
        c1_0.user_id 
    from
        comments c1_0 
    where
        c1_0.recipe_id=?
2025-05-21T01:25:46.941+07:00 DEBUG 7320 --- [http-nio-8080-exec-6] org.hibernate.SQL                        : 
    select
        u1_0.user_id,
        u1_0.avatar_url,
        u1_0.date_of_birth,
        u1_0.email,
        u1_0.firstname,
        u1_0.lastname,
        u1_0.password,
        u1_0.role,
        u1_0.username 
    from
        users u1_0 
    where
        u1_0.user_id=?
2025-05-21T01:25:46.945+07:00 DEBUG 7320 --- [http-nio-8080-exec-6] org.hibernate.SQL                        : 
    select
        u1_0.user_id,
        u1_0.avatar_url,
        u1_0.date_of_birth,
        u1_0.email,
        u1_0.firstname,
        u1_0.lastname,
        u1_0.password,
        u1_0.role,
        u1_0.username 
    from
        users u1_0 
    where
        u1_0.user_id=?
2025-05-21T01:25:47.682+07:00 DEBUG 7320 --- [http-nio-8080-exec-5] org.hibernate.SQL                        : 
    select
        r1_0.rate_id,
        r1_0.created_at,
        r1_0.rating,
        r1_0.recipe_id,
        r1_0.user_id 
    from
        rates r1_0 
    where
        r1_0.user_id=? 
        and r1_0.recipe_id=?
2025-05-21T01:25:47.685+07:00 DEBUG 7320 --- [http-nio-8080-exec-5] org.hibernate.SQL                        : 
    update
        rates 
    set
        created_at=?,
        rating=?,
        recipe_id=?,
        user_id=? 
    where
        rate_id=?
2025-05-21T01:25:47.698+07:00 DEBUG 7320 --- [http-nio-8080-exec-7] org.hibernate.SQL                        : 
    select
        r1_0.recipe_id,
        r1_0.author_id,
        r1_0.author_name,
        r1_0.author_url,
        r1_0.avatar_url,
        r1_0.category_name,
        r1_0.category_id,
        r1_0.created_at,
        r1_0.description,
        r1_0.ingredients,
        r1_0.instruction,
        r1_0.name,
        r1_1.average_rating,
        r1_1.comment_count,
        r1_1.like_count,
        r1_1.rate_count,
        r1_1.save_count 
    from
        recipes r1_0 
    left join
        recipe_stats r1_1 
            on r1_0.recipe_id=r1_1.recipe_id 
    where
        r1_0.recipe_id=?
2025-05-21T01:25:47.703+07:00 DEBUG 7320 --- [http-nio-8080-exec-7] org.hibernate.SQL                        : 
    select
        c1_0.comment_id,
        c1_0.comment_content,
        c1_0.created_at,
        c1_0.recipe_id,
        c1_0.user_id 
    from
        comments c1_0 
    where
        c1_0.recipe_id=?
2025-05-21T01:25:47.705+07:00 DEBUG 7320 --- [http-nio-8080-exec-7] org.hibernate.SQL                        : 
    select
        u1_0.user_id,
        u1_0.avatar_url,
        u1_0.date_of_birth,
        u1_0.email,
        u1_0.firstname,
        u1_0.lastname,
        u1_0.password,
        u1_0.role,
        u1_0.username 
    from
        users u1_0 
    where
        u1_0.user_id=?
2025-05-21T01:25:47.709+07:00 DEBUG 7320 --- [http-nio-8080-exec-7] org.hibernate.SQL                        : 
    select
        u1_0.user_id,
        u1_0.avatar_url,
        u1_0.date_of_birth,
        u1_0.email,
        u1_0.firstname,
        u1_0.lastname,
        u1_0.password,
        u1_0.role,
        u1_0.username 
    from
        users u1_0 
    where
        u1_0.user_id=?
2025-05-21T01:25:48.390+07:00 DEBUG 7320 --- [http-nio-8080-exec-8] org.hibernate.SQL                        : 
    select
        r1_0.rate_id,
        r1_0.created_at,
        r1_0.rating,
        r1_0.recipe_id,
        r1_0.user_id 
    from
        rates r1_0 
    where
        r1_0.user_id=? 
        and r1_0.recipe_id=?
2025-05-21T01:25:48.395+07:00 DEBUG 7320 --- [http-nio-8080-exec-8] org.hibernate.SQL                        : 
    update
        rates 
    set
        created_at=?,
        rating=?,
        recipe_id=?,
        user_id=? 
    where
        rate_id=?
2025-05-21T01:25:48.406+07:00 DEBUG 7320 --- [http-nio-8080-exec-10] org.hibernate.SQL                        : 
    select
        r1_0.recipe_id,
        r1_0.author_id,
        r1_0.author_name,
        r1_0.author_url,
        r1_0.avatar_url,
        r1_0.category_name,
        r1_0.category_id,
        r1_0.created_at,
        r1_0.description,
        r1_0.ingredients,
        r1_0.instruction,
        r1_0.name,
        r1_1.average_rating,
        r1_1.comment_count,
        r1_1.like_count,
        r1_1.rate_count,
        r1_1.save_count 
    from
        recipes r1_0 
    left join
        recipe_stats r1_1 
            on r1_0.recipe_id=r1_1.recipe_id 
    where
        r1_0.recipe_id=?
2025-05-21T01:25:48.411+07:00 DEBUG 7320 --- [http-nio-8080-exec-10] org.hibernate.SQL                        : 
    select
        c1_0.comment_id,
        c1_0.comment_content,
        c1_0.created_at,
        c1_0.recipe_id,
        c1_0.user_id 
    from
        comments c1_0 
    where
        c1_0.recipe_id=?
2025-05-21T01:25:48.415+07:00 DEBUG 7320 --- [http-nio-8080-exec-10] org.hibernate.SQL                        : 
    select
        u1_0.user_id,
        u1_0.avatar_url,
        u1_0.date_of_birth,
        u1_0.email,
        u1_0.firstname,
        u1_0.lastname,
        u1_0.password,
        u1_0.role,
        u1_0.username 
    from
        users u1_0 
    where
        u1_0.user_id=?
2025-05-21T01:25:48.417+07:00 DEBUG 7320 --- [http-nio-8080-exec-10] org.hibernate.SQL                        : 
    select
        u1_0.user_id,
        u1_0.avatar_url,
        u1_0.date_of_birth,
        u1_0.email,
        u1_0.firstname,
        u1_0.lastname,
        u1_0.password,
        u1_0.role,
        u1_0.username 
    from
        users u1_0 
    where
        u1_0.user_id=?
2025-05-21T01:25:49.085+07:00 DEBUG 7320 --- [http-nio-8080-exec-3] org.hibernate.SQL                        : 
    select
        r1_0.rate_id,
        r1_0.created_at,
        r1_0.rating,
        r1_0.recipe_id,
        r1_0.user_id 
    from
        rates r1_0 
    where
        r1_0.user_id=? 
        and r1_0.recipe_id=?
2025-05-21T01:25:49.088+07:00 DEBUG 7320 --- [http-nio-8080-exec-3] org.hibernate.SQL                        : 
    update
        rates 
    set
        created_at=?,
        rating=?,
        recipe_id=?,
        user_id=? 
    where
        rate_id=?
2025-05-21T01:25:49.102+07:00 DEBUG 7320 --- [http-nio-8080-exec-2] org.hibernate.SQL                        : 
    select
        r1_0.recipe_id,
        r1_0.author_id,
        r1_0.author_name,
        r1_0.author_url,
        r1_0.avatar_url,
        r1_0.category_name,
        r1_0.category_id,
        r1_0.created_at,
        r1_0.description,
        r1_0.ingredients,
        r1_0.instruction,
        r1_0.name,
        r1_1.average_rating,
        r1_1.comment_count,
        r1_1.like_count,
        r1_1.rate_count,
        r1_1.save_count 
    from
        recipes r1_0 
    left join
        recipe_stats r1_1 
            on r1_0.recipe_id=r1_1.recipe_id 
    where
        r1_0.recipe_id=?
2025-05-21T01:25:49.105+07:00 DEBUG 7320 --- [http-nio-8080-exec-2] org.hibernate.SQL                        : 
    select
        c1_0.comment_id,
        c1_0.comment_content,
        c1_0.created_at,
        c1_0.recipe_id,
        c1_0.user_id 
    from
        comments c1_0 
    where
        c1_0.recipe_id=?
2025-05-21T01:25:49.109+07:00 DEBUG 7320 --- [http-nio-8080-exec-2] org.hibernate.SQL                        : 
    select
        u1_0.user_id,
        u1_0.avatar_url,
        u1_0.date_of_birth,
        u1_0.email,
        u1_0.firstname,
        u1_0.lastname,
        u1_0.password,
        u1_0.role,
        u1_0.username 
    from
        users u1_0 
    where
        u1_0.user_id=?
2025-05-21T01:25:49.114+07:00 DEBUG 7320 --- [http-nio-8080-exec-2] org.hibernate.SQL                        : 
    select
        u1_0.user_id,
        u1_0.avatar_url,
        u1_0.date_of_birth,
        u1_0.email,
        u1_0.firstname,
        u1_0.lastname,
        u1_0.password,
        u1_0.role,
        u1_0.username 
    from
        users u1_0 
    where
        u1_0.user_id=?
2025-05-21T01:25:49.928+07:00 DEBUG 7320 --- [http-nio-8080-exec-9] org.hibernate.SQL                        : 
    select
        r1_0.rate_id,
        r1_0.created_at,
        r1_0.rating,
        r1_0.recipe_id,
        r1_0.user_id 
    from
        rates r1_0 
    where
        r1_0.user_id=? 
        and r1_0.recipe_id=?
2025-05-21T01:25:49.933+07:00 DEBUG 7320 --- [http-nio-8080-exec-9] org.hibernate.SQL                        : 
    update
        rates 
    set
        created_at=?,
        rating=?,
        recipe_id=?,
        user_id=? 
    where
        rate_id=?
2025-05-21T01:25:49.947+07:00 DEBUG 7320 --- [http-nio-8080-exec-1] org.hibernate.SQL                        : 
    select
        r1_0.recipe_id,
        r1_0.author_id,
        r1_0.author_name,
        r1_0.author_url,
        r1_0.avatar_url,
        r1_0.category_name,
        r1_0.category_id,
        r1_0.created_at,
        r1_0.description,
        r1_0.ingredients,
        r1_0.instruction,
        r1_0.name,
        r1_1.average_rating,
        r1_1.comment_count,
        r1_1.like_count,
        r1_1.rate_count,
        r1_1.save_count 
    from
        recipes r1_0 
    left join
        recipe_stats r1_1 
            on r1_0.recipe_id=r1_1.recipe_id 
    where
        r1_0.recipe_id=?
2025-05-21T01:25:49.952+07:00 DEBUG 7320 --- [http-nio-8080-exec-1] org.hibernate.SQL                        : 
    select
        c1_0.comment_id,
        c1_0.comment_content,
        c1_0.created_at,
        c1_0.recipe_id,
        c1_0.user_id 
    from
        comments c1_0 
    where
        c1_0.recipe_id=?
2025-05-21T01:25:49.954+07:00 DEBUG 7320 --- [http-nio-8080-exec-1] org.hibernate.SQL                        : 
    select
        u1_0.user_id,
        u1_0.avatar_url,
        u1_0.date_of_birth,
        u1_0.email,
        u1_0.firstname,
        u1_0.lastname,
        u1_0.password,
        u1_0.role,
        u1_0.username 
    from
        users u1_0 
    where
        u1_0.user_id=?
2025-05-21T01:25:49.956+07:00 DEBUG 7320 --- [http-nio-8080-exec-1] org.hibernate.SQL                        : 
    select
        u1_0.user_id,
        u1_0.avatar_url,
        u1_0.date_of_birth,
        u1_0.email,
        u1_0.firstname,
        u1_0.lastname,
        u1_0.password,
        u1_0.role,
        u1_0.username 
    from
        users u1_0 
    where
        u1_0.user_id=?
2025-05-21T01:25:52.702+07:00 DEBUG 7320 --- [http-nio-8080-exec-4] org.hibernate.SQL                        : 
    select
        r1_0.rate_id,
        r1_0.created_at,
        r1_0.rating,
        r1_0.recipe_id,
        r1_0.user_id 
    from
        rates r1_0 
    where
        r1_0.user_id=? 
        and r1_0.recipe_id=?
2025-05-21T01:25:52.705+07:00 DEBUG 7320 --- [http-nio-8080-exec-4] org.hibernate.SQL                        : 
    update
        rates 
    set
        created_at=?,
        rating=?,
        recipe_id=?,
        user_id=? 
    where
        rate_id=?
2025-05-21T01:25:52.717+07:00 DEBUG 7320 --- [http-nio-8080-exec-6] org.hibernate.SQL                        : 
    select
        r1_0.recipe_id,
        r1_0.author_id,
        r1_0.author_name,
        r1_0.author_url,
        r1_0.avatar_url,
        r1_0.category_name,
        r1_0.category_id,
        r1_0.created_at,
        r1_0.description,
        r1_0.ingredients,
        r1_0.instruction,
        r1_0.name,
        r1_1.average_rating,
        r1_1.comment_count,
        r1_1.like_count,
        r1_1.rate_count,
        r1_1.save_count 
    from
        recipes r1_0 
    left join
        recipe_stats r1_1 
            on r1_0.recipe_id=r1_1.recipe_id 
    where
        r1_0.recipe_id=?
2025-05-21T01:25:52.721+07:00 DEBUG 7320 --- [http-nio-8080-exec-6] org.hibernate.SQL                        : 
    select
        c1_0.comment_id,
        c1_0.comment_content,
        c1_0.created_at,
        c1_0.recipe_id,
        c1_0.user_id 
    from
        comments c1_0 
    where
        c1_0.recipe_id=?
2025-05-21T01:25:52.725+07:00 DEBUG 7320 --- [http-nio-8080-exec-6] org.hibernate.SQL                        : 
    select
        u1_0.user_id,
        u1_0.avatar_url,
        u1_0.date_of_birth,
        u1_0.email,
        u1_0.firstname,
        u1_0.lastname,
        u1_0.password,
        u1_0.role,
        u1_0.username 
    from
        users u1_0 
    where
        u1_0.user_id=?
2025-05-21T01:25:52.728+07:00 DEBUG 7320 --- [http-nio-8080-exec-6] org.hibernate.SQL                        : 
    select
        u1_0.user_id,
        u1_0.avatar_url,
        u1_0.date_of_birth,
        u1_0.email,
        u1_0.firstname,
        u1_0.lastname,
        u1_0.password,
        u1_0.role,
        u1_0.username 
    from
        users u1_0 
    where
        u1_0.user_id=?
2025-05-21T01:25:53.297+07:00 DEBUG 7320 --- [http-nio-8080-exec-5] org.hibernate.SQL                        : 
    select
        r1_0.rate_id,
        r1_0.created_at,
        r1_0.rating,
        r1_0.recipe_id,
        r1_0.user_id 
    from
        rates r1_0 
    where
        r1_0.user_id=? 
        and r1_0.recipe_id=?
2025-05-21T01:25:53.300+07:00 DEBUG 7320 --- [http-nio-8080-exec-5] org.hibernate.SQL                        : 
    update
        rates 
    set
        created_at=?,
        rating=?,
        recipe_id=?,
        user_id=? 
    where
        rate_id=?
2025-05-21T01:25:53.312+07:00 DEBUG 7320 --- [http-nio-8080-exec-7] org.hibernate.SQL                        : 
    select
        r1_0.recipe_id,
        r1_0.author_id,
        r1_0.author_name,
        r1_0.author_url,
        r1_0.avatar_url,
        r1_0.category_name,
        r1_0.category_id,
        r1_0.created_at,
        r1_0.description,
        r1_0.ingredients,
        r1_0.instruction,
        r1_0.name,
        r1_1.average_rating,
        r1_1.comment_count,
        r1_1.like_count,
        r1_1.rate_count,
        r1_1.save_count 
    from
        recipes r1_0 
    left join
        recipe_stats r1_1 
            on r1_0.recipe_id=r1_1.recipe_id 
    where
        r1_0.recipe_id=?
2025-05-21T01:25:53.315+07:00 DEBUG 7320 --- [http-nio-8080-exec-7] org.hibernate.SQL                        : 
    select
        c1_0.comment_id,
        c1_0.comment_content,
        c1_0.created_at,
        c1_0.recipe_id,
        c1_0.user_id 
    from
        comments c1_0 
    where
        c1_0.recipe_id=?
2025-05-21T01:25:53.319+07:00 DEBUG 7320 --- [http-nio-8080-exec-7] org.hibernate.SQL                        : 
    select
        u1_0.user_id,
        u1_0.avatar_url,
        u1_0.date_of_birth,
        u1_0.email,
        u1_0.firstname,
        u1_0.lastname,
        u1_0.password,
        u1_0.role,
        u1_0.username 
    from
        users u1_0 
    where
        u1_0.user_id=?
2025-05-21T01:25:53.322+07:00 DEBUG 7320 --- [http-nio-8080-exec-7] org.hibernate.SQL                        : 
    select
        u1_0.user_id,
        u1_0.avatar_url,
        u1_0.date_of_birth,
        u1_0.email,
        u1_0.firstname,
        u1_0.lastname,
        u1_0.password,
        u1_0.role,
        u1_0.username 
    from
        users u1_0 
    where
        u1_0.user_id=?
2025-05-21T01:25:53.995+07:00 DEBUG 7320 --- [http-nio-8080-exec-8] org.hibernate.SQL                        : 
    select
        r1_0.rate_id,
        r1_0.created_at,
        r1_0.rating,
        r1_0.recipe_id,
        r1_0.user_id 
    from
        rates r1_0 
    where
        r1_0.user_id=? 
        and r1_0.recipe_id=?
2025-05-21T01:25:53.998+07:00 DEBUG 7320 --- [http-nio-8080-exec-8] org.hibernate.SQL                        : 
    update
        rates 
    set
        created_at=?,
        rating=?,
        recipe_id=?,
        user_id=? 
    where
        rate_id=?
2025-05-21T01:25:54.012+07:00 DEBUG 7320 --- [http-nio-8080-exec-10] org.hibernate.SQL                        : 
    select
        r1_0.recipe_id,
        r1_0.author_id,
        r1_0.author_name,
        r1_0.author_url,
        r1_0.avatar_url,
        r1_0.category_name,
        r1_0.category_id,
        r1_0.created_at,
        r1_0.description,
        r1_0.ingredients,
        r1_0.instruction,
        r1_0.name,
        r1_1.average_rating,
        r1_1.comment_count,
        r1_1.like_count,
        r1_1.rate_count,
        r1_1.save_count 
    from
        recipes r1_0 
    left join
        recipe_stats r1_1 
            on r1_0.recipe_id=r1_1.recipe_id 
    where
        r1_0.recipe_id=?
2025-05-21T01:25:54.017+07:00 DEBUG 7320 --- [http-nio-8080-exec-10] org.hibernate.SQL                        : 
    select
        c1_0.comment_id,
        c1_0.comment_content,
        c1_0.created_at,
        c1_0.recipe_id,
        c1_0.user_id 
    from
        comments c1_0 
    where
        c1_0.recipe_id=?
2025-05-21T01:25:54.020+07:00 DEBUG 7320 --- [http-nio-8080-exec-10] org.hibernate.SQL                        : 
    select
        u1_0.user_id,
        u1_0.avatar_url,
        u1_0.date_of_birth,
        u1_0.email,
        u1_0.firstname,
        u1_0.lastname,
        u1_0.password,
        u1_0.role,
        u1_0.username 
    from
        users u1_0 
    where
        u1_0.user_id=?
2025-05-21T01:25:54.023+07:00 DEBUG 7320 --- [http-nio-8080-exec-10] org.hibernate.SQL                        : 
    select
        u1_0.user_id,
        u1_0.avatar_url,
        u1_0.date_of_birth,
        u1_0.email,
        u1_0.firstname,
        u1_0.lastname,
        u1_0.password,
        u1_0.role,
        u1_0.username 
    from
        users u1_0 
    where
        u1_0.user_id=?
2025-05-21T01:25:54.441+07:00 DEBUG 7320 --- [http-nio-8080-exec-3] org.hibernate.SQL                        : 
    select
        r1_0.rate_id,
        r1_0.created_at,
        r1_0.rating,
        r1_0.recipe_id,
        r1_0.user_id 
    from
        rates r1_0 
    where
        r1_0.user_id=? 
        and r1_0.recipe_id=?
2025-05-21T01:25:54.445+07:00 DEBUG 7320 --- [http-nio-8080-exec-3] org.hibernate.SQL                        : 
    update
        rates 
    set
        created_at=?,
        rating=?,
        recipe_id=?,
        user_id=? 
    where
        rate_id=?
2025-05-21T01:25:54.455+07:00 DEBUG 7320 --- [http-nio-8080-exec-2] org.hibernate.SQL                        : 
    select
        r1_0.recipe_id,
        r1_0.author_id,
        r1_0.author_name,
        r1_0.author_url,
        r1_0.avatar_url,
        r1_0.category_name,
        r1_0.category_id,
        r1_0.created_at,
        r1_0.description,
        r1_0.ingredients,
        r1_0.instruction,
        r1_0.name,
        r1_1.average_rating,
        r1_1.comment_count,
        r1_1.like_count,
        r1_1.rate_count,
        r1_1.save_count 
    from
        recipes r1_0 
    left join
        recipe_stats r1_1 
            on r1_0.recipe_id=r1_1.recipe_id 
    where
        r1_0.recipe_id=?
2025-05-21T01:25:54.461+07:00 DEBUG 7320 --- [http-nio-8080-exec-2] org.hibernate.SQL                        : 
    select
        c1_0.comment_id,
        c1_0.comment_content,
        c1_0.created_at,
        c1_0.recipe_id,
        c1_0.user_id 
    from
        comments c1_0 
    where
        c1_0.recipe_id=?
2025-05-21T01:25:54.463+07:00 DEBUG 7320 --- [http-nio-8080-exec-2] org.hibernate.SQL                        : 
    select
        u1_0.user_id,
        u1_0.avatar_url,
        u1_0.date_of_birth,
        u1_0.email,
        u1_0.firstname,
        u1_0.lastname,
        u1_0.password,
        u1_0.role,
        u1_0.username 
    from
        users u1_0 
    where
        u1_0.user_id=?
2025-05-21T01:25:54.465+07:00 DEBUG 7320 --- [http-nio-8080-exec-2] org.hibernate.SQL                        : 
    select
        u1_0.user_id,
        u1_0.avatar_url,
        u1_0.date_of_birth,
        u1_0.email,
        u1_0.firstname,
        u1_0.lastname,
        u1_0.password,
        u1_0.role,
        u1_0.username 
    from
        users u1_0 
    where
        u1_0.user_id=?
2025-05-21T01:25:56.790+07:00 DEBUG 7320 --- [http-nio-8080-exec-9] org.hibernate.SQL                        : 
    select
        r1_0.rate_id,
        r1_0.created_at,
        r1_0.rating,
        r1_0.recipe_id,
        r1_0.user_id 
    from
        rates r1_0 
    where
        r1_0.user_id=? 
        and r1_0.recipe_id=?
2025-05-21T01:25:56.793+07:00 DEBUG 7320 --- [http-nio-8080-exec-9] org.hibernate.SQL                        : 
    update
        rates 
    set
        created_at=?,
        rating=?,
        recipe_id=?,
        user_id=? 
    where
        rate_id=?
2025-05-21T01:25:56.807+07:00 DEBUG 7320 --- [http-nio-8080-exec-1] org.hibernate.SQL                        : 
    select
        r1_0.recipe_id,
        r1_0.author_id,
        r1_0.author_name,
        r1_0.author_url,
        r1_0.avatar_url,
        r1_0.category_name,
        r1_0.category_id,
        r1_0.created_at,
        r1_0.description,
        r1_0.ingredients,
        r1_0.instruction,
        r1_0.name,
        r1_1.average_rating,
        r1_1.comment_count,
        r1_1.like_count,
        r1_1.rate_count,
        r1_1.save_count 
    from
        recipes r1_0 
    left join
        recipe_stats r1_1 
            on r1_0.recipe_id=r1_1.recipe_id 
    where
        r1_0.recipe_id=?
2025-05-21T01:25:56.811+07:00 DEBUG 7320 --- [http-nio-8080-exec-1] org.hibernate.SQL                        : 
    select
        c1_0.comment_id,
        c1_0.comment_content,
        c1_0.created_at,
        c1_0.recipe_id,
        c1_0.user_id 
    from
        comments c1_0 
    where
        c1_0.recipe_id=?
2025-05-21T01:25:56.813+07:00 DEBUG 7320 --- [http-nio-8080-exec-1] org.hibernate.SQL                        : 
    select
        u1_0.user_id,
        u1_0.avatar_url,
        u1_0.date_of_birth,
        u1_0.email,
        u1_0.firstname,
        u1_0.lastname,
        u1_0.password,
        u1_0.role,
        u1_0.username 
    from
        users u1_0 
    where
        u1_0.user_id=?
2025-05-21T01:25:56.815+07:00 DEBUG 7320 --- [http-nio-8080-exec-1] org.hibernate.SQL                        : 
    select
        u1_0.user_id,
        u1_0.avatar_url,
        u1_0.date_of_birth,
        u1_0.email,
        u1_0.firstname,
        u1_0.lastname,
        u1_0.password,
        u1_0.role,
        u1_0.username 
    from
        users u1_0 
    where
        u1_0.user_id=?
2025-05-21T01:25:57.210+07:00 DEBUG 7320 --- [http-nio-8080-exec-4] org.hibernate.SQL                        : 
    select
        r1_0.rate_id,
        r1_0.created_at,
        r1_0.rating,
        r1_0.recipe_id,
        r1_0.user_id 
    from
        rates r1_0 
    where
        r1_0.user_id=? 
        and r1_0.recipe_id=?
2025-05-21T01:25:57.213+07:00 DEBUG 7320 --- [http-nio-8080-exec-4] org.hibernate.SQL                        : 
    update
        rates 
    set
        created_at=?,
        rating=?,
        recipe_id=?,
        user_id=? 
    where
        rate_id=?
2025-05-21T01:25:57.227+07:00 DEBUG 7320 --- [http-nio-8080-exec-6] org.hibernate.SQL                        : 
    select
        r1_0.recipe_id,
        r1_0.author_id,
        r1_0.author_name,
        r1_0.author_url,
        r1_0.avatar_url,
        r1_0.category_name,
        r1_0.category_id,
        r1_0.created_at,
        r1_0.description,
        r1_0.ingredients,
        r1_0.instruction,
        r1_0.name,
        r1_1.average_rating,
        r1_1.comment_count,
        r1_1.like_count,
        r1_1.rate_count,
        r1_1.save_count 
    from
        recipes r1_0 
    left join
        recipe_stats r1_1 
            on r1_0.recipe_id=r1_1.recipe_id 
    where
        r1_0.recipe_id=?
2025-05-21T01:25:57.231+07:00 DEBUG 7320 --- [http-nio-8080-exec-6] org.hibernate.SQL                        : 
    select
        c1_0.comment_id,
        c1_0.comment_content,
        c1_0.created_at,
        c1_0.recipe_id,
        c1_0.user_id 
    from
        comments c1_0 
    where
        c1_0.recipe_id=?
2025-05-21T01:25:57.234+07:00 DEBUG 7320 --- [http-nio-8080-exec-6] org.hibernate.SQL                        : 
    select
        u1_0.user_id,
        u1_0.avatar_url,
        u1_0.date_of_birth,
        u1_0.email,
        u1_0.firstname,
        u1_0.lastname,
        u1_0.password,
        u1_0.role,
        u1_0.username 
    from
        users u1_0 
    where
        u1_0.user_id=?
2025-05-21T01:25:57.237+07:00 DEBUG 7320 --- [http-nio-8080-exec-6] org.hibernate.SQL                        : 
    select
        u1_0.user_id,
        u1_0.avatar_url,
        u1_0.date_of_birth,
        u1_0.email,
        u1_0.firstname,
        u1_0.lastname,
        u1_0.password,
        u1_0.role,
        u1_0.username 
    from
        users u1_0 
    where
        u1_0.user_id=?
2025-05-21T01:26:01.352+07:00 DEBUG 7320 --- [http-nio-8080-exec-5] org.hibernate.SQL                        : 
    select
        r1_0.recipe_id,
        r1_0.author_id,
        r1_0.author_name,
        r1_0.author_url,
        r1_0.avatar_url,
        r1_0.category_name,
        r1_0.category_id,
        r1_0.created_at,
        r1_0.description,
        r1_0.ingredients,
        r1_0.instruction,
        r1_0.name,
        r1_1.average_rating,
        r1_1.comment_count,
        r1_1.like_count,
        r1_1.rate_count,
        r1_1.save_count 
    from
        recipes r1_0 
    left join
        recipe_stats r1_1 
            on r1_0.recipe_id=r1_1.recipe_id 
    where
        r1_0.recipe_id=?
2025-05-21T01:26:01.356+07:00 DEBUG 7320 --- [http-nio-8080-exec-5] org.hibernate.SQL                        : 
    select
        c1_0.comment_id,
        c1_0.comment_content,
        c1_0.created_at,
        c1_0.recipe_id,
        c1_0.user_id 
    from
        comments c1_0 
    where
        c1_0.recipe_id=?
2025-05-21T01:26:01.358+07:00 DEBUG 7320 --- [http-nio-8080-exec-5] org.hibernate.SQL                        : 
    select
        u1_0.user_id,
        u1_0.avatar_url,
        u1_0.date_of_birth,
        u1_0.email,
        u1_0.firstname,
        u1_0.lastname,
        u1_0.password,
        u1_0.role,
        u1_0.username 
    from
        users u1_0 
    where
        u1_0.user_id=?
2025-05-21T01:26:01.361+07:00 DEBUG 7320 --- [http-nio-8080-exec-5] org.hibernate.SQL                        : 
    select
        u1_0.user_id,
        u1_0.avatar_url,
        u1_0.date_of_birth,
        u1_0.email,
        u1_0.firstname,
        u1_0.lastname,
        u1_0.password,
        u1_0.role,
        u1_0.username 
    from
        users u1_0 
    where
        u1_0.user_id=?
2025-05-21T01:26:01.373+07:00 DEBUG 7320 --- [http-nio-8080-exec-10] org.hibernate.SQL                        : 
    select
        r1_0.recipe_id,
        r1_0.author_id,
        r1_0.author_name,
        r1_0.author_url,
        r1_0.avatar_url,
        r1_0.category_name,
        r1_0.category_id,
        r1_0.created_at,
        r1_0.description,
        r1_0.ingredients,
        r1_0.instruction,
        r1_0.name,
        r1_1.average_rating,
        r1_1.comment_count,
        r1_1.like_count,
        r1_1.rate_count,
        r1_1.save_count 
    from
        recipes r1_0 
    left join
        recipe_stats r1_1 
            on r1_0.recipe_id=r1_1.recipe_id 
    where
        r1_0.recipe_id=?
2025-05-21T01:26:01.373+07:00 DEBUG 7320 --- [http-nio-8080-exec-3] org.hibernate.SQL                        : 
    select
        l1_0.like_id 
    from
        likes l1_0 
    where
        l1_0.user_id=? 
        and l1_0.recipe_id=? 
    limit
        ?
2025-05-21T01:26:01.373+07:00 DEBUG 7320 --- [http-nio-8080-exec-2] org.hibernate.SQL                        : 
    select
        s1_0.save_id 
    from
        saved s1_0 
    where
        s1_0.user_id=? 
        and s1_0.recipe_id=? 
    limit
        ?
2025-05-21T01:26:01.377+07:00 DEBUG 7320 --- [http-nio-8080-exec-10] org.hibernate.SQL                        : 
    select
        c1_0.comment_id,
        c1_0.comment_content,
        c1_0.created_at,
        c1_0.recipe_id,
        c1_0.user_id 
    from
        comments c1_0 
    where
        c1_0.recipe_id=?
2025-05-21T01:26:01.381+07:00 DEBUG 7320 --- [http-nio-8080-exec-10] org.hibernate.SQL                        : 
    select
        u1_0.user_id,
        u1_0.avatar_url,
        u1_0.date_of_birth,
        u1_0.email,
        u1_0.firstname,
        u1_0.lastname,
        u1_0.password,
        u1_0.role,
        u1_0.username 
    from
        users u1_0 
    where
        u1_0.user_id=?
2025-05-21T01:26:01.384+07:00 DEBUG 7320 --- [http-nio-8080-exec-10] org.hibernate.SQL                        : 
    select
        u1_0.user_id,
        u1_0.avatar_url,
        u1_0.date_of_birth,
        u1_0.email,
        u1_0.firstname,
        u1_0.lastname,
        u1_0.password,
        u1_0.role,
        u1_0.username 
    from
        users u1_0 
    where
        u1_0.user_id=?
2025-05-21T01:26:01.391+07:00 DEBUG 7320 --- [http-nio-8080-exec-9] org.hibernate.SQL                        : 
    select
        r1_0.recipe_id,
        r1_0.author_id,
        r1_0.author_name,
        r1_0.author_url,
        r1_0.avatar_url,
        r1_0.category_name,
        r1_0.category_id,
        r1_0.created_at,
        r1_0.description,
        r1_0.ingredients,
        r1_0.instruction,
        r1_0.name,
        r1_1.average_rating,
        r1_1.comment_count,
        r1_1.like_count,
        r1_1.rate_count,
        r1_1.save_count 
    from
        recipes r1_0 
    left join
        recipe_stats r1_1 
            on r1_0.recipe_id=r1_1.recipe_id 
    where
        r1_0.recipe_id=?
2025-05-21T01:26:01.396+07:00 DEBUG 7320 --- [http-nio-8080-exec-9] org.hibernate.SQL                        : 
    select
        c1_0.comment_id,
        c1_0.comment_content,
        c1_0.created_at,
        c1_0.recipe_id,
        c1_0.user_id 
    from
        comments c1_0 
    where
        c1_0.recipe_id=?
2025-05-21T01:26:01.401+07:00 DEBUG 7320 --- [http-nio-8080-exec-9] org.hibernate.SQL                        : 
    select
        u1_0.user_id,
        u1_0.avatar_url,
        u1_0.date_of_birth,
        u1_0.email,
        u1_0.firstname,
        u1_0.lastname,
        u1_0.password,
        u1_0.role,
        u1_0.username 
    from
        users u1_0 
    where
        u1_0.user_id=?
2025-05-21T01:26:01.405+07:00 DEBUG 7320 --- [http-nio-8080-exec-9] org.hibernate.SQL                        : 
    select
        u1_0.user_id,
        u1_0.avatar_url,
        u1_0.date_of_birth,
        u1_0.email,
        u1_0.firstname,
        u1_0.lastname,
        u1_0.password,
        u1_0.role,
        u1_0.username 
    from
        users u1_0 
    where
        u1_0.user_id=?
2025-05-21T01:26:07.261+07:00 DEBUG 7320 --- [http-nio-8080-exec-1] org.hibernate.SQL                        : 
    select
        r1_0.recipe_id,
        r1_0.author_id,
        r1_0.author_name,
        r1_0.author_url,
        r1_0.avatar_url,
        r1_0.category_name,
        r1_0.category_id,
        r1_0.created_at,
        r1_0.description,
        r1_0.ingredients,
        r1_0.instruction,
        r1_0.name,
        r1_1.average_rating,
        r1_1.comment_count,
        r1_1.like_count,
        r1_1.rate_count,
        r1_1.save_count 
    from
        recipes r1_0 
    left join
        recipe_stats r1_1 
            on r1_0.recipe_id=r1_1.recipe_id 
    where
        r1_0.recipe_id=?
2025-05-21T01:26:07.266+07:00 DEBUG 7320 --- [http-nio-8080-exec-1] org.hibernate.SQL                        : 
    select
        c1_0.comment_id,
        c1_0.comment_content,
        c1_0.created_at,
        c1_0.recipe_id,
        c1_0.user_id 
    from
        comments c1_0 
    where
        c1_0.recipe_id=?
2025-05-21T01:26:07.269+07:00 DEBUG 7320 --- [http-nio-8080-exec-1] org.hibernate.SQL                        : 
    select
        u1_0.user_id,
        u1_0.avatar_url,
        u1_0.date_of_birth,
        u1_0.email,
        u1_0.firstname,
        u1_0.lastname,
        u1_0.password,
        u1_0.role,
        u1_0.username 
    from
        users u1_0 
    where
        u1_0.user_id=?
2025-05-21T01:26:07.280+07:00 DEBUG 7320 --- [http-nio-8080-exec-6] org.hibernate.SQL                        : 
    select
        r1_0.recipe_id,
        r1_0.author_id,
        r1_0.author_name,
        r1_0.author_url,
        r1_0.avatar_url,
        r1_0.category_name,
        r1_0.category_id,
        r1_0.created_at,
        r1_0.description,
        r1_0.ingredients,
        r1_0.instruction,
        r1_0.name,
        r1_1.average_rating,
        r1_1.comment_count,
        r1_1.like_count,
        r1_1.rate_count,
        r1_1.save_count 
    from
        recipes r1_0 
    left join
        recipe_stats r1_1 
            on r1_0.recipe_id=r1_1.recipe_id 
    where
        r1_0.recipe_id=?
2025-05-21T01:26:07.280+07:00 DEBUG 7320 --- [http-nio-8080-exec-8] org.hibernate.SQL                        : 
    select
        s1_0.save_id 
    from
        saved s1_0 
    where
        s1_0.user_id=? 
        and s1_0.recipe_id=? 
    limit
        ?
2025-05-21T01:26:07.280+07:00 DEBUG 7320 --- [http-nio-8080-exec-5] org.hibernate.SQL                        : 
    select
        l1_0.like_id 
    from
        likes l1_0 
    where
        l1_0.user_id=? 
        and l1_0.recipe_id=? 
    limit
        ?
2025-05-21T01:26:07.285+07:00 DEBUG 7320 --- [http-nio-8080-exec-6] org.hibernate.SQL                        : 
    select
        c1_0.comment_id,
        c1_0.comment_content,
        c1_0.created_at,
        c1_0.recipe_id,
        c1_0.user_id 
    from
        comments c1_0 
    where
        c1_0.recipe_id=?
2025-05-21T01:26:07.288+07:00 DEBUG 7320 --- [http-nio-8080-exec-6] org.hibernate.SQL                        : 
    select
        u1_0.user_id,
        u1_0.avatar_url,
        u1_0.date_of_birth,
        u1_0.email,
        u1_0.firstname,
        u1_0.lastname,
        u1_0.password,
        u1_0.role,
        u1_0.username 
    from
        users u1_0 
    where
        u1_0.user_id=?
2025-05-21T01:26:07.296+07:00 DEBUG 7320 --- [http-nio-8080-exec-6] org.hibernate.SQL                        : 
    select
        r1_0.recipe_id,
        r1_0.author_id,
        r1_0.author_name,
        r1_0.author_url,
        r1_0.avatar_url,
        r1_0.category_name,
        r1_0.category_id,
        r1_0.created_at,
        r1_0.description,
        r1_0.ingredients,
        r1_0.instruction,
        r1_0.name,
        r1_1.average_rating,
        r1_1.comment_count,
        r1_1.like_count,
        r1_1.rate_count,
        r1_1.save_count 
    from
        recipes r1_0 
    left join
        recipe_stats r1_1 
            on r1_0.recipe_id=r1_1.recipe_id 
    where
        r1_0.recipe_id=?
2025-05-21T01:26:07.303+07:00 DEBUG 7320 --- [http-nio-8080-exec-6] org.hibernate.SQL                        : 
    select
        c1_0.comment_id,
        c1_0.comment_content,
        c1_0.created_at,
        c1_0.recipe_id,
        c1_0.user_id 
    from
        comments c1_0 
    where
        c1_0.recipe_id=?
2025-05-21T01:26:07.308+07:00 DEBUG 7320 --- [http-nio-8080-exec-6] org.hibernate.SQL                        : 
    select
        u1_0.user_id,
        u1_0.avatar_url,
        u1_0.date_of_birth,
        u1_0.email,
        u1_0.firstname,
        u1_0.lastname,
        u1_0.password,
        u1_0.role,
        u1_0.username 
    from
        users u1_0 
    where
        u1_0.user_id=?
2025-05-21T01:27:24.211+07:00 DEBUG 7320 --- [http-nio-8080-exec-8] org.hibernate.SQL                        : 
    select
        u1_0.user_id,
        u1_0.avatar_url,
        u1_0.date_of_birth,
        u1_0.email,
        u1_0.firstname,
        u1_0.lastname,
        u1_0.password,
        u1_0.role,
        u1_0.username 
    from
        users u1_0 
    where
        u1_0.username=?
2025-05-21T01:27:24.215+07:00 DEBUG 7320 --- [http-nio-8080-exec-8] org.hibernate.SQL                        : 
    select
        f1_0.follow_id,
        f1_0.follow_time,
        f1_0.follower_id,
        f1_0.following_id 
    from
        follows f1_0 
    where
        f1_0.following_id=?
2025-05-21T01:27:24.218+07:00 DEBUG 7320 --- [http-nio-8080-exec-8] org.hibernate.SQL                        : 
    select
        u1_0.user_id,
        u1_0.avatar_url,
        u1_0.date_of_birth,
        u1_0.email,
        u1_0.firstname,
        u1_0.lastname,
        u1_0.password,
        u1_0.role,
        u1_0.username 
    from
        users u1_0 
    where
        u1_0.user_id=?
2025-05-21T01:27:24.222+07:00 DEBUG 7320 --- [http-nio-8080-exec-8] org.hibernate.SQL                        : 
    select
        f1_0.follow_id,
        f1_0.follow_time,
        f1_0.follower_id,
        f1_0.following_id 
    from
        follows f1_0 
    where
        f1_0.follower_id=?
2025-05-21T01:27:24.225+07:00 DEBUG 7320 --- [http-nio-8080-exec-8] org.hibernate.SQL                        : 
    select
        u1_0.user_id,
        u1_0.avatar_url,
        u1_0.date_of_birth,
        u1_0.email,
        u1_0.firstname,
        u1_0.lastname,
        u1_0.password,
        u1_0.role,
        u1_0.username 
    from
        users u1_0 
    where
        u1_0.user_id=?
2025-05-21T01:27:24.230+07:00 DEBUG 7320 --- [http-nio-8080-exec-8] org.hibernate.SQL                        : 
    select
        r1_0.recipe_id,
        r1_0.author_id,
        r1_0.author_name,
        r1_0.author_url,
        r1_0.avatar_url,
        r1_0.category_name,
        r1_0.category_id,
        r1_0.created_at,
        r1_0.description,
        r1_0.ingredients,
        r1_0.instruction,
        r1_0.name,
        r1_1.average_rating,
        r1_1.comment_count,
        r1_1.like_count,
        r1_1.rate_count,
        r1_1.save_count 
    from
        recipes r1_0 
    left join
        recipe_stats r1_1 
            on r1_0.recipe_id=r1_1.recipe_id 
    where
        r1_0.author_id=? 
    order by
        r1_0.created_at desc
2025-05-21T01:27:24.235+07:00 DEBUG 7320 --- [http-nio-8080-exec-8] org.hibernate.SQL                        : 
    select
        avg(r1_0.rating) 
    from
        rates r1_0 
    where
        r1_0.recipe_id=?
2025-05-21T01:27:24.237+07:00 DEBUG 7320 --- [http-nio-8080-exec-8] org.hibernate.SQL                        : 
    select
        avg(r1_0.rating) 
    from
        rates r1_0 
    where
        r1_0.recipe_id=?
2025-05-21T01:27:24.238+07:00 DEBUG 7320 --- [http-nio-8080-exec-8] org.hibernate.SQL                        : 
    select
        avg(r1_0.rating) 
    from
        rates r1_0 
    where
        r1_0.recipe_id=?
2025-05-21T01:27:24.241+07:00 DEBUG 7320 --- [http-nio-8080-exec-8] org.hibernate.SQL                        : 
    select
        u1_0.user_id,
        u1_0.avatar_url,
        u1_0.date_of_birth,
        u1_0.email,
        u1_0.firstname,
        u1_0.lastname,
        u1_0.password,
        u1_0.role,
        u1_0.username 
    from
        users u1_0 
    where
        u1_0.username=?
2025-05-21T01:27:24.245+07:00 DEBUG 7320 --- [http-nio-8080-exec-8] org.hibernate.SQL                        : 
    select
        r1_0.recipe_id,
        r1_0.author_id,
        r1_0.author_name,
        r1_0.author_url,
        r1_0.avatar_url,
        r1_0.category_name,
        r1_0.category_id,
        r1_0.created_at,
        r1_0.description,
        r1_0.ingredients,
        r1_0.instruction,
        r1_0.name,
        r1_1.average_rating,
        r1_1.comment_count,
        r1_1.like_count,
        r1_1.rate_count,
        r1_1.save_count 
    from
        recipes r1_0 
    left join
        recipe_stats r1_1 
            on r1_0.recipe_id=r1_1.recipe_id 
    where
        r1_0.author_id=? 
    order by
        r1_0.created_at desc
2025-05-21T01:27:24.248+07:00 DEBUG 7320 --- [http-nio-8080-exec-8] org.hibernate.SQL                        : 
    select
        avg(r1_0.rating) 
    from
        rates r1_0 
    where
        r1_0.recipe_id=?
2025-05-21T01:27:24.251+07:00 DEBUG 7320 --- [http-nio-8080-exec-8] org.hibernate.SQL                        : 
    select
        count(l1_0.like_id) 
    from
        likes l1_0 
    where
        l1_0.recipe_id=?
2025-05-21T01:27:24.253+07:00 DEBUG 7320 --- [http-nio-8080-exec-8] org.hibernate.SQL                        : 
    select
        avg(r1_0.rating) 
    from
        rates r1_0 
    where
        r1_0.recipe_id=?
2025-05-21T01:27:24.257+07:00 DEBUG 7320 --- [http-nio-8080-exec-8] org.hibernate.SQL                        : 
    select
        count(l1_0.like_id) 
    from
        likes l1_0 
    where
        l1_0.recipe_id=?
2025-05-21T01:27:24.260+07:00 DEBUG 7320 --- [http-nio-8080-exec-8] org.hibernate.SQL                        : 
    select
        avg(r1_0.rating) 
    from
        rates r1_0 
    where
        r1_0.recipe_id=?
2025-05-21T01:27:24.262+07:00 DEBUG 7320 --- [http-nio-8080-exec-8] org.hibernate.SQL                        : 
    select
        count(l1_0.like_id) 
    from
        likes l1_0 
    where
        l1_0.recipe_id=?
2025-05-21T01:27:24.267+07:00 DEBUG 7320 --- [http-nio-8080-exec-8] org.hibernate.SQL                        : 
    select
        u1_0.user_id,
        u1_0.avatar_url,
        u1_0.date_of_birth,
        u1_0.email,
        u1_0.firstname,
        u1_0.lastname,
        u1_0.password,
        u1_0.role,
        u1_0.username 
    from
        users u1_0 
    where
        u1_0.username=?
2025-05-21T01:27:24.271+07:00 DEBUG 7320 --- [http-nio-8080-exec-8] org.hibernate.SQL                        : 
    select
        s1_0.save_id,
        s1_0.created_at,
        s1_0.recipe_id,
        s1_0.user_id 
    from
        saved s1_0 
    where
        s1_0.user_id=?
2025-05-21T01:27:24.275+07:00 DEBUG 7320 --- [http-nio-8080-exec-8] org.hibernate.SQL                        : 
    select
        r1_0.recipe_id,
        r1_0.author_id,
        r1_0.author_name,
        r1_0.author_url,
        r1_0.avatar_url,
        r1_0.category_name,
        r1_0.category_id,
        r1_0.created_at,
        r1_0.description,
        r1_0.ingredients,
        r1_0.instruction,
        r1_0.name,
        r1_1.average_rating,
        r1_1.comment_count,
        r1_1.like_count,
        r1_1.rate_count,
        r1_1.save_count 
    from
        recipes r1_0 
    left join
        recipe_stats r1_1 
            on r1_0.recipe_id=r1_1.recipe_id 
    where
        r1_0.recipe_id=?
2025-05-21T01:27:24.281+07:00 DEBUG 7320 --- [http-nio-8080-exec-8] org.hibernate.SQL                        : 
    select
        r1_0.recipe_id,
        r1_0.author_id,
        r1_0.author_name,
        r1_0.author_url,
        r1_0.avatar_url,
        r1_0.category_name,
        r1_0.category_id,
        r1_0.created_at,
        r1_0.description,
        r1_0.ingredients,
        r1_0.instruction,
        r1_0.name,
        r1_1.average_rating,
        r1_1.comment_count,
        r1_1.like_count,
        r1_1.rate_count,
        r1_1.save_count 
    from
        recipes r1_0 
    left join
        recipe_stats r1_1 
            on r1_0.recipe_id=r1_1.recipe_id 
    where
        r1_0.recipe_id=?
2025-05-21T01:27:24.285+07:00 DEBUG 7320 --- [http-nio-8080-exec-8] org.hibernate.SQL                        : 
    select
        avg(r1_0.rating) 
    from
        rates r1_0 
    where
        r1_0.recipe_id=?
2025-05-21T01:27:24.289+07:00 DEBUG 7320 --- [http-nio-8080-exec-8] org.hibernate.SQL                        : 
    select
        count(l1_0.like_id) 
    from
        likes l1_0 
    where
        l1_0.recipe_id=?
2025-05-21T01:27:24.291+07:00 DEBUG 7320 --- [http-nio-8080-exec-8] org.hibernate.SQL                        : 
    select
        avg(r1_0.rating) 
    from
        rates r1_0 
    where
        r1_0.recipe_id=?
2025-05-21T01:27:24.295+07:00 DEBUG 7320 --- [http-nio-8080-exec-8] org.hibernate.SQL                        : 
    select
        count(l1_0.like_id) 
    from
        likes l1_0 
    where
        l1_0.recipe_id=?
2025-05-21T01:27:24.297+07:00 DEBUG 7320 --- [http-nio-8080-exec-8] org.hibernate.SQL                        : 
    select
        avg(r1_0.rating) 
    from
        rates r1_0 
    where
        r1_0.recipe_id=?
2025-05-21T01:27:24.301+07:00 DEBUG 7320 --- [http-nio-8080-exec-8] org.hibernate.SQL                        : 
    select
        count(l1_0.like_id) 
    from
        likes l1_0 
    where
        l1_0.recipe_id=?
2025-05-21T01:27:24.304+07:00 DEBUG 7320 --- [http-nio-8080-exec-8] org.hibernate.SQL                        : 
    select
        u1_0.user_id,
        u1_0.avatar_url,
        u1_0.date_of_birth,
        u1_0.email,
        u1_0.firstname,
        u1_0.lastname,
        u1_0.password,
        u1_0.role,
        u1_0.username 
    from
        users u1_0 
    where
        u1_0.username=?
2025-05-21T01:27:24.307+07:00 DEBUG 7320 --- [http-nio-8080-exec-8] org.hibernate.SQL                        : 
    select
        l1_0.like_id,
        l1_0.created_at,
        l1_0.recipe_id,
        l1_0.user_id 
    from
        likes l1_0 
    where
        l1_0.user_id=?
2025-05-21T01:27:24.315+07:00 DEBUG 7320 --- [http-nio-8080-exec-8] org.hibernate.SQL                        : 
    select
        avg(r1_0.rating) 
    from
        rates r1_0 
    where
        r1_0.recipe_id=?
2025-05-21T01:27:24.319+07:00 DEBUG 7320 --- [http-nio-8080-exec-8] org.hibernate.SQL                        : 
    select
        count(l1_0.like_id) 
    from
        likes l1_0 
    where
        l1_0.recipe_id=?
2025-05-21T01:27:24.321+07:00 DEBUG 7320 --- [http-nio-8080-exec-8] org.hibernate.SQL                        : 
    select
        avg(r1_0.rating) 
    from
        rates r1_0 
    where
        r1_0.recipe_id=?
2025-05-21T01:27:24.324+07:00 DEBUG 7320 --- [http-nio-8080-exec-8] org.hibernate.SQL                        : 
    select
        count(l1_0.like_id) 
    from
        likes l1_0 
    where
        l1_0.recipe_id=?
2025-05-21T01:27:24.491+07:00  WARN 7320 --- [http-nio-8080-exec-4] .m.m.a.ExceptionHandlerExceptionResolver : Resolved [org.springframework.web.servlet.resource.NoResourceFoundException: No static resource favicon.ico.]
2025-05-21T01:27:25.960+07:00 DEBUG 7320 --- [http-nio-8080-exec-1] org.hibernate.SQL                        : 
    select
        u1_0.user_id,
        u1_0.avatar_url,
        u1_0.date_of_birth,
        u1_0.email,
        u1_0.firstname,
        u1_0.lastname,
        u1_0.password,
        u1_0.role,
        u1_0.username 
    from
        users u1_0 
    where
        u1_0.username=?
2025-05-21T01:27:25.963+07:00 DEBUG 7320 --- [http-nio-8080-exec-1] org.hibernate.SQL                        : 
    select
        f1_0.follow_id,
        f1_0.follow_time,
        f1_0.follower_id,
        f1_0.following_id 
    from
        follows f1_0 
    where
        f1_0.following_id=?
2025-05-21T01:27:25.967+07:00 DEBUG 7320 --- [http-nio-8080-exec-1] org.hibernate.SQL                        : 
    select
        u1_0.user_id,
        u1_0.avatar_url,
        u1_0.date_of_birth,
        u1_0.email,
        u1_0.firstname,
        u1_0.lastname,
        u1_0.password,
        u1_0.role,
        u1_0.username 
    from
        users u1_0 
    where
        u1_0.user_id=?
2025-05-21T01:27:25.971+07:00 DEBUG 7320 --- [http-nio-8080-exec-1] org.hibernate.SQL                        : 
    select
        f1_0.follow_id,
        f1_0.follow_time,
        f1_0.follower_id,
        f1_0.following_id 
    from
        follows f1_0 
    where
        f1_0.follower_id=?
2025-05-21T01:27:25.974+07:00 DEBUG 7320 --- [http-nio-8080-exec-1] org.hibernate.SQL                        : 
    select
        u1_0.user_id,
        u1_0.avatar_url,
        u1_0.date_of_birth,
        u1_0.email,
        u1_0.firstname,
        u1_0.lastname,
        u1_0.password,
        u1_0.role,
        u1_0.username 
    from
        users u1_0 
    where
        u1_0.user_id=?
2025-05-21T01:27:25.977+07:00 DEBUG 7320 --- [http-nio-8080-exec-1] org.hibernate.SQL                        : 
    select
        r1_0.recipe_id,
        r1_0.author_id,
        r1_0.author_name,
        r1_0.author_url,
        r1_0.avatar_url,
        r1_0.category_name,
        r1_0.category_id,
        r1_0.created_at,
        r1_0.description,
        r1_0.ingredients,
        r1_0.instruction,
        r1_0.name,
        r1_1.average_rating,
        r1_1.comment_count,
        r1_1.like_count,
        r1_1.rate_count,
        r1_1.save_count 
    from
        recipes r1_0 
    left join
        recipe_stats r1_1 
            on r1_0.recipe_id=r1_1.recipe_id 
    where
        r1_0.author_id=? 
    order by
        r1_0.created_at desc
2025-05-21T01:27:25.982+07:00 DEBUG 7320 --- [http-nio-8080-exec-1] org.hibernate.SQL                        : 
    select
        avg(r1_0.rating) 
    from
        rates r1_0 
    where
        r1_0.recipe_id=?
2025-05-21T01:27:25.984+07:00 DEBUG 7320 --- [http-nio-8080-exec-1] org.hibernate.SQL                        : 
    select
        avg(r1_0.rating) 
    from
        rates r1_0 
    where
        r1_0.recipe_id=?
2025-05-21T01:27:25.985+07:00 DEBUG 7320 --- [http-nio-8080-exec-1] org.hibernate.SQL                        : 
    select
        avg(r1_0.rating) 
    from
        rates r1_0 
    where
        r1_0.recipe_id=?
2025-05-21T01:27:25.987+07:00 DEBUG 7320 --- [http-nio-8080-exec-1] org.hibernate.SQL                        : 
    select
        u1_0.user_id,
        u1_0.avatar_url,
        u1_0.date_of_birth,
        u1_0.email,
        u1_0.firstname,
        u1_0.lastname,
        u1_0.password,
        u1_0.role,
        u1_0.username 
    from
        users u1_0 
    where
        u1_0.username=?
2025-05-21T01:27:25.992+07:00 DEBUG 7320 --- [http-nio-8080-exec-1] org.hibernate.SQL                        : 
    select
        r1_0.recipe_id,
        r1_0.author_id,
        r1_0.author_name,
        r1_0.author_url,
        r1_0.avatar_url,
        r1_0.category_name,
        r1_0.category_id,
        r1_0.created_at,
        r1_0.description,
        r1_0.ingredients,
        r1_0.instruction,
        r1_0.name,
        r1_1.average_rating,
        r1_1.comment_count,
        r1_1.like_count,
        r1_1.rate_count,
        r1_1.save_count 
    from
        recipes r1_0 
    left join
        recipe_stats r1_1 
            on r1_0.recipe_id=r1_1.recipe_id 
    where
        r1_0.author_id=? 
    order by
        r1_0.created_at desc
2025-05-21T01:27:25.996+07:00 DEBUG 7320 --- [http-nio-8080-exec-1] org.hibernate.SQL                        : 
    select
        avg(r1_0.rating) 
    from
        rates r1_0 
    where
        r1_0.recipe_id=?
2025-05-21T01:27:25.999+07:00 DEBUG 7320 --- [http-nio-8080-exec-1] org.hibernate.SQL                        : 
    select
        count(l1_0.like_id) 
    from
        likes l1_0 
    where
        l1_0.recipe_id=?
2025-05-21T01:27:26.002+07:00 DEBUG 7320 --- [http-nio-8080-exec-1] org.hibernate.SQL                        : 
    select
        avg(r1_0.rating) 
    from
        rates r1_0 
    where
        r1_0.recipe_id=?
2025-05-21T01:27:26.005+07:00 DEBUG 7320 --- [http-nio-8080-exec-1] org.hibernate.SQL                        : 
    select
        count(l1_0.like_id) 
    from
        likes l1_0 
    where
        l1_0.recipe_id=?
2025-05-21T01:27:26.007+07:00 DEBUG 7320 --- [http-nio-8080-exec-1] org.hibernate.SQL                        : 
    select
        avg(r1_0.rating) 
    from
        rates r1_0 
    where
        r1_0.recipe_id=?
2025-05-21T01:27:26.010+07:00 DEBUG 7320 --- [http-nio-8080-exec-1] org.hibernate.SQL                        : 
    select
        count(l1_0.like_id) 
    from
        likes l1_0 
    where
        l1_0.recipe_id=?
2025-05-21T01:27:26.014+07:00 DEBUG 7320 --- [http-nio-8080-exec-1] org.hibernate.SQL                        : 
    select
        u1_0.user_id,
        u1_0.avatar_url,
        u1_0.date_of_birth,
        u1_0.email,
        u1_0.firstname,
        u1_0.lastname,
        u1_0.password,
        u1_0.role,
        u1_0.username 
    from
        users u1_0 
    where
        u1_0.username=?
2025-05-21T01:27:26.019+07:00 DEBUG 7320 --- [http-nio-8080-exec-1] org.hibernate.SQL                        : 
    select
        s1_0.save_id,
        s1_0.created_at,
        s1_0.recipe_id,
        s1_0.user_id 
    from
        saved s1_0 
    where
        s1_0.user_id=?
2025-05-21T01:27:26.023+07:00 DEBUG 7320 --- [http-nio-8080-exec-1] org.hibernate.SQL                        : 
    select
        r1_0.recipe_id,
        r1_0.author_id,
        r1_0.author_name,
        r1_0.author_url,
        r1_0.avatar_url,
        r1_0.category_name,
        r1_0.category_id,
        r1_0.created_at,
        r1_0.description,
        r1_0.ingredients,
        r1_0.instruction,
        r1_0.name,
        r1_1.average_rating,
        r1_1.comment_count,
        r1_1.like_count,
        r1_1.rate_count,
        r1_1.save_count 
    from
        recipes r1_0 
    left join
        recipe_stats r1_1 
            on r1_0.recipe_id=r1_1.recipe_id 
    where
        r1_0.recipe_id=?
2025-05-21T01:27:26.028+07:00 DEBUG 7320 --- [http-nio-8080-exec-1] org.hibernate.SQL                        : 
    select
        r1_0.recipe_id,
        r1_0.author_id,
        r1_0.author_name,
        r1_0.author_url,
        r1_0.avatar_url,
        r1_0.category_name,
        r1_0.category_id,
        r1_0.created_at,
        r1_0.description,
        r1_0.ingredients,
        r1_0.instruction,
        r1_0.name,
        r1_1.average_rating,
        r1_1.comment_count,
        r1_1.like_count,
        r1_1.rate_count,
        r1_1.save_count 
    from
        recipes r1_0 
    left join
        recipe_stats r1_1 
            on r1_0.recipe_id=r1_1.recipe_id 
    where
        r1_0.recipe_id=?
2025-05-21T01:27:26.035+07:00 DEBUG 7320 --- [http-nio-8080-exec-1] org.hibernate.SQL                        : 
    select
        avg(r1_0.rating) 
    from
        rates r1_0 
    where
        r1_0.recipe_id=?
2025-05-21T01:27:26.039+07:00 DEBUG 7320 --- [http-nio-8080-exec-1] org.hibernate.SQL                        : 
    select
        count(l1_0.like_id) 
    from
        likes l1_0 
    where
        l1_0.recipe_id=?
2025-05-21T01:27:26.041+07:00 DEBUG 7320 --- [http-nio-8080-exec-1] org.hibernate.SQL                        : 
    select
        avg(r1_0.rating) 
    from
        rates r1_0 
    where
        r1_0.recipe_id=?
2025-05-21T01:27:26.046+07:00 DEBUG 7320 --- [http-nio-8080-exec-1] org.hibernate.SQL                        : 
    select
        count(l1_0.like_id) 
    from
        likes l1_0 
    where
        l1_0.recipe_id=?
2025-05-21T01:27:26.048+07:00 DEBUG 7320 --- [http-nio-8080-exec-1] org.hibernate.SQL                        : 
    select
        avg(r1_0.rating) 
    from
        rates r1_0 
    where
        r1_0.recipe_id=?
2025-05-21T01:27:26.052+07:00 DEBUG 7320 --- [http-nio-8080-exec-1] org.hibernate.SQL                        : 
    select
        count(l1_0.like_id) 
    from
        likes l1_0 
    where
        l1_0.recipe_id=?
2025-05-21T01:27:26.059+07:00 DEBUG 7320 --- [http-nio-8080-exec-1] org.hibernate.SQL                        : 
    select
        u1_0.user_id,
        u1_0.avatar_url,
        u1_0.date_of_birth,
        u1_0.email,
        u1_0.firstname,
        u1_0.lastname,
        u1_0.password,
        u1_0.role,
        u1_0.username 
    from
        users u1_0 
    where
        u1_0.username=?
2025-05-21T01:27:26.064+07:00 DEBUG 7320 --- [http-nio-8080-exec-1] org.hibernate.SQL                        : 
    select
        l1_0.like_id,
        l1_0.created_at,
        l1_0.recipe_id,
        l1_0.user_id 
    from
        likes l1_0 
    where
        l1_0.user_id=?
2025-05-21T01:27:26.069+07:00 DEBUG 7320 --- [http-nio-8080-exec-1] org.hibernate.SQL                        : 
    select
        avg(r1_0.rating) 
    from
        rates r1_0 
    where
        r1_0.recipe_id=?
2025-05-21T01:27:26.072+07:00 DEBUG 7320 --- [http-nio-8080-exec-1] org.hibernate.SQL                        : 
    select
        count(l1_0.like_id) 
    from
        likes l1_0 
    where
        l1_0.recipe_id=?
2025-05-21T01:27:26.075+07:00 DEBUG 7320 --- [http-nio-8080-exec-1] org.hibernate.SQL                        : 
    select
        avg(r1_0.rating) 
    from
        rates r1_0 
    where
        r1_0.recipe_id=?
2025-05-21T01:27:26.077+07:00 DEBUG 7320 --- [http-nio-8080-exec-1] org.hibernate.SQL                        : 
    select
        count(l1_0.like_id) 
    from
        likes l1_0 
    where
        l1_0.recipe_id=?
2025-05-21T01:27:26.216+07:00  WARN 7320 --- [http-nio-8080-exec-2] .m.m.a.ExceptionHandlerExceptionResolver : Resolved [org.springframework.web.servlet.resource.NoResourceFoundException: No static resource favicon.ico.]
2025-05-21T01:27:30.964+07:00 DEBUG 7320 --- [http-nio-8080-exec-10] org.hibernate.SQL                        : 
    select
        r1_0.recipe_id,
        r1_0.author_id,
        r1_0.author_name,
        r1_0.author_url,
        r1_0.avatar_url,
        r1_0.category_name,
        r1_0.category_id,
        r1_0.created_at,
        r1_0.description,
        r1_0.ingredients,
        r1_0.instruction,
        r1_0.name,
        r1_1.average_rating,
        r1_1.comment_count,
        r1_1.like_count,
        r1_1.rate_count,
        r1_1.save_count 
    from
        recipes r1_0 
    left join
        recipe_stats r1_1 
            on r1_0.recipe_id=r1_1.recipe_id 
    where
        r1_0.recipe_id=?
2025-05-21T01:27:30.968+07:00 DEBUG 7320 --- [http-nio-8080-exec-10] org.hibernate.SQL                        : 
    select
        c1_0.comment_id,
        c1_0.comment_content,
        c1_0.created_at,
        c1_0.recipe_id,
        c1_0.user_id 
    from
        comments c1_0 
    where
        c1_0.recipe_id=?
2025-05-21T01:27:30.971+07:00 DEBUG 7320 --- [http-nio-8080-exec-10] org.hibernate.SQL                        : 
    select
        u1_0.user_id,
        u1_0.avatar_url,
        u1_0.date_of_birth,
        u1_0.email,
        u1_0.firstname,
        u1_0.lastname,
        u1_0.password,
        u1_0.role,
        u1_0.username 
    from
        users u1_0 
    where
        u1_0.user_id=?
2025-05-21T01:27:30.983+07:00 DEBUG 7320 --- [http-nio-8080-exec-9] org.hibernate.SQL                        : 
    select
        r1_0.recipe_id,
        r1_0.author_id,
        r1_0.author_name,
        r1_0.author_url,
        r1_0.avatar_url,
        r1_0.category_name,
        r1_0.category_id,
        r1_0.created_at,
        r1_0.description,
        r1_0.ingredients,
        r1_0.instruction,
        r1_0.name,
        r1_1.average_rating,
        r1_1.comment_count,
        r1_1.like_count,
        r1_1.rate_count,
        r1_1.save_count 
    from
        recipes r1_0 
    left join
        recipe_stats r1_1 
            on r1_0.recipe_id=r1_1.recipe_id 
    where
        r1_0.recipe_id=?
2025-05-21T01:27:30.984+07:00 DEBUG 7320 --- [http-nio-8080-exec-5] org.hibernate.SQL                        : 
    select
        s1_0.save_id 
    from
        saved s1_0 
    where
        s1_0.user_id=? 
        and s1_0.recipe_id=? 
    limit
        ?
2025-05-21T01:27:30.984+07:00 DEBUG 7320 --- [http-nio-8080-exec-8] org.hibernate.SQL                        : 
    select
        l1_0.like_id 
    from
        likes l1_0 
    where
        l1_0.user_id=? 
        and l1_0.recipe_id=? 
    limit
        ?
2025-05-21T01:27:30.986+07:00 DEBUG 7320 --- [http-nio-8080-exec-9] org.hibernate.SQL                        : 
    select
        c1_0.comment_id,
        c1_0.comment_content,
        c1_0.created_at,
        c1_0.recipe_id,
        c1_0.user_id 
    from
        comments c1_0 
    where
        c1_0.recipe_id=?
2025-05-21T01:27:30.989+07:00 DEBUG 7320 --- [http-nio-8080-exec-9] org.hibernate.SQL                        : 
    select
        u1_0.user_id,
        u1_0.avatar_url,
        u1_0.date_of_birth,
        u1_0.email,
        u1_0.firstname,
        u1_0.lastname,
        u1_0.password,
        u1_0.role,
        u1_0.username 
    from
        users u1_0 
    where
        u1_0.user_id=?
2025-05-21T01:27:30.998+07:00 DEBUG 7320 --- [http-nio-8080-exec-3] org.hibernate.SQL                        : 
    select
        r1_0.recipe_id,
        r1_0.author_id,
        r1_0.author_name,
        r1_0.author_url,
        r1_0.avatar_url,
        r1_0.category_name,
        r1_0.category_id,
        r1_0.created_at,
        r1_0.description,
        r1_0.ingredients,
        r1_0.instruction,
        r1_0.name,
        r1_1.average_rating,
        r1_1.comment_count,
        r1_1.like_count,
        r1_1.rate_count,
        r1_1.save_count 
    from
        recipes r1_0 
    left join
        recipe_stats r1_1 
            on r1_0.recipe_id=r1_1.recipe_id 
    where
        r1_0.recipe_id=?
2025-05-21T01:27:31.004+07:00 DEBUG 7320 --- [http-nio-8080-exec-3] org.hibernate.SQL                        : 
    select
        c1_0.comment_id,
        c1_0.comment_content,
        c1_0.created_at,
        c1_0.recipe_id,
        c1_0.user_id 
    from
        comments c1_0 
    where
        c1_0.recipe_id=?
2025-05-21T01:27:31.009+07:00 DEBUG 7320 --- [http-nio-8080-exec-3] org.hibernate.SQL                        : 
    select
        u1_0.user_id,
        u1_0.avatar_url,
        u1_0.date_of_birth,
        u1_0.email,
        u1_0.firstname,
        u1_0.lastname,
        u1_0.password,
        u1_0.role,
        u1_0.username 
    from
        users u1_0 
    where
        u1_0.user_id=?
2025-05-21T01:27:35.185+07:00 DEBUG 7320 --- [http-nio-8080-exec-7] org.hibernate.SQL                        : 
    select
        r1_0.recipe_id,
        r1_0.author_id,
        r1_0.author_name,
        r1_0.author_url,
        r1_0.avatar_url,
        r1_0.category_name,
        r1_0.category_id,
        r1_0.created_at,
        r1_0.description,
        r1_0.ingredients,
        r1_0.instruction,
        r1_0.name,
        r1_1.average_rating,
        r1_1.comment_count,
        r1_1.like_count,
        r1_1.rate_count,
        r1_1.save_count 
    from
        recipes r1_0 
    left join
        recipe_stats r1_1 
            on r1_0.recipe_id=r1_1.recipe_id 
    where
        r1_0.recipe_id=?
2025-05-21T01:27:35.191+07:00 DEBUG 7320 --- [http-nio-8080-exec-7] org.hibernate.SQL                        : 
    select
        c1_0.comment_id,
        c1_0.comment_content,
        c1_0.created_at,
        c1_0.recipe_id,
        c1_0.user_id 
    from
        comments c1_0 
    where
        c1_0.recipe_id=?
2025-05-21T01:27:35.193+07:00 DEBUG 7320 --- [http-nio-8080-exec-7] org.hibernate.SQL                        : 
    select
        u1_0.user_id,
        u1_0.avatar_url,
        u1_0.date_of_birth,
        u1_0.email,
        u1_0.firstname,
        u1_0.lastname,
        u1_0.password,
        u1_0.role,
        u1_0.username 
    from
        users u1_0 
    where
        u1_0.user_id=?
2025-05-21T01:27:35.202+07:00 DEBUG 7320 --- [http-nio-8080-exec-2] org.hibernate.SQL                        : 
    select
        r1_0.recipe_id,
        r1_0.author_id,
        r1_0.author_name,
        r1_0.author_url,
        r1_0.avatar_url,
        r1_0.category_name,
        r1_0.category_id,
        r1_0.created_at,
        r1_0.description,
        r1_0.ingredients,
        r1_0.instruction,
        r1_0.name,
        r1_1.average_rating,
        r1_1.comment_count,
        r1_1.like_count,
        r1_1.rate_count,
        r1_1.save_count 
    from
        recipes r1_0 
    left join
        recipe_stats r1_1 
            on r1_0.recipe_id=r1_1.recipe_id 
    where
        r1_0.recipe_id=?
2025-05-21T01:27:35.204+07:00 DEBUG 7320 --- [http-nio-8080-exec-10] org.hibernate.SQL                        : 
    select
        l1_0.like_id 
    from
        likes l1_0 
    where
        l1_0.user_id=? 
        and l1_0.recipe_id=? 
    limit
        ?
2025-05-21T01:27:35.207+07:00 DEBUG 7320 --- [http-nio-8080-exec-4] org.hibernate.SQL                        : 
    select
        s1_0.save_id 
    from
        saved s1_0 
    where
        s1_0.user_id=? 
        and s1_0.recipe_id=? 
    limit
        ?
2025-05-21T01:27:35.208+07:00 DEBUG 7320 --- [http-nio-8080-exec-2] org.hibernate.SQL                        : 
    select
        c1_0.comment_id,
        c1_0.comment_content,
        c1_0.created_at,
        c1_0.recipe_id,
        c1_0.user_id 
    from
        comments c1_0 
    where
        c1_0.recipe_id=?
2025-05-21T01:27:35.212+07:00 DEBUG 7320 --- [http-nio-8080-exec-2] org.hibernate.SQL                        : 
    select
        u1_0.user_id,
        u1_0.avatar_url,
        u1_0.date_of_birth,
        u1_0.email,
        u1_0.firstname,
        u1_0.lastname,
        u1_0.password,
        u1_0.role,
        u1_0.username 
    from
        users u1_0 
    where
        u1_0.user_id=?
2025-05-21T01:27:35.219+07:00 DEBUG 7320 --- [http-nio-8080-exec-8] org.hibernate.SQL                        : 
    select
        r1_0.recipe_id,
        r1_0.author_id,
        r1_0.author_name,
        r1_0.author_url,
        r1_0.avatar_url,
        r1_0.category_name,
        r1_0.category_id,
        r1_0.created_at,
        r1_0.description,
        r1_0.ingredients,
        r1_0.instruction,
        r1_0.name,
        r1_1.average_rating,
        r1_1.comment_count,
        r1_1.like_count,
        r1_1.rate_count,
        r1_1.save_count 
    from
        recipes r1_0 
    left join
        recipe_stats r1_1 
            on r1_0.recipe_id=r1_1.recipe_id 
    where
        r1_0.recipe_id=?
2025-05-21T01:27:35.223+07:00 DEBUG 7320 --- [http-nio-8080-exec-8] org.hibernate.SQL                        : 
    select
        c1_0.comment_id,
        c1_0.comment_content,
        c1_0.created_at,
        c1_0.recipe_id,
        c1_0.user_id 
    from
        comments c1_0 
    where
        c1_0.recipe_id=?
2025-05-21T01:27:35.227+07:00 DEBUG 7320 --- [http-nio-8080-exec-8] org.hibernate.SQL                        : 
    select
        u1_0.user_id,
        u1_0.avatar_url,
        u1_0.date_of_birth,
        u1_0.email,
        u1_0.firstname,
        u1_0.lastname,
        u1_0.password,
        u1_0.role,
        u1_0.username 
    from
        users u1_0 
    where
        u1_0.user_id=?
2025-05-21T01:27:55.731+07:00 DEBUG 7320 --- [http-nio-8080-exec-1] org.hibernate.SQL                        : 
    select
        r1_0.recipe_id,
        r1_0.author_id,
        r1_0.author_name,
        r1_0.author_url,
        r1_0.avatar_url,
        r1_0.category_name,
        r1_0.category_id,
        r1_0.created_at,
        r1_0.description,
        r1_0.ingredients,
        r1_0.instruction,
        r1_0.name,
        r1_1.average_rating,
        r1_1.comment_count,
        r1_1.like_count,
        r1_1.rate_count,
        r1_1.save_count 
    from
        recipes r1_0 
    left join
        recipe_stats r1_1 
            on r1_0.recipe_id=r1_1.recipe_id 
    where
        r1_0.recipe_id=?
2025-05-21T01:27:55.733+07:00 DEBUG 7320 --- [http-nio-8080-exec-1] org.hibernate.SQL                        : 
    select
        c1_0.comment_id,
        c1_0.comment_content,
        c1_0.created_at,
        c1_0.recipe_id,
        c1_0.user_id 
    from
        comments c1_0 
    where
        c1_0.recipe_id=?
2025-05-21T01:27:55.736+07:00 DEBUG 7320 --- [http-nio-8080-exec-1] org.hibernate.SQL                        : 
    select
        u1_0.user_id,
        u1_0.avatar_url,
        u1_0.date_of_birth,
        u1_0.email,
        u1_0.firstname,
        u1_0.lastname,
        u1_0.password,
        u1_0.role,
        u1_0.username 
    from
        users u1_0 
    where
        u1_0.user_id=?
2025-05-21T01:27:55.738+07:00 DEBUG 7320 --- [http-nio-8080-exec-1] org.hibernate.SQL                        : 
    select
        u1_0.user_id,
        u1_0.avatar_url,
        u1_0.date_of_birth,
        u1_0.email,
        u1_0.firstname,
        u1_0.lastname,
        u1_0.password,
        u1_0.role,
        u1_0.username 
    from
        users u1_0 
    where
        u1_0.user_id=?
2025-05-21T01:27:55.751+07:00 DEBUG 7320 --- [http-nio-8080-exec-7] org.hibernate.SQL                        : 
    select
        l1_0.like_id 
    from
        likes l1_0 
    where
        l1_0.user_id=? 
        and l1_0.recipe_id=? 
    limit
        ?
2025-05-21T01:27:55.751+07:00 DEBUG 7320 --- [http-nio-8080-exec-10] org.hibernate.SQL                        : 
    select
        s1_0.save_id 
    from
        saved s1_0 
    where
        s1_0.user_id=? 
        and s1_0.recipe_id=? 
    limit
        ?
2025-05-21T01:27:55.752+07:00 DEBUG 7320 --- [http-nio-8080-exec-3] org.hibernate.SQL                        : 
    select
        r1_0.recipe_id,
        r1_0.author_id,
        r1_0.author_name,
        r1_0.author_url,
        r1_0.avatar_url,
        r1_0.category_name,
        r1_0.category_id,
        r1_0.created_at,
        r1_0.description,
        r1_0.ingredients,
        r1_0.instruction,
        r1_0.name,
        r1_1.average_rating,
        r1_1.comment_count,
        r1_1.like_count,
        r1_1.rate_count,
        r1_1.save_count 
    from
        recipes r1_0 
    left join
        recipe_stats r1_1 
            on r1_0.recipe_id=r1_1.recipe_id 
    where
        r1_0.recipe_id=?
2025-05-21T01:27:55.755+07:00 DEBUG 7320 --- [http-nio-8080-exec-3] org.hibernate.SQL                        : 
    select
        c1_0.comment_id,
        c1_0.comment_content,
        c1_0.created_at,
        c1_0.recipe_id,
        c1_0.user_id 
    from
        comments c1_0 
    where
        c1_0.recipe_id=?
2025-05-21T01:27:55.759+07:00 DEBUG 7320 --- [http-nio-8080-exec-3] org.hibernate.SQL                        : 
    select
        u1_0.user_id,
        u1_0.avatar_url,
        u1_0.date_of_birth,
        u1_0.email,
        u1_0.firstname,
        u1_0.lastname,
        u1_0.password,
        u1_0.role,
        u1_0.username 
    from
        users u1_0 
    where
        u1_0.user_id=?
2025-05-21T01:27:55.761+07:00 DEBUG 7320 --- [http-nio-8080-exec-3] org.hibernate.SQL                        : 
    select
        u1_0.user_id,
        u1_0.avatar_url,
        u1_0.date_of_birth,
        u1_0.email,
        u1_0.firstname,
        u1_0.lastname,
        u1_0.password,
        u1_0.role,
        u1_0.username 
    from
        users u1_0 
    where
        u1_0.user_id=?
2025-05-21T01:27:55.772+07:00 DEBUG 7320 --- [http-nio-8080-exec-5] org.hibernate.SQL                        : 
    select
        r1_0.recipe_id,
        r1_0.author_id,
        r1_0.author_name,
        r1_0.author_url,
        r1_0.avatar_url,
        r1_0.category_name,
        r1_0.category_id,
        r1_0.created_at,
        r1_0.description,
        r1_0.ingredients,
        r1_0.instruction,
        r1_0.name,
        r1_1.average_rating,
        r1_1.comment_count,
        r1_1.like_count,
        r1_1.rate_count,
        r1_1.save_count 
    from
        recipes r1_0 
    left join
        recipe_stats r1_1 
            on r1_0.recipe_id=r1_1.recipe_id 
    where
        r1_0.recipe_id=?
2025-05-21T01:27:55.775+07:00 DEBUG 7320 --- [http-nio-8080-exec-5] org.hibernate.SQL                        : 
    select
        c1_0.comment_id,
        c1_0.comment_content,
        c1_0.created_at,
        c1_0.recipe_id,
        c1_0.user_id 
    from
        comments c1_0 
    where
        c1_0.recipe_id=?
2025-05-21T01:27:55.777+07:00 DEBUG 7320 --- [http-nio-8080-exec-5] org.hibernate.SQL                        : 
    select
        u1_0.user_id,
        u1_0.avatar_url,
        u1_0.date_of_birth,
        u1_0.email,
        u1_0.firstname,
        u1_0.lastname,
        u1_0.password,
        u1_0.role,
        u1_0.username 
    from
        users u1_0 
    where
        u1_0.user_id=?
2025-05-21T01:27:55.779+07:00 DEBUG 7320 --- [http-nio-8080-exec-5] org.hibernate.SQL                        : 
    select
        u1_0.user_id,
        u1_0.avatar_url,
        u1_0.date_of_birth,
        u1_0.email,
        u1_0.firstname,
        u1_0.lastname,
        u1_0.password,
        u1_0.role,
        u1_0.username 
    from
        users u1_0 
    where
        u1_0.user_id=?
2025-05-21T01:28:31.961+07:00 DEBUG 7320 --- [http-nio-8080-exec-4] org.hibernate.SQL                        : 
    select
        r1_0.recipe_id,
        r1_0.author_id,
        r1_0.author_name,
        r1_0.author_url,
        r1_0.avatar_url,
        r1_0.category_name,
        r1_0.category_id,
        r1_0.created_at,
        r1_0.description,
        r1_0.ingredients,
        r1_0.instruction,
        r1_0.name,
        r1_1.average_rating,
        r1_1.comment_count,
        r1_1.like_count,
        r1_1.rate_count,
        r1_1.save_count 
    from
        recipes r1_0 
    left join
        recipe_stats r1_1 
            on r1_0.recipe_id=r1_1.recipe_id 
    where
        r1_0.recipe_id=?
2025-05-21T01:28:31.966+07:00 DEBUG 7320 --- [http-nio-8080-exec-4] org.hibernate.SQL                        : 
    select
        c1_0.comment_id,
        c1_0.comment_content,
        c1_0.created_at,
        c1_0.recipe_id,
        c1_0.user_id 
    from
        comments c1_0 
    where
        c1_0.recipe_id=?
2025-05-21T01:28:31.968+07:00 DEBUG 7320 --- [http-nio-8080-exec-4] org.hibernate.SQL                        : 
    select
        u1_0.user_id,
        u1_0.avatar_url,
        u1_0.date_of_birth,
        u1_0.email,
        u1_0.firstname,
        u1_0.lastname,
        u1_0.password,
        u1_0.role,
        u1_0.username 
    from
        users u1_0 
    where
        u1_0.user_id=?
2025-05-21T01:28:31.970+07:00 DEBUG 7320 --- [http-nio-8080-exec-4] org.hibernate.SQL                        : 
    select
        u1_0.user_id,
        u1_0.avatar_url,
        u1_0.date_of_birth,
        u1_0.email,
        u1_0.firstname,
        u1_0.lastname,
        u1_0.password,
        u1_0.role,
        u1_0.username 
    from
        users u1_0 
    where
        u1_0.user_id=?
2025-05-21T01:28:31.985+07:00 DEBUG 7320 --- [http-nio-8080-exec-1] org.hibernate.SQL                        : 
    select
        r1_0.recipe_id,
        r1_0.author_id,
        r1_0.author_name,
        r1_0.author_url,
        r1_0.avatar_url,
        r1_0.category_name,
        r1_0.category_id,
        r1_0.created_at,
        r1_0.description,
        r1_0.ingredients,
        r1_0.instruction,
        r1_0.name,
        r1_1.average_rating,
        r1_1.comment_count,
        r1_1.like_count,
        r1_1.rate_count,
        r1_1.save_count 
    from
        recipes r1_0 
    left join
        recipe_stats r1_1 
            on r1_0.recipe_id=r1_1.recipe_id 
    where
        r1_0.recipe_id=?
2025-05-21T01:28:31.986+07:00 DEBUG 7320 --- [http-nio-8080-exec-10] org.hibernate.SQL                        : 
    select
        l1_0.like_id 
    from
        likes l1_0 
    where
        l1_0.user_id=? 
        and l1_0.recipe_id=? 
    limit
        ?
2025-05-21T01:28:31.986+07:00 DEBUG 7320 --- [http-nio-8080-exec-9] org.hibernate.SQL                        : 
    select
        s1_0.save_id 
    from
        saved s1_0 
    where
        s1_0.user_id=? 
        and s1_0.recipe_id=? 
    limit
        ?
2025-05-21T01:28:31.990+07:00 DEBUG 7320 --- [http-nio-8080-exec-1] org.hibernate.SQL                        : 
    select
        c1_0.comment_id,
        c1_0.comment_content,
        c1_0.created_at,
        c1_0.recipe_id,
        c1_0.user_id 
    from
        comments c1_0 
    where
        c1_0.recipe_id=?
2025-05-21T01:28:31.993+07:00 DEBUG 7320 --- [http-nio-8080-exec-1] org.hibernate.SQL                        : 
    select
        u1_0.user_id,
        u1_0.avatar_url,
        u1_0.date_of_birth,
        u1_0.email,
        u1_0.firstname,
        u1_0.lastname,
        u1_0.password,
        u1_0.role,
        u1_0.username 
    from
        users u1_0 
    where
        u1_0.user_id=?
2025-05-21T01:28:31.996+07:00 DEBUG 7320 --- [http-nio-8080-exec-1] org.hibernate.SQL                        : 
    select
        u1_0.user_id,
        u1_0.avatar_url,
        u1_0.date_of_birth,
        u1_0.email,
        u1_0.firstname,
        u1_0.lastname,
        u1_0.password,
        u1_0.role,
        u1_0.username 
    from
        users u1_0 
    where
        u1_0.user_id=?
2025-05-21T01:28:32.010+07:00 DEBUG 7320 --- [http-nio-8080-exec-7] org.hibernate.SQL                        : 
    select
        r1_0.recipe_id,
        r1_0.author_id,
        r1_0.author_name,
        r1_0.author_url,
        r1_0.avatar_url,
        r1_0.category_name,
        r1_0.category_id,
        r1_0.created_at,
        r1_0.description,
        r1_0.ingredients,
        r1_0.instruction,
        r1_0.name,
        r1_1.average_rating,
        r1_1.comment_count,
        r1_1.like_count,
        r1_1.rate_count,
        r1_1.save_count 
    from
        recipes r1_0 
    left join
        recipe_stats r1_1 
            on r1_0.recipe_id=r1_1.recipe_id 
    where
        r1_0.recipe_id=?
2025-05-21T01:28:32.014+07:00 DEBUG 7320 --- [http-nio-8080-exec-7] org.hibernate.SQL                        : 
    select
        c1_0.comment_id,
        c1_0.comment_content,
        c1_0.created_at,
        c1_0.recipe_id,
        c1_0.user_id 
    from
        comments c1_0 
    where
        c1_0.recipe_id=?
2025-05-21T01:28:32.016+07:00 DEBUG 7320 --- [http-nio-8080-exec-7] org.hibernate.SQL                        : 
    select
        u1_0.user_id,
        u1_0.avatar_url,
        u1_0.date_of_birth,
        u1_0.email,
        u1_0.firstname,
        u1_0.lastname,
        u1_0.password,
        u1_0.role,
        u1_0.username 
    from
        users u1_0 
    where
        u1_0.user_id=?
2025-05-21T01:28:32.019+07:00 DEBUG 7320 --- [http-nio-8080-exec-7] org.hibernate.SQL                        : 
    select
        u1_0.user_id,
        u1_0.avatar_url,
        u1_0.date_of_birth,
        u1_0.email,
        u1_0.firstname,
        u1_0.lastname,
        u1_0.password,
        u1_0.role,
        u1_0.username 
    from
        users u1_0 
    where
        u1_0.user_id=?
2025-05-21T01:28:38.579+07:00 DEBUG 7320 --- [http-nio-8080-exec-6] org.hibernate.SQL                        : 
    select
        r1_0.rate_id,
        r1_0.created_at,
        r1_0.rating,
        r1_0.recipe_id,
        r1_0.user_id 
    from
        rates r1_0 
    where
        r1_0.user_id=? 
        and r1_0.recipe_id=?
2025-05-21T01:28:38.589+07:00 DEBUG 7320 --- [http-nio-8080-exec-3] org.hibernate.SQL                        : 
    select
        r1_0.recipe_id,
        r1_0.author_id,
        r1_0.author_name,
        r1_0.author_url,
        r1_0.avatar_url,
        r1_0.category_name,
        r1_0.category_id,
        r1_0.created_at,
        r1_0.description,
        r1_0.ingredients,
        r1_0.instruction,
        r1_0.name,
        r1_1.average_rating,
        r1_1.comment_count,
        r1_1.like_count,
        r1_1.rate_count,
        r1_1.save_count 
    from
        recipes r1_0 
    left join
        recipe_stats r1_1 
            on r1_0.recipe_id=r1_1.recipe_id 
    where
        r1_0.recipe_id=?
2025-05-21T01:28:38.592+07:00 DEBUG 7320 --- [http-nio-8080-exec-3] org.hibernate.SQL                        : 
    select
        c1_0.comment_id,
        c1_0.comment_content,
        c1_0.created_at,
        c1_0.recipe_id,
        c1_0.user_id 
    from
        comments c1_0 
    where
        c1_0.recipe_id=?
2025-05-21T01:28:38.595+07:00 DEBUG 7320 --- [http-nio-8080-exec-3] org.hibernate.SQL                        : 
    select
        u1_0.user_id,
        u1_0.avatar_url,
        u1_0.date_of_birth,
        u1_0.email,
        u1_0.firstname,
        u1_0.lastname,
        u1_0.password,
        u1_0.role,
        u1_0.username 
    from
        users u1_0 
    where
        u1_0.user_id=?
2025-05-21T01:28:38.597+07:00 DEBUG 7320 --- [http-nio-8080-exec-3] org.hibernate.SQL                        : 
    select
        u1_0.user_id,
        u1_0.avatar_url,
        u1_0.date_of_birth,
        u1_0.email,
        u1_0.firstname,
        u1_0.lastname,
        u1_0.password,
        u1_0.role,
        u1_0.username 
    from
        users u1_0 
    where
        u1_0.user_id=?
2025-05-21T01:28:40.301+07:00 DEBUG 7320 --- [http-nio-8080-exec-5] org.hibernate.SQL                        : 
    select
        r1_0.rate_id,
        r1_0.created_at,
        r1_0.rating,
        r1_0.recipe_id,
        r1_0.user_id 
    from
        rates r1_0 
    where
        r1_0.user_id=? 
        and r1_0.recipe_id=?
2025-05-21T01:28:40.303+07:00 DEBUG 7320 --- [http-nio-8080-exec-5] org.hibernate.SQL                        : 
    update
        rates 
    set
        created_at=?,
        rating=?,
        recipe_id=?,
        user_id=? 
    where
        rate_id=?
2025-05-21T01:28:40.313+07:00 DEBUG 7320 --- [http-nio-8080-exec-4] org.hibernate.SQL                        : 
    select
        r1_0.recipe_id,
        r1_0.author_id,
        r1_0.author_name,
        r1_0.author_url,
        r1_0.avatar_url,
        r1_0.category_name,
        r1_0.category_id,
        r1_0.created_at,
        r1_0.description,
        r1_0.ingredients,
        r1_0.instruction,
        r1_0.name,
        r1_1.average_rating,
        r1_1.comment_count,
        r1_1.like_count,
        r1_1.rate_count,
        r1_1.save_count 
    from
        recipes r1_0 
    left join
        recipe_stats r1_1 
            on r1_0.recipe_id=r1_1.recipe_id 
    where
        r1_0.recipe_id=?
2025-05-21T01:28:40.316+07:00 DEBUG 7320 --- [http-nio-8080-exec-4] org.hibernate.SQL                        : 
    select
        c1_0.comment_id,
        c1_0.comment_content,
        c1_0.created_at,
        c1_0.recipe_id,
        c1_0.user_id 
    from
        comments c1_0 
    where
        c1_0.recipe_id=?
2025-05-21T01:28:40.320+07:00 DEBUG 7320 --- [http-nio-8080-exec-4] org.hibernate.SQL                        : 
    select
        u1_0.user_id,
        u1_0.avatar_url,
        u1_0.date_of_birth,
        u1_0.email,
        u1_0.firstname,
        u1_0.lastname,
        u1_0.password,
        u1_0.role,
        u1_0.username 
    from
        users u1_0 
    where
        u1_0.user_id=?
2025-05-21T01:28:40.322+07:00 DEBUG 7320 --- [http-nio-8080-exec-4] org.hibernate.SQL                        : 
    select
        u1_0.user_id,
        u1_0.avatar_url,
        u1_0.date_of_birth,
        u1_0.email,
        u1_0.firstname,
        u1_0.lastname,
        u1_0.password,
        u1_0.role,
        u1_0.username 
    from
        users u1_0 
    where
        u1_0.user_id=?
2025-05-21T01:28:43.023+07:00 DEBUG 7320 --- [http-nio-8080-exec-2] org.hibernate.SQL                        : 
    select
        r1_0.rate_id,
        r1_0.created_at,
        r1_0.rating,
        r1_0.recipe_id,
        r1_0.user_id 
    from
        rates r1_0 
    where
        r1_0.user_id=? 
        and r1_0.recipe_id=?
2025-05-21T01:28:43.026+07:00 DEBUG 7320 --- [http-nio-8080-exec-2] org.hibernate.SQL                        : 
    update
        rates 
    set
        created_at=?,
        rating=?,
        recipe_id=?,
        user_id=? 
    where
        rate_id=?
2025-05-21T01:28:43.037+07:00 DEBUG 7320 --- [http-nio-8080-exec-8] org.hibernate.SQL                        : 
    select
        r1_0.recipe_id,
        r1_0.author_id,
        r1_0.author_name,
        r1_0.author_url,
        r1_0.avatar_url,
        r1_0.category_name,
        r1_0.category_id,
        r1_0.created_at,
        r1_0.description,
        r1_0.ingredients,
        r1_0.instruction,
        r1_0.name,
        r1_1.average_rating,
        r1_1.comment_count,
        r1_1.like_count,
        r1_1.rate_count,
        r1_1.save_count 
    from
        recipes r1_0 
    left join
        recipe_stats r1_1 
            on r1_0.recipe_id=r1_1.recipe_id 
    where
        r1_0.recipe_id=?
2025-05-21T01:28:43.041+07:00 DEBUG 7320 --- [http-nio-8080-exec-8] org.hibernate.SQL                        : 
    select
        c1_0.comment_id,
        c1_0.comment_content,
        c1_0.created_at,
        c1_0.recipe_id,
        c1_0.user_id 
    from
        comments c1_0 
    where
        c1_0.recipe_id=?
2025-05-21T01:28:43.044+07:00 DEBUG 7320 --- [http-nio-8080-exec-8] org.hibernate.SQL                        : 
    select
        u1_0.user_id,
        u1_0.avatar_url,
        u1_0.date_of_birth,
        u1_0.email,
        u1_0.firstname,
        u1_0.lastname,
        u1_0.password,
        u1_0.role,
        u1_0.username 
    from
        users u1_0 
    where
        u1_0.user_id=?
2025-05-21T01:28:43.047+07:00 DEBUG 7320 --- [http-nio-8080-exec-8] org.hibernate.SQL                        : 
    select
        u1_0.user_id,
        u1_0.avatar_url,
        u1_0.date_of_birth,
        u1_0.email,
        u1_0.firstname,
        u1_0.lastname,
        u1_0.password,
        u1_0.role,
        u1_0.username 
    from
        users u1_0 
    where
        u1_0.user_id=?
2025-05-21T01:28:44.300+07:00 DEBUG 7320 --- [http-nio-8080-exec-9] org.hibernate.SQL                        : 
    select
        r1_0.rate_id,
        r1_0.created_at,
        r1_0.rating,
        r1_0.recipe_id,
        r1_0.user_id 
    from
        rates r1_0 
    where
        r1_0.user_id=? 
        and r1_0.recipe_id=?
2025-05-21T01:28:44.303+07:00 DEBUG 7320 --- [http-nio-8080-exec-9] org.hibernate.SQL                        : 
    update
        rates 
    set
        created_at=?,
        rating=?,
        recipe_id=?,
        user_id=? 
    where
        rate_id=?
2025-05-21T01:28:44.313+07:00 DEBUG 7320 --- [http-nio-8080-exec-10] org.hibernate.SQL                        : 
    select
        r1_0.recipe_id,
        r1_0.author_id,
        r1_0.author_name,
        r1_0.author_url,
        r1_0.avatar_url,
        r1_0.category_name,
        r1_0.category_id,
        r1_0.created_at,
        r1_0.description,
        r1_0.ingredients,
        r1_0.instruction,
        r1_0.name,
        r1_1.average_rating,
        r1_1.comment_count,
        r1_1.like_count,
        r1_1.rate_count,
        r1_1.save_count 
    from
        recipes r1_0 
    left join
        recipe_stats r1_1 
            on r1_0.recipe_id=r1_1.recipe_id 
    where
        r1_0.recipe_id=?
2025-05-21T01:28:44.317+07:00 DEBUG 7320 --- [http-nio-8080-exec-10] org.hibernate.SQL                        : 
    select
        c1_0.comment_id,
        c1_0.comment_content,
        c1_0.created_at,
        c1_0.recipe_id,
        c1_0.user_id 
    from
        comments c1_0 
    where
        c1_0.recipe_id=?
2025-05-21T01:28:44.320+07:00 DEBUG 7320 --- [http-nio-8080-exec-10] org.hibernate.SQL                        : 
    select
        u1_0.user_id,
        u1_0.avatar_url,
        u1_0.date_of_birth,
        u1_0.email,
        u1_0.firstname,
        u1_0.lastname,
        u1_0.password,
        u1_0.role,
        u1_0.username 
    from
        users u1_0 
    where
        u1_0.user_id=?
2025-05-21T01:28:44.322+07:00 DEBUG 7320 --- [http-nio-8080-exec-10] org.hibernate.SQL                        : 
    select
        u1_0.user_id,
        u1_0.avatar_url,
        u1_0.date_of_birth,
        u1_0.email,
        u1_0.firstname,
        u1_0.lastname,
        u1_0.password,
        u1_0.role,
        u1_0.username 
    from
        users u1_0 
    where
        u1_0.user_id=?
2025-05-21T01:28:45.681+07:00 DEBUG 7320 --- [http-nio-8080-exec-1] org.hibernate.SQL                        : 
    select
        r1_0.rate_id,
        r1_0.created_at,
        r1_0.rating,
        r1_0.recipe_id,
        r1_0.user_id 
    from
        rates r1_0 
    where
        r1_0.user_id=? 
        and r1_0.recipe_id=?
2025-05-21T01:28:45.684+07:00 DEBUG 7320 --- [http-nio-8080-exec-1] org.hibernate.SQL                        : 
    update
        rates 
    set
        created_at=?,
        rating=?,
        recipe_id=?,
        user_id=? 
    where
        rate_id=?
2025-05-21T01:28:45.695+07:00 DEBUG 7320 --- [http-nio-8080-exec-7] org.hibernate.SQL                        : 
    select
        r1_0.recipe_id,
        r1_0.author_id,
        r1_0.author_name,
        r1_0.author_url,
        r1_0.avatar_url,
        r1_0.category_name,
        r1_0.category_id,
        r1_0.created_at,
        r1_0.description,
        r1_0.ingredients,
        r1_0.instruction,
        r1_0.name,
        r1_1.average_rating,
        r1_1.comment_count,
        r1_1.like_count,
        r1_1.rate_count,
        r1_1.save_count 
    from
        recipes r1_0 
    left join
        recipe_stats r1_1 
            on r1_0.recipe_id=r1_1.recipe_id 
    where
        r1_0.recipe_id=?
2025-05-21T01:28:45.700+07:00 DEBUG 7320 --- [http-nio-8080-exec-7] org.hibernate.SQL                        : 
    select
        c1_0.comment_id,
        c1_0.comment_content,
        c1_0.created_at,
        c1_0.recipe_id,
        c1_0.user_id 
    from
        comments c1_0 
    where
        c1_0.recipe_id=?
2025-05-21T01:28:45.703+07:00 DEBUG 7320 --- [http-nio-8080-exec-7] org.hibernate.SQL                        : 
    select
        u1_0.user_id,
        u1_0.avatar_url,
        u1_0.date_of_birth,
        u1_0.email,
        u1_0.firstname,
        u1_0.lastname,
        u1_0.password,
        u1_0.role,
        u1_0.username 
    from
        users u1_0 
    where
        u1_0.user_id=?
2025-05-21T01:28:45.706+07:00 DEBUG 7320 --- [http-nio-8080-exec-7] org.hibernate.SQL                        : 
    select
        u1_0.user_id,
        u1_0.avatar_url,
        u1_0.date_of_birth,
        u1_0.email,
        u1_0.firstname,
        u1_0.lastname,
        u1_0.password,
        u1_0.role,
        u1_0.username 
    from
        users u1_0 
    where
        u1_0.user_id=?
2025-05-21T01:38:09.506+07:00  INFO 7320 --- [SpringApplicationShutdownHook] o.s.b.w.e.tomcat.GracefulShutdown        : Commencing graceful shutdown. Waiting for active requests to complete
2025-05-21T01:38:09.511+07:00  INFO 7320 --- [tomcat-shutdown] o.s.b.w.e.tomcat.GracefulShutdown        : Graceful shutdown complete
2025-05-21T01:38:09.537+07:00  INFO 7320 --- [SpringApplicationShutdownHook] j.LocalContainerEntityManagerFactoryBean : Closing JPA EntityManagerFactory for persistence unit 'default'
2025-05-21T01:38:09.539+07:00  INFO 7320 --- [SpringApplicationShutdownHook] com.zaxxer.hikari.HikariDataSource       : HikariPool-1 - Shutdown initiated...
2025-05-21T01:38:09.545+07:00  INFO 7320 --- [SpringApplicationShutdownHook] com.zaxxer.hikari.HikariDataSource       : HikariPool-1 - Shutdown completed.
2025-05-21T01:38:12.997+07:00  INFO 12828 --- [restartedMain] o.e.r.RecipeSharingWebsiteApplication    : Starting RecipeSharingWebsiteApplication using Java 23 with PID 12828 (C:\RecipeSharing\target\classes started by haiye in C:\RecipeSharing)
2025-05-21T01:38:13.002+07:00  INFO 12828 --- [restartedMain] o.e.r.RecipeSharingWebsiteApplication    : No active profile set, falling back to 1 default profile: "default"
2025-05-21T01:38:13.150+07:00  INFO 12828 --- [restartedMain] .e.DevToolsPropertyDefaultsPostProcessor : Devtools property defaults active! Set 'spring.devtools.add-properties' to 'false' to disable
2025-05-21T01:38:13.150+07:00  INFO 12828 --- [restartedMain] .e.DevToolsPropertyDefaultsPostProcessor : For additional web related logging consider setting the 'logging.level.web' property to 'DEBUG'
2025-05-21T01:38:14.604+07:00  INFO 12828 --- [restartedMain] .s.d.r.c.RepositoryConfigurationDelegate : Bootstrapping Spring Data JPA repositories in DEFAULT mode.
2025-05-21T01:38:14.802+07:00  INFO 12828 --- [restartedMain] .s.d.r.c.RepositoryConfigurationDelegate : Finished Spring Data repository scanning in 184 ms. Found 10 JPA repository interfaces.
2025-05-21T01:38:15.658+07:00  INFO 12828 --- [restartedMain] o.s.b.w.embedded.tomcat.TomcatWebServer  : Tomcat initialized with port 8080 (http)
2025-05-21T01:38:15.673+07:00  INFO 12828 --- [restartedMain] o.apache.catalina.core.StandardService   : Starting service [Tomcat]
2025-05-21T01:38:15.674+07:00  INFO 12828 --- [restartedMain] o.apache.catalina.core.StandardEngine    : Starting Servlet engine: [Apache Tomcat/10.1.40]
2025-05-21T01:38:15.728+07:00  INFO 12828 --- [restartedMain] o.a.c.c.C.[Tomcat].[localhost].[/]       : Initializing Spring embedded WebApplicationContext
2025-05-21T01:38:15.728+07:00  INFO 12828 --- [restartedMain] w.s.c.ServletWebServerApplicationContext : Root WebApplicationContext: initialization completed in 2577 ms
2025-05-21T01:38:16.095+07:00  INFO 12828 --- [restartedMain] o.hibernate.jpa.internal.util.LogHelper  : HHH000204: Processing PersistenceUnitInfo [name: default]
2025-05-21T01:38:16.143+07:00  INFO 12828 --- [restartedMain] org.hibernate.Version                    : HHH000412: Hibernate ORM core version 6.6.13.Final
2025-05-21T01:38:16.176+07:00  INFO 12828 --- [restartedMain] o.h.c.internal.RegionFactoryInitiator    : HHH000026: Second-level cache disabled
2025-05-21T01:38:16.431+07:00  INFO 12828 --- [restartedMain] o.s.o.j.p.SpringPersistenceUnitInfo      : No LoadTimeWeaver setup: ignoring JPA class transformer
2025-05-21T01:38:16.456+07:00  INFO 12828 --- [restartedMain] com.zaxxer.hikari.HikariDataSource       : HikariPool-1 - Starting...
2025-05-21T01:38:16.592+07:00  INFO 12828 --- [restartedMain] com.zaxxer.hikari.pool.HikariPool        : HikariPool-1 - Added connection com.mysql.cj.jdbc.ConnectionImpl@4f129aa2
2025-05-21T01:38:16.594+07:00  INFO 12828 --- [restartedMain] com.zaxxer.hikari.HikariDataSource       : HikariPool-1 - Start completed.
2025-05-21T01:38:16.612+07:00  WARN 12828 --- [restartedMain] org.hibernate.orm.deprecation            : HHH90000025: MySQL8Dialect does not need to be specified explicitly using 'hibernate.dialect' (remove the property setting and it will be selected by default)
2025-05-21T01:38:16.613+07:00  WARN 12828 --- [restartedMain] org.hibernate.orm.deprecation            : HHH90000026: MySQL8Dialect has been deprecated; use org.hibernate.dialect.MySQLDialect instead
2025-05-21T01:38:16.628+07:00  INFO 12828 --- [restartedMain] org.hibernate.orm.connections.pooling    : HHH10001005: Database info:
	Database JDBC URL [Connecting through datasource 'HikariDataSource (HikariPool-1)']
	Database driver: undefined/unknown
	Database version: 8.0
	Autocommit mode: undefined/unknown
	Isolation level: undefined/unknown
	Minimum pool size: undefined/unknown
	Maximum pool size: undefined/unknown
2025-05-21T01:38:17.595+07:00  INFO 12828 --- [restartedMain] o.h.e.t.j.p.i.JtaPlatformInitiator       : HHH000489: No JTA platform available (set 'hibernate.transaction.jta.platform' to enable JTA platform integration)
2025-05-21T01:38:17.599+07:00  INFO 12828 --- [restartedMain] j.LocalContainerEntityManagerFactoryBean : Initialized JPA EntityManagerFactory for persistence unit 'default'
2025-05-21T01:38:18.170+07:00  INFO 12828 --- [restartedMain] o.s.d.j.r.query.QueryEnhancerFactory     : Hibernate is in classpath; If applicable, HQL parser will be used.
2025-05-21T01:38:18.733+07:00  WARN 12828 --- [restartedMain] JpaBaseConfiguration$JpaWebConfiguration : spring.jpa.open-in-view is enabled by default. Therefore, database queries may be performed during view rendering. Explicitly configure spring.jpa.open-in-view to disable this warning
2025-05-21T01:38:18.792+07:00  INFO 12828 --- [restartedMain] r$InitializeUserDetailsManagerConfigurer : Global AuthenticationManager configured with UserDetailsService bean with name userDetailsService
2025-05-21T01:38:18.874+07:00  INFO 12828 --- [restartedMain] o.s.b.a.w.s.WelcomePageHandlerMapping    : Adding welcome page template: index
2025-05-21T01:38:19.273+07:00  INFO 12828 --- [restartedMain] o.s.b.a.e.web.EndpointLinksResolver      : Exposing 1 endpoint beneath base path '/actuator'
2025-05-21T01:38:19.760+07:00  INFO 12828 --- [restartedMain] o.s.b.a.h2.H2ConsoleAutoConfiguration    : H2 console available at '/h2-console'. Database available at 'jdbc:mysql://localhost:3307/cnpm'
2025-05-21T01:38:19.880+07:00  INFO 12828 --- [restartedMain] .w.s.a.s.AnnotationActionEndpointMapping : Supporting [WS-Addressing August 2004, WS-Addressing 1.0]
2025-05-21T01:38:19.943+07:00  INFO 12828 --- [restartedMain] o.s.b.d.a.OptionalLiveReloadServer       : LiveReload server is running on port 35729
2025-05-21T01:38:20.072+07:00  INFO 12828 --- [restartedMain] o.s.b.w.embedded.tomcat.TomcatWebServer  : Tomcat started on port 8080 (http) with context path '/'
2025-05-21T01:38:20.083+07:00  INFO 12828 --- [restartedMain] o.e.r.RecipeSharingWebsiteApplication    : Started RecipeSharingWebsiteApplication in 7.991 seconds (process running for 9.569)
2025-05-21T01:38:20.578+07:00  INFO 12828 --- [RMI TCP Connection(4)-172.21.176.1] o.a.c.c.C.[Tomcat].[localhost].[/]       : Initializing Spring DispatcherServlet 'dispatcherServlet'
2025-05-21T01:38:20.579+07:00  INFO 12828 --- [RMI TCP Connection(4)-172.21.176.1] o.s.web.servlet.DispatcherServlet        : Initializing Servlet 'dispatcherServlet'
2025-05-21T01:38:20.583+07:00  INFO 12828 --- [RMI TCP Connection(4)-172.21.176.1] o.s.web.servlet.DispatcherServlet        : Completed initialization in 4 ms
2025-05-21T01:38:29.839+07:00 DEBUG 12828 --- [http-nio-8080-exec-4] org.hibernate.SQL                        : 
    select
        u1_0.user_id,
        u1_0.avatar_url,
        u1_0.date_of_birth,
        u1_0.email,
        u1_0.firstname,
        u1_0.lastname,
        u1_0.password,
        u1_0.role,
        u1_0.username 
    from
        users u1_0 
    where
        u1_0.username=? 
        or u1_0.email=?
2025-05-21T01:38:30.122+07:00 DEBUG 12828 --- [http-nio-8080-exec-5] org.hibernate.SQL                        : 
    select
        u1_0.user_id,
        u1_0.avatar_url,
        u1_0.date_of_birth,
        u1_0.email,
        u1_0.firstname,
        u1_0.lastname,
        u1_0.password,
        u1_0.role,
        u1_0.username 
    from
        users u1_0 
    where
        u1_0.username=?
2025-05-21T01:38:30.130+07:00 DEBUG 12828 --- [http-nio-8080-exec-5] org.hibernate.SQL                        : 
    select
        f1_0.follow_id,
        f1_0.follow_time,
        f1_0.follower_id,
        f1_0.following_id 
    from
        follows f1_0 
    where
        f1_0.following_id=?
2025-05-21T01:38:30.164+07:00 DEBUG 12828 --- [http-nio-8080-exec-5] org.hibernate.SQL                        : 
    select
        u1_0.user_id,
        u1_0.avatar_url,
        u1_0.date_of_birth,
        u1_0.email,
        u1_0.firstname,
        u1_0.lastname,
        u1_0.password,
        u1_0.role,
        u1_0.username 
    from
        users u1_0 
    where
        u1_0.user_id=?
2025-05-21T01:38:30.174+07:00 DEBUG 12828 --- [http-nio-8080-exec-5] org.hibernate.SQL                        : 
    select
        f1_0.follow_id,
        f1_0.follow_time,
        f1_0.follower_id,
        f1_0.following_id 
    from
        follows f1_0 
    where
        f1_0.follower_id=?
2025-05-21T01:38:30.179+07:00 DEBUG 12828 --- [http-nio-8080-exec-5] org.hibernate.SQL                        : 
    select
        u1_0.user_id,
        u1_0.avatar_url,
        u1_0.date_of_birth,
        u1_0.email,
        u1_0.firstname,
        u1_0.lastname,
        u1_0.password,
        u1_0.role,
        u1_0.username 
    from
        users u1_0 
    where
        u1_0.user_id=?
2025-05-21T01:38:30.191+07:00 DEBUG 12828 --- [http-nio-8080-exec-5] org.hibernate.SQL                        : 
    select
        r1_0.recipe_id,
        r1_0.author_id,
        r1_0.author_name,
        r1_0.author_url,
        r1_0.avatar_url,
        r1_0.category_name,
        r1_0.category_id,
        r1_0.created_at,
        r1_0.description,
        r1_0.ingredients,
        r1_0.instruction,
        r1_0.name,
        r1_1.average_rating,
        r1_1.comment_count,
        r1_1.like_count,
        r1_1.rate_count,
        r1_1.save_count 
    from
        recipes r1_0 
    left join
        recipe_stats r1_1 
            on r1_0.recipe_id=r1_1.recipe_id 
    where
        r1_0.author_id=? 
    order by
        r1_0.created_at desc
2025-05-21T01:38:30.223+07:00 DEBUG 12828 --- [http-nio-8080-exec-5] org.hibernate.SQL                        : 
    select
        avg(r1_0.rating) 
    from
        rates r1_0 
    where
        r1_0.recipe_id=?
2025-05-21T01:38:30.227+07:00 DEBUG 12828 --- [http-nio-8080-exec-5] org.hibernate.SQL                        : 
    select
        avg(r1_0.rating) 
    from
        rates r1_0 
    where
        r1_0.recipe_id=?
2025-05-21T01:38:30.229+07:00 DEBUG 12828 --- [http-nio-8080-exec-5] org.hibernate.SQL                        : 
    select
        avg(r1_0.rating) 
    from
        rates r1_0 
    where
        r1_0.recipe_id=?
2025-05-21T01:38:30.232+07:00 DEBUG 12828 --- [http-nio-8080-exec-5] org.hibernate.SQL                        : 
    select
        u1_0.user_id,
        u1_0.avatar_url,
        u1_0.date_of_birth,
        u1_0.email,
        u1_0.firstname,
        u1_0.lastname,
        u1_0.password,
        u1_0.role,
        u1_0.username 
    from
        users u1_0 
    where
        u1_0.username=?
2025-05-21T01:38:30.240+07:00 DEBUG 12828 --- [http-nio-8080-exec-5] org.hibernate.SQL                        : 
    select
        r1_0.recipe_id,
        r1_0.author_id,
        r1_0.author_name,
        r1_0.author_url,
        r1_0.avatar_url,
        r1_0.category_name,
        r1_0.category_id,
        r1_0.created_at,
        r1_0.description,
        r1_0.ingredients,
        r1_0.instruction,
        r1_0.name,
        r1_1.average_rating,
        r1_1.comment_count,
        r1_1.like_count,
        r1_1.rate_count,
        r1_1.save_count 
    from
        recipes r1_0 
    left join
        recipe_stats r1_1 
            on r1_0.recipe_id=r1_1.recipe_id 
    where
        r1_0.author_id=? 
    order by
        r1_0.created_at desc
2025-05-21T01:38:30.244+07:00 DEBUG 12828 --- [http-nio-8080-exec-5] org.hibernate.SQL                        : 
    select
        avg(r1_0.rating) 
    from
        rates r1_0 
    where
        r1_0.recipe_id=?
2025-05-21T01:38:30.250+07:00 DEBUG 12828 --- [http-nio-8080-exec-5] org.hibernate.SQL                        : 
    select
        count(l1_0.like_id) 
    from
        likes l1_0 
    where
        l1_0.recipe_id=?
2025-05-21T01:38:30.253+07:00 DEBUG 12828 --- [http-nio-8080-exec-5] org.hibernate.SQL                        : 
    select
        avg(r1_0.rating) 
    from
        rates r1_0 
    where
        r1_0.recipe_id=?
2025-05-21T01:38:30.255+07:00 DEBUG 12828 --- [http-nio-8080-exec-5] org.hibernate.SQL                        : 
    select
        count(l1_0.like_id) 
    from
        likes l1_0 
    where
        l1_0.recipe_id=?
2025-05-21T01:38:30.259+07:00 DEBUG 12828 --- [http-nio-8080-exec-5] org.hibernate.SQL                        : 
    select
        avg(r1_0.rating) 
    from
        rates r1_0 
    where
        r1_0.recipe_id=?
2025-05-21T01:38:30.262+07:00 DEBUG 12828 --- [http-nio-8080-exec-5] org.hibernate.SQL                        : 
    select
        count(l1_0.like_id) 
    from
        likes l1_0 
    where
        l1_0.recipe_id=?
2025-05-21T01:38:30.267+07:00 DEBUG 12828 --- [http-nio-8080-exec-5] org.hibernate.SQL                        : 
    select
        u1_0.user_id,
        u1_0.avatar_url,
        u1_0.date_of_birth,
        u1_0.email,
        u1_0.firstname,
        u1_0.lastname,
        u1_0.password,
        u1_0.role,
        u1_0.username 
    from
        users u1_0 
    where
        u1_0.username=?
2025-05-21T01:38:30.271+07:00 DEBUG 12828 --- [http-nio-8080-exec-5] org.hibernate.SQL                        : 
    select
        s1_0.save_id,
        s1_0.created_at,
        s1_0.recipe_id,
        s1_0.user_id 
    from
        saved s1_0 
    where
        s1_0.user_id=?
2025-05-21T01:38:30.278+07:00 DEBUG 12828 --- [http-nio-8080-exec-5] org.hibernate.SQL                        : 
    select
        r1_0.recipe_id,
        r1_0.author_id,
        r1_0.author_name,
        r1_0.author_url,
        r1_0.avatar_url,
        r1_0.category_name,
        r1_0.category_id,
        r1_0.created_at,
        r1_0.description,
        r1_0.ingredients,
        r1_0.instruction,
        r1_0.name,
        r1_1.average_rating,
        r1_1.comment_count,
        r1_1.like_count,
        r1_1.rate_count,
        r1_1.save_count 
    from
        recipes r1_0 
    left join
        recipe_stats r1_1 
            on r1_0.recipe_id=r1_1.recipe_id 
    where
        r1_0.recipe_id=?
2025-05-21T01:38:30.284+07:00 DEBUG 12828 --- [http-nio-8080-exec-5] org.hibernate.SQL                        : 
    select
        r1_0.recipe_id,
        r1_0.author_id,
        r1_0.author_name,
        r1_0.author_url,
        r1_0.avatar_url,
        r1_0.category_name,
        r1_0.category_id,
        r1_0.created_at,
        r1_0.description,
        r1_0.ingredients,
        r1_0.instruction,
        r1_0.name,
        r1_1.average_rating,
        r1_1.comment_count,
        r1_1.like_count,
        r1_1.rate_count,
        r1_1.save_count 
    from
        recipes r1_0 
    left join
        recipe_stats r1_1 
            on r1_0.recipe_id=r1_1.recipe_id 
    where
        r1_0.recipe_id=?
2025-05-21T01:38:30.295+07:00 DEBUG 12828 --- [http-nio-8080-exec-5] org.hibernate.SQL                        : 
    select
        avg(r1_0.rating) 
    from
        rates r1_0 
    where
        r1_0.recipe_id=?
2025-05-21T01:38:30.298+07:00 DEBUG 12828 --- [http-nio-8080-exec-5] org.hibernate.SQL                        : 
    select
        count(l1_0.like_id) 
    from
        likes l1_0 
    where
        l1_0.recipe_id=?
2025-05-21T01:38:30.300+07:00 DEBUG 12828 --- [http-nio-8080-exec-5] org.hibernate.SQL                        : 
    select
        avg(r1_0.rating) 
    from
        rates r1_0 
    where
        r1_0.recipe_id=?
2025-05-21T01:38:30.303+07:00 DEBUG 12828 --- [http-nio-8080-exec-5] org.hibernate.SQL                        : 
    select
        count(l1_0.like_id) 
    from
        likes l1_0 
    where
        l1_0.recipe_id=?
2025-05-21T01:38:30.305+07:00 DEBUG 12828 --- [http-nio-8080-exec-5] org.hibernate.SQL                        : 
    select
        avg(r1_0.rating) 
    from
        rates r1_0 
    where
        r1_0.recipe_id=?
2025-05-21T01:38:30.308+07:00 DEBUG 12828 --- [http-nio-8080-exec-5] org.hibernate.SQL                        : 
    select
        count(l1_0.like_id) 
    from
        likes l1_0 
    where
        l1_0.recipe_id=?
2025-05-21T01:38:30.310+07:00 DEBUG 12828 --- [http-nio-8080-exec-5] org.hibernate.SQL                        : 
    select
        u1_0.user_id,
        u1_0.avatar_url,
        u1_0.date_of_birth,
        u1_0.email,
        u1_0.firstname,
        u1_0.lastname,
        u1_0.password,
        u1_0.role,
        u1_0.username 
    from
        users u1_0 
    where
        u1_0.username=?
2025-05-21T01:38:30.316+07:00 DEBUG 12828 --- [http-nio-8080-exec-5] org.hibernate.SQL                        : 
    select
        l1_0.like_id,
        l1_0.created_at,
        l1_0.recipe_id,
        l1_0.user_id 
    from
        likes l1_0 
    where
        l1_0.user_id=?
2025-05-21T01:38:30.323+07:00 DEBUG 12828 --- [http-nio-8080-exec-5] org.hibernate.SQL                        : 
    select
        avg(r1_0.rating) 
    from
        rates r1_0 
    where
        r1_0.recipe_id=?
2025-05-21T01:38:30.326+07:00 DEBUG 12828 --- [http-nio-8080-exec-5] org.hibernate.SQL                        : 
    select
        count(l1_0.like_id) 
    from
        likes l1_0 
    where
        l1_0.recipe_id=?
2025-05-21T01:38:30.328+07:00 DEBUG 12828 --- [http-nio-8080-exec-5] org.hibernate.SQL                        : 
    select
        avg(r1_0.rating) 
    from
        rates r1_0 
    where
        r1_0.recipe_id=?
2025-05-21T01:38:30.332+07:00 DEBUG 12828 --- [http-nio-8080-exec-5] org.hibernate.SQL                        : 
    select
        count(l1_0.like_id) 
    from
        likes l1_0 
    where
        l1_0.recipe_id=?
2025-05-21T01:38:30.593+07:00  WARN 12828 --- [http-nio-8080-exec-2] .m.m.a.ExceptionHandlerExceptionResolver : Resolved [org.springframework.web.servlet.resource.NoResourceFoundException: No static resource favicon.ico.]
2025-05-21T01:38:36.112+07:00 DEBUG 12828 --- [http-nio-8080-exec-7] org.hibernate.SQL                        : 
    select
        r1_0.recipe_id,
        r1_0.author_id,
        r1_0.author_name,
        r1_0.author_url,
        r1_0.avatar_url,
        r1_0.category_name,
        r1_0.category_id,
        r1_0.created_at,
        r1_0.description,
        r1_0.ingredients,
        r1_0.instruction,
        r1_0.name,
        r1_1.average_rating,
        r1_1.comment_count,
        r1_1.like_count,
        r1_1.rate_count,
        r1_1.save_count 
    from
        recipes r1_0 
    left join
        recipe_stats r1_1 
            on r1_0.recipe_id=r1_1.recipe_id 
    where
        r1_0.recipe_id=?
2025-05-21T01:38:36.122+07:00 DEBUG 12828 --- [http-nio-8080-exec-7] org.hibernate.SQL                        : 
    select
        c1_0.comment_id,
        c1_0.comment_content,
        c1_0.created_at,
        c1_0.recipe_id,
        c1_0.user_id 
    from
        comments c1_0 
    where
        c1_0.recipe_id=?
2025-05-21T01:38:36.128+07:00 DEBUG 12828 --- [http-nio-8080-exec-7] org.hibernate.SQL                        : 
    select
        u1_0.user_id,
        u1_0.avatar_url,
        u1_0.date_of_birth,
        u1_0.email,
        u1_0.firstname,
        u1_0.lastname,
        u1_0.password,
        u1_0.role,
        u1_0.username 
    from
        users u1_0 
    where
        u1_0.user_id=?
2025-05-21T01:38:36.133+07:00 DEBUG 12828 --- [http-nio-8080-exec-7] org.hibernate.SQL                        : 
    select
        u1_0.user_id,
        u1_0.avatar_url,
        u1_0.date_of_birth,
        u1_0.email,
        u1_0.firstname,
        u1_0.lastname,
        u1_0.password,
        u1_0.role,
        u1_0.username 
    from
        users u1_0 
    where
        u1_0.user_id=?
2025-05-21T01:38:36.174+07:00 DEBUG 12828 --- [http-nio-8080-exec-3] org.hibernate.SQL                        : 
    select
        r1_0.recipe_id,
        r1_0.author_id,
        r1_0.author_name,
        r1_0.author_url,
        r1_0.avatar_url,
        r1_0.category_name,
        r1_0.category_id,
        r1_0.created_at,
        r1_0.description,
        r1_0.ingredients,
        r1_0.instruction,
        r1_0.name,
        r1_1.average_rating,
        r1_1.comment_count,
        r1_1.like_count,
        r1_1.rate_count,
        r1_1.save_count 
    from
        recipes r1_0 
    left join
        recipe_stats r1_1 
            on r1_0.recipe_id=r1_1.recipe_id 
    where
        r1_0.recipe_id=?
2025-05-21T01:38:36.182+07:00 DEBUG 12828 --- [http-nio-8080-exec-3] org.hibernate.SQL                        : 
    select
        c1_0.comment_id,
        c1_0.comment_content,
        c1_0.created_at,
        c1_0.recipe_id,
        c1_0.user_id 
    from
        comments c1_0 
    where
        c1_0.recipe_id=?
2025-05-21T01:38:36.188+07:00 DEBUG 12828 --- [http-nio-8080-exec-3] org.hibernate.SQL                        : 
    select
        u1_0.user_id,
        u1_0.avatar_url,
        u1_0.date_of_birth,
        u1_0.email,
        u1_0.firstname,
        u1_0.lastname,
        u1_0.password,
        u1_0.role,
        u1_0.username 
    from
        users u1_0 
    where
        u1_0.user_id=?
2025-05-21T01:38:36.192+07:00 DEBUG 12828 --- [http-nio-8080-exec-3] org.hibernate.SQL                        : 
    select
        u1_0.user_id,
        u1_0.avatar_url,
        u1_0.date_of_birth,
        u1_0.email,
        u1_0.firstname,
        u1_0.lastname,
        u1_0.password,
        u1_0.role,
        u1_0.username 
    from
        users u1_0 
    where
        u1_0.user_id=?
2025-05-21T01:38:36.200+07:00 DEBUG 12828 --- [http-nio-8080-exec-6] org.hibernate.SQL                        : 
    select
        s1_0.save_id 
    from
        saved s1_0 
    where
        s1_0.user_id=? 
        and s1_0.recipe_id=? 
    limit
        ?
2025-05-21T01:38:36.200+07:00 DEBUG 12828 --- [http-nio-8080-exec-8] org.hibernate.SQL                        : 
    select
        l1_0.like_id 
    from
        likes l1_0 
    where
        l1_0.user_id=? 
        and l1_0.recipe_id=? 
    limit
        ?
2025-05-21T01:38:36.205+07:00 DEBUG 12828 --- [http-nio-8080-exec-10] org.hibernate.SQL                        : 
    select
        r1_0.recipe_id,
        r1_0.author_id,
        r1_0.author_name,
        r1_0.author_url,
        r1_0.avatar_url,
        r1_0.category_name,
        r1_0.category_id,
        r1_0.created_at,
        r1_0.description,
        r1_0.ingredients,
        r1_0.instruction,
        r1_0.name,
        r1_1.average_rating,
        r1_1.comment_count,
        r1_1.like_count,
        r1_1.rate_count,
        r1_1.save_count 
    from
        recipes r1_0 
    left join
        recipe_stats r1_1 
            on r1_0.recipe_id=r1_1.recipe_id 
    where
        r1_0.recipe_id=?
2025-05-21T01:38:36.211+07:00 DEBUG 12828 --- [http-nio-8080-exec-10] org.hibernate.SQL                        : 
    select
        c1_0.comment_id,
        c1_0.comment_content,
        c1_0.created_at,
        c1_0.recipe_id,
        c1_0.user_id 
    from
        comments c1_0 
    where
        c1_0.recipe_id=?
2025-05-21T01:38:36.217+07:00 DEBUG 12828 --- [http-nio-8080-exec-10] org.hibernate.SQL                        : 
    select
        u1_0.user_id,
        u1_0.avatar_url,
        u1_0.date_of_birth,
        u1_0.email,
        u1_0.firstname,
        u1_0.lastname,
        u1_0.password,
        u1_0.role,
        u1_0.username 
    from
        users u1_0 
    where
        u1_0.user_id=?
2025-05-21T01:38:36.221+07:00 DEBUG 12828 --- [http-nio-8080-exec-10] org.hibernate.SQL                        : 
    select
        u1_0.user_id,
        u1_0.avatar_url,
        u1_0.date_of_birth,
        u1_0.email,
        u1_0.firstname,
        u1_0.lastname,
        u1_0.password,
        u1_0.role,
        u1_0.username 
    from
        users u1_0 
    where
        u1_0.user_id=?
2025-05-21T01:38:43.799+07:00 DEBUG 12828 --- [http-nio-8080-exec-9] org.hibernate.SQL                        : 
    select
        r1_0.recipe_id,
        r1_0.author_id,
        r1_0.author_name,
        r1_0.author_url,
        r1_0.avatar_url,
        r1_0.category_name,
        r1_0.category_id,
        r1_0.created_at,
        r1_0.description,
        r1_0.ingredients,
        r1_0.instruction,
        r1_0.name,
        r1_1.average_rating,
        r1_1.comment_count,
        r1_1.like_count,
        r1_1.rate_count,
        r1_1.save_count 
    from
        recipes r1_0 
    left join
        recipe_stats r1_1 
            on r1_0.recipe_id=r1_1.recipe_id 
    where
        r1_0.recipe_id=?
2025-05-21T01:38:43.806+07:00 DEBUG 12828 --- [http-nio-8080-exec-9] org.hibernate.SQL                        : 
    select
        c1_0.comment_id,
        c1_0.comment_content,
        c1_0.created_at,
        c1_0.recipe_id,
        c1_0.user_id 
    from
        comments c1_0 
    where
        c1_0.recipe_id=?
2025-05-21T01:38:43.810+07:00 DEBUG 12828 --- [http-nio-8080-exec-9] org.hibernate.SQL                        : 
    select
        u1_0.user_id,
        u1_0.avatar_url,
        u1_0.date_of_birth,
        u1_0.email,
        u1_0.firstname,
        u1_0.lastname,
        u1_0.password,
        u1_0.role,
        u1_0.username 
    from
        users u1_0 
    where
        u1_0.user_id=?
2025-05-21T01:38:43.814+07:00 DEBUG 12828 --- [http-nio-8080-exec-9] org.hibernate.SQL                        : 
    select
        u1_0.user_id,
        u1_0.avatar_url,
        u1_0.date_of_birth,
        u1_0.email,
        u1_0.firstname,
        u1_0.lastname,
        u1_0.password,
        u1_0.role,
        u1_0.username 
    from
        users u1_0 
    where
        u1_0.user_id=?
2025-05-21T01:38:43.833+07:00 DEBUG 12828 --- [http-nio-8080-exec-7] org.hibernate.SQL                        : 
    select
        r1_0.recipe_id,
        r1_0.author_id,
        r1_0.author_name,
        r1_0.author_url,
        r1_0.avatar_url,
        r1_0.category_name,
        r1_0.category_id,
        r1_0.created_at,
        r1_0.description,
        r1_0.ingredients,
        r1_0.instruction,
        r1_0.name,
        r1_1.average_rating,
        r1_1.comment_count,
        r1_1.like_count,
        r1_1.rate_count,
        r1_1.save_count 
    from
        recipes r1_0 
    left join
        recipe_stats r1_1 
            on r1_0.recipe_id=r1_1.recipe_id 
    where
        r1_0.recipe_id=?
2025-05-21T01:38:43.837+07:00 DEBUG 12828 --- [http-nio-8080-exec-5] org.hibernate.SQL                        : 
    select
        s1_0.save_id 
    from
        saved s1_0 
    where
        s1_0.user_id=? 
        and s1_0.recipe_id=? 
    limit
        ?
2025-05-21T01:38:43.837+07:00 DEBUG 12828 --- [http-nio-8080-exec-4] org.hibernate.SQL                        : 
    select
        l1_0.like_id 
    from
        likes l1_0 
    where
        l1_0.user_id=? 
        and l1_0.recipe_id=? 
    limit
        ?
2025-05-21T01:38:43.844+07:00 DEBUG 12828 --- [http-nio-8080-exec-7] org.hibernate.SQL                        : 
    select
        c1_0.comment_id,
        c1_0.comment_content,
        c1_0.created_at,
        c1_0.recipe_id,
        c1_0.user_id 
    from
        comments c1_0 
    where
        c1_0.recipe_id=?
2025-05-21T01:38:43.869+07:00 DEBUG 12828 --- [http-nio-8080-exec-7] org.hibernate.SQL                        : 
    select
        u1_0.user_id,
        u1_0.avatar_url,
        u1_0.date_of_birth,
        u1_0.email,
        u1_0.firstname,
        u1_0.lastname,
        u1_0.password,
        u1_0.role,
        u1_0.username 
    from
        users u1_0 
    where
        u1_0.user_id=?
2025-05-21T01:38:43.874+07:00 DEBUG 12828 --- [http-nio-8080-exec-7] org.hibernate.SQL                        : 
    select
        u1_0.user_id,
        u1_0.avatar_url,
        u1_0.date_of_birth,
        u1_0.email,
        u1_0.firstname,
        u1_0.lastname,
        u1_0.password,
        u1_0.role,
        u1_0.username 
    from
        users u1_0 
    where
        u1_0.user_id=?
2025-05-21T01:38:43.889+07:00 DEBUG 12828 --- [http-nio-8080-exec-3] org.hibernate.SQL                        : 
    select
        r1_0.recipe_id,
        r1_0.author_id,
        r1_0.author_name,
        r1_0.author_url,
        r1_0.avatar_url,
        r1_0.category_name,
        r1_0.category_id,
        r1_0.created_at,
        r1_0.description,
        r1_0.ingredients,
        r1_0.instruction,
        r1_0.name,
        r1_1.average_rating,
        r1_1.comment_count,
        r1_1.like_count,
        r1_1.rate_count,
        r1_1.save_count 
    from
        recipes r1_0 
    left join
        recipe_stats r1_1 
            on r1_0.recipe_id=r1_1.recipe_id 
    where
        r1_0.recipe_id=?
2025-05-21T01:38:43.895+07:00 DEBUG 12828 --- [http-nio-8080-exec-3] org.hibernate.SQL                        : 
    select
        c1_0.comment_id,
        c1_0.comment_content,
        c1_0.created_at,
        c1_0.recipe_id,
        c1_0.user_id 
    from
        comments c1_0 
    where
        c1_0.recipe_id=?
2025-05-21T01:38:43.901+07:00 DEBUG 12828 --- [http-nio-8080-exec-3] org.hibernate.SQL                        : 
    select
        u1_0.user_id,
        u1_0.avatar_url,
        u1_0.date_of_birth,
        u1_0.email,
        u1_0.firstname,
        u1_0.lastname,
        u1_0.password,
        u1_0.role,
        u1_0.username 
    from
        users u1_0 
    where
        u1_0.user_id=?
2025-05-21T01:38:43.917+07:00 DEBUG 12828 --- [http-nio-8080-exec-3] org.hibernate.SQL                        : 
    select
        u1_0.user_id,
        u1_0.avatar_url,
        u1_0.date_of_birth,
        u1_0.email,
        u1_0.firstname,
        u1_0.lastname,
        u1_0.password,
        u1_0.role,
        u1_0.username 
    from
        users u1_0 
    where
        u1_0.user_id=?
2025-05-21T01:38:46.905+07:00 DEBUG 12828 --- [http-nio-8080-exec-6] org.hibernate.SQL                        : 
    select
        r1_0.recipe_id,
        r1_0.author_id,
        r1_0.author_name,
        r1_0.author_url,
        r1_0.avatar_url,
        r1_0.category_name,
        r1_0.category_id,
        r1_0.created_at,
        r1_0.description,
        r1_0.ingredients,
        r1_0.instruction,
        r1_0.name,
        r1_1.average_rating,
        r1_1.comment_count,
        r1_1.like_count,
        r1_1.rate_count,
        r1_1.save_count 
    from
        recipes r1_0 
    left join
        recipe_stats r1_1 
            on r1_0.recipe_id=r1_1.recipe_id 
    where
        r1_0.recipe_id=?
2025-05-21T01:38:46.911+07:00 DEBUG 12828 --- [http-nio-8080-exec-6] org.hibernate.SQL                        : 
    select
        c1_0.comment_id,
        c1_0.comment_content,
        c1_0.created_at,
        c1_0.recipe_id,
        c1_0.user_id 
    from
        comments c1_0 
    where
        c1_0.recipe_id=?
2025-05-21T01:38:46.916+07:00 DEBUG 12828 --- [http-nio-8080-exec-6] org.hibernate.SQL                        : 
    select
        u1_0.user_id,
        u1_0.avatar_url,
        u1_0.date_of_birth,
        u1_0.email,
        u1_0.firstname,
        u1_0.lastname,
        u1_0.password,
        u1_0.role,
        u1_0.username 
    from
        users u1_0 
    where
        u1_0.user_id=?
2025-05-21T01:38:46.931+07:00 DEBUG 12828 --- [http-nio-8080-exec-2] org.hibernate.SQL                        : 
    select
        r1_0.recipe_id,
        r1_0.author_id,
        r1_0.author_name,
        r1_0.author_url,
        r1_0.avatar_url,
        r1_0.category_name,
        r1_0.category_id,
        r1_0.created_at,
        r1_0.description,
        r1_0.ingredients,
        r1_0.instruction,
        r1_0.name,
        r1_1.average_rating,
        r1_1.comment_count,
        r1_1.like_count,
        r1_1.rate_count,
        r1_1.save_count 
    from
        recipes r1_0 
    left join
        recipe_stats r1_1 
            on r1_0.recipe_id=r1_1.recipe_id 
    where
        r1_0.recipe_id=?
2025-05-21T01:38:46.933+07:00 DEBUG 12828 --- [http-nio-8080-exec-1] org.hibernate.SQL                        : 
    select
        s1_0.save_id 
    from
        saved s1_0 
    where
        s1_0.user_id=? 
        and s1_0.recipe_id=? 
    limit
        ?
2025-05-21T01:38:46.933+07:00 DEBUG 12828 --- [http-nio-8080-exec-9] org.hibernate.SQL                        : 
    select
        l1_0.like_id 
    from
        likes l1_0 
    where
        l1_0.user_id=? 
        and l1_0.recipe_id=? 
    limit
        ?
2025-05-21T01:38:46.938+07:00 DEBUG 12828 --- [http-nio-8080-exec-2] org.hibernate.SQL                        : 
    select
        c1_0.comment_id,
        c1_0.comment_content,
        c1_0.created_at,
        c1_0.recipe_id,
        c1_0.user_id 
    from
        comments c1_0 
    where
        c1_0.recipe_id=?
2025-05-21T01:38:46.942+07:00 DEBUG 12828 --- [http-nio-8080-exec-2] org.hibernate.SQL                        : 
    select
        u1_0.user_id,
        u1_0.avatar_url,
        u1_0.date_of_birth,
        u1_0.email,
        u1_0.firstname,
        u1_0.lastname,
        u1_0.password,
        u1_0.role,
        u1_0.username 
    from
        users u1_0 
    where
        u1_0.user_id=?
2025-05-21T01:38:46.957+07:00 DEBUG 12828 --- [http-nio-8080-exec-4] org.hibernate.SQL                        : 
    select
        r1_0.recipe_id,
        r1_0.author_id,
        r1_0.author_name,
        r1_0.author_url,
        r1_0.avatar_url,
        r1_0.category_name,
        r1_0.category_id,
        r1_0.created_at,
        r1_0.description,
        r1_0.ingredients,
        r1_0.instruction,
        r1_0.name,
        r1_1.average_rating,
        r1_1.comment_count,
        r1_1.like_count,
        r1_1.rate_count,
        r1_1.save_count 
    from
        recipes r1_0 
    left join
        recipe_stats r1_1 
            on r1_0.recipe_id=r1_1.recipe_id 
    where
        r1_0.recipe_id=?
2025-05-21T01:38:46.963+07:00 DEBUG 12828 --- [http-nio-8080-exec-4] org.hibernate.SQL                        : 
    select
        c1_0.comment_id,
        c1_0.comment_content,
        c1_0.created_at,
        c1_0.recipe_id,
        c1_0.user_id 
    from
        comments c1_0 
    where
        c1_0.recipe_id=?
2025-05-21T01:38:46.971+07:00 DEBUG 12828 --- [http-nio-8080-exec-4] org.hibernate.SQL                        : 
    select
        u1_0.user_id,
        u1_0.avatar_url,
        u1_0.date_of_birth,
        u1_0.email,
        u1_0.firstname,
        u1_0.lastname,
        u1_0.password,
        u1_0.role,
        u1_0.username 
    from
        users u1_0 
    where
        u1_0.user_id=?
2025-05-21T01:38:55.023+07:00 DEBUG 12828 --- [http-nio-8080-exec-5] org.hibernate.SQL                        : 
    select
        r1_0.rate_id,
        r1_0.created_at,
        r1_0.rating,
        r1_0.recipe_id,
        r1_0.user_id 
    from
        rates r1_0 
    where
        r1_0.user_id=? 
        and r1_0.recipe_id=?
2025-05-21T01:38:55.028+07:00 DEBUG 12828 --- [http-nio-8080-exec-5] org.hibernate.SQL                        : 
    select
        is1_0.id 
    from
        id_seq is1_0 
    order by
        is1_0.id desc 
    limit
        ?
2025-05-21T01:38:55.042+07:00 DEBUG 12828 --- [http-nio-8080-exec-5] org.hibernate.SQL                        : 
    select
        is1_0.id 
    from
        id_seq is1_0 
    where
        is1_0.id=?
2025-05-21T01:38:55.064+07:00 DEBUG 12828 --- [http-nio-8080-exec-5] org.hibernate.SQL                        : 
    select
        r1_0.rate_id,
        r1_0.created_at,
        r1_0.rating,
        r1_0.recipe_id,
        r1_0.user_id 
    from
        rates r1_0 
    where
        r1_0.rate_id=?
2025-05-21T01:38:55.093+07:00 DEBUG 12828 --- [http-nio-8080-exec-5] org.hibernate.SQL                        : 
    insert 
    into
        id_seq
        (id) 
    values
        (?)
2025-05-21T01:38:55.101+07:00 DEBUG 12828 --- [http-nio-8080-exec-5] org.hibernate.SQL                        : 
    insert 
    into
        rates
        (created_at, rating, recipe_id, user_id, rate_id) 
    values
        (?, ?, ?, ?, ?)
2025-05-21T01:38:55.121+07:00 DEBUG 12828 --- [http-nio-8080-exec-7] org.hibernate.SQL                        : 
    select
        r1_0.recipe_id,
        r1_0.author_id,
        r1_0.author_name,
        r1_0.author_url,
        r1_0.avatar_url,
        r1_0.category_name,
        r1_0.category_id,
        r1_0.created_at,
        r1_0.description,
        r1_0.ingredients,
        r1_0.instruction,
        r1_0.name,
        r1_1.average_rating,
        r1_1.comment_count,
        r1_1.like_count,
        r1_1.rate_count,
        r1_1.save_count 
    from
        recipes r1_0 
    left join
        recipe_stats r1_1 
            on r1_0.recipe_id=r1_1.recipe_id 
    where
        r1_0.recipe_id=?
2025-05-21T01:38:55.128+07:00 DEBUG 12828 --- [http-nio-8080-exec-7] org.hibernate.SQL                        : 
    select
        c1_0.comment_id,
        c1_0.comment_content,
        c1_0.created_at,
        c1_0.recipe_id,
        c1_0.user_id 
    from
        comments c1_0 
    where
        c1_0.recipe_id=?
2025-05-21T01:38:55.133+07:00 DEBUG 12828 --- [http-nio-8080-exec-7] org.hibernate.SQL                        : 
    select
        u1_0.user_id,
        u1_0.avatar_url,
        u1_0.date_of_birth,
        u1_0.email,
        u1_0.firstname,
        u1_0.lastname,
        u1_0.password,
        u1_0.role,
        u1_0.username 
    from
        users u1_0 
    where
        u1_0.user_id=?
2025-05-21T01:40:02.367+07:00 DEBUG 12828 --- [http-nio-8080-exec-9] org.hibernate.SQL                        : 
    select
        r1_0.recipe_id,
        r1_0.author_id,
        r1_0.author_name,
        r1_0.author_url,
        r1_0.avatar_url,
        r1_0.category_name,
        r1_0.category_id,
        r1_0.created_at,
        r1_0.description,
        r1_0.ingredients,
        r1_0.instruction,
        r1_0.name,
        r1_1.average_rating,
        r1_1.comment_count,
        r1_1.like_count,
        r1_1.rate_count,
        r1_1.save_count 
    from
        recipes r1_0 
    left join
        recipe_stats r1_1 
            on r1_0.recipe_id=r1_1.recipe_id 
    where
        r1_0.recipe_id=?
2025-05-21T01:40:02.373+07:00 DEBUG 12828 --- [http-nio-8080-exec-9] org.hibernate.SQL                        : 
    select
        c1_0.comment_id,
        c1_0.comment_content,
        c1_0.created_at,
        c1_0.recipe_id,
        c1_0.user_id 
    from
        comments c1_0 
    where
        c1_0.recipe_id=?
2025-05-21T01:40:02.377+07:00 DEBUG 12828 --- [http-nio-8080-exec-9] org.hibernate.SQL                        : 
    select
        u1_0.user_id,
        u1_0.avatar_url,
        u1_0.date_of_birth,
        u1_0.email,
        u1_0.firstname,
        u1_0.lastname,
        u1_0.password,
        u1_0.role,
        u1_0.username 
    from
        users u1_0 
    where
        u1_0.user_id=?
2025-05-21T01:40:02.398+07:00 DEBUG 12828 --- [http-nio-8080-exec-5] org.hibernate.SQL                        : 
    select
        r1_0.recipe_id,
        r1_0.author_id,
        r1_0.author_name,
        r1_0.author_url,
        r1_0.avatar_url,
        r1_0.category_name,
        r1_0.category_id,
        r1_0.created_at,
        r1_0.description,
        r1_0.ingredients,
        r1_0.instruction,
        r1_0.name,
        r1_1.average_rating,
        r1_1.comment_count,
        r1_1.like_count,
        r1_1.rate_count,
        r1_1.save_count 
    from
        recipes r1_0 
    left join
        recipe_stats r1_1 
            on r1_0.recipe_id=r1_1.recipe_id 
    where
        r1_0.recipe_id=?
2025-05-21T01:40:02.400+07:00 DEBUG 12828 --- [http-nio-8080-exec-6] org.hibernate.SQL                        : 
    select
        s1_0.save_id 
    from
        saved s1_0 
    where
        s1_0.user_id=? 
        and s1_0.recipe_id=? 
    limit
        ?
2025-05-21T01:40:02.400+07:00 DEBUG 12828 --- [http-nio-8080-exec-7] org.hibernate.SQL                        : 
    select
        l1_0.like_id 
    from
        likes l1_0 
    where
        l1_0.user_id=? 
        and l1_0.recipe_id=? 
    limit
        ?
2025-05-21T01:40:02.410+07:00 DEBUG 12828 --- [http-nio-8080-exec-5] org.hibernate.SQL                        : 
    select
        c1_0.comment_id,
        c1_0.comment_content,
        c1_0.created_at,
        c1_0.recipe_id,
        c1_0.user_id 
    from
        comments c1_0 
    where
        c1_0.recipe_id=?
2025-05-21T01:40:02.415+07:00 DEBUG 12828 --- [http-nio-8080-exec-5] org.hibernate.SQL                        : 
    select
        u1_0.user_id,
        u1_0.avatar_url,
        u1_0.date_of_birth,
        u1_0.email,
        u1_0.firstname,
        u1_0.lastname,
        u1_0.password,
        u1_0.role,
        u1_0.username 
    from
        users u1_0 
    where
        u1_0.user_id=?
2025-05-21T01:40:02.431+07:00 DEBUG 12828 --- [http-nio-8080-exec-1] org.hibernate.SQL                        : 
    select
        r1_0.recipe_id,
        r1_0.author_id,
        r1_0.author_name,
        r1_0.author_url,
        r1_0.avatar_url,
        r1_0.category_name,
        r1_0.category_id,
        r1_0.created_at,
        r1_0.description,
        r1_0.ingredients,
        r1_0.instruction,
        r1_0.name,
        r1_1.average_rating,
        r1_1.comment_count,
        r1_1.like_count,
        r1_1.rate_count,
        r1_1.save_count 
    from
        recipes r1_0 
    left join
        recipe_stats r1_1 
            on r1_0.recipe_id=r1_1.recipe_id 
    where
        r1_0.recipe_id=?
2025-05-21T01:40:02.441+07:00 DEBUG 12828 --- [http-nio-8080-exec-1] org.hibernate.SQL                        : 
    select
        c1_0.comment_id,
        c1_0.comment_content,
        c1_0.created_at,
        c1_0.recipe_id,
        c1_0.user_id 
    from
        comments c1_0 
    where
        c1_0.recipe_id=?
2025-05-21T01:40:02.446+07:00 DEBUG 12828 --- [http-nio-8080-exec-1] org.hibernate.SQL                        : 
    select
        u1_0.user_id,
        u1_0.avatar_url,
        u1_0.date_of_birth,
        u1_0.email,
        u1_0.firstname,
        u1_0.lastname,
        u1_0.password,
        u1_0.role,
        u1_0.username 
    from
        users u1_0 
    where
        u1_0.user_id=?
2025-05-21T01:40:06.533+07:00 DEBUG 12828 --- [http-nio-8080-exec-8] org.hibernate.SQL                        : 
    select
        r1_0.recipe_id,
        r1_0.author_id,
        r1_0.author_name,
        r1_0.author_url,
        r1_0.avatar_url,
        r1_0.category_name,
        r1_0.category_id,
        r1_0.created_at,
        r1_0.description,
        r1_0.ingredients,
        r1_0.instruction,
        r1_0.name,
        r1_1.average_rating,
        r1_1.comment_count,
        r1_1.like_count,
        r1_1.rate_count,
        r1_1.save_count 
    from
        recipes r1_0 
    left join
        recipe_stats r1_1 
            on r1_0.recipe_id=r1_1.recipe_id 
    where
        r1_0.recipe_id=?
2025-05-21T01:40:06.540+07:00 DEBUG 12828 --- [http-nio-8080-exec-8] org.hibernate.SQL                        : 
    select
        c1_0.comment_id,
        c1_0.comment_content,
        c1_0.created_at,
        c1_0.recipe_id,
        c1_0.user_id 
    from
        comments c1_0 
    where
        c1_0.recipe_id=?
2025-05-21T01:40:06.543+07:00 DEBUG 12828 --- [http-nio-8080-exec-8] org.hibernate.SQL                        : 
    select
        u1_0.user_id,
        u1_0.avatar_url,
        u1_0.date_of_birth,
        u1_0.email,
        u1_0.firstname,
        u1_0.lastname,
        u1_0.password,
        u1_0.role,
        u1_0.username 
    from
        users u1_0 
    where
        u1_0.user_id=?
2025-05-21T01:40:06.547+07:00 DEBUG 12828 --- [http-nio-8080-exec-8] org.hibernate.SQL                        : 
    select
        u1_0.user_id,
        u1_0.avatar_url,
        u1_0.date_of_birth,
        u1_0.email,
        u1_0.firstname,
        u1_0.lastname,
        u1_0.password,
        u1_0.role,
        u1_0.username 
    from
        users u1_0 
    where
        u1_0.user_id=?
2025-05-21T01:40:06.573+07:00 DEBUG 12828 --- [http-nio-8080-exec-10] org.hibernate.SQL                        : 
    select
        r1_0.recipe_id,
        r1_0.author_id,
        r1_0.author_name,
        r1_0.author_url,
        r1_0.avatar_url,
        r1_0.category_name,
        r1_0.category_id,
        r1_0.created_at,
        r1_0.description,
        r1_0.ingredients,
        r1_0.instruction,
        r1_0.name,
        r1_1.average_rating,
        r1_1.comment_count,
        r1_1.like_count,
        r1_1.rate_count,
        r1_1.save_count 
    from
        recipes r1_0 
    left join
        recipe_stats r1_1 
            on r1_0.recipe_id=r1_1.recipe_id 
    where
        r1_0.recipe_id=?
2025-05-21T01:40:06.575+07:00 DEBUG 12828 --- [http-nio-8080-exec-2] org.hibernate.SQL                        : 
    select
        s1_0.save_id 
    from
        saved s1_0 
    where
        s1_0.user_id=? 
        and s1_0.recipe_id=? 
    limit
        ?
2025-05-21T01:40:06.575+07:00 DEBUG 12828 --- [http-nio-8080-exec-9] org.hibernate.SQL                        : 
    select
        l1_0.like_id 
    from
        likes l1_0 
    where
        l1_0.user_id=? 
        and l1_0.recipe_id=? 
    limit
        ?
2025-05-21T01:40:06.584+07:00 DEBUG 12828 --- [http-nio-8080-exec-10] org.hibernate.SQL                        : 
    select
        c1_0.comment_id,
        c1_0.comment_content,
        c1_0.created_at,
        c1_0.recipe_id,
        c1_0.user_id 
    from
        comments c1_0 
    where
        c1_0.recipe_id=?
2025-05-21T01:40:06.590+07:00 DEBUG 12828 --- [http-nio-8080-exec-10] org.hibernate.SQL                        : 
    select
        u1_0.user_id,
        u1_0.avatar_url,
        u1_0.date_of_birth,
        u1_0.email,
        u1_0.firstname,
        u1_0.lastname,
        u1_0.password,
        u1_0.role,
        u1_0.username 
    from
        users u1_0 
    where
        u1_0.user_id=?
2025-05-21T01:40:06.595+07:00 DEBUG 12828 --- [http-nio-8080-exec-10] org.hibernate.SQL                        : 
    select
        u1_0.user_id,
        u1_0.avatar_url,
        u1_0.date_of_birth,
        u1_0.email,
        u1_0.firstname,
        u1_0.lastname,
        u1_0.password,
        u1_0.role,
        u1_0.username 
    from
        users u1_0 
    where
        u1_0.user_id=?
2025-05-21T01:40:06.606+07:00 DEBUG 12828 --- [http-nio-8080-exec-4] org.hibernate.SQL                        : 
    select
        r1_0.recipe_id,
        r1_0.author_id,
        r1_0.author_name,
        r1_0.author_url,
        r1_0.avatar_url,
        r1_0.category_name,
        r1_0.category_id,
        r1_0.created_at,
        r1_0.description,
        r1_0.ingredients,
        r1_0.instruction,
        r1_0.name,
        r1_1.average_rating,
        r1_1.comment_count,
        r1_1.like_count,
        r1_1.rate_count,
        r1_1.save_count 
    from
        recipes r1_0 
    left join
        recipe_stats r1_1 
            on r1_0.recipe_id=r1_1.recipe_id 
    where
        r1_0.recipe_id=?
2025-05-21T01:40:06.615+07:00 DEBUG 12828 --- [http-nio-8080-exec-4] org.hibernate.SQL                        : 
    select
        c1_0.comment_id,
        c1_0.comment_content,
        c1_0.created_at,
        c1_0.recipe_id,
        c1_0.user_id 
    from
        comments c1_0 
    where
        c1_0.recipe_id=?
2025-05-21T01:40:06.619+07:00 DEBUG 12828 --- [http-nio-8080-exec-4] org.hibernate.SQL                        : 
    select
        u1_0.user_id,
        u1_0.avatar_url,
        u1_0.date_of_birth,
        u1_0.email,
        u1_0.firstname,
        u1_0.lastname,
        u1_0.password,
        u1_0.role,
        u1_0.username 
    from
        users u1_0 
    where
        u1_0.user_id=?
2025-05-21T01:40:06.623+07:00 DEBUG 12828 --- [http-nio-8080-exec-4] org.hibernate.SQL                        : 
    select
        u1_0.user_id,
        u1_0.avatar_url,
        u1_0.date_of_birth,
        u1_0.email,
        u1_0.firstname,
        u1_0.lastname,
        u1_0.password,
        u1_0.role,
        u1_0.username 
    from
        users u1_0 
    where
        u1_0.user_id=?
2025-05-21T01:40:11.988+07:00 DEBUG 12828 --- [http-nio-8080-exec-7] org.hibernate.SQL                        : 
    select
        r1_0.recipe_id,
        r1_0.author_id,
        r1_0.author_name,
        r1_0.author_url,
        r1_0.avatar_url,
        r1_0.category_name,
        r1_0.category_id,
        r1_0.created_at,
        r1_0.description,
        r1_0.ingredients,
        r1_0.instruction,
        r1_0.name,
        r1_1.average_rating,
        r1_1.comment_count,
        r1_1.like_count,
        r1_1.rate_count,
        r1_1.save_count 
    from
        recipes r1_0 
    left join
        recipe_stats r1_1 
            on r1_0.recipe_id=r1_1.recipe_id 
    where
        r1_0.recipe_id=?
2025-05-21T01:40:11.993+07:00 DEBUG 12828 --- [http-nio-8080-exec-7] org.hibernate.SQL                        : 
    select
        c1_0.comment_id,
        c1_0.comment_content,
        c1_0.created_at,
        c1_0.recipe_id,
        c1_0.user_id 
    from
        comments c1_0 
    where
        c1_0.recipe_id=?
2025-05-21T01:40:11.996+07:00 DEBUG 12828 --- [http-nio-8080-exec-7] org.hibernate.SQL                        : 
    select
        u1_0.user_id,
        u1_0.avatar_url,
        u1_0.date_of_birth,
        u1_0.email,
        u1_0.firstname,
        u1_0.lastname,
        u1_0.password,
        u1_0.role,
        u1_0.username 
    from
        users u1_0 
    where
        u1_0.user_id=?
2025-05-21T01:40:12.018+07:00 DEBUG 12828 --- [http-nio-8080-exec-1] org.hibernate.SQL                        : 
    select
        r1_0.recipe_id,
        r1_0.author_id,
        r1_0.author_name,
        r1_0.author_url,
        r1_0.avatar_url,
        r1_0.category_name,
        r1_0.category_id,
        r1_0.created_at,
        r1_0.description,
        r1_0.ingredients,
        r1_0.instruction,
        r1_0.name,
        r1_1.average_rating,
        r1_1.comment_count,
        r1_1.like_count,
        r1_1.rate_count,
        r1_1.save_count 
    from
        recipes r1_0 
    left join
        recipe_stats r1_1 
            on r1_0.recipe_id=r1_1.recipe_id 
    where
        r1_0.recipe_id=?
2025-05-21T01:40:12.020+07:00 DEBUG 12828 --- [http-nio-8080-exec-3] org.hibernate.SQL                        : 
    select
        s1_0.save_id 
    from
        saved s1_0 
    where
        s1_0.user_id=? 
        and s1_0.recipe_id=? 
    limit
        ?
2025-05-21T01:40:12.022+07:00 DEBUG 12828 --- [http-nio-8080-exec-8] org.hibernate.SQL                        : 
    select
        l1_0.like_id 
    from
        likes l1_0 
    where
        l1_0.user_id=? 
        and l1_0.recipe_id=? 
    limit
        ?
2025-05-21T01:40:12.031+07:00 DEBUG 12828 --- [http-nio-8080-exec-1] org.hibernate.SQL                        : 
    select
        c1_0.comment_id,
        c1_0.comment_content,
        c1_0.created_at,
        c1_0.recipe_id,
        c1_0.user_id 
    from
        comments c1_0 
    where
        c1_0.recipe_id=?
2025-05-21T01:40:12.038+07:00 DEBUG 12828 --- [http-nio-8080-exec-1] org.hibernate.SQL                        : 
    select
        u1_0.user_id,
        u1_0.avatar_url,
        u1_0.date_of_birth,
        u1_0.email,
        u1_0.firstname,
        u1_0.lastname,
        u1_0.password,
        u1_0.role,
        u1_0.username 
    from
        users u1_0 
    where
        u1_0.user_id=?
2025-05-21T01:40:12.051+07:00 DEBUG 12828 --- [http-nio-8080-exec-1] org.hibernate.SQL                        : 
    select
        r1_0.recipe_id,
        r1_0.author_id,
        r1_0.author_name,
        r1_0.author_url,
        r1_0.avatar_url,
        r1_0.category_name,
        r1_0.category_id,
        r1_0.created_at,
        r1_0.description,
        r1_0.ingredients,
        r1_0.instruction,
        r1_0.name,
        r1_1.average_rating,
        r1_1.comment_count,
        r1_1.like_count,
        r1_1.rate_count,
        r1_1.save_count 
    from
        recipes r1_0 
    left join
        recipe_stats r1_1 
            on r1_0.recipe_id=r1_1.recipe_id 
    where
        r1_0.recipe_id=?
2025-05-21T01:40:12.058+07:00 DEBUG 12828 --- [http-nio-8080-exec-1] org.hibernate.SQL                        : 
    select
        c1_0.comment_id,
        c1_0.comment_content,
        c1_0.created_at,
        c1_0.recipe_id,
        c1_0.user_id 
    from
        comments c1_0 
    where
        c1_0.recipe_id=?
2025-05-21T01:40:12.063+07:00 DEBUG 12828 --- [http-nio-8080-exec-1] org.hibernate.SQL                        : 
    select
        u1_0.user_id,
        u1_0.avatar_url,
        u1_0.date_of_birth,
        u1_0.email,
        u1_0.firstname,
        u1_0.lastname,
        u1_0.password,
        u1_0.role,
        u1_0.username 
    from
        users u1_0 
    where
        u1_0.user_id=?
2025-05-21T01:41:34.783+07:00  INFO 12828 --- [SpringApplicationShutdownHook] o.s.b.w.e.tomcat.GracefulShutdown        : Commencing graceful shutdown. Waiting for active requests to complete
2025-05-21T01:41:34.796+07:00  INFO 12828 --- [tomcat-shutdown] o.s.b.w.e.tomcat.GracefulShutdown        : Graceful shutdown complete
2025-05-21T01:41:34.863+07:00  INFO 12828 --- [SpringApplicationShutdownHook] j.LocalContainerEntityManagerFactoryBean : Closing JPA EntityManagerFactory for persistence unit 'default'
2025-05-21T01:41:34.869+07:00  INFO 12828 --- [SpringApplicationShutdownHook] com.zaxxer.hikari.HikariDataSource       : HikariPool-1 - Shutdown initiated...
2025-05-21T01:41:34.880+07:00  INFO 12828 --- [SpringApplicationShutdownHook] com.zaxxer.hikari.HikariDataSource       : HikariPool-1 - Shutdown completed.
2025-05-21T04:13:59.848+07:00  INFO 16572 --- [restartedMain] o.e.r.RecipeSharingWebsiteApplication    : Starting RecipeSharingWebsiteApplication using Java 23 with PID 16572 (C:\RecipeSharing\target\classes started by haiye in C:\RecipeSharing)
2025-05-21T04:13:59.851+07:00  INFO 16572 --- [restartedMain] o.e.r.RecipeSharingWebsiteApplication    : No active profile set, falling back to 1 default profile: "default"
2025-05-21T04:13:59.948+07:00  INFO 16572 --- [restartedMain] .e.DevToolsPropertyDefaultsPostProcessor : Devtools property defaults active! Set 'spring.devtools.add-properties' to 'false' to disable
2025-05-21T04:13:59.948+07:00  INFO 16572 --- [restartedMain] .e.DevToolsPropertyDefaultsPostProcessor : For additional web related logging consider setting the 'logging.level.web' property to 'DEBUG'
2025-05-21T04:14:01.733+07:00  INFO 16572 --- [restartedMain] .s.d.r.c.RepositoryConfigurationDelegate : Bootstrapping Spring Data JPA repositories in DEFAULT mode.
2025-05-21T04:14:02.114+07:00  INFO 16572 --- [restartedMain] .s.d.r.c.RepositoryConfigurationDelegate : Finished Spring Data repository scanning in 351 ms. Found 10 JPA repository interfaces.
2025-05-21T04:14:03.421+07:00  INFO 16572 --- [restartedMain] o.s.b.w.embedded.tomcat.TomcatWebServer  : Tomcat initialized with port 8080 (http)
2025-05-21T04:14:03.441+07:00  INFO 16572 --- [restartedMain] o.apache.catalina.core.StandardService   : Starting service [Tomcat]
2025-05-21T04:14:03.441+07:00  INFO 16572 --- [restartedMain] o.apache.catalina.core.StandardEngine    : Starting Servlet engine: [Apache Tomcat/10.1.40]
2025-05-21T04:14:03.519+07:00  INFO 16572 --- [restartedMain] o.a.c.c.C.[Tomcat].[localhost].[/]       : Initializing Spring embedded WebApplicationContext
2025-05-21T04:14:03.519+07:00  INFO 16572 --- [restartedMain] w.s.c.ServletWebServerApplicationContext : Root WebApplicationContext: initialization completed in 3570 ms
2025-05-21T04:14:04.073+07:00  INFO 16572 --- [restartedMain] o.hibernate.jpa.internal.util.LogHelper  : HHH000204: Processing PersistenceUnitInfo [name: default]
2025-05-21T04:14:04.183+07:00  INFO 16572 --- [restartedMain] org.hibernate.Version                    : HHH000412: Hibernate ORM core version 6.6.13.Final
2025-05-21T04:14:04.230+07:00  INFO 16572 --- [restartedMain] o.h.c.internal.RegionFactoryInitiator    : HHH000026: Second-level cache disabled
2025-05-21T04:14:04.741+07:00  INFO 16572 --- [restartedMain] o.s.o.j.p.SpringPersistenceUnitInfo      : No LoadTimeWeaver setup: ignoring JPA class transformer
2025-05-21T04:14:04.799+07:00  INFO 16572 --- [restartedMain] com.zaxxer.hikari.HikariDataSource       : HikariPool-1 - Starting...
2025-05-21T04:14:05.073+07:00  INFO 16572 --- [restartedMain] com.zaxxer.hikari.pool.HikariPool        : HikariPool-1 - Added connection com.mysql.cj.jdbc.ConnectionImpl@7131e82e
2025-05-21T04:14:05.076+07:00  INFO 16572 --- [restartedMain] com.zaxxer.hikari.HikariDataSource       : HikariPool-1 - Start completed.
2025-05-21T04:14:05.117+07:00  WARN 16572 --- [restartedMain] org.hibernate.orm.deprecation            : HHH90000025: MySQL8Dialect does not need to be specified explicitly using 'hibernate.dialect' (remove the property setting and it will be selected by default)
2025-05-21T04:14:05.119+07:00  WARN 16572 --- [restartedMain] org.hibernate.orm.deprecation            : HHH90000026: MySQL8Dialect has been deprecated; use org.hibernate.dialect.MySQLDialect instead
2025-05-21T04:14:05.148+07:00  INFO 16572 --- [restartedMain] org.hibernate.orm.connections.pooling    : HHH10001005: Database info:
	Database JDBC URL [Connecting through datasource 'HikariDataSource (HikariPool-1)']
	Database driver: undefined/unknown
	Database version: 8.0
	Autocommit mode: undefined/unknown
	Isolation level: undefined/unknown
	Minimum pool size: undefined/unknown
	Maximum pool size: undefined/unknown
2025-05-21T04:14:06.593+07:00  INFO 16572 --- [restartedMain] o.h.e.t.j.p.i.JtaPlatformInitiator       : HHH000489: No JTA platform available (set 'hibernate.transaction.jta.platform' to enable JTA platform integration)
2025-05-21T04:14:06.597+07:00  INFO 16572 --- [restartedMain] j.LocalContainerEntityManagerFactoryBean : Initialized JPA EntityManagerFactory for persistence unit 'default'
2025-05-21T04:14:07.487+07:00  INFO 16572 --- [restartedMain] o.s.d.j.r.query.QueryEnhancerFactory     : Hibernate is in classpath; If applicable, HQL parser will be used.
2025-05-21T04:14:08.406+07:00  WARN 16572 --- [restartedMain] JpaBaseConfiguration$JpaWebConfiguration : spring.jpa.open-in-view is enabled by default. Therefore, database queries may be performed during view rendering. Explicitly configure spring.jpa.open-in-view to disable this warning
2025-05-21T04:14:08.484+07:00  INFO 16572 --- [restartedMain] r$InitializeUserDetailsManagerConfigurer : Global AuthenticationManager configured with UserDetailsService bean with name userDetailsService
2025-05-21T04:14:08.632+07:00  INFO 16572 --- [restartedMain] o.s.b.a.w.s.WelcomePageHandlerMapping    : Adding welcome page template: index
2025-05-21T04:14:09.232+07:00  INFO 16572 --- [restartedMain] o.s.b.a.e.web.EndpointLinksResolver      : Exposing 1 endpoint beneath base path '/actuator'
2025-05-21T04:14:10.002+07:00  INFO 16572 --- [restartedMain] o.s.b.a.h2.H2ConsoleAutoConfiguration    : H2 console available at '/h2-console'. Database available at 'jdbc:mysql://localhost:3307/cnpm'
2025-05-21T04:14:10.196+07:00  INFO 16572 --- [restartedMain] .w.s.a.s.AnnotationActionEndpointMapping : Supporting [WS-Addressing August 2004, WS-Addressing 1.0]
2025-05-21T04:14:10.320+07:00  INFO 16572 --- [restartedMain] o.s.b.d.a.OptionalLiveReloadServer       : LiveReload server is running on port 35729
2025-05-21T04:14:10.522+07:00  INFO 16572 --- [restartedMain] o.s.b.w.embedded.tomcat.TomcatWebServer  : Tomcat started on port 8080 (http) with context path '/'
2025-05-21T04:14:10.537+07:00  INFO 16572 --- [restartedMain] o.e.r.RecipeSharingWebsiteApplication    : Started RecipeSharingWebsiteApplication in 11.446 seconds (process running for 12.963)
2025-05-21T04:14:10.786+07:00  INFO 16572 --- [RMI TCP Connection(2)-172.21.176.1] o.a.c.c.C.[Tomcat].[localhost].[/]       : Initializing Spring DispatcherServlet 'dispatcherServlet'
2025-05-21T04:14:10.786+07:00  INFO 16572 --- [RMI TCP Connection(2)-172.21.176.1] o.s.web.servlet.DispatcherServlet        : Initializing Servlet 'dispatcherServlet'
2025-05-21T04:14:10.789+07:00  INFO 16572 --- [RMI TCP Connection(2)-172.21.176.1] o.s.web.servlet.DispatcherServlet        : Completed initialization in 2 ms
2025-05-21T04:14:20.211+07:00 DEBUG 16572 --- [http-nio-8080-exec-4] org.hibernate.SQL                        : 
    select
        u1_0.user_id,
        u1_0.avatar_url,
        u1_0.date_of_birth,
        u1_0.email,
        u1_0.firstname,
        u1_0.lastname,
        u1_0.password,
        u1_0.role,
        u1_0.username 
    from
        users u1_0 
    where
        u1_0.username=? 
        or u1_0.email=?
2025-05-21T04:14:20.635+07:00 DEBUG 16572 --- [http-nio-8080-exec-5] org.hibernate.SQL                        : 
    select
        u1_0.user_id,
        u1_0.avatar_url,
        u1_0.date_of_birth,
        u1_0.email,
        u1_0.firstname,
        u1_0.lastname,
        u1_0.password,
        u1_0.role,
        u1_0.username 
    from
        users u1_0 
    where
        u1_0.username=?
2025-05-21T04:14:20.649+07:00 DEBUG 16572 --- [http-nio-8080-exec-5] org.hibernate.SQL                        : 
    select
        f1_0.follow_id,
        f1_0.follow_time,
        f1_0.follower_id,
        f1_0.following_id 
    from
        follows f1_0 
    where
        f1_0.following_id=?
2025-05-21T04:14:20.679+07:00 DEBUG 16572 --- [http-nio-8080-exec-5] org.hibernate.SQL                        : 
    select
        u1_0.user_id,
        u1_0.avatar_url,
        u1_0.date_of_birth,
        u1_0.email,
        u1_0.firstname,
        u1_0.lastname,
        u1_0.password,
        u1_0.role,
        u1_0.username 
    from
        users u1_0 
    where
        u1_0.user_id=?
2025-05-21T04:14:20.696+07:00 DEBUG 16572 --- [http-nio-8080-exec-5] org.hibernate.SQL                        : 
    select
        f1_0.follow_id,
        f1_0.follow_time,
        f1_0.follower_id,
        f1_0.following_id 
    from
        follows f1_0 
    where
        f1_0.follower_id=?
2025-05-21T04:14:20.696+07:00 DEBUG 16572 --- [http-nio-8080-exec-5] org.hibernate.SQL                        : 
    select
        u1_0.user_id,
        u1_0.avatar_url,
        u1_0.date_of_birth,
        u1_0.email,
        u1_0.firstname,
        u1_0.lastname,
        u1_0.password,
        u1_0.role,
        u1_0.username 
    from
        users u1_0 
    where
        u1_0.user_id=?
2025-05-21T04:14:20.713+07:00 DEBUG 16572 --- [http-nio-8080-exec-5] org.hibernate.SQL                        : 
    select
        r1_0.recipe_id,
        r1_0.author_id,
        r1_0.author_name,
        r1_0.author_url,
        r1_0.avatar_url,
        r1_0.category_name,
        r1_0.category_id,
        r1_0.created_at,
        r1_0.description,
        r1_0.ingredients,
        r1_0.instruction,
        r1_0.name,
        r1_1.average_rating,
        r1_1.comment_count,
        r1_1.like_count,
        r1_1.rate_count,
        r1_1.save_count 
    from
        recipes r1_0 
    left join
        recipe_stats r1_1 
            on r1_0.recipe_id=r1_1.recipe_id 
    where
        r1_0.author_id=? 
    order by
        r1_0.created_at desc
2025-05-21T04:14:20.745+07:00 DEBUG 16572 --- [http-nio-8080-exec-5] org.hibernate.SQL                        : 
    select
        avg(r1_0.rating) 
    from
        rates r1_0 
    where
        r1_0.recipe_id=?
2025-05-21T04:14:20.745+07:00 DEBUG 16572 --- [http-nio-8080-exec-5] org.hibernate.SQL                        : 
    select
        avg(r1_0.rating) 
    from
        rates r1_0 
    where
        r1_0.recipe_id=?
2025-05-21T04:14:20.754+07:00 DEBUG 16572 --- [http-nio-8080-exec-5] org.hibernate.SQL                        : 
    select
        avg(r1_0.rating) 
    from
        rates r1_0 
    where
        r1_0.recipe_id=?
2025-05-21T04:14:20.761+07:00 DEBUG 16572 --- [http-nio-8080-exec-5] org.hibernate.SQL                        : 
    select
        u1_0.user_id,
        u1_0.avatar_url,
        u1_0.date_of_birth,
        u1_0.email,
        u1_0.firstname,
        u1_0.lastname,
        u1_0.password,
        u1_0.role,
        u1_0.username 
    from
        users u1_0 
    where
        u1_0.username=?
2025-05-21T04:14:20.763+07:00 DEBUG 16572 --- [http-nio-8080-exec-5] org.hibernate.SQL                        : 
    select
        r1_0.recipe_id,
        r1_0.author_id,
        r1_0.author_name,
        r1_0.author_url,
        r1_0.avatar_url,
        r1_0.category_name,
        r1_0.category_id,
        r1_0.created_at,
        r1_0.description,
        r1_0.ingredients,
        r1_0.instruction,
        r1_0.name,
        r1_1.average_rating,
        r1_1.comment_count,
        r1_1.like_count,
        r1_1.rate_count,
        r1_1.save_count 
    from
        recipes r1_0 
    left join
        recipe_stats r1_1 
            on r1_0.recipe_id=r1_1.recipe_id 
    where
        r1_0.author_id=? 
    order by
        r1_0.created_at desc
2025-05-21T04:14:20.763+07:00 DEBUG 16572 --- [http-nio-8080-exec-5] org.hibernate.SQL                        : 
    select
        avg(r1_0.rating) 
    from
        rates r1_0 
    where
        r1_0.recipe_id=?
2025-05-21T04:14:20.780+07:00 DEBUG 16572 --- [http-nio-8080-exec-5] org.hibernate.SQL                        : 
    select
        count(l1_0.like_id) 
    from
        likes l1_0 
    where
        l1_0.recipe_id=?
2025-05-21T04:14:20.780+07:00 DEBUG 16572 --- [http-nio-8080-exec-5] org.hibernate.SQL                        : 
    select
        avg(r1_0.rating) 
    from
        rates r1_0 
    where
        r1_0.recipe_id=?
2025-05-21T04:14:20.789+07:00 DEBUG 16572 --- [http-nio-8080-exec-5] org.hibernate.SQL                        : 
    select
        count(l1_0.like_id) 
    from
        likes l1_0 
    where
        l1_0.recipe_id=?
2025-05-21T04:14:20.791+07:00 DEBUG 16572 --- [http-nio-8080-exec-5] org.hibernate.SQL                        : 
    select
        avg(r1_0.rating) 
    from
        rates r1_0 
    where
        r1_0.recipe_id=?
2025-05-21T04:14:20.796+07:00 DEBUG 16572 --- [http-nio-8080-exec-5] org.hibernate.SQL                        : 
    select
        count(l1_0.like_id) 
    from
        likes l1_0 
    where
        l1_0.recipe_id=?
2025-05-21T04:14:20.805+07:00 DEBUG 16572 --- [http-nio-8080-exec-5] org.hibernate.SQL                        : 
    select
        u1_0.user_id,
        u1_0.avatar_url,
        u1_0.date_of_birth,
        u1_0.email,
        u1_0.firstname,
        u1_0.lastname,
        u1_0.password,
        u1_0.role,
        u1_0.username 
    from
        users u1_0 
    where
        u1_0.username=?
2025-05-21T04:14:20.813+07:00 DEBUG 16572 --- [http-nio-8080-exec-5] org.hibernate.SQL                        : 
    select
        s1_0.save_id,
        s1_0.created_at,
        s1_0.recipe_id,
        s1_0.user_id 
    from
        saved s1_0 
    where
        s1_0.user_id=?
2025-05-21T04:14:20.820+07:00 DEBUG 16572 --- [http-nio-8080-exec-5] org.hibernate.SQL                        : 
    select
        r1_0.recipe_id,
        r1_0.author_id,
        r1_0.author_name,
        r1_0.author_url,
        r1_0.avatar_url,
        r1_0.category_name,
        r1_0.category_id,
        r1_0.created_at,
        r1_0.description,
        r1_0.ingredients,
        r1_0.instruction,
        r1_0.name,
        r1_1.average_rating,
        r1_1.comment_count,
        r1_1.like_count,
        r1_1.rate_count,
        r1_1.save_count 
    from
        recipes r1_0 
    left join
        recipe_stats r1_1 
            on r1_0.recipe_id=r1_1.recipe_id 
    where
        r1_0.recipe_id=?
2025-05-21T04:14:20.820+07:00 DEBUG 16572 --- [http-nio-8080-exec-5] org.hibernate.SQL                        : 
    select
        r1_0.recipe_id,
        r1_0.author_id,
        r1_0.author_name,
        r1_0.author_url,
        r1_0.avatar_url,
        r1_0.category_name,
        r1_0.category_id,
        r1_0.created_at,
        r1_0.description,
        r1_0.ingredients,
        r1_0.instruction,
        r1_0.name,
        r1_1.average_rating,
        r1_1.comment_count,
        r1_1.like_count,
        r1_1.rate_count,
        r1_1.save_count 
    from
        recipes r1_0 
    left join
        recipe_stats r1_1 
            on r1_0.recipe_id=r1_1.recipe_id 
    where
        r1_0.recipe_id=?
2025-05-21T04:14:20.836+07:00 DEBUG 16572 --- [http-nio-8080-exec-5] org.hibernate.SQL                        : 
    select
        avg(r1_0.rating) 
    from
        rates r1_0 
    where
        r1_0.recipe_id=?
2025-05-21T04:14:20.842+07:00 DEBUG 16572 --- [http-nio-8080-exec-5] org.hibernate.SQL                        : 
    select
        count(l1_0.like_id) 
    from
        likes l1_0 
    where
        l1_0.recipe_id=?
2025-05-21T04:14:20.846+07:00 DEBUG 16572 --- [http-nio-8080-exec-5] org.hibernate.SQL                        : 
    select
        avg(r1_0.rating) 
    from
        rates r1_0 
    where
        r1_0.recipe_id=?
2025-05-21T04:14:20.853+07:00 DEBUG 16572 --- [http-nio-8080-exec-5] org.hibernate.SQL                        : 
    select
        count(l1_0.like_id) 
    from
        likes l1_0 
    where
        l1_0.recipe_id=?
2025-05-21T04:14:20.856+07:00 DEBUG 16572 --- [http-nio-8080-exec-5] org.hibernate.SQL                        : 
    select
        avg(r1_0.rating) 
    from
        rates r1_0 
    where
        r1_0.recipe_id=?
2025-05-21T04:14:20.861+07:00 DEBUG 16572 --- [http-nio-8080-exec-5] org.hibernate.SQL                        : 
    select
        count(l1_0.like_id) 
    from
        likes l1_0 
    where
        l1_0.recipe_id=?
2025-05-21T04:14:20.867+07:00 DEBUG 16572 --- [http-nio-8080-exec-5] org.hibernate.SQL                        : 
    select
        u1_0.user_id,
        u1_0.avatar_url,
        u1_0.date_of_birth,
        u1_0.email,
        u1_0.firstname,
        u1_0.lastname,
        u1_0.password,
        u1_0.role,
        u1_0.username 
    from
        users u1_0 
    where
        u1_0.username=?
2025-05-21T04:14:20.870+07:00 DEBUG 16572 --- [http-nio-8080-exec-5] org.hibernate.SQL                        : 
    select
        l1_0.like_id,
        l1_0.created_at,
        l1_0.recipe_id,
        l1_0.user_id 
    from
        likes l1_0 
    where
        l1_0.user_id=?
2025-05-21T04:14:20.884+07:00 DEBUG 16572 --- [http-nio-8080-exec-5] org.hibernate.SQL                        : 
    select
        avg(r1_0.rating) 
    from
        rates r1_0 
    where
        r1_0.recipe_id=?
2025-05-21T04:14:20.892+07:00 DEBUG 16572 --- [http-nio-8080-exec-5] org.hibernate.SQL                        : 
    select
        count(l1_0.like_id) 
    from
        likes l1_0 
    where
        l1_0.recipe_id=?
2025-05-21T04:14:20.900+07:00 DEBUG 16572 --- [http-nio-8080-exec-5] org.hibernate.SQL                        : 
    select
        avg(r1_0.rating) 
    from
        rates r1_0 
    where
        r1_0.recipe_id=?
2025-05-21T04:14:20.903+07:00 DEBUG 16572 --- [http-nio-8080-exec-5] org.hibernate.SQL                        : 
    select
        count(l1_0.like_id) 
    from
        likes l1_0 
    where
        l1_0.recipe_id=?
2025-05-21T04:14:21.146+07:00  WARN 16572 --- [http-nio-8080-exec-2] .m.m.a.ExceptionHandlerExceptionResolver : Resolved [org.springframework.web.servlet.resource.NoResourceFoundException: No static resource favicon.ico.]
2025-05-21T04:14:28.901+07:00 DEBUG 16572 --- [http-nio-8080-exec-3] org.hibernate.SQL                        : 
    select
        r1_0.recipe_id,
        r1_0.author_id,
        r1_0.author_name,
        r1_0.author_url,
        r1_0.avatar_url,
        r1_0.category_name,
        r1_0.category_id,
        r1_0.created_at,
        r1_0.description,
        r1_0.ingredients,
        r1_0.instruction,
        r1_0.name,
        r1_1.average_rating,
        r1_1.comment_count,
        r1_1.like_count,
        r1_1.rate_count,
        r1_1.save_count 
    from
        recipes r1_0 
    left join
        recipe_stats r1_1 
            on r1_0.recipe_id=r1_1.recipe_id 
    where
        r1_0.recipe_id=?
2025-05-21T04:14:28.917+07:00 DEBUG 16572 --- [http-nio-8080-exec-3] org.hibernate.SQL                        : 
    select
        c1_0.comment_id,
        c1_0.comment_content,
        c1_0.created_at,
        c1_0.recipe_id,
        c1_0.user_id 
    from
        comments c1_0 
    where
        c1_0.recipe_id=?
2025-05-21T04:14:28.917+07:00 DEBUG 16572 --- [http-nio-8080-exec-3] org.hibernate.SQL                        : 
    select
        u1_0.user_id,
        u1_0.avatar_url,
        u1_0.date_of_birth,
        u1_0.email,
        u1_0.firstname,
        u1_0.lastname,
        u1_0.password,
        u1_0.role,
        u1_0.username 
    from
        users u1_0 
    where
        u1_0.user_id=?
2025-05-21T04:14:28.933+07:00 DEBUG 16572 --- [http-nio-8080-exec-3] org.hibernate.SQL                        : 
    select
        u1_0.user_id,
        u1_0.avatar_url,
        u1_0.date_of_birth,
        u1_0.email,
        u1_0.firstname,
        u1_0.lastname,
        u1_0.password,
        u1_0.role,
        u1_0.username 
    from
        users u1_0 
    where
        u1_0.user_id=?
2025-05-21T04:14:28.988+07:00 DEBUG 16572 --- [http-nio-8080-exec-6] org.hibernate.SQL                        : 
    select
        r1_0.recipe_id,
        r1_0.author_id,
        r1_0.author_name,
        r1_0.author_url,
        r1_0.avatar_url,
        r1_0.category_name,
        r1_0.category_id,
        r1_0.created_at,
        r1_0.description,
        r1_0.ingredients,
        r1_0.instruction,
        r1_0.name,
        r1_1.average_rating,
        r1_1.comment_count,
        r1_1.like_count,
        r1_1.rate_count,
        r1_1.save_count 
    from
        recipes r1_0 
    left join
        recipe_stats r1_1 
            on r1_0.recipe_id=r1_1.recipe_id 
    where
        r1_0.recipe_id=?
2025-05-21T04:14:28.995+07:00 DEBUG 16572 --- [http-nio-8080-exec-6] org.hibernate.SQL                        : 
    select
        c1_0.comment_id,
        c1_0.comment_content,
        c1_0.created_at,
        c1_0.recipe_id,
        c1_0.user_id 
    from
        comments c1_0 
    where
        c1_0.recipe_id=?
2025-05-21T04:14:29.000+07:00 DEBUG 16572 --- [http-nio-8080-exec-6] org.hibernate.SQL                        : 
    select
        u1_0.user_id,
        u1_0.avatar_url,
        u1_0.date_of_birth,
        u1_0.email,
        u1_0.firstname,
        u1_0.lastname,
        u1_0.password,
        u1_0.role,
        u1_0.username 
    from
        users u1_0 
    where
        u1_0.user_id=?
2025-05-21T04:14:29.007+07:00 DEBUG 16572 --- [http-nio-8080-exec-6] org.hibernate.SQL                        : 
    select
        u1_0.user_id,
        u1_0.avatar_url,
        u1_0.date_of_birth,
        u1_0.email,
        u1_0.firstname,
        u1_0.lastname,
        u1_0.password,
        u1_0.role,
        u1_0.username 
    from
        users u1_0 
    where
        u1_0.user_id=?
2025-05-21T04:14:29.029+07:00 DEBUG 16572 --- [http-nio-8080-exec-8] org.hibernate.SQL                        : 
    select
        r1_0.recipe_id,
        r1_0.author_id,
        r1_0.author_name,
        r1_0.author_url,
        r1_0.avatar_url,
        r1_0.category_name,
        r1_0.category_id,
        r1_0.created_at,
        r1_0.description,
        r1_0.ingredients,
        r1_0.instruction,
        r1_0.name,
        r1_1.average_rating,
        r1_1.comment_count,
        r1_1.like_count,
        r1_1.rate_count,
        r1_1.save_count 
    from
        recipes r1_0 
    left join
        recipe_stats r1_1 
            on r1_0.recipe_id=r1_1.recipe_id 
    where
        r1_0.recipe_id=?
2025-05-21T04:14:29.034+07:00 DEBUG 16572 --- [http-nio-8080-exec-10] org.hibernate.SQL                        : 
    select
        l1_0.like_id 
    from
        likes l1_0 
    where
        l1_0.user_id=? 
        and l1_0.recipe_id=? 
    limit
        ?
2025-05-21T04:14:29.034+07:00 DEBUG 16572 --- [http-nio-8080-exec-7] org.hibernate.SQL                        : 
    select
        s1_0.save_id 
    from
        saved s1_0 
    where
        s1_0.user_id=? 
        and s1_0.recipe_id=? 
    limit
        ?
2025-05-21T04:14:29.036+07:00 DEBUG 16572 --- [http-nio-8080-exec-8] org.hibernate.SQL                        : 
    select
        c1_0.comment_id,
        c1_0.comment_content,
        c1_0.created_at,
        c1_0.recipe_id,
        c1_0.user_id 
    from
        comments c1_0 
    where
        c1_0.recipe_id=?
2025-05-21T04:14:29.037+07:00 DEBUG 16572 --- [http-nio-8080-exec-8] org.hibernate.SQL                        : 
    select
        u1_0.user_id,
        u1_0.avatar_url,
        u1_0.date_of_birth,
        u1_0.email,
        u1_0.firstname,
        u1_0.lastname,
        u1_0.password,
        u1_0.role,
        u1_0.username 
    from
        users u1_0 
    where
        u1_0.user_id=?
2025-05-21T04:14:29.046+07:00 DEBUG 16572 --- [http-nio-8080-exec-8] org.hibernate.SQL                        : 
    select
        u1_0.user_id,
        u1_0.avatar_url,
        u1_0.date_of_birth,
        u1_0.email,
        u1_0.firstname,
        u1_0.lastname,
        u1_0.password,
        u1_0.role,
        u1_0.username 
    from
        users u1_0 
    where
        u1_0.user_id=?
2025-05-21T04:19:24.670+07:00 DEBUG 16572 --- [http-nio-8080-exec-5] org.hibernate.SQL                        : 
    select
        u1_0.user_id,
        u1_0.avatar_url,
        u1_0.date_of_birth,
        u1_0.email,
        u1_0.firstname,
        u1_0.lastname,
        u1_0.password,
        u1_0.role,
        u1_0.username 
    from
        users u1_0 
    where
        u1_0.username=?
2025-05-21T04:19:24.680+07:00 DEBUG 16572 --- [http-nio-8080-exec-5] org.hibernate.SQL                        : 
    select
        f1_0.follow_id,
        f1_0.follow_time,
        f1_0.follower_id,
        f1_0.following_id 
    from
        follows f1_0 
    where
        f1_0.following_id=?
2025-05-21T04:19:24.682+07:00 DEBUG 16572 --- [http-nio-8080-exec-5] org.hibernate.SQL                        : 
    select
        u1_0.user_id,
        u1_0.avatar_url,
        u1_0.date_of_birth,
        u1_0.email,
        u1_0.firstname,
        u1_0.lastname,
        u1_0.password,
        u1_0.role,
        u1_0.username 
    from
        users u1_0 
    where
        u1_0.user_id=?
2025-05-21T04:19:24.698+07:00 DEBUG 16572 --- [http-nio-8080-exec-5] org.hibernate.SQL                        : 
    select
        f1_0.follow_id,
        f1_0.follow_time,
        f1_0.follower_id,
        f1_0.following_id 
    from
        follows f1_0 
    where
        f1_0.follower_id=?
2025-05-21T04:19:24.698+07:00 DEBUG 16572 --- [http-nio-8080-exec-5] org.hibernate.SQL                        : 
    select
        u1_0.user_id,
        u1_0.avatar_url,
        u1_0.date_of_birth,
        u1_0.email,
        u1_0.firstname,
        u1_0.lastname,
        u1_0.password,
        u1_0.role,
        u1_0.username 
    from
        users u1_0 
    where
        u1_0.user_id=?
2025-05-21T04:19:24.714+07:00 DEBUG 16572 --- [http-nio-8080-exec-5] org.hibernate.SQL                        : 
    select
        r1_0.recipe_id,
        r1_0.author_id,
        r1_0.author_name,
        r1_0.author_url,
        r1_0.avatar_url,
        r1_0.category_name,
        r1_0.category_id,
        r1_0.created_at,
        r1_0.description,
        r1_0.ingredients,
        r1_0.instruction,
        r1_0.name,
        r1_1.average_rating,
        r1_1.comment_count,
        r1_1.like_count,
        r1_1.rate_count,
        r1_1.save_count 
    from
        recipes r1_0 
    left join
        recipe_stats r1_1 
            on r1_0.recipe_id=r1_1.recipe_id 
    where
        r1_0.author_id=? 
    order by
        r1_0.created_at desc
2025-05-21T04:19:24.730+07:00 DEBUG 16572 --- [http-nio-8080-exec-5] org.hibernate.SQL                        : 
    select
        avg(r1_0.rating) 
    from
        rates r1_0 
    where
        r1_0.recipe_id=?
2025-05-21T04:19:24.730+07:00 DEBUG 16572 --- [http-nio-8080-exec-5] org.hibernate.SQL                        : 
    select
        avg(r1_0.rating) 
    from
        rates r1_0 
    where
        r1_0.recipe_id=?
2025-05-21T04:19:24.730+07:00 DEBUG 16572 --- [http-nio-8080-exec-5] org.hibernate.SQL                        : 
    select
        avg(r1_0.rating) 
    from
        rates r1_0 
    where
        r1_0.recipe_id=?
2025-05-21T04:19:24.730+07:00 DEBUG 16572 --- [http-nio-8080-exec-5] org.hibernate.SQL                        : 
    select
        u1_0.user_id,
        u1_0.avatar_url,
        u1_0.date_of_birth,
        u1_0.email,
        u1_0.firstname,
        u1_0.lastname,
        u1_0.password,
        u1_0.role,
        u1_0.username 
    from
        users u1_0 
    where
        u1_0.username=?
2025-05-21T04:19:24.746+07:00 DEBUG 16572 --- [http-nio-8080-exec-5] org.hibernate.SQL                        : 
    select
        r1_0.recipe_id,
        r1_0.author_id,
        r1_0.author_name,
        r1_0.author_url,
        r1_0.avatar_url,
        r1_0.category_name,
        r1_0.category_id,
        r1_0.created_at,
        r1_0.description,
        r1_0.ingredients,
        r1_0.instruction,
        r1_0.name,
        r1_1.average_rating,
        r1_1.comment_count,
        r1_1.like_count,
        r1_1.rate_count,
        r1_1.save_count 
    from
        recipes r1_0 
    left join
        recipe_stats r1_1 
            on r1_0.recipe_id=r1_1.recipe_id 
    where
        r1_0.author_id=? 
    order by
        r1_0.created_at desc
2025-05-21T04:19:24.746+07:00 DEBUG 16572 --- [http-nio-8080-exec-5] org.hibernate.SQL                        : 
    select
        avg(r1_0.rating) 
    from
        rates r1_0 
    where
        r1_0.recipe_id=?
2025-05-21T04:19:24.746+07:00 DEBUG 16572 --- [http-nio-8080-exec-5] org.hibernate.SQL                        : 
    select
        count(l1_0.like_id) 
    from
        likes l1_0 
    where
        l1_0.recipe_id=?
2025-05-21T04:19:24.762+07:00 DEBUG 16572 --- [http-nio-8080-exec-5] org.hibernate.SQL                        : 
    select
        avg(r1_0.rating) 
    from
        rates r1_0 
    where
        r1_0.recipe_id=?
2025-05-21T04:19:24.763+07:00 DEBUG 16572 --- [http-nio-8080-exec-5] org.hibernate.SQL                        : 
    select
        count(l1_0.like_id) 
    from
        likes l1_0 
    where
        l1_0.recipe_id=?
2025-05-21T04:19:24.763+07:00 DEBUG 16572 --- [http-nio-8080-exec-5] org.hibernate.SQL                        : 
    select
        avg(r1_0.rating) 
    from
        rates r1_0 
    where
        r1_0.recipe_id=?
2025-05-21T04:19:24.763+07:00 DEBUG 16572 --- [http-nio-8080-exec-5] org.hibernate.SQL                        : 
    select
        count(l1_0.like_id) 
    from
        likes l1_0 
    where
        l1_0.recipe_id=?
2025-05-21T04:19:24.763+07:00 DEBUG 16572 --- [http-nio-8080-exec-5] org.hibernate.SQL                        : 
    select
        u1_0.user_id,
        u1_0.avatar_url,
        u1_0.date_of_birth,
        u1_0.email,
        u1_0.firstname,
        u1_0.lastname,
        u1_0.password,
        u1_0.role,
        u1_0.username 
    from
        users u1_0 
    where
        u1_0.username=?
2025-05-21T04:19:24.778+07:00 DEBUG 16572 --- [http-nio-8080-exec-5] org.hibernate.SQL                        : 
    select
        s1_0.save_id,
        s1_0.created_at,
        s1_0.recipe_id,
        s1_0.user_id 
    from
        saved s1_0 
    where
        s1_0.user_id=?
2025-05-21T04:19:24.781+07:00 DEBUG 16572 --- [http-nio-8080-exec-5] org.hibernate.SQL                        : 
    select
        r1_0.recipe_id,
        r1_0.author_id,
        r1_0.author_name,
        r1_0.author_url,
        r1_0.avatar_url,
        r1_0.category_name,
        r1_0.category_id,
        r1_0.created_at,
        r1_0.description,
        r1_0.ingredients,
        r1_0.instruction,
        r1_0.name,
        r1_1.average_rating,
        r1_1.comment_count,
        r1_1.like_count,
        r1_1.rate_count,
        r1_1.save_count 
    from
        recipes r1_0 
    left join
        recipe_stats r1_1 
            on r1_0.recipe_id=r1_1.recipe_id 
    where
        r1_0.recipe_id=?
2025-05-21T04:19:24.781+07:00 DEBUG 16572 --- [http-nio-8080-exec-5] org.hibernate.SQL                        : 
    select
        r1_0.recipe_id,
        r1_0.author_id,
        r1_0.author_name,
        r1_0.author_url,
        r1_0.avatar_url,
        r1_0.category_name,
        r1_0.category_id,
        r1_0.created_at,
        r1_0.description,
        r1_0.ingredients,
        r1_0.instruction,
        r1_0.name,
        r1_1.average_rating,
        r1_1.comment_count,
        r1_1.like_count,
        r1_1.rate_count,
        r1_1.save_count 
    from
        recipes r1_0 
    left join
        recipe_stats r1_1 
            on r1_0.recipe_id=r1_1.recipe_id 
    where
        r1_0.recipe_id=?
2025-05-21T04:19:24.781+07:00 DEBUG 16572 --- [http-nio-8080-exec-5] org.hibernate.SQL                        : 
    select
        avg(r1_0.rating) 
    from
        rates r1_0 
    where
        r1_0.recipe_id=?
2025-05-21T04:19:24.797+07:00 DEBUG 16572 --- [http-nio-8080-exec-5] org.hibernate.SQL                        : 
    select
        count(l1_0.like_id) 
    from
        likes l1_0 
    where
        l1_0.recipe_id=?
2025-05-21T04:19:24.797+07:00 DEBUG 16572 --- [http-nio-8080-exec-5] org.hibernate.SQL                        : 
    select
        avg(r1_0.rating) 
    from
        rates r1_0 
    where
        r1_0.recipe_id=?
2025-05-21T04:19:24.797+07:00 DEBUG 16572 --- [http-nio-8080-exec-5] org.hibernate.SQL                        : 
    select
        count(l1_0.like_id) 
    from
        likes l1_0 
    where
        l1_0.recipe_id=?
2025-05-21T04:19:24.797+07:00 DEBUG 16572 --- [http-nio-8080-exec-5] org.hibernate.SQL                        : 
    select
        avg(r1_0.rating) 
    from
        rates r1_0 
    where
        r1_0.recipe_id=?
2025-05-21T04:19:24.812+07:00 DEBUG 16572 --- [http-nio-8080-exec-5] org.hibernate.SQL                        : 
    select
        count(l1_0.like_id) 
    from
        likes l1_0 
    where
        l1_0.recipe_id=?
2025-05-21T04:19:24.814+07:00 DEBUG 16572 --- [http-nio-8080-exec-5] org.hibernate.SQL                        : 
    select
        u1_0.user_id,
        u1_0.avatar_url,
        u1_0.date_of_birth,
        u1_0.email,
        u1_0.firstname,
        u1_0.lastname,
        u1_0.password,
        u1_0.role,
        u1_0.username 
    from
        users u1_0 
    where
        u1_0.username=?
2025-05-21T04:19:24.814+07:00 DEBUG 16572 --- [http-nio-8080-exec-5] org.hibernate.SQL                        : 
    select
        l1_0.like_id,
        l1_0.created_at,
        l1_0.recipe_id,
        l1_0.user_id 
    from
        likes l1_0 
    where
        l1_0.user_id=?
2025-05-21T04:19:24.829+07:00 DEBUG 16572 --- [http-nio-8080-exec-5] org.hibernate.SQL                        : 
    select
        avg(r1_0.rating) 
    from
        rates r1_0 
    where
        r1_0.recipe_id=?
2025-05-21T04:19:24.831+07:00 DEBUG 16572 --- [http-nio-8080-exec-5] org.hibernate.SQL                        : 
    select
        count(l1_0.like_id) 
    from
        likes l1_0 
    where
        l1_0.recipe_id=?
2025-05-21T04:19:24.831+07:00 DEBUG 16572 --- [http-nio-8080-exec-5] org.hibernate.SQL                        : 
    select
        avg(r1_0.rating) 
    from
        rates r1_0 
    where
        r1_0.recipe_id=?
2025-05-21T04:19:24.831+07:00 DEBUG 16572 --- [http-nio-8080-exec-5] org.hibernate.SQL                        : 
    select
        count(l1_0.like_id) 
    from
        likes l1_0 
    where
        l1_0.recipe_id=?
2025-05-21T04:19:24.958+07:00  WARN 16572 --- [http-nio-8080-exec-9] .m.m.a.ExceptionHandlerExceptionResolver : Resolved [org.springframework.web.servlet.resource.NoResourceFoundException: No static resource favicon.ico.]
2025-05-21T04:22:03.194+07:00 DEBUG 16572 --- [http-nio-8080-exec-9] org.hibernate.SQL                        : 
    select
        u1_0.user_id,
        u1_0.avatar_url,
        u1_0.date_of_birth,
        u1_0.email,
        u1_0.firstname,
        u1_0.lastname,
        u1_0.password,
        u1_0.role,
        u1_0.username 
    from
        users u1_0 
    where
        u1_0.username=? 
        or u1_0.email=?
2025-05-21T04:22:03.356+07:00 DEBUG 16572 --- [http-nio-8080-exec-4] org.hibernate.SQL                        : 
    select
        u1_0.user_id,
        u1_0.avatar_url,
        u1_0.date_of_birth,
        u1_0.email,
        u1_0.firstname,
        u1_0.lastname,
        u1_0.password,
        u1_0.role,
        u1_0.username 
    from
        users u1_0 
    where
        u1_0.username=?
2025-05-21T04:22:03.356+07:00 DEBUG 16572 --- [http-nio-8080-exec-4] org.hibernate.SQL                        : 
    select
        f1_0.follow_id,
        f1_0.follow_time,
        f1_0.follower_id,
        f1_0.following_id 
    from
        follows f1_0 
    where
        f1_0.following_id=?
2025-05-21T04:22:03.373+07:00 DEBUG 16572 --- [http-nio-8080-exec-4] org.hibernate.SQL                        : 
    select
        u1_0.user_id,
        u1_0.avatar_url,
        u1_0.date_of_birth,
        u1_0.email,
        u1_0.firstname,
        u1_0.lastname,
        u1_0.password,
        u1_0.role,
        u1_0.username 
    from
        users u1_0 
    where
        u1_0.user_id=?
2025-05-21T04:22:03.378+07:00 DEBUG 16572 --- [http-nio-8080-exec-4] org.hibernate.SQL                        : 
    select
        f1_0.follow_id,
        f1_0.follow_time,
        f1_0.follower_id,
        f1_0.following_id 
    from
        follows f1_0 
    where
        f1_0.follower_id=?
2025-05-21T04:22:03.382+07:00 DEBUG 16572 --- [http-nio-8080-exec-4] org.hibernate.SQL                        : 
    select
        u1_0.user_id,
        u1_0.avatar_url,
        u1_0.date_of_birth,
        u1_0.email,
        u1_0.firstname,
        u1_0.lastname,
        u1_0.password,
        u1_0.role,
        u1_0.username 
    from
        users u1_0 
    where
        u1_0.user_id=?
2025-05-21T04:22:03.388+07:00 DEBUG 16572 --- [http-nio-8080-exec-4] org.hibernate.SQL                        : 
    select
        r1_0.recipe_id,
        r1_0.author_id,
        r1_0.author_name,
        r1_0.author_url,
        r1_0.avatar_url,
        r1_0.category_name,
        r1_0.category_id,
        r1_0.created_at,
        r1_0.description,
        r1_0.ingredients,
        r1_0.instruction,
        r1_0.name,
        r1_1.average_rating,
        r1_1.comment_count,
        r1_1.like_count,
        r1_1.rate_count,
        r1_1.save_count 
    from
        recipes r1_0 
    left join
        recipe_stats r1_1 
            on r1_0.recipe_id=r1_1.recipe_id 
    where
        r1_0.author_id=? 
    order by
        r1_0.created_at desc
2025-05-21T04:22:03.390+07:00 DEBUG 16572 --- [http-nio-8080-exec-4] org.hibernate.SQL                        : 
    select
        avg(r1_0.rating) 
    from
        rates r1_0 
    where
        r1_0.recipe_id=?
2025-05-21T04:22:03.401+07:00 DEBUG 16572 --- [http-nio-8080-exec-4] org.hibernate.SQL                        : 
    select
        avg(r1_0.rating) 
    from
        rates r1_0 
    where
        r1_0.recipe_id=?
2025-05-21T04:22:03.401+07:00 DEBUG 16572 --- [http-nio-8080-exec-4] org.hibernate.SQL                        : 
    select
        avg(r1_0.rating) 
    from
        rates r1_0 
    where
        r1_0.recipe_id=?
2025-05-21T04:22:03.407+07:00 DEBUG 16572 --- [http-nio-8080-exec-4] org.hibernate.SQL                        : 
    select
        u1_0.user_id,
        u1_0.avatar_url,
        u1_0.date_of_birth,
        u1_0.email,
        u1_0.firstname,
        u1_0.lastname,
        u1_0.password,
        u1_0.role,
        u1_0.username 
    from
        users u1_0 
    where
        u1_0.username=?
2025-05-21T04:22:03.409+07:00 DEBUG 16572 --- [http-nio-8080-exec-4] org.hibernate.SQL                        : 
    select
        r1_0.recipe_id,
        r1_0.author_id,
        r1_0.author_name,
        r1_0.author_url,
        r1_0.avatar_url,
        r1_0.category_name,
        r1_0.category_id,
        r1_0.created_at,
        r1_0.description,
        r1_0.ingredients,
        r1_0.instruction,
        r1_0.name,
        r1_1.average_rating,
        r1_1.comment_count,
        r1_1.like_count,
        r1_1.rate_count,
        r1_1.save_count 
    from
        recipes r1_0 
    left join
        recipe_stats r1_1 
            on r1_0.recipe_id=r1_1.recipe_id 
    where
        r1_0.author_id=? 
    order by
        r1_0.created_at desc
2025-05-21T04:22:03.423+07:00 DEBUG 16572 --- [http-nio-8080-exec-4] org.hibernate.SQL                        : 
    select
        avg(r1_0.rating) 
    from
        rates r1_0 
    where
        r1_0.recipe_id=?
2025-05-21T04:22:03.425+07:00 DEBUG 16572 --- [http-nio-8080-exec-4] org.hibernate.SQL                        : 
    select
        count(l1_0.like_id) 
    from
        likes l1_0 
    where
        l1_0.recipe_id=?
2025-05-21T04:22:03.436+07:00 DEBUG 16572 --- [http-nio-8080-exec-4] org.hibernate.SQL                        : 
    select
        avg(r1_0.rating) 
    from
        rates r1_0 
    where
        r1_0.recipe_id=?
2025-05-21T04:22:03.440+07:00 DEBUG 16572 --- [http-nio-8080-exec-4] org.hibernate.SQL                        : 
    select
        count(l1_0.like_id) 
    from
        likes l1_0 
    where
        l1_0.recipe_id=?
2025-05-21T04:22:03.444+07:00 DEBUG 16572 --- [http-nio-8080-exec-4] org.hibernate.SQL                        : 
    select
        avg(r1_0.rating) 
    from
        rates r1_0 
    where
        r1_0.recipe_id=?
2025-05-21T04:22:03.449+07:00 DEBUG 16572 --- [http-nio-8080-exec-4] org.hibernate.SQL                        : 
    select
        count(l1_0.like_id) 
    from
        likes l1_0 
    where
        l1_0.recipe_id=?
2025-05-21T04:22:03.453+07:00 DEBUG 16572 --- [http-nio-8080-exec-4] org.hibernate.SQL                        : 
    select
        u1_0.user_id,
        u1_0.avatar_url,
        u1_0.date_of_birth,
        u1_0.email,
        u1_0.firstname,
        u1_0.lastname,
        u1_0.password,
        u1_0.role,
        u1_0.username 
    from
        users u1_0 
    where
        u1_0.username=?
2025-05-21T04:22:03.457+07:00 DEBUG 16572 --- [http-nio-8080-exec-4] org.hibernate.SQL                        : 
    select
        s1_0.save_id,
        s1_0.created_at,
        s1_0.recipe_id,
        s1_0.user_id 
    from
        saved s1_0 
    where
        s1_0.user_id=?
2025-05-21T04:22:03.457+07:00 DEBUG 16572 --- [http-nio-8080-exec-4] org.hibernate.SQL                        : 
    select
        r1_0.recipe_id,
        r1_0.author_id,
        r1_0.author_name,
        r1_0.author_url,
        r1_0.avatar_url,
        r1_0.category_name,
        r1_0.category_id,
        r1_0.created_at,
        r1_0.description,
        r1_0.ingredients,
        r1_0.instruction,
        r1_0.name,
        r1_1.average_rating,
        r1_1.comment_count,
        r1_1.like_count,
        r1_1.rate_count,
        r1_1.save_count 
    from
        recipes r1_0 
    left join
        recipe_stats r1_1 
            on r1_0.recipe_id=r1_1.recipe_id 
    where
        r1_0.recipe_id=?
2025-05-21T04:22:03.474+07:00 DEBUG 16572 --- [http-nio-8080-exec-4] org.hibernate.SQL                        : 
    select
        r1_0.recipe_id,
        r1_0.author_id,
        r1_0.author_name,
        r1_0.author_url,
        r1_0.avatar_url,
        r1_0.category_name,
        r1_0.category_id,
        r1_0.created_at,
        r1_0.description,
        r1_0.ingredients,
        r1_0.instruction,
        r1_0.name,
        r1_1.average_rating,
        r1_1.comment_count,
        r1_1.like_count,
        r1_1.rate_count,
        r1_1.save_count 
    from
        recipes r1_0 
    left join
        recipe_stats r1_1 
            on r1_0.recipe_id=r1_1.recipe_id 
    where
        r1_0.recipe_id=?
2025-05-21T04:22:03.481+07:00 DEBUG 16572 --- [http-nio-8080-exec-4] org.hibernate.SQL                        : 
    select
        avg(r1_0.rating) 
    from
        rates r1_0 
    where
        r1_0.recipe_id=?
2025-05-21T04:22:03.485+07:00 DEBUG 16572 --- [http-nio-8080-exec-4] org.hibernate.SQL                        : 
    select
        count(l1_0.like_id) 
    from
        likes l1_0 
    where
        l1_0.recipe_id=?
2025-05-21T04:22:03.488+07:00 DEBUG 16572 --- [http-nio-8080-exec-4] org.hibernate.SQL                        : 
    select
        avg(r1_0.rating) 
    from
        rates r1_0 
    where
        r1_0.recipe_id=?
2025-05-21T04:22:03.489+07:00 DEBUG 16572 --- [http-nio-8080-exec-4] org.hibernate.SQL                        : 
    select
        count(l1_0.like_id) 
    from
        likes l1_0 
    where
        l1_0.recipe_id=?
2025-05-21T04:22:03.489+07:00 DEBUG 16572 --- [http-nio-8080-exec-4] org.hibernate.SQL                        : 
    select
        avg(r1_0.rating) 
    from
        rates r1_0 
    where
        r1_0.recipe_id=?
2025-05-21T04:22:03.489+07:00 DEBUG 16572 --- [http-nio-8080-exec-4] org.hibernate.SQL                        : 
    select
        count(l1_0.like_id) 
    from
        likes l1_0 
    where
        l1_0.recipe_id=?
2025-05-21T04:22:03.489+07:00 DEBUG 16572 --- [http-nio-8080-exec-4] org.hibernate.SQL                        : 
    select
        u1_0.user_id,
        u1_0.avatar_url,
        u1_0.date_of_birth,
        u1_0.email,
        u1_0.firstname,
        u1_0.lastname,
        u1_0.password,
        u1_0.role,
        u1_0.username 
    from
        users u1_0 
    where
        u1_0.username=?
2025-05-21T04:22:03.505+07:00 DEBUG 16572 --- [http-nio-8080-exec-4] org.hibernate.SQL                        : 
    select
        l1_0.like_id,
        l1_0.created_at,
        l1_0.recipe_id,
        l1_0.user_id 
    from
        likes l1_0 
    where
        l1_0.user_id=?
2025-05-21T04:22:03.515+07:00 DEBUG 16572 --- [http-nio-8080-exec-4] org.hibernate.SQL                        : 
    select
        avg(r1_0.rating) 
    from
        rates r1_0 
    where
        r1_0.recipe_id=?
2025-05-21T04:22:03.519+07:00 DEBUG 16572 --- [http-nio-8080-exec-4] org.hibernate.SQL                        : 
    select
        count(l1_0.like_id) 
    from
        likes l1_0 
    where
        l1_0.recipe_id=?
2025-05-21T04:22:03.522+07:00 DEBUG 16572 --- [http-nio-8080-exec-4] org.hibernate.SQL                        : 
    select
        avg(r1_0.rating) 
    from
        rates r1_0 
    where
        r1_0.recipe_id=?
2025-05-21T04:22:03.524+07:00 DEBUG 16572 --- [http-nio-8080-exec-4] org.hibernate.SQL                        : 
    select
        count(l1_0.like_id) 
    from
        likes l1_0 
    where
        l1_0.recipe_id=?
2025-05-21T04:22:03.610+07:00  WARN 16572 --- [http-nio-8080-exec-8] .m.m.a.ExceptionHandlerExceptionResolver : Resolved [org.springframework.web.servlet.resource.NoResourceFoundException: No static resource favicon.ico.]
2025-05-21T04:22:06.830+07:00 DEBUG 16572 --- [http-nio-8080-exec-1] org.hibernate.SQL                        : 
    select
        r1_0.recipe_id,
        r1_0.author_id,
        r1_0.author_name,
        r1_0.author_url,
        r1_0.avatar_url,
        r1_0.category_name,
        r1_0.category_id,
        r1_0.created_at,
        r1_0.description,
        r1_0.ingredients,
        r1_0.instruction,
        r1_0.name,
        r1_1.average_rating,
        r1_1.comment_count,
        r1_1.like_count,
        r1_1.rate_count,
        r1_1.save_count 
    from
        recipes r1_0 
    left join
        recipe_stats r1_1 
            on r1_0.recipe_id=r1_1.recipe_id 
    where
        r1_0.recipe_id=?
2025-05-21T04:22:06.846+07:00 DEBUG 16572 --- [http-nio-8080-exec-1] org.hibernate.SQL                        : 
    select
        c1_0.comment_id,
        c1_0.comment_content,
        c1_0.created_at,
        c1_0.recipe_id,
        c1_0.user_id 
    from
        comments c1_0 
    where
        c1_0.recipe_id=?
2025-05-21T04:22:06.846+07:00 DEBUG 16572 --- [http-nio-8080-exec-1] org.hibernate.SQL                        : 
    select
        u1_0.user_id,
        u1_0.avatar_url,
        u1_0.date_of_birth,
        u1_0.email,
        u1_0.firstname,
        u1_0.lastname,
        u1_0.password,
        u1_0.role,
        u1_0.username 
    from
        users u1_0 
    where
        u1_0.user_id=?
2025-05-21T04:22:06.846+07:00 DEBUG 16572 --- [http-nio-8080-exec-1] org.hibernate.SQL                        : 
    select
        u1_0.user_id,
        u1_0.avatar_url,
        u1_0.date_of_birth,
        u1_0.email,
        u1_0.firstname,
        u1_0.lastname,
        u1_0.password,
        u1_0.role,
        u1_0.username 
    from
        users u1_0 
    where
        u1_0.user_id=?
2025-05-21T04:22:06.871+07:00 DEBUG 16572 --- [http-nio-8080-exec-5] org.hibernate.SQL                        : 
    select
        r1_0.recipe_id,
        r1_0.author_id,
        r1_0.author_name,
        r1_0.author_url,
        r1_0.avatar_url,
        r1_0.category_name,
        r1_0.category_id,
        r1_0.created_at,
        r1_0.description,
        r1_0.ingredients,
        r1_0.instruction,
        r1_0.name,
        r1_1.average_rating,
        r1_1.comment_count,
        r1_1.like_count,
        r1_1.rate_count,
        r1_1.save_count 
    from
        recipes r1_0 
    left join
        recipe_stats r1_1 
            on r1_0.recipe_id=r1_1.recipe_id 
    where
        r1_0.recipe_id=?
2025-05-21T04:22:06.872+07:00 DEBUG 16572 --- [http-nio-8080-exec-3] org.hibernate.SQL                        : 
    select
        l1_0.like_id 
    from
        likes l1_0 
    where
        l1_0.user_id=? 
        and l1_0.recipe_id=? 
    limit
        ?
2025-05-21T04:22:06.873+07:00 DEBUG 16572 --- [http-nio-8080-exec-6] org.hibernate.SQL                        : 
    select
        s1_0.save_id 
    from
        saved s1_0 
    where
        s1_0.user_id=? 
        and s1_0.recipe_id=? 
    limit
        ?
2025-05-21T04:22:06.875+07:00 DEBUG 16572 --- [http-nio-8080-exec-5] org.hibernate.SQL                        : 
    select
        c1_0.comment_id,
        c1_0.comment_content,
        c1_0.created_at,
        c1_0.recipe_id,
        c1_0.user_id 
    from
        comments c1_0 
    where
        c1_0.recipe_id=?
2025-05-21T04:22:06.878+07:00 DEBUG 16572 --- [http-nio-8080-exec-5] org.hibernate.SQL                        : 
    select
        u1_0.user_id,
        u1_0.avatar_url,
        u1_0.date_of_birth,
        u1_0.email,
        u1_0.firstname,
        u1_0.lastname,
        u1_0.password,
        u1_0.role,
        u1_0.username 
    from
        users u1_0 
    where
        u1_0.user_id=?
2025-05-21T04:22:06.882+07:00 DEBUG 16572 --- [http-nio-8080-exec-5] org.hibernate.SQL                        : 
    select
        u1_0.user_id,
        u1_0.avatar_url,
        u1_0.date_of_birth,
        u1_0.email,
        u1_0.firstname,
        u1_0.lastname,
        u1_0.password,
        u1_0.role,
        u1_0.username 
    from
        users u1_0 
    where
        u1_0.user_id=?
2025-05-21T04:22:06.890+07:00 DEBUG 16572 --- [http-nio-8080-exec-2] org.hibernate.SQL                        : 
    select
        r1_0.recipe_id,
        r1_0.author_id,
        r1_0.author_name,
        r1_0.author_url,
        r1_0.avatar_url,
        r1_0.category_name,
        r1_0.category_id,
        r1_0.created_at,
        r1_0.description,
        r1_0.ingredients,
        r1_0.instruction,
        r1_0.name,
        r1_1.average_rating,
        r1_1.comment_count,
        r1_1.like_count,
        r1_1.rate_count,
        r1_1.save_count 
    from
        recipes r1_0 
    left join
        recipe_stats r1_1 
            on r1_0.recipe_id=r1_1.recipe_id 
    where
        r1_0.recipe_id=?
2025-05-21T04:22:06.890+07:00 DEBUG 16572 --- [http-nio-8080-exec-2] org.hibernate.SQL                        : 
    select
        c1_0.comment_id,
        c1_0.comment_content,
        c1_0.created_at,
        c1_0.recipe_id,
        c1_0.user_id 
    from
        comments c1_0 
    where
        c1_0.recipe_id=?
2025-05-21T04:22:06.890+07:00 DEBUG 16572 --- [http-nio-8080-exec-2] org.hibernate.SQL                        : 
    select
        u1_0.user_id,
        u1_0.avatar_url,
        u1_0.date_of_birth,
        u1_0.email,
        u1_0.firstname,
        u1_0.lastname,
        u1_0.password,
        u1_0.role,
        u1_0.username 
    from
        users u1_0 
    where
        u1_0.user_id=?
2025-05-21T04:22:06.905+07:00 DEBUG 16572 --- [http-nio-8080-exec-2] org.hibernate.SQL                        : 
    select
        u1_0.user_id,
        u1_0.avatar_url,
        u1_0.date_of_birth,
        u1_0.email,
        u1_0.firstname,
        u1_0.lastname,
        u1_0.password,
        u1_0.role,
        u1_0.username 
    from
        users u1_0 
    where
        u1_0.user_id=?
2025-05-21T04:22:31.589+07:00 DEBUG 16572 --- [http-nio-8080-exec-7] org.hibernate.SQL                        : 
    select
        r1_0.recipe_id,
        r1_0.author_id,
        r1_0.author_name,
        r1_0.author_url,
        r1_0.avatar_url,
        r1_0.category_name,
        r1_0.category_id,
        r1_0.created_at,
        r1_0.description,
        r1_0.ingredients,
        r1_0.instruction,
        r1_0.name,
        r1_1.average_rating,
        r1_1.comment_count,
        r1_1.like_count,
        r1_1.rate_count,
        r1_1.save_count 
    from
        recipes r1_0 
    left join
        recipe_stats r1_1 
            on r1_0.recipe_id=r1_1.recipe_id 
    where
        r1_0.recipe_id=?
2025-05-21T04:22:31.598+07:00 DEBUG 16572 --- [http-nio-8080-exec-7] org.hibernate.SQL                        : 
    select
        c1_0.comment_id,
        c1_0.comment_content,
        c1_0.created_at,
        c1_0.recipe_id,
        c1_0.user_id 
    from
        comments c1_0 
    where
        c1_0.recipe_id=?
2025-05-21T04:22:31.598+07:00 DEBUG 16572 --- [http-nio-8080-exec-7] org.hibernate.SQL                        : 
    select
        u1_0.user_id,
        u1_0.avatar_url,
        u1_0.date_of_birth,
        u1_0.email,
        u1_0.firstname,
        u1_0.lastname,
        u1_0.password,
        u1_0.role,
        u1_0.username 
    from
        users u1_0 
    where
        u1_0.user_id=?
2025-05-21T04:22:31.620+07:00 DEBUG 16572 --- [http-nio-8080-exec-8] org.hibernate.SQL                        : 
    select
        r1_0.recipe_id,
        r1_0.author_id,
        r1_0.author_name,
        r1_0.author_url,
        r1_0.avatar_url,
        r1_0.category_name,
        r1_0.category_id,
        r1_0.created_at,
        r1_0.description,
        r1_0.ingredients,
        r1_0.instruction,
        r1_0.name,
        r1_1.average_rating,
        r1_1.comment_count,
        r1_1.like_count,
        r1_1.rate_count,
        r1_1.save_count 
    from
        recipes r1_0 
    left join
        recipe_stats r1_1 
            on r1_0.recipe_id=r1_1.recipe_id 
    where
        r1_0.recipe_id=?
2025-05-21T04:22:31.621+07:00 DEBUG 16572 --- [http-nio-8080-exec-9] org.hibernate.SQL                        : 
    select
        s1_0.save_id 
    from
        saved s1_0 
    where
        s1_0.user_id=? 
        and s1_0.recipe_id=? 
    limit
        ?
2025-05-21T04:22:31.621+07:00 DEBUG 16572 --- [http-nio-8080-exec-1] org.hibernate.SQL                        : 
    select
        l1_0.like_id 
    from
        likes l1_0 
    where
        l1_0.user_id=? 
        and l1_0.recipe_id=? 
    limit
        ?
2025-05-21T04:22:31.625+07:00 DEBUG 16572 --- [http-nio-8080-exec-8] org.hibernate.SQL                        : 
    select
        c1_0.comment_id,
        c1_0.comment_content,
        c1_0.created_at,
        c1_0.recipe_id,
        c1_0.user_id 
    from
        comments c1_0 
    where
        c1_0.recipe_id=?
2025-05-21T04:22:31.630+07:00 DEBUG 16572 --- [http-nio-8080-exec-8] org.hibernate.SQL                        : 
    select
        u1_0.user_id,
        u1_0.avatar_url,
        u1_0.date_of_birth,
        u1_0.email,
        u1_0.firstname,
        u1_0.lastname,
        u1_0.password,
        u1_0.role,
        u1_0.username 
    from
        users u1_0 
    where
        u1_0.user_id=?
2025-05-21T04:22:31.641+07:00 DEBUG 16572 --- [http-nio-8080-exec-6] org.hibernate.SQL                        : 
    select
        r1_0.recipe_id,
        r1_0.author_id,
        r1_0.author_name,
        r1_0.author_url,
        r1_0.avatar_url,
        r1_0.category_name,
        r1_0.category_id,
        r1_0.created_at,
        r1_0.description,
        r1_0.ingredients,
        r1_0.instruction,
        r1_0.name,
        r1_1.average_rating,
        r1_1.comment_count,
        r1_1.like_count,
        r1_1.rate_count,
        r1_1.save_count 
    from
        recipes r1_0 
    left join
        recipe_stats r1_1 
            on r1_0.recipe_id=r1_1.recipe_id 
    where
        r1_0.recipe_id=?
2025-05-21T04:22:31.641+07:00 DEBUG 16572 --- [http-nio-8080-exec-6] org.hibernate.SQL                        : 
    select
        c1_0.comment_id,
        c1_0.comment_content,
        c1_0.created_at,
        c1_0.recipe_id,
        c1_0.user_id 
    from
        comments c1_0 
    where
        c1_0.recipe_id=?
2025-05-21T04:22:31.641+07:00 DEBUG 16572 --- [http-nio-8080-exec-6] org.hibernate.SQL                        : 
    select
        u1_0.user_id,
        u1_0.avatar_url,
        u1_0.date_of_birth,
        u1_0.email,
        u1_0.firstname,
        u1_0.lastname,
        u1_0.password,
        u1_0.role,
        u1_0.username 
    from
        users u1_0 
    where
        u1_0.user_id=?
2025-05-21T04:22:37.095+07:00 DEBUG 16572 --- [http-nio-8080-exec-3] org.hibernate.SQL                        : 
    select
        r1_0.rate_id,
        r1_0.created_at,
        r1_0.rating,
        r1_0.recipe_id,
        r1_0.user_id 
    from
        rates r1_0 
    where
        r1_0.user_id=? 
        and r1_0.recipe_id=?
2025-05-21T04:22:37.095+07:00 DEBUG 16572 --- [http-nio-8080-exec-3] org.hibernate.SQL                        : 
    select
        is1_0.id 
    from
        id_seq is1_0 
    order by
        is1_0.id desc 
    limit
        ?
2025-05-21T04:22:37.111+07:00 DEBUG 16572 --- [http-nio-8080-exec-3] org.hibernate.SQL                        : 
    select
        is1_0.id 
    from
        id_seq is1_0 
    where
        is1_0.id=?
2025-05-21T04:22:37.127+07:00 DEBUG 16572 --- [http-nio-8080-exec-3] org.hibernate.SQL                        : 
    select
        r1_0.rate_id,
        r1_0.created_at,
        r1_0.rating,
        r1_0.recipe_id,
        r1_0.user_id 
    from
        rates r1_0 
    where
        r1_0.rate_id=?
2025-05-21T04:22:37.158+07:00 DEBUG 16572 --- [http-nio-8080-exec-3] org.hibernate.SQL                        : 
    insert 
    into
        id_seq
        (id) 
    values
        (?)
2025-05-21T04:22:37.174+07:00 DEBUG 16572 --- [http-nio-8080-exec-3] org.hibernate.SQL                        : 
    insert 
    into
        rates
        (created_at, rating, recipe_id, user_id, rate_id) 
    values
        (?, ?, ?, ?, ?)
2025-05-21T04:22:37.190+07:00 DEBUG 16572 --- [http-nio-8080-exec-5] org.hibernate.SQL                        : 
    select
        r1_0.recipe_id,
        r1_0.author_id,
        r1_0.author_name,
        r1_0.author_url,
        r1_0.avatar_url,
        r1_0.category_name,
        r1_0.category_id,
        r1_0.created_at,
        r1_0.description,
        r1_0.ingredients,
        r1_0.instruction,
        r1_0.name,
        r1_1.average_rating,
        r1_1.comment_count,
        r1_1.like_count,
        r1_1.rate_count,
        r1_1.save_count 
    from
        recipes r1_0 
    left join
        recipe_stats r1_1 
            on r1_0.recipe_id=r1_1.recipe_id 
    where
        r1_0.recipe_id=?
2025-05-21T04:22:37.190+07:00 DEBUG 16572 --- [http-nio-8080-exec-5] org.hibernate.SQL                        : 
    select
        c1_0.comment_id,
        c1_0.comment_content,
        c1_0.created_at,
        c1_0.recipe_id,
        c1_0.user_id 
    from
        comments c1_0 
    where
        c1_0.recipe_id=?
2025-05-21T04:22:37.206+07:00 DEBUG 16572 --- [http-nio-8080-exec-5] org.hibernate.SQL                        : 
    select
        u1_0.user_id,
        u1_0.avatar_url,
        u1_0.date_of_birth,
        u1_0.email,
        u1_0.firstname,
        u1_0.lastname,
        u1_0.password,
        u1_0.role,
        u1_0.username 
    from
        users u1_0 
    where
        u1_0.user_id=?
2025-05-21T04:27:30.741+07:00 DEBUG 16572 --- [http-nio-8080-exec-4] org.hibernate.SQL                        : 
    select
        u1_0.user_id,
        u1_0.avatar_url,
        u1_0.date_of_birth,
        u1_0.email,
        u1_0.firstname,
        u1_0.lastname,
        u1_0.password,
        u1_0.role,
        u1_0.username 
    from
        users u1_0 
    where
        u1_0.username=?
2025-05-21T04:27:30.743+07:00 DEBUG 16572 --- [http-nio-8080-exec-4] org.hibernate.SQL                        : 
    select
        f1_0.follow_id,
        f1_0.follow_time,
        f1_0.follower_id,
        f1_0.following_id 
    from
        follows f1_0 
    where
        f1_0.following_id=?
2025-05-21T04:27:30.743+07:00 DEBUG 16572 --- [http-nio-8080-exec-4] org.hibernate.SQL                        : 
    select
        u1_0.user_id,
        u1_0.avatar_url,
        u1_0.date_of_birth,
        u1_0.email,
        u1_0.firstname,
        u1_0.lastname,
        u1_0.password,
        u1_0.role,
        u1_0.username 
    from
        users u1_0 
    where
        u1_0.user_id=?
2025-05-21T04:27:30.743+07:00 DEBUG 16572 --- [http-nio-8080-exec-4] org.hibernate.SQL                        : 
    select
        f1_0.follow_id,
        f1_0.follow_time,
        f1_0.follower_id,
        f1_0.following_id 
    from
        follows f1_0 
    where
        f1_0.follower_id=?
2025-05-21T04:27:30.743+07:00 DEBUG 16572 --- [http-nio-8080-exec-4] org.hibernate.SQL                        : 
    select
        u1_0.user_id,
        u1_0.avatar_url,
        u1_0.date_of_birth,
        u1_0.email,
        u1_0.firstname,
        u1_0.lastname,
        u1_0.password,
        u1_0.role,
        u1_0.username 
    from
        users u1_0 
    where
        u1_0.user_id=?
2025-05-21T04:27:30.758+07:00 DEBUG 16572 --- [http-nio-8080-exec-4] org.hibernate.SQL                        : 
    select
        r1_0.recipe_id,
        r1_0.author_id,
        r1_0.author_name,
        r1_0.author_url,
        r1_0.avatar_url,
        r1_0.category_name,
        r1_0.category_id,
        r1_0.created_at,
        r1_0.description,
        r1_0.ingredients,
        r1_0.instruction,
        r1_0.name,
        r1_1.average_rating,
        r1_1.comment_count,
        r1_1.like_count,
        r1_1.rate_count,
        r1_1.save_count 
    from
        recipes r1_0 
    left join
        recipe_stats r1_1 
            on r1_0.recipe_id=r1_1.recipe_id 
    where
        r1_0.author_id=? 
    order by
        r1_0.created_at desc
2025-05-21T04:27:30.758+07:00 DEBUG 16572 --- [http-nio-8080-exec-4] org.hibernate.SQL                        : 
    select
        avg(r1_0.rating) 
    from
        rates r1_0 
    where
        r1_0.recipe_id=?
2025-05-21T04:27:30.758+07:00 DEBUG 16572 --- [http-nio-8080-exec-4] org.hibernate.SQL                        : 
    select
        avg(r1_0.rating) 
    from
        rates r1_0 
    where
        r1_0.recipe_id=?
2025-05-21T04:27:30.758+07:00 DEBUG 16572 --- [http-nio-8080-exec-4] org.hibernate.SQL                        : 
    select
        avg(r1_0.rating) 
    from
        rates r1_0 
    where
        r1_0.recipe_id=?
2025-05-21T04:27:30.774+07:00 DEBUG 16572 --- [http-nio-8080-exec-4] org.hibernate.SQL                        : 
    select
        u1_0.user_id,
        u1_0.avatar_url,
        u1_0.date_of_birth,
        u1_0.email,
        u1_0.firstname,
        u1_0.lastname,
        u1_0.password,
        u1_0.role,
        u1_0.username 
    from
        users u1_0 
    where
        u1_0.username=?
2025-05-21T04:27:30.775+07:00 DEBUG 16572 --- [http-nio-8080-exec-4] org.hibernate.SQL                        : 
    select
        r1_0.recipe_id,
        r1_0.author_id,
        r1_0.author_name,
        r1_0.author_url,
        r1_0.avatar_url,
        r1_0.category_name,
        r1_0.category_id,
        r1_0.created_at,
        r1_0.description,
        r1_0.ingredients,
        r1_0.instruction,
        r1_0.name,
        r1_1.average_rating,
        r1_1.comment_count,
        r1_1.like_count,
        r1_1.rate_count,
        r1_1.save_count 
    from
        recipes r1_0 
    left join
        recipe_stats r1_1 
            on r1_0.recipe_id=r1_1.recipe_id 
    where
        r1_0.author_id=? 
    order by
        r1_0.created_at desc
2025-05-21T04:27:30.775+07:00 DEBUG 16572 --- [http-nio-8080-exec-4] org.hibernate.SQL                        : 
    select
        avg(r1_0.rating) 
    from
        rates r1_0 
    where
        r1_0.recipe_id=?
2025-05-21T04:27:30.791+07:00 DEBUG 16572 --- [http-nio-8080-exec-4] org.hibernate.SQL                        : 
    select
        count(l1_0.like_id) 
    from
        likes l1_0 
    where
        l1_0.recipe_id=?
2025-05-21T04:27:30.791+07:00 DEBUG 16572 --- [http-nio-8080-exec-4] org.hibernate.SQL                        : 
    select
        avg(r1_0.rating) 
    from
        rates r1_0 
    where
        r1_0.recipe_id=?
2025-05-21T04:27:30.791+07:00 DEBUG 16572 --- [http-nio-8080-exec-4] org.hibernate.SQL                        : 
    select
        count(l1_0.like_id) 
    from
        likes l1_0 
    where
        l1_0.recipe_id=?
2025-05-21T04:27:30.791+07:00 DEBUG 16572 --- [http-nio-8080-exec-4] org.hibernate.SQL                        : 
    select
        avg(r1_0.rating) 
    from
        rates r1_0 
    where
        r1_0.recipe_id=?
2025-05-21T04:27:30.809+07:00 DEBUG 16572 --- [http-nio-8080-exec-4] org.hibernate.SQL                        : 
    select
        count(l1_0.like_id) 
    from
        likes l1_0 
    where
        l1_0.recipe_id=?
2025-05-21T04:27:30.809+07:00 DEBUG 16572 --- [http-nio-8080-exec-4] org.hibernate.SQL                        : 
    select
        u1_0.user_id,
        u1_0.avatar_url,
        u1_0.date_of_birth,
        u1_0.email,
        u1_0.firstname,
        u1_0.lastname,
        u1_0.password,
        u1_0.role,
        u1_0.username 
    from
        users u1_0 
    where
        u1_0.username=?
2025-05-21T04:27:30.809+07:00 DEBUG 16572 --- [http-nio-8080-exec-4] org.hibernate.SQL                        : 
    select
        s1_0.save_id,
        s1_0.created_at,
        s1_0.recipe_id,
        s1_0.user_id 
    from
        saved s1_0 
    where
        s1_0.user_id=?
2025-05-21T04:27:30.809+07:00 DEBUG 16572 --- [http-nio-8080-exec-4] org.hibernate.SQL                        : 
    select
        r1_0.recipe_id,
        r1_0.author_id,
        r1_0.author_name,
        r1_0.author_url,
        r1_0.avatar_url,
        r1_0.category_name,
        r1_0.category_id,
        r1_0.created_at,
        r1_0.description,
        r1_0.ingredients,
        r1_0.instruction,
        r1_0.name,
        r1_1.average_rating,
        r1_1.comment_count,
        r1_1.like_count,
        r1_1.rate_count,
        r1_1.save_count 
    from
        recipes r1_0 
    left join
        recipe_stats r1_1 
            on r1_0.recipe_id=r1_1.recipe_id 
    where
        r1_0.recipe_id=?
2025-05-21T04:27:30.823+07:00 DEBUG 16572 --- [http-nio-8080-exec-4] org.hibernate.SQL                        : 
    select
        r1_0.recipe_id,
        r1_0.author_id,
        r1_0.author_name,
        r1_0.author_url,
        r1_0.avatar_url,
        r1_0.category_name,
        r1_0.category_id,
        r1_0.created_at,
        r1_0.description,
        r1_0.ingredients,
        r1_0.instruction,
        r1_0.name,
        r1_1.average_rating,
        r1_1.comment_count,
        r1_1.like_count,
        r1_1.rate_count,
        r1_1.save_count 
    from
        recipes r1_0 
    left join
        recipe_stats r1_1 
            on r1_0.recipe_id=r1_1.recipe_id 
    where
        r1_0.recipe_id=?
2025-05-21T04:27:30.825+07:00 DEBUG 16572 --- [http-nio-8080-exec-4] org.hibernate.SQL                        : 
    select
        avg(r1_0.rating) 
    from
        rates r1_0 
    where
        r1_0.recipe_id=?
2025-05-21T04:27:30.825+07:00 DEBUG 16572 --- [http-nio-8080-exec-4] org.hibernate.SQL                        : 
    select
        count(l1_0.like_id) 
    from
        likes l1_0 
    where
        l1_0.recipe_id=?
2025-05-21T04:27:30.825+07:00 DEBUG 16572 --- [http-nio-8080-exec-4] org.hibernate.SQL                        : 
    select
        avg(r1_0.rating) 
    from
        rates r1_0 
    where
        r1_0.recipe_id=?
2025-05-21T04:27:30.825+07:00 DEBUG 16572 --- [http-nio-8080-exec-4] org.hibernate.SQL                        : 
    select
        count(l1_0.like_id) 
    from
        likes l1_0 
    where
        l1_0.recipe_id=?
2025-05-21T04:27:30.842+07:00 DEBUG 16572 --- [http-nio-8080-exec-4] org.hibernate.SQL                        : 
    select
        avg(r1_0.rating) 
    from
        rates r1_0 
    where
        r1_0.recipe_id=?
2025-05-21T04:27:30.842+07:00 DEBUG 16572 --- [http-nio-8080-exec-4] org.hibernate.SQL                        : 
    select
        count(l1_0.like_id) 
    from
        likes l1_0 
    where
        l1_0.recipe_id=?
2025-05-21T04:27:30.842+07:00 DEBUG 16572 --- [http-nio-8080-exec-4] org.hibernate.SQL                        : 
    select
        u1_0.user_id,
        u1_0.avatar_url,
        u1_0.date_of_birth,
        u1_0.email,
        u1_0.firstname,
        u1_0.lastname,
        u1_0.password,
        u1_0.role,
        u1_0.username 
    from
        users u1_0 
    where
        u1_0.username=?
2025-05-21T04:27:30.842+07:00 DEBUG 16572 --- [http-nio-8080-exec-4] org.hibernate.SQL                        : 
    select
        l1_0.like_id,
        l1_0.created_at,
        l1_0.recipe_id,
        l1_0.user_id 
    from
        likes l1_0 
    where
        l1_0.user_id=?
2025-05-21T04:27:30.842+07:00 DEBUG 16572 --- [http-nio-8080-exec-4] org.hibernate.SQL                        : 
    select
        avg(r1_0.rating) 
    from
        rates r1_0 
    where
        r1_0.recipe_id=?
2025-05-21T04:27:30.858+07:00 DEBUG 16572 --- [http-nio-8080-exec-4] org.hibernate.SQL                        : 
    select
        count(l1_0.like_id) 
    from
        likes l1_0 
    where
        l1_0.recipe_id=?
2025-05-21T04:27:30.858+07:00 DEBUG 16572 --- [http-nio-8080-exec-4] org.hibernate.SQL                        : 
    select
        avg(r1_0.rating) 
    from
        rates r1_0 
    where
        r1_0.recipe_id=?
2025-05-21T04:27:30.863+07:00 DEBUG 16572 --- [http-nio-8080-exec-4] org.hibernate.SQL                        : 
    select
        count(l1_0.like_id) 
    from
        likes l1_0 
    where
        l1_0.recipe_id=?
2025-05-21T04:27:30.912+07:00  WARN 16572 --- [http-nio-8080-exec-10] .m.m.a.ExceptionHandlerExceptionResolver : Resolved [org.springframework.web.servlet.resource.NoResourceFoundException: No static resource favicon.ico.]
2025-05-21T04:27:33.238+07:00 DEBUG 16572 --- [http-nio-8080-exec-9] org.hibernate.SQL                        : 
    select
        r1_0.recipe_id,
        r1_0.author_id,
        r1_0.author_name,
        r1_0.author_url,
        r1_0.avatar_url,
        r1_0.category_name,
        r1_0.category_id,
        r1_0.created_at,
        r1_0.description,
        r1_0.ingredients,
        r1_0.instruction,
        r1_0.name,
        r1_1.average_rating,
        r1_1.comment_count,
        r1_1.like_count,
        r1_1.rate_count,
        r1_1.save_count 
    from
        recipes r1_0 
    left join
        recipe_stats r1_1 
            on r1_0.recipe_id=r1_1.recipe_id 
    where
        r1_0.recipe_id=?
2025-05-21T04:27:33.254+07:00 DEBUG 16572 --- [http-nio-8080-exec-9] org.hibernate.SQL                        : 
    select
        c1_0.comment_id,
        c1_0.comment_content,
        c1_0.created_at,
        c1_0.recipe_id,
        c1_0.user_id 
    from
        comments c1_0 
    where
        c1_0.recipe_id=?
2025-05-21T04:27:33.254+07:00 DEBUG 16572 --- [http-nio-8080-exec-9] org.hibernate.SQL                        : 
    select
        u1_0.user_id,
        u1_0.avatar_url,
        u1_0.date_of_birth,
        u1_0.email,
        u1_0.firstname,
        u1_0.lastname,
        u1_0.password,
        u1_0.role,
        u1_0.username 
    from
        users u1_0 
    where
        u1_0.user_id=?
2025-05-21T04:27:33.254+07:00 DEBUG 16572 --- [http-nio-8080-exec-9] org.hibernate.SQL                        : 
    select
        u1_0.user_id,
        u1_0.avatar_url,
        u1_0.date_of_birth,
        u1_0.email,
        u1_0.firstname,
        u1_0.lastname,
        u1_0.password,
        u1_0.role,
        u1_0.username 
    from
        users u1_0 
    where
        u1_0.user_id=?
2025-05-21T04:27:33.288+07:00 DEBUG 16572 --- [http-nio-8080-exec-8] org.hibernate.SQL                        : 
    select
        r1_0.recipe_id,
        r1_0.author_id,
        r1_0.author_name,
        r1_0.author_url,
        r1_0.avatar_url,
        r1_0.category_name,
        r1_0.category_id,
        r1_0.created_at,
        r1_0.description,
        r1_0.ingredients,
        r1_0.instruction,
        r1_0.name,
        r1_1.average_rating,
        r1_1.comment_count,
        r1_1.like_count,
        r1_1.rate_count,
        r1_1.save_count 
    from
        recipes r1_0 
    left join
        recipe_stats r1_1 
            on r1_0.recipe_id=r1_1.recipe_id 
    where
        r1_0.recipe_id=?
2025-05-21T04:27:33.289+07:00 DEBUG 16572 --- [http-nio-8080-exec-2] org.hibernate.SQL                        : 
    select
        s1_0.save_id 
    from
        saved s1_0 
    where
        s1_0.user_id=? 
        and s1_0.recipe_id=? 
    limit
        ?
2025-05-21T04:27:33.290+07:00 DEBUG 16572 --- [http-nio-8080-exec-3] org.hibernate.SQL                        : 
    select
        l1_0.like_id 
    from
        likes l1_0 
    where
        l1_0.user_id=? 
        and l1_0.recipe_id=? 
    limit
        ?
2025-05-21T04:27:33.292+07:00 DEBUG 16572 --- [http-nio-8080-exec-8] org.hibernate.SQL                        : 
    select
        c1_0.comment_id,
        c1_0.comment_content,
        c1_0.created_at,
        c1_0.recipe_id,
        c1_0.user_id 
    from
        comments c1_0 
    where
        c1_0.recipe_id=?
2025-05-21T04:27:33.299+07:00 DEBUG 16572 --- [http-nio-8080-exec-8] org.hibernate.SQL                        : 
    select
        u1_0.user_id,
        u1_0.avatar_url,
        u1_0.date_of_birth,
        u1_0.email,
        u1_0.firstname,
        u1_0.lastname,
        u1_0.password,
        u1_0.role,
        u1_0.username 
    from
        users u1_0 
    where
        u1_0.user_id=?
2025-05-21T04:27:33.307+07:00 DEBUG 16572 --- [http-nio-8080-exec-8] org.hibernate.SQL                        : 
    select
        u1_0.user_id,
        u1_0.avatar_url,
        u1_0.date_of_birth,
        u1_0.email,
        u1_0.firstname,
        u1_0.lastname,
        u1_0.password,
        u1_0.role,
        u1_0.username 
    from
        users u1_0 
    where
        u1_0.user_id=?
2025-05-21T04:27:33.321+07:00 DEBUG 16572 --- [http-nio-8080-exec-6] org.hibernate.SQL                        : 
    select
        r1_0.recipe_id,
        r1_0.author_id,
        r1_0.author_name,
        r1_0.author_url,
        r1_0.avatar_url,
        r1_0.category_name,
        r1_0.category_id,
        r1_0.created_at,
        r1_0.description,
        r1_0.ingredients,
        r1_0.instruction,
        r1_0.name,
        r1_1.average_rating,
        r1_1.comment_count,
        r1_1.like_count,
        r1_1.rate_count,
        r1_1.save_count 
    from
        recipes r1_0 
    left join
        recipe_stats r1_1 
            on r1_0.recipe_id=r1_1.recipe_id 
    where
        r1_0.recipe_id=?
2025-05-21T04:27:33.326+07:00 DEBUG 16572 --- [http-nio-8080-exec-6] org.hibernate.SQL                        : 
    select
        c1_0.comment_id,
        c1_0.comment_content,
        c1_0.created_at,
        c1_0.recipe_id,
        c1_0.user_id 
    from
        comments c1_0 
    where
        c1_0.recipe_id=?
2025-05-21T04:27:33.326+07:00 DEBUG 16572 --- [http-nio-8080-exec-6] org.hibernate.SQL                        : 
    select
        u1_0.user_id,
        u1_0.avatar_url,
        u1_0.date_of_birth,
        u1_0.email,
        u1_0.firstname,
        u1_0.lastname,
        u1_0.password,
        u1_0.role,
        u1_0.username 
    from
        users u1_0 
    where
        u1_0.user_id=?
2025-05-21T04:27:33.341+07:00 DEBUG 16572 --- [http-nio-8080-exec-6] org.hibernate.SQL                        : 
    select
        u1_0.user_id,
        u1_0.avatar_url,
        u1_0.date_of_birth,
        u1_0.email,
        u1_0.firstname,
        u1_0.lastname,
        u1_0.password,
        u1_0.role,
        u1_0.username 
    from
        users u1_0 
    where
        u1_0.user_id=?
2025-05-21T04:27:37.429+07:00 DEBUG 16572 --- [http-nio-8080-exec-5] org.hibernate.SQL                        : 
    select
        r1_0.recipe_id,
        r1_0.author_id,
        r1_0.author_name,
        r1_0.author_url,
        r1_0.avatar_url,
        r1_0.category_name,
        r1_0.category_id,
        r1_0.created_at,
        r1_0.description,
        r1_0.ingredients,
        r1_0.instruction,
        r1_0.name,
        r1_1.average_rating,
        r1_1.comment_count,
        r1_1.like_count,
        r1_1.rate_count,
        r1_1.save_count 
    from
        recipes r1_0 
    left join
        recipe_stats r1_1 
            on r1_0.recipe_id=r1_1.recipe_id 
    where
        r1_0.recipe_id=?
2025-05-21T04:27:37.445+07:00 DEBUG 16572 --- [http-nio-8080-exec-5] org.hibernate.SQL                        : 
    select
        c1_0.comment_id,
        c1_0.comment_content,
        c1_0.created_at,
        c1_0.recipe_id,
        c1_0.user_id 
    from
        comments c1_0 
    where
        c1_0.recipe_id=?
2025-05-21T04:27:37.449+07:00 DEBUG 16572 --- [http-nio-8080-exec-5] org.hibernate.SQL                        : 
    select
        u1_0.user_id,
        u1_0.avatar_url,
        u1_0.date_of_birth,
        u1_0.email,
        u1_0.firstname,
        u1_0.lastname,
        u1_0.password,
        u1_0.role,
        u1_0.username 
    from
        users u1_0 
    where
        u1_0.user_id=?
2025-05-21T04:27:37.468+07:00 DEBUG 16572 --- [http-nio-8080-exec-9] org.hibernate.SQL                        : 
    select
        r1_0.recipe_id,
        r1_0.author_id,
        r1_0.author_name,
        r1_0.author_url,
        r1_0.avatar_url,
        r1_0.category_name,
        r1_0.category_id,
        r1_0.created_at,
        r1_0.description,
        r1_0.ingredients,
        r1_0.instruction,
        r1_0.name,
        r1_1.average_rating,
        r1_1.comment_count,
        r1_1.like_count,
        r1_1.rate_count,
        r1_1.save_count 
    from
        recipes r1_0 
    left join
        recipe_stats r1_1 
            on r1_0.recipe_id=r1_1.recipe_id 
    where
        r1_0.recipe_id=?
2025-05-21T04:27:37.468+07:00 DEBUG 16572 --- [http-nio-8080-exec-1] org.hibernate.SQL                        : 
    select
        l1_0.like_id 
    from
        likes l1_0 
    where
        l1_0.user_id=? 
        and l1_0.recipe_id=? 
    limit
        ?
2025-05-21T04:27:37.474+07:00 DEBUG 16572 --- [http-nio-8080-exec-4] org.hibernate.SQL                        : 
    select
        s1_0.save_id 
    from
        saved s1_0 
    where
        s1_0.user_id=? 
        and s1_0.recipe_id=? 
    limit
        ?
2025-05-21T04:27:37.480+07:00 DEBUG 16572 --- [http-nio-8080-exec-9] org.hibernate.SQL                        : 
    select
        c1_0.comment_id,
        c1_0.comment_content,
        c1_0.created_at,
        c1_0.recipe_id,
        c1_0.user_id 
    from
        comments c1_0 
    where
        c1_0.recipe_id=?
2025-05-21T04:27:37.480+07:00 DEBUG 16572 --- [http-nio-8080-exec-9] org.hibernate.SQL                        : 
    select
        u1_0.user_id,
        u1_0.avatar_url,
        u1_0.date_of_birth,
        u1_0.email,
        u1_0.firstname,
        u1_0.lastname,
        u1_0.password,
        u1_0.role,
        u1_0.username 
    from
        users u1_0 
    where
        u1_0.user_id=?
2025-05-21T04:27:37.500+07:00 DEBUG 16572 --- [http-nio-8080-exec-2] org.hibernate.SQL                        : 
    select
        r1_0.recipe_id,
        r1_0.author_id,
        r1_0.author_name,
        r1_0.author_url,
        r1_0.avatar_url,
        r1_0.category_name,
        r1_0.category_id,
        r1_0.created_at,
        r1_0.description,
        r1_0.ingredients,
        r1_0.instruction,
        r1_0.name,
        r1_1.average_rating,
        r1_1.comment_count,
        r1_1.like_count,
        r1_1.rate_count,
        r1_1.save_count 
    from
        recipes r1_0 
    left join
        recipe_stats r1_1 
            on r1_0.recipe_id=r1_1.recipe_id 
    where
        r1_0.recipe_id=?
2025-05-21T04:27:37.509+07:00 DEBUG 16572 --- [http-nio-8080-exec-2] org.hibernate.SQL                        : 
    select
        c1_0.comment_id,
        c1_0.comment_content,
        c1_0.created_at,
        c1_0.recipe_id,
        c1_0.user_id 
    from
        comments c1_0 
    where
        c1_0.recipe_id=?
2025-05-21T04:27:37.509+07:00 DEBUG 16572 --- [http-nio-8080-exec-2] org.hibernate.SQL                        : 
    select
        u1_0.user_id,
        u1_0.avatar_url,
        u1_0.date_of_birth,
        u1_0.email,
        u1_0.firstname,
        u1_0.lastname,
        u1_0.password,
        u1_0.role,
        u1_0.username 
    from
        users u1_0 
    where
        u1_0.user_id=?
2025-05-21T04:27:40.267+07:00 DEBUG 16572 --- [http-nio-8080-exec-3] org.hibernate.SQL                        : 
    select
        r1_0.rate_id,
        r1_0.created_at,
        r1_0.rating,
        r1_0.recipe_id,
        r1_0.user_id 
    from
        rates r1_0 
    where
        r1_0.user_id=? 
        and r1_0.recipe_id=?
2025-05-21T04:27:40.283+07:00 DEBUG 16572 --- [http-nio-8080-exec-8] org.hibernate.SQL                        : 
    select
        r1_0.recipe_id,
        r1_0.author_id,
        r1_0.author_name,
        r1_0.author_url,
        r1_0.avatar_url,
        r1_0.category_name,
        r1_0.category_id,
        r1_0.created_at,
        r1_0.description,
        r1_0.ingredients,
        r1_0.instruction,
        r1_0.name,
        r1_1.average_rating,
        r1_1.comment_count,
        r1_1.like_count,
        r1_1.rate_count,
        r1_1.save_count 
    from
        recipes r1_0 
    left join
        recipe_stats r1_1 
            on r1_0.recipe_id=r1_1.recipe_id 
    where
        r1_0.recipe_id=?
2025-05-21T04:27:40.283+07:00 DEBUG 16572 --- [http-nio-8080-exec-8] org.hibernate.SQL                        : 
    select
        c1_0.comment_id,
        c1_0.comment_content,
        c1_0.created_at,
        c1_0.recipe_id,
        c1_0.user_id 
    from
        comments c1_0 
    where
        c1_0.recipe_id=?
2025-05-21T04:27:40.283+07:00 DEBUG 16572 --- [http-nio-8080-exec-8] org.hibernate.SQL                        : 
    select
        u1_0.user_id,
        u1_0.avatar_url,
        u1_0.date_of_birth,
        u1_0.email,
        u1_0.firstname,
        u1_0.lastname,
        u1_0.password,
        u1_0.role,
        u1_0.username 
    from
        users u1_0 
    where
        u1_0.user_id=?
2025-05-21T04:27:53.592+07:00  WARN 16572 --- [http-nio-8080-exec-6] .m.m.a.ExceptionHandlerExceptionResolver : Resolved [org.springframework.web.servlet.resource.NoResourceFoundException: No static resource .well-known/appspecific/com.chrome.devtools.json.]
2025-05-21T04:27:57.878+07:00 DEBUG 16572 --- [http-nio-8080-exec-5] org.hibernate.SQL                        : 
    select
        r1_0.recipe_id,
        r1_0.author_id,
        r1_0.author_name,
        r1_0.author_url,
        r1_0.avatar_url,
        r1_0.category_name,
        r1_0.category_id,
        r1_0.created_at,
        r1_0.description,
        r1_0.ingredients,
        r1_0.instruction,
        r1_0.name,
        r1_1.average_rating,
        r1_1.comment_count,
        r1_1.like_count,
        r1_1.rate_count,
        r1_1.save_count 
    from
        recipes r1_0 
    left join
        recipe_stats r1_1 
            on r1_0.recipe_id=r1_1.recipe_id 
    where
        r1_0.recipe_id=?
2025-05-21T04:27:57.893+07:00 DEBUG 16572 --- [http-nio-8080-exec-5] org.hibernate.SQL                        : 
    select
        c1_0.comment_id,
        c1_0.comment_content,
        c1_0.created_at,
        c1_0.recipe_id,
        c1_0.user_id 
    from
        comments c1_0 
    where
        c1_0.recipe_id=?
2025-05-21T04:27:57.893+07:00 DEBUG 16572 --- [http-nio-8080-exec-5] org.hibernate.SQL                        : 
    select
        u1_0.user_id,
        u1_0.avatar_url,
        u1_0.date_of_birth,
        u1_0.email,
        u1_0.firstname,
        u1_0.lastname,
        u1_0.password,
        u1_0.role,
        u1_0.username 
    from
        users u1_0 
    where
        u1_0.user_id=?
2025-05-21T04:27:57.893+07:00 DEBUG 16572 --- [http-nio-8080-exec-5] org.hibernate.SQL                        : 
    select
        u1_0.user_id,
        u1_0.avatar_url,
        u1_0.date_of_birth,
        u1_0.email,
        u1_0.firstname,
        u1_0.lastname,
        u1_0.password,
        u1_0.role,
        u1_0.username 
    from
        users u1_0 
    where
        u1_0.user_id=?
2025-05-21T04:27:57.923+07:00 DEBUG 16572 --- [http-nio-8080-exec-10] org.hibernate.SQL                        : 
    select
        l1_0.like_id 
    from
        likes l1_0 
    where
        l1_0.user_id=? 
        and l1_0.recipe_id=? 
    limit
        ?
2025-05-21T04:27:57.923+07:00 DEBUG 16572 --- [http-nio-8080-exec-1] org.hibernate.SQL                        : 
    select
        r1_0.recipe_id,
        r1_0.author_id,
        r1_0.author_name,
        r1_0.author_url,
        r1_0.avatar_url,
        r1_0.category_name,
        r1_0.category_id,
        r1_0.created_at,
        r1_0.description,
        r1_0.ingredients,
        r1_0.instruction,
        r1_0.name,
        r1_1.average_rating,
        r1_1.comment_count,
        r1_1.like_count,
        r1_1.rate_count,
        r1_1.save_count 
    from
        recipes r1_0 
    left join
        recipe_stats r1_1 
            on r1_0.recipe_id=r1_1.recipe_id 
    where
        r1_0.recipe_id=?
2025-05-21T04:27:57.923+07:00 DEBUG 16572 --- [http-nio-8080-exec-9] org.hibernate.SQL                        : 
    select
        s1_0.save_id 
    from
        saved s1_0 
    where
        s1_0.user_id=? 
        and s1_0.recipe_id=? 
    limit
        ?
2025-05-21T04:27:57.927+07:00 DEBUG 16572 --- [http-nio-8080-exec-1] org.hibernate.SQL                        : 
    select
        c1_0.comment_id,
        c1_0.comment_content,
        c1_0.created_at,
        c1_0.recipe_id,
        c1_0.user_id 
    from
        comments c1_0 
    where
        c1_0.recipe_id=?
2025-05-21T04:27:57.931+07:00 DEBUG 16572 --- [http-nio-8080-exec-1] org.hibernate.SQL                        : 
    select
        u1_0.user_id,
        u1_0.avatar_url,
        u1_0.date_of_birth,
        u1_0.email,
        u1_0.firstname,
        u1_0.lastname,
        u1_0.password,
        u1_0.role,
        u1_0.username 
    from
        users u1_0 
    where
        u1_0.user_id=?
2025-05-21T04:27:57.935+07:00 DEBUG 16572 --- [http-nio-8080-exec-1] org.hibernate.SQL                        : 
    select
        u1_0.user_id,
        u1_0.avatar_url,
        u1_0.date_of_birth,
        u1_0.email,
        u1_0.firstname,
        u1_0.lastname,
        u1_0.password,
        u1_0.role,
        u1_0.username 
    from
        users u1_0 
    where
        u1_0.user_id=?
2025-05-21T04:27:57.946+07:00 DEBUG 16572 --- [http-nio-8080-exec-2] org.hibernate.SQL                        : 
    select
        r1_0.recipe_id,
        r1_0.author_id,
        r1_0.author_name,
        r1_0.author_url,
        r1_0.avatar_url,
        r1_0.category_name,
        r1_0.category_id,
        r1_0.created_at,
        r1_0.description,
        r1_0.ingredients,
        r1_0.instruction,
        r1_0.name,
        r1_1.average_rating,
        r1_1.comment_count,
        r1_1.like_count,
        r1_1.rate_count,
        r1_1.save_count 
    from
        recipes r1_0 
    left join
        recipe_stats r1_1 
            on r1_0.recipe_id=r1_1.recipe_id 
    where
        r1_0.recipe_id=?
2025-05-21T04:27:57.946+07:00 DEBUG 16572 --- [http-nio-8080-exec-2] org.hibernate.SQL                        : 
    select
        c1_0.comment_id,
        c1_0.comment_content,
        c1_0.created_at,
        c1_0.recipe_id,
        c1_0.user_id 
    from
        comments c1_0 
    where
        c1_0.recipe_id=?
2025-05-21T04:27:57.946+07:00 DEBUG 16572 --- [http-nio-8080-exec-2] org.hibernate.SQL                        : 
    select
        u1_0.user_id,
        u1_0.avatar_url,
        u1_0.date_of_birth,
        u1_0.email,
        u1_0.firstname,
        u1_0.lastname,
        u1_0.password,
        u1_0.role,
        u1_0.username 
    from
        users u1_0 
    where
        u1_0.user_id=?
2025-05-21T04:27:57.961+07:00 DEBUG 16572 --- [http-nio-8080-exec-2] org.hibernate.SQL                        : 
    select
        u1_0.user_id,
        u1_0.avatar_url,
        u1_0.date_of_birth,
        u1_0.email,
        u1_0.firstname,
        u1_0.lastname,
        u1_0.password,
        u1_0.role,
        u1_0.username 
    from
        users u1_0 
    where
        u1_0.user_id=?
2025-05-21T04:28:06.402+07:00 DEBUG 16572 --- [http-nio-8080-exec-3] org.hibernate.SQL                        : 
    select
        r1_0.recipe_id,
        r1_0.author_id,
        r1_0.author_name,
        r1_0.author_url,
        r1_0.avatar_url,
        r1_0.category_name,
        r1_0.category_id,
        r1_0.created_at,
        r1_0.description,
        r1_0.ingredients,
        r1_0.instruction,
        r1_0.name,
        r1_1.average_rating,
        r1_1.comment_count,
        r1_1.like_count,
        r1_1.rate_count,
        r1_1.save_count 
    from
        recipes r1_0 
    left join
        recipe_stats r1_1 
            on r1_0.recipe_id=r1_1.recipe_id 
    where
        r1_0.recipe_id=?
2025-05-21T04:28:06.418+07:00 DEBUG 16572 --- [http-nio-8080-exec-3] org.hibernate.SQL                        : 
    select
        c1_0.comment_id,
        c1_0.comment_content,
        c1_0.created_at,
        c1_0.recipe_id,
        c1_0.user_id 
    from
        comments c1_0 
    where
        c1_0.recipe_id=?
2025-05-21T04:28:06.418+07:00 DEBUG 16572 --- [http-nio-8080-exec-3] org.hibernate.SQL                        : 
    select
        u1_0.user_id,
        u1_0.avatar_url,
        u1_0.date_of_birth,
        u1_0.email,
        u1_0.firstname,
        u1_0.lastname,
        u1_0.password,
        u1_0.role,
        u1_0.username 
    from
        users u1_0 
    where
        u1_0.user_id=?
2025-05-21T04:28:06.439+07:00 DEBUG 16572 --- [http-nio-8080-exec-6] org.hibernate.SQL                        : 
    select
        r1_0.recipe_id,
        r1_0.author_id,
        r1_0.author_name,
        r1_0.author_url,
        r1_0.avatar_url,
        r1_0.category_name,
        r1_0.category_id,
        r1_0.created_at,
        r1_0.description,
        r1_0.ingredients,
        r1_0.instruction,
        r1_0.name,
        r1_1.average_rating,
        r1_1.comment_count,
        r1_1.like_count,
        r1_1.rate_count,
        r1_1.save_count 
    from
        recipes r1_0 
    left join
        recipe_stats r1_1 
            on r1_0.recipe_id=r1_1.recipe_id 
    where
        r1_0.recipe_id=?
2025-05-21T04:28:06.440+07:00 DEBUG 16572 --- [http-nio-8080-exec-4] org.hibernate.SQL                        : 
    select
        s1_0.save_id 
    from
        saved s1_0 
    where
        s1_0.user_id=? 
        and s1_0.recipe_id=? 
    limit
        ?
2025-05-21T04:28:06.441+07:00 DEBUG 16572 --- [http-nio-8080-exec-5] org.hibernate.SQL                        : 
    select
        l1_0.like_id 
    from
        likes l1_0 
    where
        l1_0.user_id=? 
        and l1_0.recipe_id=? 
    limit
        ?
2025-05-21T04:28:06.447+07:00 DEBUG 16572 --- [http-nio-8080-exec-6] org.hibernate.SQL                        : 
    select
        c1_0.comment_id,
        c1_0.comment_content,
        c1_0.created_at,
        c1_0.recipe_id,
        c1_0.user_id 
    from
        comments c1_0 
    where
        c1_0.recipe_id=?
2025-05-21T04:28:06.453+07:00 DEBUG 16572 --- [http-nio-8080-exec-6] org.hibernate.SQL                        : 
    select
        u1_0.user_id,
        u1_0.avatar_url,
        u1_0.date_of_birth,
        u1_0.email,
        u1_0.firstname,
        u1_0.lastname,
        u1_0.password,
        u1_0.role,
        u1_0.username 
    from
        users u1_0 
    where
        u1_0.user_id=?
2025-05-21T04:28:06.462+07:00 DEBUG 16572 --- [http-nio-8080-exec-9] org.hibernate.SQL                        : 
    select
        r1_0.recipe_id,
        r1_0.author_id,
        r1_0.author_name,
        r1_0.author_url,
        r1_0.avatar_url,
        r1_0.category_name,
        r1_0.category_id,
        r1_0.created_at,
        r1_0.description,
        r1_0.ingredients,
        r1_0.instruction,
        r1_0.name,
        r1_1.average_rating,
        r1_1.comment_count,
        r1_1.like_count,
        r1_1.rate_count,
        r1_1.save_count 
    from
        recipes r1_0 
    left join
        recipe_stats r1_1 
            on r1_0.recipe_id=r1_1.recipe_id 
    where
        r1_0.recipe_id=?
2025-05-21T04:28:06.462+07:00 DEBUG 16572 --- [http-nio-8080-exec-9] org.hibernate.SQL                        : 
    select
        c1_0.comment_id,
        c1_0.comment_content,
        c1_0.created_at,
        c1_0.recipe_id,
        c1_0.user_id 
    from
        comments c1_0 
    where
        c1_0.recipe_id=?
2025-05-21T04:28:06.475+07:00 DEBUG 16572 --- [http-nio-8080-exec-9] org.hibernate.SQL                        : 
    select
        u1_0.user_id,
        u1_0.avatar_url,
        u1_0.date_of_birth,
        u1_0.email,
        u1_0.firstname,
        u1_0.lastname,
        u1_0.password,
        u1_0.role,
        u1_0.username 
    from
        users u1_0 
    where
        u1_0.user_id=?
2025-05-21T04:28:08.667+07:00 DEBUG 16572 --- [http-nio-8080-exec-10] org.hibernate.SQL                        : 
    select
        r1_0.rate_id,
        r1_0.created_at,
        r1_0.rating,
        r1_0.recipe_id,
        r1_0.user_id 
    from
        rates r1_0 
    where
        r1_0.user_id=? 
        and r1_0.recipe_id=?
2025-05-21T04:28:08.671+07:00 DEBUG 16572 --- [http-nio-8080-exec-10] org.hibernate.SQL                        : 
    select
        is1_0.id 
    from
        id_seq is1_0 
    order by
        is1_0.id desc 
    limit
        ?
2025-05-21T04:28:08.671+07:00 DEBUG 16572 --- [http-nio-8080-exec-10] org.hibernate.SQL                        : 
    select
        is1_0.id 
    from
        id_seq is1_0 
    where
        is1_0.id=?
2025-05-21T04:28:08.671+07:00 DEBUG 16572 --- [http-nio-8080-exec-10] org.hibernate.SQL                        : 
    select
        r1_0.rate_id,
        r1_0.created_at,
        r1_0.rating,
        r1_0.recipe_id,
        r1_0.user_id 
    from
        rates r1_0 
    where
        r1_0.rate_id=?
2025-05-21T04:28:08.671+07:00 DEBUG 16572 --- [http-nio-8080-exec-10] org.hibernate.SQL                        : 
    insert 
    into
        id_seq
        (id) 
    values
        (?)
2025-05-21T04:28:08.671+07:00 DEBUG 16572 --- [http-nio-8080-exec-10] org.hibernate.SQL                        : 
    insert 
    into
        rates
        (created_at, rating, recipe_id, user_id, rate_id) 
    values
        (?, ?, ?, ?, ?)
2025-05-21T04:28:08.688+07:00 DEBUG 16572 --- [http-nio-8080-exec-1] org.hibernate.SQL                        : 
    select
        r1_0.recipe_id,
        r1_0.author_id,
        r1_0.author_name,
        r1_0.author_url,
        r1_0.avatar_url,
        r1_0.category_name,
        r1_0.category_id,
        r1_0.created_at,
        r1_0.description,
        r1_0.ingredients,
        r1_0.instruction,
        r1_0.name,
        r1_1.average_rating,
        r1_1.comment_count,
        r1_1.like_count,
        r1_1.rate_count,
        r1_1.save_count 
    from
        recipes r1_0 
    left join
        recipe_stats r1_1 
            on r1_0.recipe_id=r1_1.recipe_id 
    where
        r1_0.recipe_id=?
2025-05-21T04:28:08.693+07:00 DEBUG 16572 --- [http-nio-8080-exec-1] org.hibernate.SQL                        : 
    select
        c1_0.comment_id,
        c1_0.comment_content,
        c1_0.created_at,
        c1_0.recipe_id,
        c1_0.user_id 
    from
        comments c1_0 
    where
        c1_0.recipe_id=?
2025-05-21T04:28:08.696+07:00 DEBUG 16572 --- [http-nio-8080-exec-1] org.hibernate.SQL                        : 
    select
        u1_0.user_id,
        u1_0.avatar_url,
        u1_0.date_of_birth,
        u1_0.email,
        u1_0.firstname,
        u1_0.lastname,
        u1_0.password,
        u1_0.role,
        u1_0.username 
    from
        users u1_0 
    where
        u1_0.user_id=?
2025-05-21T04:28:18.195+07:00 DEBUG 16572 --- [http-nio-8080-exec-2] org.hibernate.SQL                        : 
    select
        u1_0.user_id,
        u1_0.avatar_url,
        u1_0.date_of_birth,
        u1_0.email,
        u1_0.firstname,
        u1_0.lastname,
        u1_0.password,
        u1_0.role,
        u1_0.username 
    from
        users u1_0 
    where
        u1_0.username=?
2025-05-21T04:28:18.196+07:00 DEBUG 16572 --- [http-nio-8080-exec-2] org.hibernate.SQL                        : 
    select
        f1_0.follow_id,
        f1_0.follow_time,
        f1_0.follower_id,
        f1_0.following_id 
    from
        follows f1_0 
    where
        f1_0.following_id=?
2025-05-21T04:28:18.196+07:00 DEBUG 16572 --- [http-nio-8080-exec-2] org.hibernate.SQL                        : 
    select
        u1_0.user_id,
        u1_0.avatar_url,
        u1_0.date_of_birth,
        u1_0.email,
        u1_0.firstname,
        u1_0.lastname,
        u1_0.password,
        u1_0.role,
        u1_0.username 
    from
        users u1_0 
    where
        u1_0.user_id=?
2025-05-21T04:28:18.196+07:00 DEBUG 16572 --- [http-nio-8080-exec-2] org.hibernate.SQL                        : 
    select
        f1_0.follow_id,
        f1_0.follow_time,
        f1_0.follower_id,
        f1_0.following_id 
    from
        follows f1_0 
    where
        f1_0.follower_id=?
2025-05-21T04:28:18.211+07:00 DEBUG 16572 --- [http-nio-8080-exec-2] org.hibernate.SQL                        : 
    select
        u1_0.user_id,
        u1_0.avatar_url,
        u1_0.date_of_birth,
        u1_0.email,
        u1_0.firstname,
        u1_0.lastname,
        u1_0.password,
        u1_0.role,
        u1_0.username 
    from
        users u1_0 
    where
        u1_0.user_id=?
2025-05-21T04:28:18.211+07:00 DEBUG 16572 --- [http-nio-8080-exec-2] org.hibernate.SQL                        : 
    select
        r1_0.recipe_id,
        r1_0.author_id,
        r1_0.author_name,
        r1_0.author_url,
        r1_0.avatar_url,
        r1_0.category_name,
        r1_0.category_id,
        r1_0.created_at,
        r1_0.description,
        r1_0.ingredients,
        r1_0.instruction,
        r1_0.name,
        r1_1.average_rating,
        r1_1.comment_count,
        r1_1.like_count,
        r1_1.rate_count,
        r1_1.save_count 
    from
        recipes r1_0 
    left join
        recipe_stats r1_1 
            on r1_0.recipe_id=r1_1.recipe_id 
    where
        r1_0.author_id=? 
    order by
        r1_0.created_at desc
2025-05-21T04:28:18.211+07:00 DEBUG 16572 --- [http-nio-8080-exec-2] org.hibernate.SQL                        : 
    select
        avg(r1_0.rating) 
    from
        rates r1_0 
    where
        r1_0.recipe_id=?
2025-05-21T04:28:18.211+07:00 DEBUG 16572 --- [http-nio-8080-exec-2] org.hibernate.SQL                        : 
    select
        avg(r1_0.rating) 
    from
        rates r1_0 
    where
        r1_0.recipe_id=?
2025-05-21T04:28:18.226+07:00 DEBUG 16572 --- [http-nio-8080-exec-2] org.hibernate.SQL                        : 
    select
        avg(r1_0.rating) 
    from
        rates r1_0 
    where
        r1_0.recipe_id=?
2025-05-21T04:28:18.228+07:00 DEBUG 16572 --- [http-nio-8080-exec-2] org.hibernate.SQL                        : 
    select
        u1_0.user_id,
        u1_0.avatar_url,
        u1_0.date_of_birth,
        u1_0.email,
        u1_0.firstname,
        u1_0.lastname,
        u1_0.password,
        u1_0.role,
        u1_0.username 
    from
        users u1_0 
    where
        u1_0.username=?
2025-05-21T04:28:18.228+07:00 DEBUG 16572 --- [http-nio-8080-exec-2] org.hibernate.SQL                        : 
    select
        r1_0.recipe_id,
        r1_0.author_id,
        r1_0.author_name,
        r1_0.author_url,
        r1_0.avatar_url,
        r1_0.category_name,
        r1_0.category_id,
        r1_0.created_at,
        r1_0.description,
        r1_0.ingredients,
        r1_0.instruction,
        r1_0.name,
        r1_1.average_rating,
        r1_1.comment_count,
        r1_1.like_count,
        r1_1.rate_count,
        r1_1.save_count 
    from
        recipes r1_0 
    left join
        recipe_stats r1_1 
            on r1_0.recipe_id=r1_1.recipe_id 
    where
        r1_0.author_id=? 
    order by
        r1_0.created_at desc
2025-05-21T04:28:18.228+07:00 DEBUG 16572 --- [http-nio-8080-exec-2] org.hibernate.SQL                        : 
    select
        avg(r1_0.rating) 
    from
        rates r1_0 
    where
        r1_0.recipe_id=?
2025-05-21T04:28:18.228+07:00 DEBUG 16572 --- [http-nio-8080-exec-2] org.hibernate.SQL                        : 
    select
        count(l1_0.like_id) 
    from
        likes l1_0 
    where
        l1_0.recipe_id=?
2025-05-21T04:28:18.243+07:00 DEBUG 16572 --- [http-nio-8080-exec-2] org.hibernate.SQL                        : 
    select
        avg(r1_0.rating) 
    from
        rates r1_0 
    where
        r1_0.recipe_id=?
2025-05-21T04:28:18.245+07:00 DEBUG 16572 --- [http-nio-8080-exec-2] org.hibernate.SQL                        : 
    select
        count(l1_0.like_id) 
    from
        likes l1_0 
    where
        l1_0.recipe_id=?
2025-05-21T04:28:18.245+07:00 DEBUG 16572 --- [http-nio-8080-exec-2] org.hibernate.SQL                        : 
    select
        avg(r1_0.rating) 
    from
        rates r1_0 
    where
        r1_0.recipe_id=?
2025-05-21T04:28:18.245+07:00 DEBUG 16572 --- [http-nio-8080-exec-2] org.hibernate.SQL                        : 
    select
        count(l1_0.like_id) 
    from
        likes l1_0 
    where
        l1_0.recipe_id=?
2025-05-21T04:28:18.245+07:00 DEBUG 16572 --- [http-nio-8080-exec-2] org.hibernate.SQL                        : 
    select
        u1_0.user_id,
        u1_0.avatar_url,
        u1_0.date_of_birth,
        u1_0.email,
        u1_0.firstname,
        u1_0.lastname,
        u1_0.password,
        u1_0.role,
        u1_0.username 
    from
        users u1_0 
    where
        u1_0.username=?
2025-05-21T04:28:18.262+07:00 DEBUG 16572 --- [http-nio-8080-exec-2] org.hibernate.SQL                        : 
    select
        s1_0.save_id,
        s1_0.created_at,
        s1_0.recipe_id,
        s1_0.user_id 
    from
        saved s1_0 
    where
        s1_0.user_id=?
2025-05-21T04:28:18.262+07:00 DEBUG 16572 --- [http-nio-8080-exec-2] org.hibernate.SQL                        : 
    select
        r1_0.recipe_id,
        r1_0.author_id,
        r1_0.author_name,
        r1_0.author_url,
        r1_0.avatar_url,
        r1_0.category_name,
        r1_0.category_id,
        r1_0.created_at,
        r1_0.description,
        r1_0.ingredients,
        r1_0.instruction,
        r1_0.name,
        r1_1.average_rating,
        r1_1.comment_count,
        r1_1.like_count,
        r1_1.rate_count,
        r1_1.save_count 
    from
        recipes r1_0 
    left join
        recipe_stats r1_1 
            on r1_0.recipe_id=r1_1.recipe_id 
    where
        r1_0.recipe_id=?
2025-05-21T04:28:18.262+07:00 DEBUG 16572 --- [http-nio-8080-exec-2] org.hibernate.SQL                        : 
    select
        r1_0.recipe_id,
        r1_0.author_id,
        r1_0.author_name,
        r1_0.author_url,
        r1_0.avatar_url,
        r1_0.category_name,
        r1_0.category_id,
        r1_0.created_at,
        r1_0.description,
        r1_0.ingredients,
        r1_0.instruction,
        r1_0.name,
        r1_1.average_rating,
        r1_1.comment_count,
        r1_1.like_count,
        r1_1.rate_count,
        r1_1.save_count 
    from
        recipes r1_0 
    left join
        recipe_stats r1_1 
            on r1_0.recipe_id=r1_1.recipe_id 
    where
        r1_0.recipe_id=?
2025-05-21T04:28:18.278+07:00 DEBUG 16572 --- [http-nio-8080-exec-2] org.hibernate.SQL                        : 
    select
        avg(r1_0.rating) 
    from
        rates r1_0 
    where
        r1_0.recipe_id=?
2025-05-21T04:28:18.278+07:00 DEBUG 16572 --- [http-nio-8080-exec-2] org.hibernate.SQL                        : 
    select
        count(l1_0.like_id) 
    from
        likes l1_0 
    where
        l1_0.recipe_id=?
2025-05-21T04:28:18.278+07:00 DEBUG 16572 --- [http-nio-8080-exec-2] org.hibernate.SQL                        : 
    select
        avg(r1_0.rating) 
    from
        rates r1_0 
    where
        r1_0.recipe_id=?
2025-05-21T04:28:18.278+07:00 DEBUG 16572 --- [http-nio-8080-exec-2] org.hibernate.SQL                        : 
    select
        count(l1_0.like_id) 
    from
        likes l1_0 
    where
        l1_0.recipe_id=?
2025-05-21T04:28:18.278+07:00 DEBUG 16572 --- [http-nio-8080-exec-2] org.hibernate.SQL                        : 
    select
        avg(r1_0.rating) 
    from
        rates r1_0 
    where
        r1_0.recipe_id=?
2025-05-21T04:28:18.294+07:00 DEBUG 16572 --- [http-nio-8080-exec-2] org.hibernate.SQL                        : 
    select
        count(l1_0.like_id) 
    from
        likes l1_0 
    where
        l1_0.recipe_id=?
2025-05-21T04:28:18.295+07:00 DEBUG 16572 --- [http-nio-8080-exec-2] org.hibernate.SQL                        : 
    select
        u1_0.user_id,
        u1_0.avatar_url,
        u1_0.date_of_birth,
        u1_0.email,
        u1_0.firstname,
        u1_0.lastname,
        u1_0.password,
        u1_0.role,
        u1_0.username 
    from
        users u1_0 
    where
        u1_0.username=?
2025-05-21T04:28:18.295+07:00 DEBUG 16572 --- [http-nio-8080-exec-2] org.hibernate.SQL                        : 
    select
        l1_0.like_id,
        l1_0.created_at,
        l1_0.recipe_id,
        l1_0.user_id 
    from
        likes l1_0 
    where
        l1_0.user_id=?
2025-05-21T04:28:18.295+07:00 DEBUG 16572 --- [http-nio-8080-exec-2] org.hibernate.SQL                        : 
    select
        avg(r1_0.rating) 
    from
        rates r1_0 
    where
        r1_0.recipe_id=?
2025-05-21T04:28:18.295+07:00 DEBUG 16572 --- [http-nio-8080-exec-2] org.hibernate.SQL                        : 
    select
        count(l1_0.like_id) 
    from
        likes l1_0 
    where
        l1_0.recipe_id=?
2025-05-21T04:28:18.311+07:00 DEBUG 16572 --- [http-nio-8080-exec-2] org.hibernate.SQL                        : 
    select
        avg(r1_0.rating) 
    from
        rates r1_0 
    where
        r1_0.recipe_id=?
2025-05-21T04:28:18.311+07:00 DEBUG 16572 --- [http-nio-8080-exec-2] org.hibernate.SQL                        : 
    select
        count(l1_0.like_id) 
    from
        likes l1_0 
    where
        l1_0.recipe_id=?
2025-05-21T04:28:18.353+07:00  WARN 16572 --- [http-nio-8080-exec-9] .m.m.a.ExceptionHandlerExceptionResolver : Resolved [org.springframework.web.servlet.resource.NoResourceFoundException: No static resource .well-known/appspecific/com.chrome.devtools.json.]
2025-05-21T04:28:18.355+07:00  WARN 16572 --- [http-nio-8080-exec-10] .m.m.a.ExceptionHandlerExceptionResolver : Resolved [org.springframework.web.servlet.resource.NoResourceFoundException: No static resource favicon.ico.]
2025-05-21T04:28:44.212+07:00 DEBUG 16572 --- [http-nio-8080-exec-1] org.hibernate.SQL                        : 
    select
        u1_0.user_id,
        u1_0.avatar_url,
        u1_0.date_of_birth,
        u1_0.email,
        u1_0.firstname,
        u1_0.lastname,
        u1_0.password,
        u1_0.role,
        u1_0.username 
    from
        users u1_0 
    where
        u1_0.username=?
2025-05-21T04:28:44.212+07:00 DEBUG 16572 --- [http-nio-8080-exec-1] org.hibernate.SQL                        : 
    select
        f1_0.follow_id,
        f1_0.follow_time,
        f1_0.follower_id,
        f1_0.following_id 
    from
        follows f1_0 
    where
        f1_0.following_id=?
2025-05-21T04:28:44.230+07:00 DEBUG 16572 --- [http-nio-8080-exec-1] org.hibernate.SQL                        : 
    select
        u1_0.user_id,
        u1_0.avatar_url,
        u1_0.date_of_birth,
        u1_0.email,
        u1_0.firstname,
        u1_0.lastname,
        u1_0.password,
        u1_0.role,
        u1_0.username 
    from
        users u1_0 
    where
        u1_0.user_id=?
2025-05-21T04:28:44.233+07:00 DEBUG 16572 --- [http-nio-8080-exec-1] org.hibernate.SQL                        : 
    select
        f1_0.follow_id,
        f1_0.follow_time,
        f1_0.follower_id,
        f1_0.following_id 
    from
        follows f1_0 
    where
        f1_0.follower_id=?
2025-05-21T04:28:44.233+07:00 DEBUG 16572 --- [http-nio-8080-exec-1] org.hibernate.SQL                        : 
    select
        u1_0.user_id,
        u1_0.avatar_url,
        u1_0.date_of_birth,
        u1_0.email,
        u1_0.firstname,
        u1_0.lastname,
        u1_0.password,
        u1_0.role,
        u1_0.username 
    from
        users u1_0 
    where
        u1_0.user_id=?
2025-05-21T04:28:44.233+07:00 DEBUG 16572 --- [http-nio-8080-exec-1] org.hibernate.SQL                        : 
    select
        r1_0.recipe_id,
        r1_0.author_id,
        r1_0.author_name,
        r1_0.author_url,
        r1_0.avatar_url,
        r1_0.category_name,
        r1_0.category_id,
        r1_0.created_at,
        r1_0.description,
        r1_0.ingredients,
        r1_0.instruction,
        r1_0.name,
        r1_1.average_rating,
        r1_1.comment_count,
        r1_1.like_count,
        r1_1.rate_count,
        r1_1.save_count 
    from
        recipes r1_0 
    left join
        recipe_stats r1_1 
            on r1_0.recipe_id=r1_1.recipe_id 
    where
        r1_0.author_id=? 
    order by
        r1_0.created_at desc
2025-05-21T04:28:44.245+07:00 DEBUG 16572 --- [http-nio-8080-exec-1] org.hibernate.SQL                        : 
    select
        avg(r1_0.rating) 
    from
        rates r1_0 
    where
        r1_0.recipe_id=?
2025-05-21T04:28:44.246+07:00 DEBUG 16572 --- [http-nio-8080-exec-1] org.hibernate.SQL                        : 
    select
        avg(r1_0.rating) 
    from
        rates r1_0 
    where
        r1_0.recipe_id=?
2025-05-21T04:28:44.246+07:00 DEBUG 16572 --- [http-nio-8080-exec-1] org.hibernate.SQL                        : 
    select
        avg(r1_0.rating) 
    from
        rates r1_0 
    where
        r1_0.recipe_id=?
2025-05-21T04:28:44.246+07:00 DEBUG 16572 --- [http-nio-8080-exec-1] org.hibernate.SQL                        : 
    select
        u1_0.user_id,
        u1_0.avatar_url,
        u1_0.date_of_birth,
        u1_0.email,
        u1_0.firstname,
        u1_0.lastname,
        u1_0.password,
        u1_0.role,
        u1_0.username 
    from
        users u1_0 
    where
        u1_0.username=?
2025-05-21T04:28:44.246+07:00 DEBUG 16572 --- [http-nio-8080-exec-1] org.hibernate.SQL                        : 
    select
        r1_0.recipe_id,
        r1_0.author_id,
        r1_0.author_name,
        r1_0.author_url,
        r1_0.avatar_url,
        r1_0.category_name,
        r1_0.category_id,
        r1_0.created_at,
        r1_0.description,
        r1_0.ingredients,
        r1_0.instruction,
        r1_0.name,
        r1_1.average_rating,
        r1_1.comment_count,
        r1_1.like_count,
        r1_1.rate_count,
        r1_1.save_count 
    from
        recipes r1_0 
    left join
        recipe_stats r1_1 
            on r1_0.recipe_id=r1_1.recipe_id 
    where
        r1_0.author_id=? 
    order by
        r1_0.created_at desc
2025-05-21T04:28:44.246+07:00 DEBUG 16572 --- [http-nio-8080-exec-1] org.hibernate.SQL                        : 
    select
        avg(r1_0.rating) 
    from
        rates r1_0 
    where
        r1_0.recipe_id=?
2025-05-21T04:28:44.261+07:00 DEBUG 16572 --- [http-nio-8080-exec-1] org.hibernate.SQL                        : 
    select
        count(l1_0.like_id) 
    from
        likes l1_0 
    where
        l1_0.recipe_id=?
2025-05-21T04:28:44.262+07:00 DEBUG 16572 --- [http-nio-8080-exec-1] org.hibernate.SQL                        : 
    select
        avg(r1_0.rating) 
    from
        rates r1_0 
    where
        r1_0.recipe_id=?
2025-05-21T04:28:44.263+07:00 DEBUG 16572 --- [http-nio-8080-exec-1] org.hibernate.SQL                        : 
    select
        count(l1_0.like_id) 
    from
        likes l1_0 
    where
        l1_0.recipe_id=?
2025-05-21T04:28:44.263+07:00 DEBUG 16572 --- [http-nio-8080-exec-1] org.hibernate.SQL                        : 
    select
        avg(r1_0.rating) 
    from
        rates r1_0 
    where
        r1_0.recipe_id=?
2025-05-21T04:28:44.263+07:00 DEBUG 16572 --- [http-nio-8080-exec-1] org.hibernate.SQL                        : 
    select
        count(l1_0.like_id) 
    from
        likes l1_0 
    where
        l1_0.recipe_id=?
2025-05-21T04:28:44.263+07:00 DEBUG 16572 --- [http-nio-8080-exec-1] org.hibernate.SQL                        : 
    select
        u1_0.user_id,
        u1_0.avatar_url,
        u1_0.date_of_birth,
        u1_0.email,
        u1_0.firstname,
        u1_0.lastname,
        u1_0.password,
        u1_0.role,
        u1_0.username 
    from
        users u1_0 
    where
        u1_0.username=?
2025-05-21T04:28:44.263+07:00 DEBUG 16572 --- [http-nio-8080-exec-1] org.hibernate.SQL                        : 
    select
        s1_0.save_id,
        s1_0.created_at,
        s1_0.recipe_id,
        s1_0.user_id 
    from
        saved s1_0 
    where
        s1_0.user_id=?
2025-05-21T04:28:44.278+07:00 DEBUG 16572 --- [http-nio-8080-exec-1] org.hibernate.SQL                        : 
    select
        r1_0.recipe_id,
        r1_0.author_id,
        r1_0.author_name,
        r1_0.author_url,
        r1_0.avatar_url,
        r1_0.category_name,
        r1_0.category_id,
        r1_0.created_at,
        r1_0.description,
        r1_0.ingredients,
        r1_0.instruction,
        r1_0.name,
        r1_1.average_rating,
        r1_1.comment_count,
        r1_1.like_count,
        r1_1.rate_count,
        r1_1.save_count 
    from
        recipes r1_0 
    left join
        recipe_stats r1_1 
            on r1_0.recipe_id=r1_1.recipe_id 
    where
        r1_0.recipe_id=?
2025-05-21T04:28:44.278+07:00 DEBUG 16572 --- [http-nio-8080-exec-1] org.hibernate.SQL                        : 
    select
        r1_0.recipe_id,
        r1_0.author_id,
        r1_0.author_name,
        r1_0.author_url,
        r1_0.avatar_url,
        r1_0.category_name,
        r1_0.category_id,
        r1_0.created_at,
        r1_0.description,
        r1_0.ingredients,
        r1_0.instruction,
        r1_0.name,
        r1_1.average_rating,
        r1_1.comment_count,
        r1_1.like_count,
        r1_1.rate_count,
        r1_1.save_count 
    from
        recipes r1_0 
    left join
        recipe_stats r1_1 
            on r1_0.recipe_id=r1_1.recipe_id 
    where
        r1_0.recipe_id=?
2025-05-21T04:28:44.278+07:00 DEBUG 16572 --- [http-nio-8080-exec-1] org.hibernate.SQL                        : 
    select
        avg(r1_0.rating) 
    from
        rates r1_0 
    where
        r1_0.recipe_id=?
2025-05-21T04:28:44.278+07:00 DEBUG 16572 --- [http-nio-8080-exec-1] org.hibernate.SQL                        : 
    select
        count(l1_0.like_id) 
    from
        likes l1_0 
    where
        l1_0.recipe_id=?
2025-05-21T04:28:44.278+07:00 DEBUG 16572 --- [http-nio-8080-exec-1] org.hibernate.SQL                        : 
    select
        avg(r1_0.rating) 
    from
        rates r1_0 
    where
        r1_0.recipe_id=?
2025-05-21T04:28:44.278+07:00 DEBUG 16572 --- [http-nio-8080-exec-1] org.hibernate.SQL                        : 
    select
        count(l1_0.like_id) 
    from
        likes l1_0 
    where
        l1_0.recipe_id=?
2025-05-21T04:28:44.296+07:00 DEBUG 16572 --- [http-nio-8080-exec-1] org.hibernate.SQL                        : 
    select
        avg(r1_0.rating) 
    from
        rates r1_0 
    where
        r1_0.recipe_id=?
2025-05-21T04:28:44.296+07:00 DEBUG 16572 --- [http-nio-8080-exec-1] org.hibernate.SQL                        : 
    select
        count(l1_0.like_id) 
    from
        likes l1_0 
    where
        l1_0.recipe_id=?
2025-05-21T04:28:44.296+07:00 DEBUG 16572 --- [http-nio-8080-exec-1] org.hibernate.SQL                        : 
    select
        u1_0.user_id,
        u1_0.avatar_url,
        u1_0.date_of_birth,
        u1_0.email,
        u1_0.firstname,
        u1_0.lastname,
        u1_0.password,
        u1_0.role,
        u1_0.username 
    from
        users u1_0 
    where
        u1_0.username=?
2025-05-21T04:28:44.296+07:00 DEBUG 16572 --- [http-nio-8080-exec-1] org.hibernate.SQL                        : 
    select
        l1_0.like_id,
        l1_0.created_at,
        l1_0.recipe_id,
        l1_0.user_id 
    from
        likes l1_0 
    where
        l1_0.user_id=?
2025-05-21T04:28:44.296+07:00 DEBUG 16572 --- [http-nio-8080-exec-1] org.hibernate.SQL                        : 
    select
        avg(r1_0.rating) 
    from
        rates r1_0 
    where
        r1_0.recipe_id=?
2025-05-21T04:28:44.312+07:00 DEBUG 16572 --- [http-nio-8080-exec-1] org.hibernate.SQL                        : 
    select
        count(l1_0.like_id) 
    from
        likes l1_0 
    where
        l1_0.recipe_id=?
2025-05-21T04:28:44.312+07:00 DEBUG 16572 --- [http-nio-8080-exec-1] org.hibernate.SQL                        : 
    select
        avg(r1_0.rating) 
    from
        rates r1_0 
    where
        r1_0.recipe_id=?
2025-05-21T04:28:44.312+07:00 DEBUG 16572 --- [http-nio-8080-exec-1] org.hibernate.SQL                        : 
    select
        count(l1_0.like_id) 
    from
        likes l1_0 
    where
        l1_0.recipe_id=?
2025-05-21T04:28:44.367+07:00  WARN 16572 --- [http-nio-8080-exec-6] .m.m.a.ExceptionHandlerExceptionResolver : Resolved [org.springframework.web.servlet.resource.NoResourceFoundException: No static resource favicon.ico.]
2025-05-21T04:29:13.453+07:00  INFO 16572 --- [SpringApplicationShutdownHook] o.s.b.w.e.tomcat.GracefulShutdown        : Commencing graceful shutdown. Waiting for active requests to complete
2025-05-21T04:29:13.458+07:00  INFO 16572 --- [tomcat-shutdown] o.s.b.w.e.tomcat.GracefulShutdown        : Graceful shutdown complete
2025-05-21T04:29:13.481+07:00  INFO 16572 --- [SpringApplicationShutdownHook] j.LocalContainerEntityManagerFactoryBean : Closing JPA EntityManagerFactory for persistence unit 'default'
2025-05-21T04:29:13.483+07:00  INFO 16572 --- [SpringApplicationShutdownHook] com.zaxxer.hikari.HikariDataSource       : HikariPool-1 - Shutdown initiated...
2025-05-21T04:29:13.487+07:00  INFO 16572 --- [SpringApplicationShutdownHook] com.zaxxer.hikari.HikariDataSource       : HikariPool-1 - Shutdown completed.
2025-05-21T04:38:51.686+07:00  INFO 18008 --- [restartedMain] o.e.r.RecipeSharingWebsiteApplication    : Starting RecipeSharingWebsiteApplication using Java 23 with PID 18008 (C:\RecipeSharing\target\classes started by haiye in C:\RecipeSharing)
2025-05-21T04:38:51.688+07:00  INFO 18008 --- [restartedMain] o.e.r.RecipeSharingWebsiteApplication    : No active profile set, falling back to 1 default profile: "default"
2025-05-21T04:38:51.734+07:00  INFO 18008 --- [restartedMain] .e.DevToolsPropertyDefaultsPostProcessor : Devtools property defaults active! Set 'spring.devtools.add-properties' to 'false' to disable
2025-05-21T04:38:51.734+07:00  INFO 18008 --- [restartedMain] .e.DevToolsPropertyDefaultsPostProcessor : For additional web related logging consider setting the 'logging.level.web' property to 'DEBUG'
2025-05-21T04:38:52.507+07:00  INFO 18008 --- [restartedMain] .s.d.r.c.RepositoryConfigurationDelegate : Bootstrapping Spring Data JPA repositories in DEFAULT mode.
2025-05-21T04:38:52.634+07:00  INFO 18008 --- [restartedMain] .s.d.r.c.RepositoryConfigurationDelegate : Finished Spring Data repository scanning in 108 ms. Found 10 JPA repository interfaces.
2025-05-21T04:38:53.203+07:00  INFO 18008 --- [restartedMain] o.s.b.w.embedded.tomcat.TomcatWebServer  : Tomcat initialized with port 8080 (http)
2025-05-21T04:38:53.219+07:00  INFO 18008 --- [restartedMain] o.apache.catalina.core.StandardService   : Starting service [Tomcat]
2025-05-21T04:38:53.219+07:00  INFO 18008 --- [restartedMain] o.apache.catalina.core.StandardEngine    : Starting Servlet engine: [Apache Tomcat/10.1.40]
2025-05-21T04:38:53.251+07:00  INFO 18008 --- [restartedMain] o.a.c.c.C.[Tomcat].[localhost].[/]       : Initializing Spring embedded WebApplicationContext
2025-05-21T04:38:53.251+07:00  INFO 18008 --- [restartedMain] w.s.c.ServletWebServerApplicationContext : Root WebApplicationContext: initialization completed in 1517 ms
2025-05-21T04:38:53.473+07:00  INFO 18008 --- [restartedMain] o.hibernate.jpa.internal.util.LogHelper  : HHH000204: Processing PersistenceUnitInfo [name: default]
2025-05-21T04:38:53.505+07:00  INFO 18008 --- [restartedMain] org.hibernate.Version                    : HHH000412: Hibernate ORM core version 6.6.13.Final
2025-05-21T04:38:53.521+07:00  INFO 18008 --- [restartedMain] o.h.c.internal.RegionFactoryInitiator    : HHH000026: Second-level cache disabled
2025-05-21T04:38:53.696+07:00  INFO 18008 --- [restartedMain] o.s.o.j.p.SpringPersistenceUnitInfo      : No LoadTimeWeaver setup: ignoring JPA class transformer
2025-05-21T04:38:53.713+07:00  INFO 18008 --- [restartedMain] com.zaxxer.hikari.HikariDataSource       : HikariPool-1 - Starting...
2025-05-21T04:38:53.807+07:00  INFO 18008 --- [restartedMain] com.zaxxer.hikari.pool.HikariPool        : HikariPool-1 - Added connection com.mysql.cj.jdbc.ConnectionImpl@6c61dc2a
2025-05-21T04:38:53.807+07:00  INFO 18008 --- [restartedMain] com.zaxxer.hikari.HikariDataSource       : HikariPool-1 - Start completed.
2025-05-21T04:38:53.824+07:00  WARN 18008 --- [restartedMain] org.hibernate.orm.deprecation            : HHH90000025: MySQL8Dialect does not need to be specified explicitly using 'hibernate.dialect' (remove the property setting and it will be selected by default)
2025-05-21T04:38:53.824+07:00  WARN 18008 --- [restartedMain] org.hibernate.orm.deprecation            : HHH90000026: MySQL8Dialect has been deprecated; use org.hibernate.dialect.MySQLDialect instead
2025-05-21T04:38:53.824+07:00  INFO 18008 --- [restartedMain] org.hibernate.orm.connections.pooling    : HHH10001005: Database info:
	Database JDBC URL [Connecting through datasource 'HikariDataSource (HikariPool-1)']
	Database driver: undefined/unknown
	Database version: 8.0
	Autocommit mode: undefined/unknown
	Isolation level: undefined/unknown
	Minimum pool size: undefined/unknown
	Maximum pool size: undefined/unknown
2025-05-21T04:38:54.426+07:00  INFO 18008 --- [restartedMain] o.h.e.t.j.p.i.JtaPlatformInitiator       : HHH000489: No JTA platform available (set 'hibernate.transaction.jta.platform' to enable JTA platform integration)
2025-05-21T04:38:54.426+07:00  INFO 18008 --- [restartedMain] j.LocalContainerEntityManagerFactoryBean : Initialized JPA EntityManagerFactory for persistence unit 'default'
2025-05-21T04:38:54.840+07:00  INFO 18008 --- [restartedMain] o.s.d.j.r.query.QueryEnhancerFactory     : Hibernate is in classpath; If applicable, HQL parser will be used.
2025-05-21T04:38:55.204+07:00  WARN 18008 --- [restartedMain] JpaBaseConfiguration$JpaWebConfiguration : spring.jpa.open-in-view is enabled by default. Therefore, database queries may be performed during view rendering. Explicitly configure spring.jpa.open-in-view to disable this warning
2025-05-21T04:38:55.236+07:00  INFO 18008 --- [restartedMain] r$InitializeUserDetailsManagerConfigurer : Global AuthenticationManager configured with UserDetailsService bean with name userDetailsService
2025-05-21T04:38:55.299+07:00  INFO 18008 --- [restartedMain] o.s.b.a.w.s.WelcomePageHandlerMapping    : Adding welcome page template: index
2025-05-21T04:38:55.584+07:00  INFO 18008 --- [restartedMain] o.s.b.a.e.web.EndpointLinksResolver      : Exposing 1 endpoint beneath base path '/actuator'
2025-05-21T04:38:55.903+07:00  INFO 18008 --- [restartedMain] o.s.b.a.h2.H2ConsoleAutoConfiguration    : H2 console available at '/h2-console'. Database available at 'jdbc:mysql://localhost:3307/cnpm'
2025-05-21T04:38:55.968+07:00  INFO 18008 --- [restartedMain] .w.s.a.s.AnnotationActionEndpointMapping : Supporting [WS-Addressing August 2004, WS-Addressing 1.0]
2025-05-21T04:38:56.013+07:00  INFO 18008 --- [restartedMain] o.s.b.d.a.OptionalLiveReloadServer       : LiveReload server is running on port 35729
2025-05-21T04:38:56.092+07:00  INFO 18008 --- [restartedMain] o.s.b.w.embedded.tomcat.TomcatWebServer  : Tomcat started on port 8080 (http) with context path '/'
2025-05-21T04:38:56.092+07:00  INFO 18008 --- [restartedMain] o.e.r.RecipeSharingWebsiteApplication    : Started RecipeSharingWebsiteApplication in 4.801 seconds (process running for 5.516)
2025-05-21T04:38:56.427+07:00  INFO 18008 --- [http-nio-8080-exec-1] o.a.c.c.C.[Tomcat].[localhost].[/]       : Initializing Spring DispatcherServlet 'dispatcherServlet'
2025-05-21T04:38:56.427+07:00  INFO 18008 --- [http-nio-8080-exec-1] o.s.web.servlet.DispatcherServlet        : Initializing Servlet 'dispatcherServlet'
2025-05-21T04:38:56.429+07:00  INFO 18008 --- [http-nio-8080-exec-1] o.s.web.servlet.DispatcherServlet        : Completed initialization in 2 ms
2025-05-21T04:38:57.414+07:00  WARN 18008 --- [http-nio-8080-exec-3] .m.m.a.ExceptionHandlerExceptionResolver : Resolved [org.springframework.web.servlet.resource.NoResourceFoundException: No static resource favicon.ico.]
2025-05-21T04:39:05.365+07:00 DEBUG 18008 --- [http-nio-8080-exec-4] org.hibernate.SQL                        : 
    select
        u1_0.user_id,
        u1_0.avatar_url,
        u1_0.date_of_birth,
        u1_0.email,
        u1_0.firstname,
        u1_0.lastname,
        u1_0.password,
        u1_0.role,
        u1_0.username 
    from
        users u1_0 
    where
        u1_0.username=? 
        or u1_0.email=?
2025-05-21T04:39:05.664+07:00 DEBUG 18008 --- [http-nio-8080-exec-5] org.hibernate.SQL                        : 
    select
        u1_0.user_id,
        u1_0.avatar_url,
        u1_0.date_of_birth,
        u1_0.email,
        u1_0.firstname,
        u1_0.lastname,
        u1_0.password,
        u1_0.role,
        u1_0.username 
    from
        users u1_0 
    where
        u1_0.username=?
2025-05-21T04:39:05.671+07:00 DEBUG 18008 --- [http-nio-8080-exec-5] org.hibernate.SQL                        : 
    select
        f1_0.follow_id,
        f1_0.follow_time,
        f1_0.follower_id,
        f1_0.following_id 
    from
        follows f1_0 
    where
        f1_0.following_id=?
2025-05-21T04:39:05.697+07:00 DEBUG 18008 --- [http-nio-8080-exec-5] org.hibernate.SQL                        : 
    select
        u1_0.user_id,
        u1_0.avatar_url,
        u1_0.date_of_birth,
        u1_0.email,
        u1_0.firstname,
        u1_0.lastname,
        u1_0.password,
        u1_0.role,
        u1_0.username 
    from
        users u1_0 
    where
        u1_0.user_id=?
2025-05-21T04:39:05.717+07:00 DEBUG 18008 --- [http-nio-8080-exec-5] org.hibernate.SQL                        : 
    select
        f1_0.follow_id,
        f1_0.follow_time,
        f1_0.follower_id,
        f1_0.following_id 
    from
        follows f1_0 
    where
        f1_0.follower_id=?
2025-05-21T04:39:05.723+07:00 DEBUG 18008 --- [http-nio-8080-exec-5] org.hibernate.SQL                        : 
    select
        u1_0.user_id,
        u1_0.avatar_url,
        u1_0.date_of_birth,
        u1_0.email,
        u1_0.firstname,
        u1_0.lastname,
        u1_0.password,
        u1_0.role,
        u1_0.username 
    from
        users u1_0 
    where
        u1_0.user_id=?
2025-05-21T04:39:05.736+07:00 DEBUG 18008 --- [http-nio-8080-exec-5] org.hibernate.SQL                        : 
    select
        r1_0.recipe_id,
        r1_0.author_id,
        r1_0.author_name,
        r1_0.author_url,
        r1_0.avatar_url,
        r1_0.category_name,
        r1_0.category_id,
        r1_0.created_at,
        r1_0.description,
        r1_0.ingredients,
        r1_0.instruction,
        r1_0.name,
        r1_1.average_rating,
        r1_1.comment_count,
        r1_1.like_count,
        r1_1.rate_count,
        r1_1.save_count 
    from
        recipes r1_0 
    left join
        recipe_stats r1_1 
            on r1_0.recipe_id=r1_1.recipe_id 
    where
        r1_0.author_id=? 
    order by
        r1_0.created_at desc
2025-05-21T04:39:05.791+07:00 DEBUG 18008 --- [http-nio-8080-exec-5] org.hibernate.SQL                        : 
    select
        avg(r1_0.rating) 
    from
        rates r1_0 
    where
        r1_0.recipe_id=?
2025-05-21T04:39:05.798+07:00 DEBUG 18008 --- [http-nio-8080-exec-5] org.hibernate.SQL                        : 
    select
        avg(r1_0.rating) 
    from
        rates r1_0 
    where
        r1_0.recipe_id=?
2025-05-21T04:39:05.802+07:00 DEBUG 18008 --- [http-nio-8080-exec-5] org.hibernate.SQL                        : 
    select
        avg(r1_0.rating) 
    from
        rates r1_0 
    where
        r1_0.recipe_id=?
2025-05-21T04:39:05.809+07:00 DEBUG 18008 --- [http-nio-8080-exec-5] org.hibernate.SQL                        : 
    select
        u1_0.user_id,
        u1_0.avatar_url,
        u1_0.date_of_birth,
        u1_0.email,
        u1_0.firstname,
        u1_0.lastname,
        u1_0.password,
        u1_0.role,
        u1_0.username 
    from
        users u1_0 
    where
        u1_0.username=?
2025-05-21T04:39:05.813+07:00 DEBUG 18008 --- [http-nio-8080-exec-5] org.hibernate.SQL                        : 
    select
        r1_0.recipe_id,
        r1_0.author_id,
        r1_0.author_name,
        r1_0.author_url,
        r1_0.avatar_url,
        r1_0.category_name,
        r1_0.category_id,
        r1_0.created_at,
        r1_0.description,
        r1_0.ingredients,
        r1_0.instruction,
        r1_0.name,
        r1_1.average_rating,
        r1_1.comment_count,
        r1_1.like_count,
        r1_1.rate_count,
        r1_1.save_count 
    from
        recipes r1_0 
    left join
        recipe_stats r1_1 
            on r1_0.recipe_id=r1_1.recipe_id 
    where
        r1_0.author_id=? 
    order by
        r1_0.created_at desc
2025-05-21T04:39:05.832+07:00 DEBUG 18008 --- [http-nio-8080-exec-5] org.hibernate.SQL                        : 
    select
        avg(r1_0.rating) 
    from
        rates r1_0 
    where
        r1_0.recipe_id=?
2025-05-21T04:39:05.832+07:00 DEBUG 18008 --- [http-nio-8080-exec-5] org.hibernate.SQL                        : 
    select
        count(l1_0.like_id) 
    from
        likes l1_0 
    where
        l1_0.recipe_id=?
2025-05-21T04:39:05.832+07:00 DEBUG 18008 --- [http-nio-8080-exec-5] org.hibernate.SQL                        : 
    select
        avg(r1_0.rating) 
    from
        rates r1_0 
    where
        r1_0.recipe_id=?
2025-05-21T04:39:05.850+07:00 DEBUG 18008 --- [http-nio-8080-exec-5] org.hibernate.SQL                        : 
    select
        count(l1_0.like_id) 
    from
        likes l1_0 
    where
        l1_0.recipe_id=?
2025-05-21T04:39:05.852+07:00 DEBUG 18008 --- [http-nio-8080-exec-5] org.hibernate.SQL                        : 
    select
        avg(r1_0.rating) 
    from
        rates r1_0 
    where
        r1_0.recipe_id=?
2025-05-21T04:39:05.856+07:00 DEBUG 18008 --- [http-nio-8080-exec-5] org.hibernate.SQL                        : 
    select
        count(l1_0.like_id) 
    from
        likes l1_0 
    where
        l1_0.recipe_id=?
2025-05-21T04:39:05.860+07:00 DEBUG 18008 --- [http-nio-8080-exec-5] org.hibernate.SQL                        : 
    select
        u1_0.user_id,
        u1_0.avatar_url,
        u1_0.date_of_birth,
        u1_0.email,
        u1_0.firstname,
        u1_0.lastname,
        u1_0.password,
        u1_0.role,
        u1_0.username 
    from
        users u1_0 
    where
        u1_0.username=?
2025-05-21T04:39:05.865+07:00 DEBUG 18008 --- [http-nio-8080-exec-5] org.hibernate.SQL                        : 
    select
        s1_0.save_id,
        s1_0.created_at,
        s1_0.recipe_id,
        s1_0.user_id 
    from
        saved s1_0 
    where
        s1_0.user_id=?
2025-05-21T04:39:05.871+07:00 DEBUG 18008 --- [http-nio-8080-exec-5] org.hibernate.SQL                        : 
    select
        r1_0.recipe_id,
        r1_0.author_id,
        r1_0.author_name,
        r1_0.author_url,
        r1_0.avatar_url,
        r1_0.category_name,
        r1_0.category_id,
        r1_0.created_at,
        r1_0.description,
        r1_0.ingredients,
        r1_0.instruction,
        r1_0.name,
        r1_1.average_rating,
        r1_1.comment_count,
        r1_1.like_count,
        r1_1.rate_count,
        r1_1.save_count 
    from
        recipes r1_0 
    left join
        recipe_stats r1_1 
            on r1_0.recipe_id=r1_1.recipe_id 
    where
        r1_0.recipe_id=?
2025-05-21T04:39:05.876+07:00 DEBUG 18008 --- [http-nio-8080-exec-5] org.hibernate.SQL                        : 
    select
        r1_0.recipe_id,
        r1_0.author_id,
        r1_0.author_name,
        r1_0.author_url,
        r1_0.avatar_url,
        r1_0.category_name,
        r1_0.category_id,
        r1_0.created_at,
        r1_0.description,
        r1_0.ingredients,
        r1_0.instruction,
        r1_0.name,
        r1_1.average_rating,
        r1_1.comment_count,
        r1_1.like_count,
        r1_1.rate_count,
        r1_1.save_count 
    from
        recipes r1_0 
    left join
        recipe_stats r1_1 
            on r1_0.recipe_id=r1_1.recipe_id 
    where
        r1_0.recipe_id=?
2025-05-21T04:39:05.880+07:00 DEBUG 18008 --- [http-nio-8080-exec-5] org.hibernate.SQL                        : 
    select
        avg(r1_0.rating) 
    from
        rates r1_0 
    where
        r1_0.recipe_id=?
2025-05-21T04:39:05.885+07:00 DEBUG 18008 --- [http-nio-8080-exec-5] org.hibernate.SQL                        : 
    select
        count(l1_0.like_id) 
    from
        likes l1_0 
    where
        l1_0.recipe_id=?
2025-05-21T04:39:05.885+07:00 DEBUG 18008 --- [http-nio-8080-exec-5] org.hibernate.SQL                        : 
    select
        avg(r1_0.rating) 
    from
        rates r1_0 
    where
        r1_0.recipe_id=?
2025-05-21T04:39:05.885+07:00 DEBUG 18008 --- [http-nio-8080-exec-5] org.hibernate.SQL                        : 
    select
        count(l1_0.like_id) 
    from
        likes l1_0 
    where
        l1_0.recipe_id=?
2025-05-21T04:39:05.897+07:00 DEBUG 18008 --- [http-nio-8080-exec-5] org.hibernate.SQL                        : 
    select
        avg(r1_0.rating) 
    from
        rates r1_0 
    where
        r1_0.recipe_id=?
2025-05-21T04:39:05.899+07:00 DEBUG 18008 --- [http-nio-8080-exec-5] org.hibernate.SQL                        : 
    select
        count(l1_0.like_id) 
    from
        likes l1_0 
    where
        l1_0.recipe_id=?
2025-05-21T04:39:05.907+07:00 DEBUG 18008 --- [http-nio-8080-exec-5] org.hibernate.SQL                        : 
    select
        u1_0.user_id,
        u1_0.avatar_url,
        u1_0.date_of_birth,
        u1_0.email,
        u1_0.firstname,
        u1_0.lastname,
        u1_0.password,
        u1_0.role,
        u1_0.username 
    from
        users u1_0 
    where
        u1_0.username=?
2025-05-21T04:39:05.913+07:00 DEBUG 18008 --- [http-nio-8080-exec-5] org.hibernate.SQL                        : 
    select
        l1_0.like_id,
        l1_0.created_at,
        l1_0.recipe_id,
        l1_0.user_id 
    from
        likes l1_0 
    where
        l1_0.user_id=?
2025-05-21T04:39:05.923+07:00 DEBUG 18008 --- [http-nio-8080-exec-5] org.hibernate.SQL                        : 
    select
        avg(r1_0.rating) 
    from
        rates r1_0 
    where
        r1_0.recipe_id=?
2025-05-21T04:39:05.927+07:00 DEBUG 18008 --- [http-nio-8080-exec-5] org.hibernate.SQL                        : 
    select
        count(l1_0.like_id) 
    from
        likes l1_0 
    where
        l1_0.recipe_id=?
2025-05-21T04:39:05.930+07:00 DEBUG 18008 --- [http-nio-8080-exec-5] org.hibernate.SQL                        : 
    select
        avg(r1_0.rating) 
    from
        rates r1_0 
    where
        r1_0.recipe_id=?
2025-05-21T04:39:05.934+07:00 DEBUG 18008 --- [http-nio-8080-exec-5] org.hibernate.SQL                        : 
    select
        count(l1_0.like_id) 
    from
        likes l1_0 
    where
        l1_0.recipe_id=?
2025-05-21T04:39:06.133+07:00  WARN 18008 --- [http-nio-8080-exec-1] .m.m.a.ExceptionHandlerExceptionResolver : Resolved [org.springframework.web.servlet.resource.NoResourceFoundException: No static resource favicon.ico.]
2025-05-21T04:39:18.137+07:00  WARN 18008 --- [http-nio-8080-exec-4] .m.m.a.ExceptionHandlerExceptionResolver : Resolved [org.springframework.web.servlet.resource.NoResourceFoundException: No static resource favicon.ico.]
2025-05-21T04:39:19.754+07:00  WARN 18008 --- [http-nio-8080-exec-6] .m.m.a.ExceptionHandlerExceptionResolver : Resolved [org.springframework.web.servlet.resource.NoResourceFoundException: No static resource favicon.ico.]
2025-05-21T04:39:31.399+07:00 DEBUG 18008 --- [http-nio-8080-exec-2] org.hibernate.SQL                        : 
    select
        u1_0.user_id 
    from
        users u1_0 
    where
        u1_0.username=? 
    limit
        ?
2025-05-21T04:39:31.399+07:00 DEBUG 18008 --- [http-nio-8080-exec-2] org.hibernate.SQL                        : 
    select
        u1_0.user_id 
    from
        users u1_0 
    where
        u1_0.email=? 
    limit
        ?
2025-05-21T04:39:31.399+07:00 DEBUG 18008 --- [http-nio-8080-exec-2] org.hibernate.SQL                        : 
    select
        is1_0.id 
    from
        id_seq is1_0 
    order by
        is1_0.id desc 
    limit
        ?
2025-05-21T04:39:31.417+07:00 DEBUG 18008 --- [http-nio-8080-exec-2] org.hibernate.SQL                        : 
    select
        is1_0.id 
    from
        id_seq is1_0 
    where
        is1_0.id=?
2025-05-21T04:39:31.589+07:00 DEBUG 18008 --- [http-nio-8080-exec-2] org.hibernate.SQL                        : 
    select
        u1_0.user_id,
        u1_0.avatar_url,
        u1_0.date_of_birth,
        u1_0.email,
        u1_0.firstname,
        u1_0.lastname,
        u1_0.password,
        u1_0.role,
        u1_0.username 
    from
        users u1_0 
    where
        u1_0.user_id=?
2025-05-21T04:39:31.615+07:00 DEBUG 18008 --- [http-nio-8080-exec-2] org.hibernate.SQL                        : 
    insert 
    into
        id_seq
        (id) 
    values
        (?)
2025-05-21T04:39:31.616+07:00 DEBUG 18008 --- [http-nio-8080-exec-2] org.hibernate.SQL                        : 
    insert 
    into
        users
        (email, password, role, username, user_id) 
    values
        (?, ?, ?, ?, ?)
2025-05-21T04:39:31.751+07:00  WARN 18008 --- [http-nio-8080-exec-9] .m.m.a.ExceptionHandlerExceptionResolver : Resolved [org.springframework.web.servlet.resource.NoResourceFoundException: No static resource favicon.ico.]
2025-05-21T04:41:14.704+07:00  INFO 18008 --- [File Watcher] rtingClassPathChangeChangedEventListener : Restarting due to 1 class path change (0 additions, 0 deletions, 1 modification)
2025-05-21T04:41:14.709+07:00  INFO 18008 --- [Thread-5] o.s.b.w.e.tomcat.GracefulShutdown        : Commencing graceful shutdown. Waiting for active requests to complete
2025-05-21T04:41:14.716+07:00  INFO 18008 --- [tomcat-shutdown] o.s.b.w.e.tomcat.GracefulShutdown        : Graceful shutdown complete
2025-05-21T04:41:14.734+07:00  INFO 18008 --- [Thread-5] j.LocalContainerEntityManagerFactoryBean : Closing JPA EntityManagerFactory for persistence unit 'default'
2025-05-21T04:41:14.734+07:00  INFO 18008 --- [Thread-5] com.zaxxer.hikari.HikariDataSource       : HikariPool-1 - Shutdown initiated...
2025-05-21T04:41:14.750+07:00  INFO 18008 --- [Thread-5] com.zaxxer.hikari.HikariDataSource       : HikariPool-1 - Shutdown completed.
2025-05-21T04:41:14.840+07:00  INFO 18008 --- [restartedMain] o.e.r.RecipeSharingWebsiteApplication    : Starting RecipeSharingWebsiteApplication using Java 23 with PID 18008 (C:\RecipeSharing\target\classes started by haiye in C:\RecipeSharing)
2025-05-21T04:41:14.840+07:00  INFO 18008 --- [restartedMain] o.e.r.RecipeSharingWebsiteApplication    : No active profile set, falling back to 1 default profile: "default"
2025-05-21T04:41:15.173+07:00  INFO 18008 --- [restartedMain] .s.d.r.c.RepositoryConfigurationDelegate : Bootstrapping Spring Data JPA repositories in DEFAULT mode.
2025-05-21T04:41:15.207+07:00  INFO 18008 --- [restartedMain] .s.d.r.c.RepositoryConfigurationDelegate : Finished Spring Data repository scanning in 33 ms. Found 10 JPA repository interfaces.
2025-05-21T04:41:15.361+07:00  INFO 18008 --- [restartedMain] o.s.b.w.embedded.tomcat.TomcatWebServer  : Tomcat initialized with port 8080 (http)
2025-05-21T04:41:15.362+07:00  INFO 18008 --- [restartedMain] o.apache.catalina.core.StandardService   : Starting service [Tomcat]
2025-05-21T04:41:15.363+07:00  INFO 18008 --- [restartedMain] o.apache.catalina.core.StandardEngine    : Starting Servlet engine: [Apache Tomcat/10.1.40]
2025-05-21T04:41:15.381+07:00  INFO 18008 --- [restartedMain] o.a.c.c.C.[Tomcat].[localhost].[/]       : Initializing Spring embedded WebApplicationContext
2025-05-21T04:41:15.381+07:00  INFO 18008 --- [restartedMain] w.s.c.ServletWebServerApplicationContext : Root WebApplicationContext: initialization completed in 527 ms
2025-05-21T04:41:15.471+07:00  INFO 18008 --- [restartedMain] o.hibernate.jpa.internal.util.LogHelper  : HHH000204: Processing PersistenceUnitInfo [name: default]
2025-05-21T04:41:15.473+07:00  INFO 18008 --- [restartedMain] o.h.c.internal.RegionFactoryInitiator    : HHH000026: Second-level cache disabled
2025-05-21T04:41:15.479+07:00  INFO 18008 --- [restartedMain] o.s.o.j.p.SpringPersistenceUnitInfo      : No LoadTimeWeaver setup: ignoring JPA class transformer
2025-05-21T04:41:15.479+07:00  INFO 18008 --- [restartedMain] com.zaxxer.hikari.HikariDataSource       : HikariPool-2 - Starting...
2025-05-21T04:41:15.483+07:00  INFO 18008 --- [restartedMain] com.zaxxer.hikari.pool.HikariPool        : HikariPool-2 - Added connection com.mysql.cj.jdbc.ConnectionImpl@63626ba0
2025-05-21T04:41:15.483+07:00  INFO 18008 --- [restartedMain] com.zaxxer.hikari.HikariDataSource       : HikariPool-2 - Start completed.
2025-05-21T04:41:15.483+07:00  WARN 18008 --- [restartedMain] org.hibernate.orm.deprecation            : HHH90000025: MySQL8Dialect does not need to be specified explicitly using 'hibernate.dialect' (remove the property setting and it will be selected by default)
2025-05-21T04:41:15.483+07:00  WARN 18008 --- [restartedMain] org.hibernate.orm.deprecation            : HHH90000026: MySQL8Dialect has been deprecated; use org.hibernate.dialect.MySQLDialect instead
2025-05-21T04:41:15.483+07:00  INFO 18008 --- [restartedMain] org.hibernate.orm.connections.pooling    : HHH10001005: Database info:
	Database JDBC URL [Connecting through datasource 'HikariDataSource (HikariPool-2)']
	Database driver: undefined/unknown
	Database version: 8.0
	Autocommit mode: undefined/unknown
	Isolation level: undefined/unknown
	Minimum pool size: undefined/unknown
	Maximum pool size: undefined/unknown
2025-05-21T04:41:15.573+07:00  INFO 18008 --- [restartedMain] o.h.e.t.j.p.i.JtaPlatformInitiator       : HHH000489: No JTA platform available (set 'hibernate.transaction.jta.platform' to enable JTA platform integration)
2025-05-21T04:41:15.573+07:00  INFO 18008 --- [restartedMain] j.LocalContainerEntityManagerFactoryBean : Initialized JPA EntityManagerFactory for persistence unit 'default'
2025-05-21T04:41:15.824+07:00  WARN 18008 --- [restartedMain] JpaBaseConfiguration$JpaWebConfiguration : spring.jpa.open-in-view is enabled by default. Therefore, database queries may be performed during view rendering. Explicitly configure spring.jpa.open-in-view to disable this warning
2025-05-21T04:41:15.843+07:00  INFO 18008 --- [restartedMain] r$InitializeUserDetailsManagerConfigurer : Global AuthenticationManager configured with UserDetailsService bean with name userDetailsService
2025-05-21T04:41:15.855+07:00  INFO 18008 --- [restartedMain] o.s.b.a.w.s.WelcomePageHandlerMapping    : Adding welcome page template: index
2025-05-21T04:41:15.969+07:00  INFO 18008 --- [restartedMain] o.s.b.a.e.web.EndpointLinksResolver      : Exposing 1 endpoint beneath base path '/actuator'
2025-05-21T04:41:16.139+07:00  INFO 18008 --- [restartedMain] o.s.b.a.h2.H2ConsoleAutoConfiguration    : H2 console available at '/h2-console'. Database available at 'jdbc:mysql://localhost:3307/cnpm'
2025-05-21T04:41:16.172+07:00  INFO 18008 --- [restartedMain] .w.s.a.s.AnnotationActionEndpointMapping : Supporting [WS-Addressing August 2004, WS-Addressing 1.0]
2025-05-21T04:41:16.187+07:00  INFO 18008 --- [restartedMain] o.s.b.d.a.OptionalLiveReloadServer       : LiveReload server is running on port 35729
2025-05-21T04:41:16.209+07:00  INFO 18008 --- [restartedMain] o.s.b.w.embedded.tomcat.TomcatWebServer  : Tomcat started on port 8080 (http) with context path '/'
2025-05-21T04:41:16.213+07:00  INFO 18008 --- [restartedMain] o.e.r.RecipeSharingWebsiteApplication    : Started RecipeSharingWebsiteApplication in 1.4 seconds (process running for 145.625)
2025-05-21T04:41:16.218+07:00  INFO 18008 --- [restartedMain] .ConditionEvaluationDeltaLoggingListener : Condition evaluation unchanged
2025-05-21T04:41:16.364+07:00  INFO 18008 --- [http-nio-8080-exec-1] o.a.c.c.C.[Tomcat].[localhost].[/]       : Initializing Spring DispatcherServlet 'dispatcherServlet'
2025-05-21T04:41:16.364+07:00  INFO 18008 --- [http-nio-8080-exec-1] o.s.web.servlet.DispatcherServlet        : Initializing Servlet 'dispatcherServlet'
2025-05-21T04:41:16.365+07:00  INFO 18008 --- [http-nio-8080-exec-1] o.s.web.servlet.DispatcherServlet        : Completed initialization in 1 ms
2025-05-21T04:41:16.607+07:00  WARN 18008 --- [http-nio-8080-exec-3] .m.m.a.ExceptionHandlerExceptionResolver : Resolved [org.springframework.web.servlet.resource.NoResourceFoundException: No static resource favicon.ico.]
2025-05-21T04:41:26.774+07:00 DEBUG 18008 --- [http-nio-8080-exec-2] org.hibernate.SQL                        : 
    select
        u1_0.user_id,
        u1_0.avatar_url,
        u1_0.date_of_birth,
        u1_0.email,
        u1_0.firstname,
        u1_0.lastname,
        u1_0.password,
        u1_0.role,
        u1_0.username 
    from
        users u1_0 
    where
        u1_0.username=? 
        or u1_0.email=?
2025-05-21T04:41:26.941+07:00 DEBUG 18008 --- [http-nio-8080-exec-4] org.hibernate.SQL                        : 
    select
        u1_0.user_id,
        u1_0.avatar_url,
        u1_0.date_of_birth,
        u1_0.email,
        u1_0.firstname,
        u1_0.lastname,
        u1_0.password,
        u1_0.role,
        u1_0.username 
    from
        users u1_0 
    where
        u1_0.username=?
2025-05-21T04:41:26.960+07:00 DEBUG 18008 --- [http-nio-8080-exec-4] org.hibernate.SQL                        : 
    select
        f1_0.follow_id,
        f1_0.follow_time,
        f1_0.follower_id,
        f1_0.following_id 
    from
        follows f1_0 
    where
        f1_0.following_id=?
2025-05-21T04:41:26.965+07:00 DEBUG 18008 --- [http-nio-8080-exec-4] org.hibernate.SQL                        : 
    select
        f1_0.follow_id,
        f1_0.follow_time,
        f1_0.follower_id,
        f1_0.following_id 
    from
        follows f1_0 
    where
        f1_0.follower_id=?
2025-05-21T04:41:26.974+07:00 DEBUG 18008 --- [http-nio-8080-exec-4] org.hibernate.SQL                        : 
    select
        r1_0.recipe_id,
        r1_0.author_id,
        r1_0.author_name,
        r1_0.author_url,
        r1_0.avatar_url,
        r1_0.category_name,
        r1_0.category_id,
        r1_0.created_at,
        r1_0.description,
        r1_0.ingredients,
        r1_0.instruction,
        r1_0.name,
        r1_1.average_rating,
        r1_1.comment_count,
        r1_1.like_count,
        r1_1.rate_count,
        r1_1.save_count 
    from
        recipes r1_0 
    left join
        recipe_stats r1_1 
            on r1_0.recipe_id=r1_1.recipe_id 
    where
        r1_0.author_id=? 
    order by
        r1_0.created_at desc
2025-05-21T04:41:26.981+07:00 DEBUG 18008 --- [http-nio-8080-exec-4] org.hibernate.SQL                        : 
    select
        u1_0.user_id,
        u1_0.avatar_url,
        u1_0.date_of_birth,
        u1_0.email,
        u1_0.firstname,
        u1_0.lastname,
        u1_0.password,
        u1_0.role,
        u1_0.username 
    from
        users u1_0 
    where
        u1_0.username=?
2025-05-21T04:41:26.988+07:00 DEBUG 18008 --- [http-nio-8080-exec-4] org.hibernate.SQL                        : 
    select
        r1_0.recipe_id,
        r1_0.author_id,
        r1_0.author_name,
        r1_0.author_url,
        r1_0.avatar_url,
        r1_0.category_name,
        r1_0.category_id,
        r1_0.created_at,
        r1_0.description,
        r1_0.ingredients,
        r1_0.instruction,
        r1_0.name,
        r1_1.average_rating,
        r1_1.comment_count,
        r1_1.like_count,
        r1_1.rate_count,
        r1_1.save_count 
    from
        recipes r1_0 
    left join
        recipe_stats r1_1 
            on r1_0.recipe_id=r1_1.recipe_id 
    where
        r1_0.author_id=? 
    order by
        r1_0.created_at desc
2025-05-21T04:41:26.990+07:00 DEBUG 18008 --- [http-nio-8080-exec-4] org.hibernate.SQL                        : 
    select
        u1_0.user_id,
        u1_0.avatar_url,
        u1_0.date_of_birth,
        u1_0.email,
        u1_0.firstname,
        u1_0.lastname,
        u1_0.password,
        u1_0.role,
        u1_0.username 
    from
        users u1_0 
    where
        u1_0.username=?
2025-05-21T04:41:27.000+07:00 DEBUG 18008 --- [http-nio-8080-exec-4] org.hibernate.SQL                        : 
    select
        s1_0.save_id,
        s1_0.created_at,
        s1_0.recipe_id,
        s1_0.user_id 
    from
        saved s1_0 
    where
        s1_0.user_id=?
2025-05-21T04:41:27.007+07:00 DEBUG 18008 --- [http-nio-8080-exec-4] org.hibernate.SQL                        : 
    select
        u1_0.user_id,
        u1_0.avatar_url,
        u1_0.date_of_birth,
        u1_0.email,
        u1_0.firstname,
        u1_0.lastname,
        u1_0.password,
        u1_0.role,
        u1_0.username 
    from
        users u1_0 
    where
        u1_0.username=?
2025-05-21T04:41:27.007+07:00 DEBUG 18008 --- [http-nio-8080-exec-4] org.hibernate.SQL                        : 
    select
        l1_0.like_id,
        l1_0.created_at,
        l1_0.recipe_id,
        l1_0.user_id 
    from
        likes l1_0 
    where
        l1_0.user_id=?
2025-05-21T04:41:27.105+07:00  WARN 18008 --- [http-nio-8080-exec-5] .m.m.a.ExceptionHandlerExceptionResolver : Resolved [org.springframework.web.servlet.resource.NoResourceFoundException: No static resource favicon.ico.]
2025-05-21T04:41:45.645+07:00  WARN 18008 --- [http-nio-8080-exec-7] .m.m.a.ExceptionHandlerExceptionResolver : Resolved [org.springframework.web.servlet.resource.NoResourceFoundException: No static resource .well-known/appspecific/com.chrome.devtools.json.]
2025-05-21T04:43:58.090+07:00  INFO 18008 --- [File Watcher] rtingClassPathChangeChangedEventListener : Restarting due to 1 class path change (0 additions, 0 deletions, 1 modification)
2025-05-21T04:43:58.092+07:00  INFO 18008 --- [Thread-7] o.s.b.w.e.tomcat.GracefulShutdown        : Commencing graceful shutdown. Waiting for active requests to complete
2025-05-21T04:43:58.097+07:00  INFO 18008 --- [tomcat-shutdown] o.s.b.w.e.tomcat.GracefulShutdown        : Graceful shutdown complete
2025-05-21T04:43:58.101+07:00  INFO 18008 --- [Thread-7] j.LocalContainerEntityManagerFactoryBean : Closing JPA EntityManagerFactory for persistence unit 'default'
2025-05-21T04:43:58.101+07:00  INFO 18008 --- [Thread-7] com.zaxxer.hikari.HikariDataSource       : HikariPool-2 - Shutdown initiated...
2025-05-21T04:43:58.103+07:00  INFO 18008 --- [Thread-7] com.zaxxer.hikari.HikariDataSource       : HikariPool-2 - Shutdown completed.
2025-05-21T04:43:58.172+07:00  INFO 18008 --- [restartedMain] o.e.r.RecipeSharingWebsiteApplication    : Starting RecipeSharingWebsiteApplication using Java 23 with PID 18008 (C:\RecipeSharing\target\classes started by haiye in C:\RecipeSharing)
2025-05-21T04:43:58.172+07:00  INFO 18008 --- [restartedMain] o.e.r.RecipeSharingWebsiteApplication    : No active profile set, falling back to 1 default profile: "default"
2025-05-21T04:43:58.396+07:00  INFO 18008 --- [restartedMain] .s.d.r.c.RepositoryConfigurationDelegate : Bootstrapping Spring Data JPA repositories in DEFAULT mode.
2025-05-21T04:43:58.419+07:00  INFO 18008 --- [restartedMain] .s.d.r.c.RepositoryConfigurationDelegate : Finished Spring Data repository scanning in 21 ms. Found 10 JPA repository interfaces.
2025-05-21T04:43:58.518+07:00  INFO 18008 --- [restartedMain] o.s.b.w.embedded.tomcat.TomcatWebServer  : Tomcat initialized with port 8080 (http)
2025-05-21T04:43:58.518+07:00  INFO 18008 --- [restartedMain] o.apache.catalina.core.StandardService   : Starting service [Tomcat]
2025-05-21T04:43:58.518+07:00  INFO 18008 --- [restartedMain] o.apache.catalina.core.StandardEngine    : Starting Servlet engine: [Apache Tomcat/10.1.40]
2025-05-21T04:43:58.535+07:00  INFO 18008 --- [restartedMain] o.a.c.c.C.[Tomcat].[localhost].[/]       : Initializing Spring embedded WebApplicationContext
2025-05-21T04:43:58.535+07:00  INFO 18008 --- [restartedMain] w.s.c.ServletWebServerApplicationContext : Root WebApplicationContext: initialization completed in 362 ms
2025-05-21T04:43:58.647+07:00  INFO 18008 --- [restartedMain] o.hibernate.jpa.internal.util.LogHelper  : HHH000204: Processing PersistenceUnitInfo [name: default]
2025-05-21T04:43:58.647+07:00  INFO 18008 --- [restartedMain] o.h.c.internal.RegionFactoryInitiator    : HHH000026: Second-level cache disabled
2025-05-21T04:43:58.666+07:00  INFO 18008 --- [restartedMain] o.s.o.j.p.SpringPersistenceUnitInfo      : No LoadTimeWeaver setup: ignoring JPA class transformer
2025-05-21T04:43:58.666+07:00  INFO 18008 --- [restartedMain] com.zaxxer.hikari.HikariDataSource       : HikariPool-3 - Starting...
2025-05-21T04:43:58.666+07:00  INFO 18008 --- [restartedMain] com.zaxxer.hikari.pool.HikariPool        : HikariPool-3 - Added connection com.mysql.cj.jdbc.ConnectionImpl@34ce52e3
2025-05-21T04:43:58.666+07:00  INFO 18008 --- [restartedMain] com.zaxxer.hikari.HikariDataSource       : HikariPool-3 - Start completed.
2025-05-21T04:43:58.666+07:00  WARN 18008 --- [restartedMain] org.hibernate.orm.deprecation            : HHH90000025: MySQL8Dialect does not need to be specified explicitly using 'hibernate.dialect' (remove the property setting and it will be selected by default)
2025-05-21T04:43:58.666+07:00  WARN 18008 --- [restartedMain] org.hibernate.orm.deprecation            : HHH90000026: MySQL8Dialect has been deprecated; use org.hibernate.dialect.MySQLDialect instead
2025-05-21T04:43:58.666+07:00  INFO 18008 --- [restartedMain] org.hibernate.orm.connections.pooling    : HHH10001005: Database info:
	Database JDBC URL [Connecting through datasource 'HikariDataSource (HikariPool-3)']
	Database driver: undefined/unknown
	Database version: 8.0
	Autocommit mode: undefined/unknown
	Isolation level: undefined/unknown
	Minimum pool size: undefined/unknown
	Maximum pool size: undefined/unknown
2025-05-21T04:43:58.781+07:00  INFO 18008 --- [restartedMain] o.h.e.t.j.p.i.JtaPlatformInitiator       : HHH000489: No JTA platform available (set 'hibernate.transaction.jta.platform' to enable JTA platform integration)
2025-05-21T04:43:58.781+07:00  INFO 18008 --- [restartedMain] j.LocalContainerEntityManagerFactoryBean : Initialized JPA EntityManagerFactory for persistence unit 'default'
2025-05-21T04:43:59.047+07:00  WARN 18008 --- [restartedMain] JpaBaseConfiguration$JpaWebConfiguration : spring.jpa.open-in-view is enabled by default. Therefore, database queries may be performed during view rendering. Explicitly configure spring.jpa.open-in-view to disable this warning
2025-05-21T04:43:59.064+07:00  INFO 18008 --- [restartedMain] r$InitializeUserDetailsManagerConfigurer : Global AuthenticationManager configured with UserDetailsService bean with name userDetailsService
2025-05-21T04:43:59.081+07:00  INFO 18008 --- [restartedMain] o.s.b.a.w.s.WelcomePageHandlerMapping    : Adding welcome page template: index
2025-05-21T04:43:59.214+07:00  INFO 18008 --- [restartedMain] o.s.b.a.e.web.EndpointLinksResolver      : Exposing 1 endpoint beneath base path '/actuator'
2025-05-21T04:43:59.381+07:00  INFO 18008 --- [restartedMain] o.s.b.a.h2.H2ConsoleAutoConfiguration    : H2 console available at '/h2-console'. Database available at 'jdbc:mysql://localhost:3307/cnpm'
2025-05-21T04:43:59.414+07:00  INFO 18008 --- [restartedMain] .w.s.a.s.AnnotationActionEndpointMapping : Supporting [WS-Addressing August 2004, WS-Addressing 1.0]
2025-05-21T04:43:59.414+07:00  INFO 18008 --- [restartedMain] o.s.b.d.a.OptionalLiveReloadServer       : LiveReload server is running on port 35729
2025-05-21T04:43:59.431+07:00  INFO 18008 --- [restartedMain] o.s.b.w.embedded.tomcat.TomcatWebServer  : Tomcat started on port 8080 (http) with context path '/'
2025-05-21T04:43:59.447+07:00  INFO 18008 --- [restartedMain] o.e.r.RecipeSharingWebsiteApplication    : Started RecipeSharingWebsiteApplication in 1.296 seconds (process running for 308.859)
2025-05-21T04:43:59.448+07:00  INFO 18008 --- [restartedMain] .ConditionEvaluationDeltaLoggingListener : Condition evaluation unchanged
2025-05-21T04:43:59.598+07:00  INFO 18008 --- [http-nio-8080-exec-1] o.a.c.c.C.[Tomcat].[localhost].[/]       : Initializing Spring DispatcherServlet 'dispatcherServlet'
2025-05-21T04:43:59.598+07:00  INFO 18008 --- [http-nio-8080-exec-1] o.s.web.servlet.DispatcherServlet        : Initializing Servlet 'dispatcherServlet'
2025-05-21T04:43:59.599+07:00  INFO 18008 --- [http-nio-8080-exec-1] o.s.web.servlet.DispatcherServlet        : Completed initialization in 1 ms
2025-05-21T04:43:59.645+07:00  WARN 18008 --- [http-nio-8080-exec-2] .m.m.a.ExceptionHandlerExceptionResolver : Resolved [org.springframework.web.servlet.resource.NoResourceFoundException: No static resource favicon.ico.]
2025-05-21T04:45:02.258+07:00  WARN 18008 --- [http-nio-8080-exec-5] .m.m.a.ExceptionHandlerExceptionResolver : Resolved [org.springframework.web.servlet.resource.NoResourceFoundException: No static resource favicon.ico.]
2025-05-21T04:45:04.445+07:00  WARN 18008 --- [http-nio-8080-exec-7] .m.m.a.ExceptionHandlerExceptionResolver : Resolved [org.springframework.web.servlet.resource.NoResourceFoundException: No static resource favicon.ico.]
2025-05-21T04:49:37.484+07:00  INFO 18008 --- [File Watcher] rtingClassPathChangeChangedEventListener : Restarting due to 1 class path change (0 additions, 0 deletions, 1 modification)
2025-05-21T04:49:37.485+07:00  INFO 18008 --- [Thread-11] o.s.b.w.e.tomcat.GracefulShutdown        : Commencing graceful shutdown. Waiting for active requests to complete
2025-05-21T04:49:37.490+07:00  INFO 18008 --- [tomcat-shutdown] o.s.b.w.e.tomcat.GracefulShutdown        : Graceful shutdown complete
2025-05-21T04:49:37.493+07:00  INFO 18008 --- [Thread-11] j.LocalContainerEntityManagerFactoryBean : Closing JPA EntityManagerFactory for persistence unit 'default'
2025-05-21T04:49:37.494+07:00  INFO 18008 --- [Thread-11] com.zaxxer.hikari.HikariDataSource       : HikariPool-3 - Shutdown initiated...
2025-05-21T04:49:37.495+07:00  INFO 18008 --- [Thread-11] com.zaxxer.hikari.HikariDataSource       : HikariPool-3 - Shutdown completed.
2025-05-21T04:49:37.562+07:00  INFO 18008 --- [restartedMain] o.e.r.RecipeSharingWebsiteApplication    : Starting RecipeSharingWebsiteApplication using Java 23 with PID 18008 (C:\RecipeSharing\target\classes started by haiye in C:\RecipeSharing)
2025-05-21T04:49:37.563+07:00  INFO 18008 --- [restartedMain] o.e.r.RecipeSharingWebsiteApplication    : No active profile set, falling back to 1 default profile: "default"
2025-05-21T04:49:37.815+07:00  INFO 18008 --- [restartedMain] .s.d.r.c.RepositoryConfigurationDelegate : Bootstrapping Spring Data JPA repositories in DEFAULT mode.
2025-05-21T04:49:37.834+07:00  INFO 18008 --- [restartedMain] .s.d.r.c.RepositoryConfigurationDelegate : Finished Spring Data repository scanning in 18 ms. Found 10 JPA repository interfaces.
2025-05-21T04:49:37.933+07:00  INFO 18008 --- [restartedMain] o.s.b.w.embedded.tomcat.TomcatWebServer  : Tomcat initialized with port 8080 (http)
2025-05-21T04:49:37.934+07:00  INFO 18008 --- [restartedMain] o.apache.catalina.core.StandardService   : Starting service [Tomcat]
2025-05-21T04:49:37.934+07:00  INFO 18008 --- [restartedMain] o.apache.catalina.core.StandardEngine    : Starting Servlet engine: [Apache Tomcat/10.1.40]
2025-05-21T04:49:37.948+07:00  INFO 18008 --- [restartedMain] o.a.c.c.C.[Tomcat].[localhost].[/]       : Initializing Spring embedded WebApplicationContext
2025-05-21T04:49:37.948+07:00  INFO 18008 --- [restartedMain] w.s.c.ServletWebServerApplicationContext : Root WebApplicationContext: initialization completed in 384 ms
2025-05-21T04:49:38.037+07:00  INFO 18008 --- [restartedMain] o.hibernate.jpa.internal.util.LogHelper  : HHH000204: Processing PersistenceUnitInfo [name: default]
2025-05-21T04:49:38.039+07:00  INFO 18008 --- [restartedMain] o.h.c.internal.RegionFactoryInitiator    : HHH000026: Second-level cache disabled
2025-05-21T04:49:38.044+07:00  INFO 18008 --- [restartedMain] o.s.o.j.p.SpringPersistenceUnitInfo      : No LoadTimeWeaver setup: ignoring JPA class transformer
2025-05-21T04:49:38.045+07:00  INFO 18008 --- [restartedMain] com.zaxxer.hikari.HikariDataSource       : HikariPool-4 - Starting...
2025-05-21T04:49:38.048+07:00  INFO 18008 --- [restartedMain] com.zaxxer.hikari.pool.HikariPool        : HikariPool-4 - Added connection com.mysql.cj.jdbc.ConnectionImpl@18b9c32
2025-05-21T04:49:38.049+07:00  INFO 18008 --- [restartedMain] com.zaxxer.hikari.HikariDataSource       : HikariPool-4 - Start completed.
2025-05-21T04:49:38.049+07:00  WARN 18008 --- [restartedMain] org.hibernate.orm.deprecation            : HHH90000025: MySQL8Dialect does not need to be specified explicitly using 'hibernate.dialect' (remove the property setting and it will be selected by default)
2025-05-21T04:49:38.049+07:00  WARN 18008 --- [restartedMain] org.hibernate.orm.deprecation            : HHH90000026: MySQL8Dialect has been deprecated; use org.hibernate.dialect.MySQLDialect instead
2025-05-21T04:49:38.050+07:00  INFO 18008 --- [restartedMain] org.hibernate.orm.connections.pooling    : HHH10001005: Database info:
	Database JDBC URL [Connecting through datasource 'HikariDataSource (HikariPool-4)']
	Database driver: undefined/unknown
	Database version: 8.0
	Autocommit mode: undefined/unknown
	Isolation level: undefined/unknown
	Minimum pool size: undefined/unknown
	Maximum pool size: undefined/unknown
2025-05-21T04:49:38.110+07:00  INFO 18008 --- [restartedMain] o.h.e.t.j.p.i.JtaPlatformInitiator       : HHH000489: No JTA platform available (set 'hibernate.transaction.jta.platform' to enable JTA platform integration)
2025-05-21T04:49:38.110+07:00  INFO 18008 --- [restartedMain] j.LocalContainerEntityManagerFactoryBean : Initialized JPA EntityManagerFactory for persistence unit 'default'
2025-05-21T04:49:38.307+07:00  WARN 18008 --- [restartedMain] JpaBaseConfiguration$JpaWebConfiguration : spring.jpa.open-in-view is enabled by default. Therefore, database queries may be performed during view rendering. Explicitly configure spring.jpa.open-in-view to disable this warning
2025-05-21T04:49:38.325+07:00  INFO 18008 --- [restartedMain] r$InitializeUserDetailsManagerConfigurer : Global AuthenticationManager configured with UserDetailsService bean with name userDetailsService
2025-05-21T04:49:38.339+07:00  INFO 18008 --- [restartedMain] o.s.b.a.w.s.WelcomePageHandlerMapping    : Adding welcome page template: index
2025-05-21T04:49:38.461+07:00  INFO 18008 --- [restartedMain] o.s.b.a.e.web.EndpointLinksResolver      : Exposing 1 endpoint beneath base path '/actuator'
2025-05-21T04:49:38.639+07:00  INFO 18008 --- [restartedMain] o.s.b.a.h2.H2ConsoleAutoConfiguration    : H2 console available at '/h2-console'. Database available at 'jdbc:mysql://localhost:3307/cnpm'
2025-05-21T04:49:38.674+07:00  INFO 18008 --- [restartedMain] .w.s.a.s.AnnotationActionEndpointMapping : Supporting [WS-Addressing August 2004, WS-Addressing 1.0]
2025-05-21T04:49:38.688+07:00  INFO 18008 --- [restartedMain] o.s.b.d.a.OptionalLiveReloadServer       : LiveReload server is running on port 35729
2025-05-21T04:49:38.703+07:00  INFO 18008 --- [restartedMain] o.s.b.w.embedded.tomcat.TomcatWebServer  : Tomcat started on port 8080 (http) with context path '/'
2025-05-21T04:49:38.706+07:00  INFO 18008 --- [restartedMain] o.e.r.RecipeSharingWebsiteApplication    : Started RecipeSharingWebsiteApplication in 1.166 seconds (process running for 648.119)
2025-05-21T04:49:38.710+07:00  INFO 18008 --- [restartedMain] .ConditionEvaluationDeltaLoggingListener : Condition evaluation unchanged
2025-05-21T04:49:38.864+07:00  INFO 18008 --- [http-nio-8080-exec-1] o.a.c.c.C.[Tomcat].[localhost].[/]       : Initializing Spring DispatcherServlet 'dispatcherServlet'
2025-05-21T04:49:38.864+07:00  INFO 18008 --- [http-nio-8080-exec-1] o.s.web.servlet.DispatcherServlet        : Initializing Servlet 'dispatcherServlet'
2025-05-21T04:49:38.866+07:00  INFO 18008 --- [http-nio-8080-exec-1] o.s.web.servlet.DispatcherServlet        : Completed initialization in 1 ms
2025-05-21T04:49:38.911+07:00  WARN 18008 --- [http-nio-8080-exec-8] .m.m.a.ExceptionHandlerExceptionResolver : Resolved [org.springframework.web.servlet.resource.NoResourceFoundException: No static resource favicon.ico.]
2025-05-21T04:51:31.243+07:00  INFO 18008 --- [File Watcher] rtingClassPathChangeChangedEventListener : Restarting due to 1 class path change (0 additions, 0 deletions, 1 modification)
2025-05-21T04:51:31.246+07:00  INFO 18008 --- [Thread-15] o.s.b.w.e.tomcat.GracefulShutdown        : Commencing graceful shutdown. Waiting for active requests to complete
2025-05-21T04:51:31.255+07:00  INFO 18008 --- [tomcat-shutdown] o.s.b.w.e.tomcat.GracefulShutdown        : Graceful shutdown complete
2025-05-21T04:51:31.259+07:00  INFO 18008 --- [Thread-15] j.LocalContainerEntityManagerFactoryBean : Closing JPA EntityManagerFactory for persistence unit 'default'
2025-05-21T04:51:31.260+07:00  INFO 18008 --- [Thread-15] com.zaxxer.hikari.HikariDataSource       : HikariPool-4 - Shutdown initiated...
2025-05-21T04:51:31.262+07:00  INFO 18008 --- [Thread-15] com.zaxxer.hikari.HikariDataSource       : HikariPool-4 - Shutdown completed.
2025-05-21T04:51:31.333+07:00  INFO 18008 --- [restartedMain] o.e.r.RecipeSharingWebsiteApplication    : Starting RecipeSharingWebsiteApplication using Java 23 with PID 18008 (C:\RecipeSharing\target\classes started by haiye in C:\RecipeSharing)
2025-05-21T04:51:31.333+07:00  INFO 18008 --- [restartedMain] o.e.r.RecipeSharingWebsiteApplication    : No active profile set, falling back to 1 default profile: "default"
2025-05-21T04:51:31.506+07:00  INFO 18008 --- [restartedMain] .s.d.r.c.RepositoryConfigurationDelegate : Bootstrapping Spring Data JPA repositories in DEFAULT mode.
2025-05-21T04:51:31.524+07:00  INFO 18008 --- [restartedMain] .s.d.r.c.RepositoryConfigurationDelegate : Finished Spring Data repository scanning in 17 ms. Found 10 JPA repository interfaces.
2025-05-21T04:51:31.625+07:00  INFO 18008 --- [restartedMain] o.s.b.w.embedded.tomcat.TomcatWebServer  : Tomcat initialized with port 8080 (http)
2025-05-21T04:51:31.626+07:00  INFO 18008 --- [restartedMain] o.apache.catalina.core.StandardService   : Starting service [Tomcat]
2025-05-21T04:51:31.626+07:00  INFO 18008 --- [restartedMain] o.apache.catalina.core.StandardEngine    : Starting Servlet engine: [Apache Tomcat/10.1.40]
2025-05-21T04:51:31.641+07:00  INFO 18008 --- [restartedMain] o.a.c.c.C.[Tomcat].[localhost].[/]       : Initializing Spring embedded WebApplicationContext
2025-05-21T04:51:31.641+07:00  INFO 18008 --- [restartedMain] w.s.c.ServletWebServerApplicationContext : Root WebApplicationContext: initialization completed in 307 ms
2025-05-21T04:51:31.723+07:00  INFO 18008 --- [restartedMain] o.hibernate.jpa.internal.util.LogHelper  : HHH000204: Processing PersistenceUnitInfo [name: default]
2025-05-21T04:51:31.725+07:00  INFO 18008 --- [restartedMain] o.h.c.internal.RegionFactoryInitiator    : HHH000026: Second-level cache disabled
2025-05-21T04:51:31.730+07:00  INFO 18008 --- [restartedMain] o.s.o.j.p.SpringPersistenceUnitInfo      : No LoadTimeWeaver setup: ignoring JPA class transformer
2025-05-21T04:51:31.730+07:00  INFO 18008 --- [restartedMain] com.zaxxer.hikari.HikariDataSource       : HikariPool-5 - Starting...
2025-05-21T04:51:31.734+07:00  INFO 18008 --- [restartedMain] com.zaxxer.hikari.pool.HikariPool        : HikariPool-5 - Added connection com.mysql.cj.jdbc.ConnectionImpl@560192cf
2025-05-21T04:51:31.734+07:00  INFO 18008 --- [restartedMain] com.zaxxer.hikari.HikariDataSource       : HikariPool-5 - Start completed.
2025-05-21T04:51:31.735+07:00  WARN 18008 --- [restartedMain] org.hibernate.orm.deprecation            : HHH90000025: MySQL8Dialect does not need to be specified explicitly using 'hibernate.dialect' (remove the property setting and it will be selected by default)
2025-05-21T04:51:31.735+07:00  WARN 18008 --- [restartedMain] org.hibernate.orm.deprecation            : HHH90000026: MySQL8Dialect has been deprecated; use org.hibernate.dialect.MySQLDialect instead
2025-05-21T04:51:31.735+07:00  INFO 18008 --- [restartedMain] org.hibernate.orm.connections.pooling    : HHH10001005: Database info:
	Database JDBC URL [Connecting through datasource 'HikariDataSource (HikariPool-5)']
	Database driver: undefined/unknown
	Database version: 8.0
	Autocommit mode: undefined/unknown
	Isolation level: undefined/unknown
	Minimum pool size: undefined/unknown
	Maximum pool size: undefined/unknown
2025-05-21T04:51:31.800+07:00  INFO 18008 --- [restartedMain] o.h.e.t.j.p.i.JtaPlatformInitiator       : HHH000489: No JTA platform available (set 'hibernate.transaction.jta.platform' to enable JTA platform integration)
2025-05-21T04:51:31.800+07:00  INFO 18008 --- [restartedMain] j.LocalContainerEntityManagerFactoryBean : Initialized JPA EntityManagerFactory for persistence unit 'default'
2025-05-21T04:51:31.975+07:00  WARN 18008 --- [restartedMain] JpaBaseConfiguration$JpaWebConfiguration : spring.jpa.open-in-view is enabled by default. Therefore, database queries may be performed during view rendering. Explicitly configure spring.jpa.open-in-view to disable this warning
2025-05-21T04:51:32.003+07:00  INFO 18008 --- [restartedMain] r$InitializeUserDetailsManagerConfigurer : Global AuthenticationManager configured with UserDetailsService bean with name userDetailsService
2025-05-21T04:51:32.016+07:00  INFO 18008 --- [restartedMain] o.s.b.a.w.s.WelcomePageHandlerMapping    : Adding welcome page template: index
2025-05-21T04:51:32.124+07:00  INFO 18008 --- [restartedMain] o.s.b.a.e.web.EndpointLinksResolver      : Exposing 1 endpoint beneath base path '/actuator'
2025-05-21T04:51:32.283+07:00  INFO 18008 --- [restartedMain] o.s.b.a.h2.H2ConsoleAutoConfiguration    : H2 console available at '/h2-console'. Database available at 'jdbc:mysql://localhost:3307/cnpm'
2025-05-21T04:51:32.314+07:00  INFO 18008 --- [restartedMain] .w.s.a.s.AnnotationActionEndpointMapping : Supporting [WS-Addressing August 2004, WS-Addressing 1.0]
2025-05-21T04:51:32.330+07:00  INFO 18008 --- [restartedMain] o.s.b.d.a.OptionalLiveReloadServer       : LiveReload server is running on port 35729
2025-05-21T04:51:32.346+07:00  INFO 18008 --- [restartedMain] o.s.b.w.embedded.tomcat.TomcatWebServer  : Tomcat started on port 8080 (http) with context path '/'
2025-05-21T04:51:32.346+07:00  INFO 18008 --- [restartedMain] o.e.r.RecipeSharingWebsiteApplication    : Started RecipeSharingWebsiteApplication in 1.027 seconds (process running for 761.765)
2025-05-21T04:51:32.346+07:00  INFO 18008 --- [restartedMain] .ConditionEvaluationDeltaLoggingListener : Condition evaluation unchanged
2025-05-21T04:51:32.479+07:00  INFO 18008 --- [http-nio-8080-exec-1] o.a.c.c.C.[Tomcat].[localhost].[/]       : Initializing Spring DispatcherServlet 'dispatcherServlet'
2025-05-21T04:51:32.479+07:00  INFO 18008 --- [http-nio-8080-exec-1] o.s.web.servlet.DispatcherServlet        : Initializing Servlet 'dispatcherServlet'
2025-05-21T04:51:32.480+07:00  INFO 18008 --- [http-nio-8080-exec-1] o.s.web.servlet.DispatcherServlet        : Completed initialization in 1 ms
2025-05-21T04:51:32.532+07:00  WARN 18008 --- [http-nio-8080-exec-2] .m.m.a.ExceptionHandlerExceptionResolver : Resolved [org.springframework.web.servlet.resource.NoResourceFoundException: No static resource favicon.ico.]
2025-05-21T04:52:53.372+07:00  INFO 18008 --- [File Watcher] rtingClassPathChangeChangedEventListener : Restarting due to 1 class path change (0 additions, 0 deletions, 1 modification)
2025-05-21T04:52:53.372+07:00  INFO 18008 --- [Thread-19] o.s.b.w.e.tomcat.GracefulShutdown        : Commencing graceful shutdown. Waiting for active requests to complete
2025-05-21T04:52:53.380+07:00  INFO 18008 --- [tomcat-shutdown] o.s.b.w.e.tomcat.GracefulShutdown        : Graceful shutdown complete
2025-05-21T04:52:53.380+07:00  INFO 18008 --- [Thread-19] j.LocalContainerEntityManagerFactoryBean : Closing JPA EntityManagerFactory for persistence unit 'default'
2025-05-21T04:52:53.380+07:00  INFO 18008 --- [Thread-19] com.zaxxer.hikari.HikariDataSource       : HikariPool-5 - Shutdown initiated...
2025-05-21T04:52:53.380+07:00  INFO 18008 --- [Thread-19] com.zaxxer.hikari.HikariDataSource       : HikariPool-5 - Shutdown completed.
2025-05-21T04:52:53.457+07:00  INFO 18008 --- [restartedMain] o.e.r.RecipeSharingWebsiteApplication    : Starting RecipeSharingWebsiteApplication using Java 23 with PID 18008 (C:\RecipeSharing\target\classes started by haiye in C:\RecipeSharing)
2025-05-21T04:52:53.457+07:00  INFO 18008 --- [restartedMain] o.e.r.RecipeSharingWebsiteApplication    : No active profile set, falling back to 1 default profile: "default"
2025-05-21T04:52:53.712+07:00  INFO 18008 --- [restartedMain] .s.d.r.c.RepositoryConfigurationDelegate : Bootstrapping Spring Data JPA repositories in DEFAULT mode.
2025-05-21T04:52:53.744+07:00  INFO 18008 --- [restartedMain] .s.d.r.c.RepositoryConfigurationDelegate : Finished Spring Data repository scanning in 31 ms. Found 10 JPA repository interfaces.
2025-05-21T04:52:53.878+07:00  INFO 18008 --- [restartedMain] o.s.b.w.embedded.tomcat.TomcatWebServer  : Tomcat initialized with port 8080 (http)
2025-05-21T04:52:53.878+07:00  INFO 18008 --- [restartedMain] o.apache.catalina.core.StandardService   : Starting service [Tomcat]
2025-05-21T04:52:53.880+07:00  INFO 18008 --- [restartedMain] o.apache.catalina.core.StandardEngine    : Starting Servlet engine: [Apache Tomcat/10.1.40]
2025-05-21T04:52:53.898+07:00  INFO 18008 --- [restartedMain] o.a.c.c.C.[Tomcat].[localhost].[/]       : Initializing Spring embedded WebApplicationContext
2025-05-21T04:52:53.898+07:00  INFO 18008 --- [restartedMain] w.s.c.ServletWebServerApplicationContext : Root WebApplicationContext: initialization completed in 440 ms
2025-05-21T04:52:54.011+07:00  INFO 18008 --- [restartedMain] o.hibernate.jpa.internal.util.LogHelper  : HHH000204: Processing PersistenceUnitInfo [name: default]
2025-05-21T04:52:54.012+07:00  INFO 18008 --- [restartedMain] o.h.c.internal.RegionFactoryInitiator    : HHH000026: Second-level cache disabled
2025-05-21T04:52:54.023+07:00  INFO 18008 --- [restartedMain] o.s.o.j.p.SpringPersistenceUnitInfo      : No LoadTimeWeaver setup: ignoring JPA class transformer
2025-05-21T04:52:54.024+07:00  INFO 18008 --- [restartedMain] com.zaxxer.hikari.HikariDataSource       : HikariPool-6 - Starting...
2025-05-21T04:52:54.028+07:00  INFO 18008 --- [restartedMain] com.zaxxer.hikari.pool.HikariPool        : HikariPool-6 - Added connection com.mysql.cj.jdbc.ConnectionImpl@10ec9a08
2025-05-21T04:52:54.029+07:00  INFO 18008 --- [restartedMain] com.zaxxer.hikari.HikariDataSource       : HikariPool-6 - Start completed.
2025-05-21T04:52:54.029+07:00  WARN 18008 --- [restartedMain] org.hibernate.orm.deprecation            : HHH90000025: MySQL8Dialect does not need to be specified explicitly using 'hibernate.dialect' (remove the property setting and it will be selected by default)
2025-05-21T04:52:54.029+07:00  WARN 18008 --- [restartedMain] org.hibernate.orm.deprecation            : HHH90000026: MySQL8Dialect has been deprecated; use org.hibernate.dialect.MySQLDialect instead
2025-05-21T04:52:54.030+07:00  INFO 18008 --- [restartedMain] org.hibernate.orm.connections.pooling    : HHH10001005: Database info:
	Database JDBC URL [Connecting through datasource 'HikariDataSource (HikariPool-6)']
	Database driver: undefined/unknown
	Database version: 8.0
	Autocommit mode: undefined/unknown
	Isolation level: undefined/unknown
	Minimum pool size: undefined/unknown
	Maximum pool size: undefined/unknown
2025-05-21T04:52:54.121+07:00  INFO 18008 --- [restartedMain] o.h.e.t.j.p.i.JtaPlatformInitiator       : HHH000489: No JTA platform available (set 'hibernate.transaction.jta.platform' to enable JTA platform integration)
2025-05-21T04:52:54.121+07:00  INFO 18008 --- [restartedMain] j.LocalContainerEntityManagerFactoryBean : Initialized JPA EntityManagerFactory for persistence unit 'default'
2025-05-21T04:52:54.376+07:00  WARN 18008 --- [restartedMain] JpaBaseConfiguration$JpaWebConfiguration : spring.jpa.open-in-view is enabled by default. Therefore, database queries may be performed during view rendering. Explicitly configure spring.jpa.open-in-view to disable this warning
2025-05-21T04:52:54.392+07:00  INFO 18008 --- [restartedMain] r$InitializeUserDetailsManagerConfigurer : Global AuthenticationManager configured with UserDetailsService bean with name userDetailsService
2025-05-21T04:52:54.409+07:00  INFO 18008 --- [restartedMain] o.s.b.a.w.s.WelcomePageHandlerMapping    : Adding welcome page template: index
2025-05-21T04:52:54.553+07:00  INFO 18008 --- [restartedMain] o.s.b.a.e.web.EndpointLinksResolver      : Exposing 1 endpoint beneath base path '/actuator'
2025-05-21T04:52:54.722+07:00  INFO 18008 --- [restartedMain] o.s.b.a.h2.H2ConsoleAutoConfiguration    : H2 console available at '/h2-console'. Database available at 'jdbc:mysql://localhost:3307/cnpm'
2025-05-21T04:52:54.753+07:00  INFO 18008 --- [restartedMain] .w.s.a.s.AnnotationActionEndpointMapping : Supporting [WS-Addressing August 2004, WS-Addressing 1.0]
2025-05-21T04:52:54.765+07:00  INFO 18008 --- [restartedMain] o.s.b.d.a.OptionalLiveReloadServer       : LiveReload server is running on port 35729
2025-05-21T04:52:54.779+07:00  INFO 18008 --- [restartedMain] o.s.b.w.embedded.tomcat.TomcatWebServer  : Tomcat started on port 8080 (http) with context path '/'
2025-05-21T04:52:54.783+07:00  INFO 18008 --- [restartedMain] o.e.r.RecipeSharingWebsiteApplication    : Started RecipeSharingWebsiteApplication in 1.351 seconds (process running for 844.195)
2025-05-21T04:52:54.787+07:00  INFO 18008 --- [restartedMain] .ConditionEvaluationDeltaLoggingListener : Condition evaluation unchanged
2025-05-21T04:52:54.921+07:00  INFO 18008 --- [http-nio-8080-exec-2] o.a.c.c.C.[Tomcat].[localhost].[/]       : Initializing Spring DispatcherServlet 'dispatcherServlet'
2025-05-21T04:52:54.921+07:00  INFO 18008 --- [http-nio-8080-exec-2] o.s.web.servlet.DispatcherServlet        : Initializing Servlet 'dispatcherServlet'
2025-05-21T04:52:54.923+07:00  INFO 18008 --- [http-nio-8080-exec-2] o.s.web.servlet.DispatcherServlet        : Completed initialization in 2 ms
2025-05-21T04:52:55.087+07:00  WARN 18008 --- [http-nio-8080-exec-3] .m.m.a.ExceptionHandlerExceptionResolver : Resolved [org.springframework.web.servlet.resource.NoResourceFoundException: No static resource favicon.ico.]
2025-05-21T04:58:21.113+07:00  INFO 18008 --- [File Watcher] rtingClassPathChangeChangedEventListener : Restarting due to 1 class path change (0 additions, 1 deletion, 0 modifications)
2025-05-21T04:58:21.115+07:00  INFO 18008 --- [Thread-23] o.s.b.w.e.tomcat.GracefulShutdown        : Commencing graceful shutdown. Waiting for active requests to complete
2025-05-21T04:58:21.123+07:00  INFO 18008 --- [tomcat-shutdown] o.s.b.w.e.tomcat.GracefulShutdown        : Graceful shutdown complete
2025-05-21T04:58:21.127+07:00  INFO 18008 --- [Thread-23] j.LocalContainerEntityManagerFactoryBean : Closing JPA EntityManagerFactory for persistence unit 'default'
2025-05-21T04:58:21.127+07:00  INFO 18008 --- [Thread-23] com.zaxxer.hikari.HikariDataSource       : HikariPool-6 - Shutdown initiated...
2025-05-21T04:58:21.130+07:00  INFO 18008 --- [Thread-23] com.zaxxer.hikari.HikariDataSource       : HikariPool-6 - Shutdown completed.
2025-05-21T04:58:21.198+07:00  INFO 18008 --- [restartedMain] o.e.r.RecipeSharingWebsiteApplication    : Starting RecipeSharingWebsiteApplication using Java 23 with PID 18008 (C:\RecipeSharing\target\classes started by haiye in C:\RecipeSharing)
2025-05-21T04:58:21.198+07:00  INFO 18008 --- [restartedMain] o.e.r.RecipeSharingWebsiteApplication    : No active profile set, falling back to 1 default profile: "default"
2025-05-21T04:58:21.483+07:00  INFO 18008 --- [restartedMain] .s.d.r.c.RepositoryConfigurationDelegate : Bootstrapping Spring Data JPA repositories in DEFAULT mode.
2025-05-21T04:58:21.514+07:00  INFO 18008 --- [restartedMain] .s.d.r.c.RepositoryConfigurationDelegate : Finished Spring Data repository scanning in 30 ms. Found 10 JPA repository interfaces.
2025-05-21T04:58:21.663+07:00  INFO 18008 --- [restartedMain] o.s.b.w.embedded.tomcat.TomcatWebServer  : Tomcat initialized with port 8080 (http)
2025-05-21T04:58:21.664+07:00  INFO 18008 --- [restartedMain] o.apache.catalina.core.StandardService   : Starting service [Tomcat]
2025-05-21T04:58:21.664+07:00  INFO 18008 --- [restartedMain] o.apache.catalina.core.StandardEngine    : Starting Servlet engine: [Apache Tomcat/10.1.40]
2025-05-21T04:58:21.689+07:00  INFO 18008 --- [restartedMain] o.a.c.c.C.[Tomcat].[localhost].[/]       : Initializing Spring embedded WebApplicationContext
2025-05-21T04:58:21.689+07:00  INFO 18008 --- [restartedMain] w.s.c.ServletWebServerApplicationContext : Root WebApplicationContext: initialization completed in 490 ms
2025-05-21T04:58:21.838+07:00  INFO 18008 --- [restartedMain] o.hibernate.jpa.internal.util.LogHelper  : HHH000204: Processing PersistenceUnitInfo [name: default]
2025-05-21T04:58:21.841+07:00  INFO 18008 --- [restartedMain] o.h.c.internal.RegionFactoryInitiator    : HHH000026: Second-level cache disabled
2025-05-21T04:58:21.863+07:00  INFO 18008 --- [restartedMain] o.s.o.j.p.SpringPersistenceUnitInfo      : No LoadTimeWeaver setup: ignoring JPA class transformer
2025-05-21T04:58:21.865+07:00  INFO 18008 --- [restartedMain] com.zaxxer.hikari.HikariDataSource       : HikariPool-7 - Starting...
2025-05-21T04:58:21.869+07:00  INFO 18008 --- [restartedMain] com.zaxxer.hikari.pool.HikariPool        : HikariPool-7 - Added connection com.mysql.cj.jdbc.ConnectionImpl@1f46a4b5
2025-05-21T04:58:21.869+07:00  INFO 18008 --- [restartedMain] com.zaxxer.hikari.HikariDataSource       : HikariPool-7 - Start completed.
2025-05-21T04:58:21.870+07:00  WARN 18008 --- [restartedMain] org.hibernate.orm.deprecation            : HHH90000025: MySQL8Dialect does not need to be specified explicitly using 'hibernate.dialect' (remove the property setting and it will be selected by default)
2025-05-21T04:58:21.870+07:00  WARN 18008 --- [restartedMain] org.hibernate.orm.deprecation            : HHH90000026: MySQL8Dialect has been deprecated; use org.hibernate.dialect.MySQLDialect instead
2025-05-21T04:58:21.870+07:00  INFO 18008 --- [restartedMain] org.hibernate.orm.connections.pooling    : HHH10001005: Database info:
	Database JDBC URL [Connecting through datasource 'HikariDataSource (HikariPool-7)']
	Database driver: undefined/unknown
	Database version: 8.0
	Autocommit mode: undefined/unknown
	Isolation level: undefined/unknown
	Minimum pool size: undefined/unknown
	Maximum pool size: undefined/unknown
2025-05-21T04:58:22.000+07:00  INFO 18008 --- [restartedMain] o.h.e.t.j.p.i.JtaPlatformInitiator       : HHH000489: No JTA platform available (set 'hibernate.transaction.jta.platform' to enable JTA platform integration)
2025-05-21T04:58:22.000+07:00  INFO 18008 --- [restartedMain] j.LocalContainerEntityManagerFactoryBean : Initialized JPA EntityManagerFactory for persistence unit 'default'
2025-05-21T04:58:22.307+07:00  WARN 18008 --- [restartedMain] ConfigServletWebServerApplicationContext : Exception encountered during context initialization - cancelling refresh attempt: org.springframework.beans.factory.UnsatisfiedDependencyException: Error creating bean with name 'loginController' defined in file [C:\RecipeSharing\target\classes\org\example\recipes\controller\LoginController.class]: Unsatisfied dependency expressed through constructor parameter 0: Error creating bean with name 'authService' defined in file [C:\RecipeSharing\target\classes\org\example\recipes\login\AuthService.class]: Unsatisfied dependency expressed through constructor parameter 1: No qualifying bean of type 'org.springframework.security.crypto.password.PasswordEncoder' available: expected at least 1 bean which qualifies as autowire candidate. Dependency annotations: {}
2025-05-21T04:58:22.308+07:00  INFO 18008 --- [restartedMain] j.LocalContainerEntityManagerFactoryBean : Closing JPA EntityManagerFactory for persistence unit 'default'
2025-05-21T04:58:22.309+07:00  INFO 18008 --- [restartedMain] com.zaxxer.hikari.HikariDataSource       : HikariPool-7 - Shutdown initiated...
2025-05-21T04:58:22.330+07:00  INFO 18008 --- [restartedMain] com.zaxxer.hikari.HikariDataSource       : HikariPool-7 - Shutdown completed.
2025-05-21T04:58:22.331+07:00  INFO 18008 --- [restartedMain] o.apache.catalina.core.StandardService   : Stopping service [Tomcat]
2025-05-21T04:58:22.345+07:00  INFO 18008 --- [restartedMain] .s.b.a.l.ConditionEvaluationReportLogger : 

Error starting ApplicationContext. To display the condition evaluation report re-run your application with 'debug' enabled.
2025-05-21T04:58:22.381+07:00 ERROR 18008 --- [restartedMain] o.s.b.d.LoggingFailureAnalysisReporter   : 

***************************
APPLICATION FAILED TO START
***************************

Description:

Parameter 1 of constructor in org.example.recipes.login.AuthService required a bean of type 'org.springframework.security.crypto.password.PasswordEncoder' that could not be found.


Action:

Consider defining a bean of type 'org.springframework.security.crypto.password.PasswordEncoder' in your configuration.

2025-05-21T04:59:37.169+07:00  INFO 18008 --- [restartedMain] o.e.r.RecipeSharingWebsiteApplication    : Starting RecipeSharingWebsiteApplication using Java 23 with PID 18008 (C:\RecipeSharing\target\classes started by haiye in C:\RecipeSharing)
2025-05-21T04:59:37.169+07:00  INFO 18008 --- [restartedMain] o.e.r.RecipeSharingWebsiteApplication    : No active profile set, falling back to 1 default profile: "default"
2025-05-21T04:59:37.348+07:00  INFO 18008 --- [restartedMain] .s.d.r.c.RepositoryConfigurationDelegate : Bootstrapping Spring Data JPA repositories in DEFAULT mode.
2025-05-21T04:59:37.366+07:00  INFO 18008 --- [restartedMain] .s.d.r.c.RepositoryConfigurationDelegate : Finished Spring Data repository scanning in 16 ms. Found 10 JPA repository interfaces.
2025-05-21T04:59:37.444+07:00  INFO 18008 --- [restartedMain] o.s.b.w.embedded.tomcat.TomcatWebServer  : Tomcat initialized with port 8080 (http)
2025-05-21T04:59:37.445+07:00  INFO 18008 --- [restartedMain] o.apache.catalina.core.StandardService   : Starting service [Tomcat]
2025-05-21T04:59:37.445+07:00  INFO 18008 --- [restartedMain] o.apache.catalina.core.StandardEngine    : Starting Servlet engine: [Apache Tomcat/10.1.40]
2025-05-21T04:59:37.458+07:00  INFO 18008 --- [restartedMain] o.a.c.c.C.[Tomcat-1].[localhost].[/]     : Initializing Spring embedded WebApplicationContext
2025-05-21T04:59:37.458+07:00  INFO 18008 --- [restartedMain] w.s.c.ServletWebServerApplicationContext : Root WebApplicationContext: initialization completed in 288 ms
2025-05-21T04:59:37.527+07:00  INFO 18008 --- [restartedMain] o.hibernate.jpa.internal.util.LogHelper  : HHH000204: Processing PersistenceUnitInfo [name: default]
2025-05-21T04:59:37.528+07:00  INFO 18008 --- [restartedMain] o.h.c.internal.RegionFactoryInitiator    : HHH000026: Second-level cache disabled
2025-05-21T04:59:37.532+07:00  INFO 18008 --- [restartedMain] o.s.o.j.p.SpringPersistenceUnitInfo      : No LoadTimeWeaver setup: ignoring JPA class transformer
2025-05-21T04:59:37.533+07:00  INFO 18008 --- [restartedMain] com.zaxxer.hikari.HikariDataSource       : HikariPool-8 - Starting...
2025-05-21T04:59:37.536+07:00  INFO 18008 --- [restartedMain] com.zaxxer.hikari.pool.HikariPool        : HikariPool-8 - Added connection com.mysql.cj.jdbc.ConnectionImpl@46213202
2025-05-21T04:59:37.536+07:00  INFO 18008 --- [restartedMain] com.zaxxer.hikari.HikariDataSource       : HikariPool-8 - Start completed.
2025-05-21T04:59:37.536+07:00  WARN 18008 --- [restartedMain] org.hibernate.orm.deprecation            : HHH90000025: MySQL8Dialect does not need to be specified explicitly using 'hibernate.dialect' (remove the property setting and it will be selected by default)
2025-05-21T04:59:37.536+07:00  WARN 18008 --- [restartedMain] org.hibernate.orm.deprecation            : HHH90000026: MySQL8Dialect has been deprecated; use org.hibernate.dialect.MySQLDialect instead
2025-05-21T04:59:37.536+07:00  INFO 18008 --- [restartedMain] org.hibernate.orm.connections.pooling    : HHH10001005: Database info:
	Database JDBC URL [Connecting through datasource 'HikariDataSource (HikariPool-8)']
	Database driver: undefined/unknown
	Database version: 8.0
	Autocommit mode: undefined/unknown
	Isolation level: undefined/unknown
	Minimum pool size: undefined/unknown
	Maximum pool size: undefined/unknown
2025-05-21T04:59:37.593+07:00  INFO 18008 --- [restartedMain] o.h.e.t.j.p.i.JtaPlatformInitiator       : HHH000489: No JTA platform available (set 'hibernate.transaction.jta.platform' to enable JTA platform integration)
2025-05-21T04:59:37.593+07:00  INFO 18008 --- [restartedMain] j.LocalContainerEntityManagerFactoryBean : Initialized JPA EntityManagerFactory for persistence unit 'default'
2025-05-21T04:59:37.766+07:00  WARN 18008 --- [restartedMain] JpaBaseConfiguration$JpaWebConfiguration : spring.jpa.open-in-view is enabled by default. Therefore, database queries may be performed during view rendering. Explicitly configure spring.jpa.open-in-view to disable this warning
2025-05-21T04:59:37.784+07:00  INFO 18008 --- [restartedMain] r$InitializeUserDetailsManagerConfigurer : Global AuthenticationManager configured with UserDetailsService bean with name userDetailsService
2025-05-21T04:59:37.797+07:00  INFO 18008 --- [restartedMain] o.s.b.a.w.s.WelcomePageHandlerMapping    : Adding welcome page template: index
2025-05-21T04:59:37.934+07:00  INFO 18008 --- [restartedMain] o.s.b.a.e.web.EndpointLinksResolver      : Exposing 1 endpoint beneath base path '/actuator'
2025-05-21T04:59:38.068+07:00  INFO 18008 --- [restartedMain] o.s.b.a.h2.H2ConsoleAutoConfiguration    : H2 console available at '/h2-console'. Database available at 'jdbc:mysql://localhost:3307/cnpm'
2025-05-21T04:59:38.114+07:00  INFO 18008 --- [restartedMain] .w.s.a.s.AnnotationActionEndpointMapping : Supporting [WS-Addressing August 2004, WS-Addressing 1.0]
2025-05-21T04:59:38.127+07:00  INFO 18008 --- [restartedMain] o.s.b.d.a.OptionalLiveReloadServer       : LiveReload server is running on port 35729
2025-05-21T04:59:38.142+07:00  INFO 18008 --- [restartedMain] o.s.b.w.embedded.tomcat.TomcatWebServer  : Tomcat started on port 8080 (http) with context path '/'
2025-05-21T04:59:38.150+07:00  INFO 18008 --- [restartedMain] o.e.r.RecipeSharingWebsiteApplication    : Started RecipeSharingWebsiteApplication in 0.995 seconds (process running for 1247.563)
2025-05-21T04:59:38.154+07:00  INFO 18008 --- [restartedMain] .ConditionEvaluationDeltaLoggingListener : Condition evaluation unchanged
2025-05-21T04:59:38.301+07:00  INFO 18008 --- [http-nio-8080-exec-1] o.a.c.c.C.[Tomcat-1].[localhost].[/]     : Initializing Spring DispatcherServlet 'dispatcherServlet'
2025-05-21T04:59:38.302+07:00  INFO 18008 --- [http-nio-8080-exec-1] o.s.web.servlet.DispatcherServlet        : Initializing Servlet 'dispatcherServlet'
2025-05-21T04:59:38.303+07:00  INFO 18008 --- [http-nio-8080-exec-1] o.s.web.servlet.DispatcherServlet        : Completed initialization in 1 ms
2025-05-21T04:59:38.335+07:00  WARN 18008 --- [http-nio-8080-exec-10] .m.m.a.ExceptionHandlerExceptionResolver : Resolved [org.springframework.web.servlet.resource.NoResourceFoundException: No static resource favicon.ico.]
2025-05-21T05:00:45.567+07:00  INFO 18008 --- [SpringApplicationShutdownHook] o.s.b.w.e.tomcat.GracefulShutdown        : Commencing graceful shutdown. Waiting for active requests to complete
2025-05-21T05:00:45.567+07:00  INFO 18008 --- [tomcat-shutdown] o.s.b.w.e.tomcat.GracefulShutdown        : Graceful shutdown complete
2025-05-21T05:00:45.567+07:00  INFO 18008 --- [SpringApplicationShutdownHook] j.LocalContainerEntityManagerFactoryBean : Closing JPA EntityManagerFactory for persistence unit 'default'
2025-05-21T05:00:45.567+07:00  INFO 18008 --- [SpringApplicationShutdownHook] com.zaxxer.hikari.HikariDataSource       : HikariPool-8 - Shutdown initiated...
2025-05-21T05:00:45.567+07:00  INFO 18008 --- [SpringApplicationShutdownHook] com.zaxxer.hikari.HikariDataSource       : HikariPool-8 - Shutdown completed.
2025-05-21T05:00:48.072+07:00  INFO 5488 --- [restartedMain] o.e.r.RecipeSharingWebsiteApplication    : Starting RecipeSharingWebsiteApplication using Java 23 with PID 5488 (C:\RecipeSharing\target\classes started by haiye in C:\RecipeSharing)
2025-05-21T05:00:48.072+07:00  INFO 5488 --- [restartedMain] o.e.r.RecipeSharingWebsiteApplication    : No active profile set, falling back to 1 default profile: "default"
2025-05-21T05:00:48.115+07:00  INFO 5488 --- [restartedMain] .e.DevToolsPropertyDefaultsPostProcessor : Devtools property defaults active! Set 'spring.devtools.add-properties' to 'false' to disable
2025-05-21T05:00:48.115+07:00  INFO 5488 --- [restartedMain] .e.DevToolsPropertyDefaultsPostProcessor : For additional web related logging consider setting the 'logging.level.web' property to 'DEBUG'
2025-05-21T05:00:48.807+07:00  INFO 5488 --- [restartedMain] .s.d.r.c.RepositoryConfigurationDelegate : Bootstrapping Spring Data JPA repositories in DEFAULT mode.
2025-05-21T05:00:48.918+07:00  INFO 5488 --- [restartedMain] .s.d.r.c.RepositoryConfigurationDelegate : Finished Spring Data repository scanning in 102 ms. Found 10 JPA repository interfaces.
2025-05-21T05:00:49.439+07:00  INFO 5488 --- [restartedMain] o.s.b.w.embedded.tomcat.TomcatWebServer  : Tomcat initialized with port 8080 (http)
2025-05-21T05:00:49.455+07:00  INFO 5488 --- [restartedMain] o.apache.catalina.core.StandardService   : Starting service [Tomcat]
2025-05-21T05:00:49.455+07:00  INFO 5488 --- [restartedMain] o.apache.catalina.core.StandardEngine    : Starting Servlet engine: [Apache Tomcat/10.1.40]
2025-05-21T05:00:49.487+07:00  INFO 5488 --- [restartedMain] o.a.c.c.C.[Tomcat].[localhost].[/]       : Initializing Spring embedded WebApplicationContext
2025-05-21T05:00:49.487+07:00  INFO 5488 --- [restartedMain] w.s.c.ServletWebServerApplicationContext : Root WebApplicationContext: initialization completed in 1372 ms
2025-05-21T05:00:49.678+07:00  INFO 5488 --- [restartedMain] o.hibernate.jpa.internal.util.LogHelper  : HHH000204: Processing PersistenceUnitInfo [name: default]
2025-05-21T05:00:49.710+07:00  INFO 5488 --- [restartedMain] org.hibernate.Version                    : HHH000412: Hibernate ORM core version 6.6.13.Final
2025-05-21T05:00:49.726+07:00  INFO 5488 --- [restartedMain] o.h.c.internal.RegionFactoryInitiator    : HHH000026: Second-level cache disabled
2025-05-21T05:00:49.886+07:00  INFO 5488 --- [restartedMain] o.s.o.j.p.SpringPersistenceUnitInfo      : No LoadTimeWeaver setup: ignoring JPA class transformer
2025-05-21T05:00:49.901+07:00  INFO 5488 --- [restartedMain] com.zaxxer.hikari.HikariDataSource       : HikariPool-1 - Starting...
2025-05-21T05:00:49.997+07:00  INFO 5488 --- [restartedMain] com.zaxxer.hikari.pool.HikariPool        : HikariPool-1 - Added connection com.mysql.cj.jdbc.ConnectionImpl@5b956aa5
2025-05-21T05:00:49.997+07:00  INFO 5488 --- [restartedMain] com.zaxxer.hikari.HikariDataSource       : HikariPool-1 - Start completed.
2025-05-21T05:00:50.013+07:00  WARN 5488 --- [restartedMain] org.hibernate.orm.deprecation            : HHH90000025: MySQL8Dialect does not need to be specified explicitly using 'hibernate.dialect' (remove the property setting and it will be selected by default)
2025-05-21T05:00:50.013+07:00  WARN 5488 --- [restartedMain] org.hibernate.orm.deprecation            : HHH90000026: MySQL8Dialect has been deprecated; use org.hibernate.dialect.MySQLDialect instead
2025-05-21T05:00:50.029+07:00  INFO 5488 --- [restartedMain] org.hibernate.orm.connections.pooling    : HHH10001005: Database info:
	Database JDBC URL [Connecting through datasource 'HikariDataSource (HikariPool-1)']
	Database driver: undefined/unknown
	Database version: 8.0
	Autocommit mode: undefined/unknown
	Isolation level: undefined/unknown
	Minimum pool size: undefined/unknown
	Maximum pool size: undefined/unknown
2025-05-21T05:00:50.600+07:00  INFO 5488 --- [restartedMain] o.h.e.t.j.p.i.JtaPlatformInitiator       : HHH000489: No JTA platform available (set 'hibernate.transaction.jta.platform' to enable JTA platform integration)
2025-05-21T05:00:50.616+07:00  INFO 5488 --- [restartedMain] j.LocalContainerEntityManagerFactoryBean : Initialized JPA EntityManagerFactory for persistence unit 'default'
2025-05-21T05:00:50.967+07:00  INFO 5488 --- [restartedMain] o.s.d.j.r.query.QueryEnhancerFactory     : Hibernate is in classpath; If applicable, HQL parser will be used.
2025-05-21T05:00:51.334+07:00  WARN 5488 --- [restartedMain] JpaBaseConfiguration$JpaWebConfiguration : spring.jpa.open-in-view is enabled by default. Therefore, database queries may be performed during view rendering. Explicitly configure spring.jpa.open-in-view to disable this warning
2025-05-21T05:00:51.366+07:00  INFO 5488 --- [restartedMain] r$InitializeUserDetailsManagerConfigurer : Global AuthenticationManager configured with UserDetailsService bean with name userDetailsService
2025-05-21T05:00:51.414+07:00  INFO 5488 --- [restartedMain] o.s.b.a.w.s.WelcomePageHandlerMapping    : Adding welcome page template: index
2025-05-21T05:00:51.653+07:00  INFO 5488 --- [restartedMain] o.s.b.a.e.web.EndpointLinksResolver      : Exposing 1 endpoint beneath base path '/actuator'
2025-05-21T05:00:51.970+07:00  INFO 5488 --- [restartedMain] o.s.b.a.h2.H2ConsoleAutoConfiguration    : H2 console available at '/h2-console'. Database available at 'jdbc:mysql://localhost:3307/cnpm'
2025-05-21T05:00:52.041+07:00  INFO 5488 --- [restartedMain] .w.s.a.s.AnnotationActionEndpointMapping : Supporting [WS-Addressing August 2004, WS-Addressing 1.0]
2025-05-21T05:00:52.084+07:00  INFO 5488 --- [restartedMain] o.s.b.d.a.OptionalLiveReloadServer       : LiveReload server is running on port 35729
2025-05-21T05:00:52.164+07:00  INFO 5488 --- [restartedMain] o.s.b.w.embedded.tomcat.TomcatWebServer  : Tomcat started on port 8080 (http) with context path '/'
2025-05-21T05:00:52.164+07:00  INFO 5488 --- [restartedMain] o.e.r.RecipeSharingWebsiteApplication    : Started RecipeSharingWebsiteApplication in 4.477 seconds (process running for 5.427)
2025-05-21T05:00:52.404+07:00  INFO 5488 --- [http-nio-8080-exec-3] o.a.c.c.C.[Tomcat].[localhost].[/]       : Initializing Spring DispatcherServlet 'dispatcherServlet'
2025-05-21T05:00:52.404+07:00  INFO 5488 --- [http-nio-8080-exec-3] o.s.web.servlet.DispatcherServlet        : Initializing Servlet 'dispatcherServlet'
2025-05-21T05:00:52.404+07:00  INFO 5488 --- [http-nio-8080-exec-3] o.s.web.servlet.DispatcherServlet        : Completed initialization in 0 ms
2025-05-21T05:00:52.857+07:00  WARN 5488 --- [http-nio-8080-exec-10] .m.m.a.ExceptionHandlerExceptionResolver : Resolved [org.springframework.web.servlet.resource.NoResourceFoundException: No static resource favicon.ico.]
2025-05-21T05:00:58.838+07:00 DEBUG 5488 --- [http-nio-8080-exec-6] org.hibernate.SQL                        : 
    select
        u1_0.user_id,
        u1_0.avatar_url,
        u1_0.date_of_birth,
        u1_0.email,
        u1_0.firstname,
        u1_0.lastname,
        u1_0.password,
        u1_0.role,
        u1_0.username 
    from
        users u1_0 
    where
        u1_0.username=? 
        or u1_0.email=?
2025-05-21T05:00:59.168+07:00 DEBUG 5488 --- [http-nio-8080-exec-8] org.hibernate.SQL                        : 
    select
        c1_0.category_name,
        c1_0.category_id,
        c1_0.usage_count 
    from
        categories c1_0 
    order by
        c1_0.category_name
2025-05-21T05:00:59.176+07:00 DEBUG 5488 --- [http-nio-8080-exec-7] org.hibernate.SQL                        : 
    select
        u1_0.user_id,
        u1_0.avatar_url,
        u1_0.date_of_birth,
        u1_0.email,
        u1_0.firstname,
        u1_0.lastname,
        u1_0.password,
        u1_0.role,
        u1_0.username 
    from
        users u1_0
2025-05-21T05:00:59.177+07:00 DEBUG 5488 --- [http-nio-8080-exec-5] org.hibernate.SQL                        : 
    select
        r1_0.recipe_id,
        r1_0.author_id,
        r1_0.author_name,
        r1_0.author_url,
        r1_0.avatar_url,
        r1_0.category_name,
        r1_0.category_id,
        r1_0.created_at,
        r1_0.description,
        r1_0.ingredients,
        r1_0.instruction,
        r1_0.name,
        r1_1.average_rating,
        r1_1.comment_count,
        r1_1.like_count,
        r1_1.rate_count,
        r1_1.save_count 
    from
        recipes r1_0 
    left join
        recipe_stats r1_1 
            on r1_0.recipe_id=r1_1.recipe_id
2025-05-21T05:00:59.193+07:00 DEBUG 5488 --- [http-nio-8080-exec-7] org.hibernate.SQL                        : 
    select
        u1_0.user_id,
        u1_0.avatar_url,
        u1_0.date_of_birth,
        u1_0.email,
        u1_0.firstname,
        u1_0.lastname,
        u1_0.password,
        u1_0.role,
        u1_0.username 
    from
        users u1_0 
    where
        u1_0.username=?
2025-05-21T05:00:59.206+07:00 DEBUG 5488 --- [http-nio-8080-exec-7] org.hibernate.SQL                        : 
    select
        f1_0.follow_id,
        f1_0.follow_time,
        f1_0.follower_id,
        f1_0.following_id 
    from
        follows f1_0 
    where
        f1_0.following_id=?
2025-05-21T05:00:59.239+07:00  WARN 5488 --- [http-nio-8080-exec-4] .m.m.a.ExceptionHandlerExceptionResolver : Resolved [org.springframework.web.servlet.resource.NoResourceFoundException: No static resource favicon.ico.]
2025-05-21T05:00:59.239+07:00 DEBUG 5488 --- [http-nio-8080-exec-7] org.hibernate.SQL                        : 
    select
        f1_0.follow_id,
        f1_0.follow_time,
        f1_0.follower_id,
        f1_0.following_id 
    from
        follows f1_0 
    where
        f1_0.follower_id=?
2025-05-21T05:00:59.247+07:00 DEBUG 5488 --- [http-nio-8080-exec-7] org.hibernate.SQL                        : 
    select
        r1_0.recipe_id,
        r1_0.author_id,
        r1_0.author_name,
        r1_0.author_url,
        r1_0.avatar_url,
        r1_0.category_name,
        r1_0.category_id,
        r1_0.created_at,
        r1_0.description,
        r1_0.ingredients,
        r1_0.instruction,
        r1_0.name,
        r1_1.average_rating,
        r1_1.comment_count,
        r1_1.like_count,
        r1_1.rate_count,
        r1_1.save_count 
    from
        recipes r1_0 
    left join
        recipe_stats r1_1 
            on r1_0.recipe_id=r1_1.recipe_id 
    where
        r1_0.author_id=? 
    order by
        r1_0.created_at desc
2025-05-21T05:00:59.272+07:00 DEBUG 5488 --- [http-nio-8080-exec-7] org.hibernate.SQL                        : 
    select
        avg(r1_0.rating) 
    from
        rates r1_0 
    where
        r1_0.recipe_id=?
2025-05-21T05:00:59.276+07:00 DEBUG 5488 --- [http-nio-8080-exec-7] org.hibernate.SQL                        : 
    select
        avg(r1_0.rating) 
    from
        rates r1_0 
    where
        r1_0.recipe_id=?
2025-05-21T05:00:59.278+07:00 DEBUG 5488 --- [http-nio-8080-exec-7] org.hibernate.SQL                        : 
    select
        avg(r1_0.rating) 
    from
        rates r1_0 
    where
        r1_0.recipe_id=?
2025-05-21T05:00:59.283+07:00 DEBUG 5488 --- [http-nio-8080-exec-7] org.hibernate.SQL                        : 
    select
        u1_0.user_id,
        u1_0.avatar_url,
        u1_0.date_of_birth,
        u1_0.email,
        u1_0.firstname,
        u1_0.lastname,
        u1_0.password,
        u1_0.role,
        u1_0.username 
    from
        users u1_0 
    where
        u1_0.username=?
2025-05-21T05:00:59.287+07:00 DEBUG 5488 --- [http-nio-8080-exec-7] org.hibernate.SQL                        : 
    select
        f1_0.follow_id,
        f1_0.follow_time,
        f1_0.follower_id,
        f1_0.following_id 
    from
        follows f1_0 
    where
        f1_0.following_id=?
2025-05-21T05:00:59.289+07:00 DEBUG 5488 --- [http-nio-8080-exec-7] org.hibernate.SQL                        : 
    select
        f1_0.follow_id,
        f1_0.follow_time,
        f1_0.follower_id,
        f1_0.following_id 
    from
        follows f1_0 
    where
        f1_0.follower_id=?
2025-05-21T05:00:59.289+07:00 DEBUG 5488 --- [http-nio-8080-exec-7] org.hibernate.SQL                        : 
    select
        r1_0.recipe_id,
        r1_0.author_id,
        r1_0.author_name,
        r1_0.author_url,
        r1_0.avatar_url,
        r1_0.category_name,
        r1_0.category_id,
        r1_0.created_at,
        r1_0.description,
        r1_0.ingredients,
        r1_0.instruction,
        r1_0.name,
        r1_1.average_rating,
        r1_1.comment_count,
        r1_1.like_count,
        r1_1.rate_count,
        r1_1.save_count 
    from
        recipes r1_0 
    left join
        recipe_stats r1_1 
            on r1_0.recipe_id=r1_1.recipe_id 
    where
        r1_0.author_id=? 
    order by
        r1_0.created_at desc
2025-05-21T05:00:59.289+07:00 DEBUG 5488 --- [http-nio-8080-exec-7] org.hibernate.SQL                        : 
    select
        u1_0.user_id,
        u1_0.avatar_url,
        u1_0.date_of_birth,
        u1_0.email,
        u1_0.firstname,
        u1_0.lastname,
        u1_0.password,
        u1_0.role,
        u1_0.username 
    from
        users u1_0 
    where
        u1_0.username=?
2025-05-21T05:00:59.304+07:00 DEBUG 5488 --- [http-nio-8080-exec-7] org.hibernate.SQL                        : 
    select
        f1_0.follow_id,
        f1_0.follow_time,
        f1_0.follower_id,
        f1_0.following_id 
    from
        follows f1_0 
    where
        f1_0.following_id=?
2025-05-21T05:00:59.306+07:00 DEBUG 5488 --- [http-nio-8080-exec-7] org.hibernate.SQL                        : 
    select
        f1_0.follow_id,
        f1_0.follow_time,
        f1_0.follower_id,
        f1_0.following_id 
    from
        follows f1_0 
    where
        f1_0.follower_id=?
2025-05-21T05:00:59.306+07:00 DEBUG 5488 --- [http-nio-8080-exec-7] org.hibernate.SQL                        : 
    select
        r1_0.recipe_id,
        r1_0.author_id,
        r1_0.author_name,
        r1_0.author_url,
        r1_0.avatar_url,
        r1_0.category_name,
        r1_0.category_id,
        r1_0.created_at,
        r1_0.description,
        r1_0.ingredients,
        r1_0.instruction,
        r1_0.name,
        r1_1.average_rating,
        r1_1.comment_count,
        r1_1.like_count,
        r1_1.rate_count,
        r1_1.save_count 
    from
        recipes r1_0 
    left join
        recipe_stats r1_1 
            on r1_0.recipe_id=r1_1.recipe_id 
    where
        r1_0.author_id=? 
    order by
        r1_0.created_at desc
2025-05-21T05:00:59.306+07:00 DEBUG 5488 --- [http-nio-8080-exec-7] org.hibernate.SQL                        : 
    select
        u1_0.user_id,
        u1_0.avatar_url,
        u1_0.date_of_birth,
        u1_0.email,
        u1_0.firstname,
        u1_0.lastname,
        u1_0.password,
        u1_0.role,
        u1_0.username 
    from
        users u1_0 
    where
        u1_0.username=?
2025-05-21T05:00:59.306+07:00 DEBUG 5488 --- [http-nio-8080-exec-7] org.hibernate.SQL                        : 
    select
        f1_0.follow_id,
        f1_0.follow_time,
        f1_0.follower_id,
        f1_0.following_id 
    from
        follows f1_0 
    where
        f1_0.following_id=?
2025-05-21T05:00:59.322+07:00 DEBUG 5488 --- [http-nio-8080-exec-7] org.hibernate.SQL                        : 
    select
        f1_0.follow_id,
        f1_0.follow_time,
        f1_0.follower_id,
        f1_0.following_id 
    from
        follows f1_0 
    where
        f1_0.follower_id=?
2025-05-21T05:00:59.327+07:00 DEBUG 5488 --- [http-nio-8080-exec-7] org.hibernate.SQL                        : 
    select
        r1_0.recipe_id,
        r1_0.author_id,
        r1_0.author_name,
        r1_0.author_url,
        r1_0.avatar_url,
        r1_0.category_name,
        r1_0.category_id,
        r1_0.created_at,
        r1_0.description,
        r1_0.ingredients,
        r1_0.instruction,
        r1_0.name,
        r1_1.average_rating,
        r1_1.comment_count,
        r1_1.like_count,
        r1_1.rate_count,
        r1_1.save_count 
    from
        recipes r1_0 
    left join
        recipe_stats r1_1 
            on r1_0.recipe_id=r1_1.recipe_id 
    where
        r1_0.author_id=? 
    order by
        r1_0.created_at desc
2025-05-21T05:00:59.331+07:00 DEBUG 5488 --- [http-nio-8080-exec-7] org.hibernate.SQL                        : 
    select
        avg(r1_0.rating) 
    from
        rates r1_0 
    where
        r1_0.recipe_id=?
2025-05-21T05:00:59.335+07:00 DEBUG 5488 --- [http-nio-8080-exec-7] org.hibernate.SQL                        : 
    select
        u1_0.user_id,
        u1_0.avatar_url,
        u1_0.date_of_birth,
        u1_0.email,
        u1_0.firstname,
        u1_0.lastname,
        u1_0.password,
        u1_0.role,
        u1_0.username 
    from
        users u1_0 
    where
        u1_0.username=?
2025-05-21T05:00:59.338+07:00 DEBUG 5488 --- [http-nio-8080-exec-7] org.hibernate.SQL                        : 
    select
        f1_0.follow_id,
        f1_0.follow_time,
        f1_0.follower_id,
        f1_0.following_id 
    from
        follows f1_0 
    where
        f1_0.following_id=?
2025-05-21T05:00:59.340+07:00 DEBUG 5488 --- [http-nio-8080-exec-7] org.hibernate.SQL                        : 
    select
        f1_0.follow_id,
        f1_0.follow_time,
        f1_0.follower_id,
        f1_0.following_id 
    from
        follows f1_0 
    where
        f1_0.follower_id=?
2025-05-21T05:00:59.345+07:00 DEBUG 5488 --- [http-nio-8080-exec-7] org.hibernate.SQL                        : 
    select
        r1_0.recipe_id,
        r1_0.author_id,
        r1_0.author_name,
        r1_0.author_url,
        r1_0.avatar_url,
        r1_0.category_name,
        r1_0.category_id,
        r1_0.created_at,
        r1_0.description,
        r1_0.ingredients,
        r1_0.instruction,
        r1_0.name,
        r1_1.average_rating,
        r1_1.comment_count,
        r1_1.like_count,
        r1_1.rate_count,
        r1_1.save_count 
    from
        recipes r1_0 
    left join
        recipe_stats r1_1 
            on r1_0.recipe_id=r1_1.recipe_id 
    where
        r1_0.author_id=? 
    order by
        r1_0.created_at desc
2025-05-21T05:00:59.345+07:00 DEBUG 5488 --- [http-nio-8080-exec-7] org.hibernate.SQL                        : 
    select
        avg(r1_0.rating) 
    from
        rates r1_0 
    where
        r1_0.recipe_id=?
2025-05-21T05:00:59.355+07:00 DEBUG 5488 --- [http-nio-8080-exec-7] org.hibernate.SQL                        : 
    select
        u1_0.user_id,
        u1_0.avatar_url,
        u1_0.date_of_birth,
        u1_0.email,
        u1_0.firstname,
        u1_0.lastname,
        u1_0.password,
        u1_0.role,
        u1_0.username 
    from
        users u1_0 
    where
        u1_0.username=?
2025-05-21T05:00:59.358+07:00 DEBUG 5488 --- [http-nio-8080-exec-7] org.hibernate.SQL                        : 
    select
        f1_0.follow_id,
        f1_0.follow_time,
        f1_0.follower_id,
        f1_0.following_id 
    from
        follows f1_0 
    where
        f1_0.following_id=?
2025-05-21T05:00:59.361+07:00 DEBUG 5488 --- [http-nio-8080-exec-7] org.hibernate.SQL                        : 
    select
        f1_0.follow_id,
        f1_0.follow_time,
        f1_0.follower_id,
        f1_0.following_id 
    from
        follows f1_0 
    where
        f1_0.follower_id=?
2025-05-21T05:00:59.365+07:00 DEBUG 5488 --- [http-nio-8080-exec-7] org.hibernate.SQL                        : 
    select
        r1_0.recipe_id,
        r1_0.author_id,
        r1_0.author_name,
        r1_0.author_url,
        r1_0.avatar_url,
        r1_0.category_name,
        r1_0.category_id,
        r1_0.created_at,
        r1_0.description,
        r1_0.ingredients,
        r1_0.instruction,
        r1_0.name,
        r1_1.average_rating,
        r1_1.comment_count,
        r1_1.like_count,
        r1_1.rate_count,
        r1_1.save_count 
    from
        recipes r1_0 
    left join
        recipe_stats r1_1 
            on r1_0.recipe_id=r1_1.recipe_id 
    where
        r1_0.author_id=? 
    order by
        r1_0.created_at desc
2025-05-21T05:10:57.727+07:00 DEBUG 5488 --- [http-nio-8080-exec-6] org.hibernate.SQL                        : 
    select
        u1_0.user_id,
        u1_0.avatar_url,
        u1_0.date_of_birth,
        u1_0.email,
        u1_0.firstname,
        u1_0.lastname,
        u1_0.password,
        u1_0.role,
        u1_0.username 
    from
        users u1_0
2025-05-21T05:10:57.727+07:00 DEBUG 5488 --- [http-nio-8080-exec-2] org.hibernate.SQL                        : 
    select
        r1_0.recipe_id,
        r1_0.author_id,
        r1_0.author_name,
        r1_0.author_url,
        r1_0.avatar_url,
        r1_0.category_name,
        r1_0.category_id,
        r1_0.created_at,
        r1_0.description,
        r1_0.ingredients,
        r1_0.instruction,
        r1_0.name,
        r1_1.average_rating,
        r1_1.comment_count,
        r1_1.like_count,
        r1_1.rate_count,
        r1_1.save_count 
    from
        recipes r1_0 
    left join
        recipe_stats r1_1 
            on r1_0.recipe_id=r1_1.recipe_id
2025-05-21T05:10:57.727+07:00 DEBUG 5488 --- [http-nio-8080-exec-8] org.hibernate.SQL                        : 
    select
        c1_0.category_name,
        c1_0.category_id,
        c1_0.usage_count 
    from
        categories c1_0 
    order by
        c1_0.category_name
2025-05-21T05:10:57.729+07:00 DEBUG 5488 --- [http-nio-8080-exec-6] org.hibernate.SQL                        : 
    select
        u1_0.user_id,
        u1_0.avatar_url,
        u1_0.date_of_birth,
        u1_0.email,
        u1_0.firstname,
        u1_0.lastname,
        u1_0.password,
        u1_0.role,
        u1_0.username 
    from
        users u1_0 
    where
        u1_0.username=?
2025-05-21T05:10:57.729+07:00  WARN 5488 --- [http-nio-8080-exec-5] .m.m.a.ExceptionHandlerExceptionResolver : Resolved [org.springframework.web.servlet.resource.NoResourceFoundException: No static resource favicon.ico.]
2025-05-21T05:10:57.729+07:00 DEBUG 5488 --- [http-nio-8080-exec-6] org.hibernate.SQL                        : 
    select
        f1_0.follow_id,
        f1_0.follow_time,
        f1_0.follower_id,
        f1_0.following_id 
    from
        follows f1_0 
    where
        f1_0.following_id=?
2025-05-21T05:10:57.729+07:00 DEBUG 5488 --- [http-nio-8080-exec-6] org.hibernate.SQL                        : 
    select
        f1_0.follow_id,
        f1_0.follow_time,
        f1_0.follower_id,
        f1_0.following_id 
    from
        follows f1_0 
    where
        f1_0.follower_id=?
2025-05-21T05:10:57.741+07:00 DEBUG 5488 --- [http-nio-8080-exec-6] org.hibernate.SQL                        : 
    select
        r1_0.recipe_id,
        r1_0.author_id,
        r1_0.author_name,
        r1_0.author_url,
        r1_0.avatar_url,
        r1_0.category_name,
        r1_0.category_id,
        r1_0.created_at,
        r1_0.description,
        r1_0.ingredients,
        r1_0.instruction,
        r1_0.name,
        r1_1.average_rating,
        r1_1.comment_count,
        r1_1.like_count,
        r1_1.rate_count,
        r1_1.save_count 
    from
        recipes r1_0 
    left join
        recipe_stats r1_1 
            on r1_0.recipe_id=r1_1.recipe_id 
    where
        r1_0.author_id=? 
    order by
        r1_0.created_at desc
2025-05-21T05:10:57.742+07:00 DEBUG 5488 --- [http-nio-8080-exec-6] org.hibernate.SQL                        : 
    select
        avg(r1_0.rating) 
    from
        rates r1_0 
    where
        r1_0.recipe_id=?
2025-05-21T05:10:57.742+07:00 DEBUG 5488 --- [http-nio-8080-exec-6] org.hibernate.SQL                        : 
    select
        avg(r1_0.rating) 
    from
        rates r1_0 
    where
        r1_0.recipe_id=?
2025-05-21T05:10:57.742+07:00 DEBUG 5488 --- [http-nio-8080-exec-6] org.hibernate.SQL                        : 
    select
        avg(r1_0.rating) 
    from
        rates r1_0 
    where
        r1_0.recipe_id=?
2025-05-21T05:10:57.742+07:00 DEBUG 5488 --- [http-nio-8080-exec-6] org.hibernate.SQL                        : 
    select
        u1_0.user_id,
        u1_0.avatar_url,
        u1_0.date_of_birth,
        u1_0.email,
        u1_0.firstname,
        u1_0.lastname,
        u1_0.password,
        u1_0.role,
        u1_0.username 
    from
        users u1_0 
    where
        u1_0.username=?
2025-05-21T05:10:57.742+07:00 DEBUG 5488 --- [http-nio-8080-exec-6] org.hibernate.SQL                        : 
    select
        f1_0.follow_id,
        f1_0.follow_time,
        f1_0.follower_id,
        f1_0.following_id 
    from
        follows f1_0 
    where
        f1_0.following_id=?
2025-05-21T05:10:57.751+07:00 DEBUG 5488 --- [http-nio-8080-exec-6] org.hibernate.SQL                        : 
    select
        f1_0.follow_id,
        f1_0.follow_time,
        f1_0.follower_id,
        f1_0.following_id 
    from
        follows f1_0 
    where
        f1_0.follower_id=?
2025-05-21T05:10:57.753+07:00 DEBUG 5488 --- [http-nio-8080-exec-6] org.hibernate.SQL                        : 
    select
        r1_0.recipe_id,
        r1_0.author_id,
        r1_0.author_name,
        r1_0.author_url,
        r1_0.avatar_url,
        r1_0.category_name,
        r1_0.category_id,
        r1_0.created_at,
        r1_0.description,
        r1_0.ingredients,
        r1_0.instruction,
        r1_0.name,
        r1_1.average_rating,
        r1_1.comment_count,
        r1_1.like_count,
        r1_1.rate_count,
        r1_1.save_count 
    from
        recipes r1_0 
    left join
        recipe_stats r1_1 
            on r1_0.recipe_id=r1_1.recipe_id 
    where
        r1_0.author_id=? 
    order by
        r1_0.created_at desc
2025-05-21T05:10:57.756+07:00 DEBUG 5488 --- [http-nio-8080-exec-6] org.hibernate.SQL                        : 
    select
        u1_0.user_id,
        u1_0.avatar_url,
        u1_0.date_of_birth,
        u1_0.email,
        u1_0.firstname,
        u1_0.lastname,
        u1_0.password,
        u1_0.role,
        u1_0.username 
    from
        users u1_0 
    where
        u1_0.username=?
2025-05-21T05:10:57.759+07:00 DEBUG 5488 --- [http-nio-8080-exec-6] org.hibernate.SQL                        : 
    select
        f1_0.follow_id,
        f1_0.follow_time,
        f1_0.follower_id,
        f1_0.following_id 
    from
        follows f1_0 
    where
        f1_0.following_id=?
2025-05-21T05:10:57.761+07:00 DEBUG 5488 --- [http-nio-8080-exec-6] org.hibernate.SQL                        : 
    select
        f1_0.follow_id,
        f1_0.follow_time,
        f1_0.follower_id,
        f1_0.following_id 
    from
        follows f1_0 
    where
        f1_0.follower_id=?
2025-05-21T05:10:57.763+07:00 DEBUG 5488 --- [http-nio-8080-exec-6] org.hibernate.SQL                        : 
    select
        r1_0.recipe_id,
        r1_0.author_id,
        r1_0.author_name,
        r1_0.author_url,
        r1_0.avatar_url,
        r1_0.category_name,
        r1_0.category_id,
        r1_0.created_at,
        r1_0.description,
        r1_0.ingredients,
        r1_0.instruction,
        r1_0.name,
        r1_1.average_rating,
        r1_1.comment_count,
        r1_1.like_count,
        r1_1.rate_count,
        r1_1.save_count 
    from
        recipes r1_0 
    left join
        recipe_stats r1_1 
            on r1_0.recipe_id=r1_1.recipe_id 
    where
        r1_0.author_id=? 
    order by
        r1_0.created_at desc
2025-05-21T05:10:57.765+07:00 DEBUG 5488 --- [http-nio-8080-exec-6] org.hibernate.SQL                        : 
    select
        u1_0.user_id,
        u1_0.avatar_url,
        u1_0.date_of_birth,
        u1_0.email,
        u1_0.firstname,
        u1_0.lastname,
        u1_0.password,
        u1_0.role,
        u1_0.username 
    from
        users u1_0 
    where
        u1_0.username=?
2025-05-21T05:10:57.767+07:00 DEBUG 5488 --- [http-nio-8080-exec-6] org.hibernate.SQL                        : 
    select
        f1_0.follow_id,
        f1_0.follow_time,
        f1_0.follower_id,
        f1_0.following_id 
    from
        follows f1_0 
    where
        f1_0.following_id=?
2025-05-21T05:10:57.768+07:00 DEBUG 5488 --- [http-nio-8080-exec-6] org.hibernate.SQL                        : 
    select
        f1_0.follow_id,
        f1_0.follow_time,
        f1_0.follower_id,
        f1_0.following_id 
    from
        follows f1_0 
    where
        f1_0.follower_id=?
2025-05-21T05:10:57.770+07:00 DEBUG 5488 --- [http-nio-8080-exec-6] org.hibernate.SQL                        : 
    select
        r1_0.recipe_id,
        r1_0.author_id,
        r1_0.author_name,
        r1_0.author_url,
        r1_0.avatar_url,
        r1_0.category_name,
        r1_0.category_id,
        r1_0.created_at,
        r1_0.description,
        r1_0.ingredients,
        r1_0.instruction,
        r1_0.name,
        r1_1.average_rating,
        r1_1.comment_count,
        r1_1.like_count,
        r1_1.rate_count,
        r1_1.save_count 
    from
        recipes r1_0 
    left join
        recipe_stats r1_1 
            on r1_0.recipe_id=r1_1.recipe_id 
    where
        r1_0.author_id=? 
    order by
        r1_0.created_at desc
2025-05-21T05:10:57.772+07:00 DEBUG 5488 --- [http-nio-8080-exec-6] org.hibernate.SQL                        : 
    select
        avg(r1_0.rating) 
    from
        rates r1_0 
    where
        r1_0.recipe_id=?
2025-05-21T05:10:57.773+07:00 DEBUG 5488 --- [http-nio-8080-exec-6] org.hibernate.SQL                        : 
    select
        u1_0.user_id,
        u1_0.avatar_url,
        u1_0.date_of_birth,
        u1_0.email,
        u1_0.firstname,
        u1_0.lastname,
        u1_0.password,
        u1_0.role,
        u1_0.username 
    from
        users u1_0 
    where
        u1_0.username=?
2025-05-21T05:10:57.775+07:00 DEBUG 5488 --- [http-nio-8080-exec-6] org.hibernate.SQL                        : 
    select
        f1_0.follow_id,
        f1_0.follow_time,
        f1_0.follower_id,
        f1_0.following_id 
    from
        follows f1_0 
    where
        f1_0.following_id=?
2025-05-21T05:10:57.776+07:00 DEBUG 5488 --- [http-nio-8080-exec-6] org.hibernate.SQL                        : 
    select
        f1_0.follow_id,
        f1_0.follow_time,
        f1_0.follower_id,
        f1_0.following_id 
    from
        follows f1_0 
    where
        f1_0.follower_id=?
2025-05-21T05:10:57.778+07:00 DEBUG 5488 --- [http-nio-8080-exec-6] org.hibernate.SQL                        : 
    select
        r1_0.recipe_id,
        r1_0.author_id,
        r1_0.author_name,
        r1_0.author_url,
        r1_0.avatar_url,
        r1_0.category_name,
        r1_0.category_id,
        r1_0.created_at,
        r1_0.description,
        r1_0.ingredients,
        r1_0.instruction,
        r1_0.name,
        r1_1.average_rating,
        r1_1.comment_count,
        r1_1.like_count,
        r1_1.rate_count,
        r1_1.save_count 
    from
        recipes r1_0 
    left join
        recipe_stats r1_1 
            on r1_0.recipe_id=r1_1.recipe_id 
    where
        r1_0.author_id=? 
    order by
        r1_0.created_at desc
2025-05-21T05:10:57.779+07:00 DEBUG 5488 --- [http-nio-8080-exec-6] org.hibernate.SQL                        : 
    select
        avg(r1_0.rating) 
    from
        rates r1_0 
    where
        r1_0.recipe_id=?
2025-05-21T05:10:57.781+07:00 DEBUG 5488 --- [http-nio-8080-exec-6] org.hibernate.SQL                        : 
    select
        u1_0.user_id,
        u1_0.avatar_url,
        u1_0.date_of_birth,
        u1_0.email,
        u1_0.firstname,
        u1_0.lastname,
        u1_0.password,
        u1_0.role,
        u1_0.username 
    from
        users u1_0 
    where
        u1_0.username=?
2025-05-21T05:10:57.781+07:00 DEBUG 5488 --- [http-nio-8080-exec-6] org.hibernate.SQL                        : 
    select
        f1_0.follow_id,
        f1_0.follow_time,
        f1_0.follower_id,
        f1_0.following_id 
    from
        follows f1_0 
    where
        f1_0.following_id=?
2025-05-21T05:10:57.783+07:00 DEBUG 5488 --- [http-nio-8080-exec-6] org.hibernate.SQL                        : 
    select
        f1_0.follow_id,
        f1_0.follow_time,
        f1_0.follower_id,
        f1_0.following_id 
    from
        follows f1_0 
    where
        f1_0.follower_id=?
2025-05-21T05:10:57.784+07:00 DEBUG 5488 --- [http-nio-8080-exec-6] org.hibernate.SQL                        : 
    select
        r1_0.recipe_id,
        r1_0.author_id,
        r1_0.author_name,
        r1_0.author_url,
        r1_0.avatar_url,
        r1_0.category_name,
        r1_0.category_id,
        r1_0.created_at,
        r1_0.description,
        r1_0.ingredients,
        r1_0.instruction,
        r1_0.name,
        r1_1.average_rating,
        r1_1.comment_count,
        r1_1.like_count,
        r1_1.rate_count,
        r1_1.save_count 
    from
        recipes r1_0 
    left join
        recipe_stats r1_1 
            on r1_0.recipe_id=r1_1.recipe_id 
    where
        r1_0.author_id=? 
    order by
        r1_0.created_at desc
2025-05-21T05:11:04.624+07:00  WARN 5488 --- [http-nio-8080-exec-4] .m.m.a.ExceptionHandlerExceptionResolver : Resolved [org.springframework.web.servlet.resource.NoResourceFoundException: No static resource .well-known/appspecific/com.chrome.devtools.json.]
2025-05-21T05:12:10.957+07:00  INFO 5488 --- [File Watcher] rtingClassPathChangeChangedEventListener : Restarting due to 1 class path change (0 additions, 0 deletions, 1 modification)
2025-05-21T05:12:10.957+07:00  INFO 5488 --- [Thread-5] o.s.b.w.e.tomcat.GracefulShutdown        : Commencing graceful shutdown. Waiting for active requests to complete
2025-05-21T05:12:10.957+07:00  INFO 5488 --- [tomcat-shutdown] o.s.b.w.e.tomcat.GracefulShutdown        : Graceful shutdown complete
2025-05-21T05:12:10.973+07:00  INFO 5488 --- [Thread-5] j.LocalContainerEntityManagerFactoryBean : Closing JPA EntityManagerFactory for persistence unit 'default'
2025-05-21T05:12:10.989+07:00  INFO 5488 --- [Thread-5] com.zaxxer.hikari.HikariDataSource       : HikariPool-1 - Shutdown initiated...
2025-05-21T05:12:10.989+07:00  INFO 5488 --- [Thread-5] com.zaxxer.hikari.HikariDataSource       : HikariPool-1 - Shutdown completed.
2025-05-21T05:12:11.069+07:00  INFO 5488 --- [restartedMain] o.e.r.RecipeSharingWebsiteApplication    : Starting RecipeSharingWebsiteApplication using Java 23 with PID 5488 (C:\RecipeSharing\target\classes started by haiye in C:\RecipeSharing)
2025-05-21T05:12:11.069+07:00  INFO 5488 --- [restartedMain] o.e.r.RecipeSharingWebsiteApplication    : No active profile set, falling back to 1 default profile: "default"
2025-05-21T05:12:11.315+07:00  INFO 5488 --- [restartedMain] .s.d.r.c.RepositoryConfigurationDelegate : Bootstrapping Spring Data JPA repositories in DEFAULT mode.
2025-05-21T05:12:11.331+07:00  INFO 5488 --- [restartedMain] .s.d.r.c.RepositoryConfigurationDelegate : Finished Spring Data repository scanning in 21 ms. Found 10 JPA repository interfaces.
2025-05-21T05:12:11.474+07:00  INFO 5488 --- [restartedMain] o.s.b.w.embedded.tomcat.TomcatWebServer  : Tomcat initialized with port 8080 (http)
2025-05-21T05:12:11.474+07:00  INFO 5488 --- [restartedMain] o.apache.catalina.core.StandardService   : Starting service [Tomcat]
2025-05-21T05:12:11.474+07:00  INFO 5488 --- [restartedMain] o.apache.catalina.core.StandardEngine    : Starting Servlet engine: [Apache Tomcat/10.1.40]
2025-05-21T05:12:11.491+07:00  INFO 5488 --- [restartedMain] o.a.c.c.C.[Tomcat].[localhost].[/]       : Initializing Spring embedded WebApplicationContext
2025-05-21T05:12:11.491+07:00  INFO 5488 --- [restartedMain] w.s.c.ServletWebServerApplicationContext : Root WebApplicationContext: initialization completed in 422 ms
2025-05-21T05:12:11.590+07:00  INFO 5488 --- [restartedMain] o.hibernate.jpa.internal.util.LogHelper  : HHH000204: Processing PersistenceUnitInfo [name: default]
2025-05-21T05:12:11.590+07:00  INFO 5488 --- [restartedMain] o.h.c.internal.RegionFactoryInitiator    : HHH000026: Second-level cache disabled
2025-05-21T05:12:11.598+07:00  INFO 5488 --- [restartedMain] o.s.o.j.p.SpringPersistenceUnitInfo      : No LoadTimeWeaver setup: ignoring JPA class transformer
2025-05-21T05:12:11.598+07:00  INFO 5488 --- [restartedMain] com.zaxxer.hikari.HikariDataSource       : HikariPool-2 - Starting...
2025-05-21T05:12:11.602+07:00  INFO 5488 --- [restartedMain] com.zaxxer.hikari.pool.HikariPool        : HikariPool-2 - Added connection com.mysql.cj.jdbc.ConnectionImpl@15495527
2025-05-21T05:12:11.602+07:00  INFO 5488 --- [restartedMain] com.zaxxer.hikari.HikariDataSource       : HikariPool-2 - Start completed.
2025-05-21T05:12:11.602+07:00  WARN 5488 --- [restartedMain] org.hibernate.orm.deprecation            : HHH90000025: MySQL8Dialect does not need to be specified explicitly using 'hibernate.dialect' (remove the property setting and it will be selected by default)
2025-05-21T05:12:11.602+07:00  WARN 5488 --- [restartedMain] org.hibernate.orm.deprecation            : HHH90000026: MySQL8Dialect has been deprecated; use org.hibernate.dialect.MySQLDialect instead
2025-05-21T05:12:11.602+07:00  INFO 5488 --- [restartedMain] org.hibernate.orm.connections.pooling    : HHH10001005: Database info:
	Database JDBC URL [Connecting through datasource 'HikariDataSource (HikariPool-2)']
	Database driver: undefined/unknown
	Database version: 8.0
	Autocommit mode: undefined/unknown
	Isolation level: undefined/unknown
	Minimum pool size: undefined/unknown
	Maximum pool size: undefined/unknown
2025-05-21T05:12:11.693+07:00  INFO 5488 --- [restartedMain] o.h.e.t.j.p.i.JtaPlatformInitiator       : HHH000489: No JTA platform available (set 'hibernate.transaction.jta.platform' to enable JTA platform integration)
2025-05-21T05:12:11.693+07:00  INFO 5488 --- [restartedMain] j.LocalContainerEntityManagerFactoryBean : Initialized JPA EntityManagerFactory for persistence unit 'default'
2025-05-21T05:12:11.784+07:00  WARN 5488 --- [restartedMain] ConfigServletWebServerApplicationContext : Exception encountered during context initialization - cancelling refresh attempt: org.springframework.beans.factory.UnsatisfiedDependencyException: Error creating bean with name 'adminServiceImpl' defined in file [C:\RecipeSharing\target\classes\org\example\recipes\admin\AdminServiceImpl.class]: Unsatisfied dependency expressed through constructor parameter 1: Error creating bean with name 'userServiceImpl' defined in file [C:\RecipeSharing\target\classes\org\example\recipes\user\UserServiceImpl.class]: Unsatisfied dependency expressed through constructor parameter 2: Error creating bean with name 'recipeServiceImpl' defined in file [C:\RecipeSharing\target\classes\org\example\recipes\recipe\RecipeServiceImpl.class]: Unsatisfied dependency expressed through constructor parameter 2: Error creating bean with name 'categoryServiceImpl' defined in file [C:\RecipeSharing\target\classes\org\example\recipes\category\CategoryServiceImpl.class]: Unsatisfied dependency expressed through constructor parameter 0: Error creating bean with name 'categoryRepository' defined in org.example.recipes.category.CategoryRepository defined in @EnableJpaRepositories declared on JpaRepositoriesRegistrar.EnableJpaRepositoriesConfiguration: Could not create query for public abstract java.util.Optional org.example.recipes.category.CategoryRepository.findByCategoryId(java.lang.String); Reason: Failed to create query for method public abstract java.util.Optional org.example.recipes.category.CategoryRepository.findByCategoryId(java.lang.String); Could not resolve attribute 'categoryId' of 'org.example.recipes.controller.Category'
2025-05-21T05:12:11.784+07:00  INFO 5488 --- [restartedMain] j.LocalContainerEntityManagerFactoryBean : Closing JPA EntityManagerFactory for persistence unit 'default'
2025-05-21T05:12:11.784+07:00  INFO 5488 --- [restartedMain] com.zaxxer.hikari.HikariDataSource       : HikariPool-2 - Shutdown initiated...
2025-05-21T05:12:11.815+07:00  INFO 5488 --- [restartedMain] com.zaxxer.hikari.HikariDataSource       : HikariPool-2 - Shutdown completed.
2025-05-21T05:12:11.815+07:00  INFO 5488 --- [restartedMain] o.apache.catalina.core.StandardService   : Stopping service [Tomcat]
2025-05-21T05:12:11.815+07:00  INFO 5488 --- [restartedMain] .s.b.a.l.ConditionEvaluationReportLogger : 

Error starting ApplicationContext. To display the condition evaluation report re-run your application with 'debug' enabled.
2025-05-21T05:12:11.831+07:00 ERROR 5488 --- [restartedMain] o.s.boot.SpringApplication               : Application run failed

org.springframework.beans.factory.UnsatisfiedDependencyException: Error creating bean with name 'adminServiceImpl' defined in file [C:\RecipeSharing\target\classes\org\example\recipes\admin\AdminServiceImpl.class]: Unsatisfied dependency expressed through constructor parameter 1: Error creating bean with name 'userServiceImpl' defined in file [C:\RecipeSharing\target\classes\org\example\recipes\user\UserServiceImpl.class]: Unsatisfied dependency expressed through constructor parameter 2: Error creating bean with name 'recipeServiceImpl' defined in file [C:\RecipeSharing\target\classes\org\example\recipes\recipe\RecipeServiceImpl.class]: Unsatisfied dependency expressed through constructor parameter 2: Error creating bean with name 'categoryServiceImpl' defined in file [C:\RecipeSharing\target\classes\org\example\recipes\category\CategoryServiceImpl.class]: Unsatisfied dependency expressed through constructor parameter 0: Error creating bean with name 'categoryRepository' defined in org.example.recipes.category.CategoryRepository defined in @EnableJpaRepositories declared on JpaRepositoriesRegistrar.EnableJpaRepositoriesConfiguration: Could not create query for public abstract java.util.Optional org.example.recipes.category.CategoryRepository.findByCategoryId(java.lang.String); Reason: Failed to create query for method public abstract java.util.Optional org.example.recipes.category.CategoryRepository.findByCategoryId(java.lang.String); Could not resolve attribute 'categoryId' of 'org.example.recipes.controller.Category'
	at org.springframework.beans.factory.support.ConstructorResolver.createArgumentArray(ConstructorResolver.java:804) ~[spring-beans-6.2.6.jar:6.2.6]
	at org.springframework.beans.factory.support.ConstructorResolver.autowireConstructor(ConstructorResolver.java:240) ~[spring-beans-6.2.6.jar:6.2.6]
	at org.springframework.beans.factory.support.AbstractAutowireCapableBeanFactory.autowireConstructor(AbstractAutowireCapableBeanFactory.java:1387) ~[spring-beans-6.2.6.jar:6.2.6]
	at org.springframework.beans.factory.support.AbstractAutowireCapableBeanFactory.createBeanInstance(AbstractAutowireCapableBeanFactory.java:1224) ~[spring-beans-6.2.6.jar:6.2.6]
	at org.springframework.beans.factory.support.AbstractAutowireCapableBeanFactory.doCreateBean(AbstractAutowireCapableBeanFactory.java:569) ~[spring-beans-6.2.6.jar:6.2.6]
	at org.springframework.beans.factory.support.AbstractAutowireCapableBeanFactory.createBean(AbstractAutowireCapableBeanFactory.java:529) ~[spring-beans-6.2.6.jar:6.2.6]
	at org.springframework.beans.factory.support.AbstractBeanFactory.lambda$doGetBean$0(AbstractBeanFactory.java:339) ~[spring-beans-6.2.6.jar:6.2.6]
	at org.springframework.beans.factory.support.DefaultSingletonBeanRegistry.getSingleton(DefaultSingletonBeanRegistry.java:371) ~[spring-beans-6.2.6.jar:6.2.6]
	at org.springframework.beans.factory.support.AbstractBeanFactory.doGetBean(AbstractBeanFactory.java:337) ~[spring-beans-6.2.6.jar:6.2.6]
	at org.springframework.beans.factory.support.AbstractBeanFactory.getBean(AbstractBeanFactory.java:202) ~[spring-beans-6.2.6.jar:6.2.6]
	at org.springframework.beans.factory.support.DefaultListableBeanFactory.instantiateSingleton(DefaultListableBeanFactory.java:1221) ~[spring-beans-6.2.6.jar:6.2.6]
	at org.springframework.beans.factory.support.DefaultListableBeanFactory.preInstantiateSingleton(DefaultListableBeanFactory.java:1187) ~[spring-beans-6.2.6.jar:6.2.6]
	at org.springframework.beans.factory.support.DefaultListableBeanFactory.preInstantiateSingletons(DefaultListableBeanFactory.java:1122) ~[spring-beans-6.2.6.jar:6.2.6]
	at org.springframework.context.support.AbstractApplicationContext.finishBeanFactoryInitialization(AbstractApplicationContext.java:987) ~[spring-context-6.2.6.jar:6.2.6]
	at org.springframework.context.support.AbstractApplicationContext.refresh(AbstractApplicationContext.java:627) ~[spring-context-6.2.6.jar:6.2.6]
	at org.springframework.boot.web.servlet.context.ServletWebServerApplicationContext.refresh(ServletWebServerApplicationContext.java:146) ~[spring-boot-3.4.5.jar:3.4.5]
	at org.springframework.boot.SpringApplication.refresh(SpringApplication.java:753) ~[spring-boot-3.4.5.jar:3.4.5]
	at org.springframework.boot.SpringApplication.refreshContext(SpringApplication.java:439) ~[spring-boot-3.4.5.jar:3.4.5]
	at org.springframework.boot.SpringApplication.run(SpringApplication.java:318) ~[spring-boot-3.4.5.jar:3.4.5]
	at org.springframework.boot.SpringApplication.run(SpringApplication.java:1362) ~[spring-boot-3.4.5.jar:3.4.5]
	at org.springframework.boot.SpringApplication.run(SpringApplication.java:1351) ~[spring-boot-3.4.5.jar:3.4.5]
	at org.example.recipes.RecipeSharingWebsiteApplication.main(RecipeSharingWebsiteApplication.java:16) ~[classes/:na]
	at java.base/jdk.internal.reflect.DirectMethodHandleAccessor.invoke(DirectMethodHandleAccessor.java:103) ~[na:na]
	at java.base/java.lang.reflect.Method.invoke(Method.java:580) ~[na:na]
	at org.springframework.boot.devtools.restart.RestartLauncher.run(RestartLauncher.java:50) ~[spring-boot-devtools-3.4.5.jar:3.4.5]
Caused by: org.springframework.beans.factory.UnsatisfiedDependencyException: Error creating bean with name 'userServiceImpl' defined in file [C:\RecipeSharing\target\classes\org\example\recipes\user\UserServiceImpl.class]: Unsatisfied dependency expressed through constructor parameter 2: Error creating bean with name 'recipeServiceImpl' defined in file [C:\RecipeSharing\target\classes\org\example\recipes\recipe\RecipeServiceImpl.class]: Unsatisfied dependency expressed through constructor parameter 2: Error creating bean with name 'categoryServiceImpl' defined in file [C:\RecipeSharing\target\classes\org\example\recipes\category\CategoryServiceImpl.class]: Unsatisfied dependency expressed through constructor parameter 0: Error creating bean with name 'categoryRepository' defined in org.example.recipes.category.CategoryRepository defined in @EnableJpaRepositories declared on JpaRepositoriesRegistrar.EnableJpaRepositoriesConfiguration: Could not create query for public abstract java.util.Optional org.example.recipes.category.CategoryRepository.findByCategoryId(java.lang.String); Reason: Failed to create query for method public abstract java.util.Optional org.example.recipes.category.CategoryRepository.findByCategoryId(java.lang.String); Could not resolve attribute 'categoryId' of 'org.example.recipes.controller.Category'
	at org.springframework.beans.factory.support.ConstructorResolver.createArgumentArray(ConstructorResolver.java:804) ~[spring-beans-6.2.6.jar:6.2.6]
	at org.springframework.beans.factory.support.ConstructorResolver.autowireConstructor(ConstructorResolver.java:240) ~[spring-beans-6.2.6.jar:6.2.6]
	at org.springframework.beans.factory.support.AbstractAutowireCapableBeanFactory.autowireConstructor(AbstractAutowireCapableBeanFactory.java:1387) ~[spring-beans-6.2.6.jar:6.2.6]
	at org.springframework.beans.factory.support.AbstractAutowireCapableBeanFactory.createBeanInstance(AbstractAutowireCapableBeanFactory.java:1224) ~[spring-beans-6.2.6.jar:6.2.6]
	at org.springframework.beans.factory.support.AbstractAutowireCapableBeanFactory.doCreateBean(AbstractAutowireCapableBeanFactory.java:569) ~[spring-beans-6.2.6.jar:6.2.6]
	at org.springframework.beans.factory.support.AbstractAutowireCapableBeanFactory.createBean(AbstractAutowireCapableBeanFactory.java:529) ~[spring-beans-6.2.6.jar:6.2.6]
	at org.springframework.beans.factory.support.AbstractBeanFactory.lambda$doGetBean$0(AbstractBeanFactory.java:339) ~[spring-beans-6.2.6.jar:6.2.6]
	at org.springframework.beans.factory.support.DefaultSingletonBeanRegistry.getSingleton(DefaultSingletonBeanRegistry.java:371) ~[spring-beans-6.2.6.jar:6.2.6]
	at org.springframework.beans.factory.support.AbstractBeanFactory.doGetBean(AbstractBeanFactory.java:337) ~[spring-beans-6.2.6.jar:6.2.6]
	at org.springframework.beans.factory.support.AbstractBeanFactory.getBean(AbstractBeanFactory.java:202) ~[spring-beans-6.2.6.jar:6.2.6]
	at org.springframework.beans.factory.config.DependencyDescriptor.resolveCandidate(DependencyDescriptor.java:254) ~[spring-beans-6.2.6.jar:6.2.6]
	at org.springframework.beans.factory.support.DefaultListableBeanFactory.doResolveDependency(DefaultListableBeanFactory.java:1739) ~[spring-beans-6.2.6.jar:6.2.6]
	at org.springframework.beans.factory.support.DefaultListableBeanFactory.resolveDependency(DefaultListableBeanFactory.java:1627) ~[spring-beans-6.2.6.jar:6.2.6]
	at org.springframework.beans.factory.support.ConstructorResolver.resolveAutowiredArgument(ConstructorResolver.java:913) ~[spring-beans-6.2.6.jar:6.2.6]
	at org.springframework.beans.factory.support.ConstructorResolver.createArgumentArray(ConstructorResolver.java:791) ~[spring-beans-6.2.6.jar:6.2.6]
	... 24 common frames omitted
Caused by: org.springframework.beans.factory.UnsatisfiedDependencyException: Error creating bean with name 'recipeServiceImpl' defined in file [C:\RecipeSharing\target\classes\org\example\recipes\recipe\RecipeServiceImpl.class]: Unsatisfied dependency expressed through constructor parameter 2: Error creating bean with name 'categoryServiceImpl' defined in file [C:\RecipeSharing\target\classes\org\example\recipes\category\CategoryServiceImpl.class]: Unsatisfied dependency expressed through constructor parameter 0: Error creating bean with name 'categoryRepository' defined in org.example.recipes.category.CategoryRepository defined in @EnableJpaRepositories declared on JpaRepositoriesRegistrar.EnableJpaRepositoriesConfiguration: Could not create query for public abstract java.util.Optional org.example.recipes.category.CategoryRepository.findByCategoryId(java.lang.String); Reason: Failed to create query for method public abstract java.util.Optional org.example.recipes.category.CategoryRepository.findByCategoryId(java.lang.String); Could not resolve attribute 'categoryId' of 'org.example.recipes.controller.Category'
	at org.springframework.beans.factory.support.ConstructorResolver.createArgumentArray(ConstructorResolver.java:804) ~[spring-beans-6.2.6.jar:6.2.6]
	at org.springframework.beans.factory.support.ConstructorResolver.autowireConstructor(ConstructorResolver.java:240) ~[spring-beans-6.2.6.jar:6.2.6]
	at org.springframework.beans.factory.support.AbstractAutowireCapableBeanFactory.autowireConstructor(AbstractAutowireCapableBeanFactory.java:1387) ~[spring-beans-6.2.6.jar:6.2.6]
	at org.springframework.beans.factory.support.AbstractAutowireCapableBeanFactory.createBeanInstance(AbstractAutowireCapableBeanFactory.java:1224) ~[spring-beans-6.2.6.jar:6.2.6]
	at org.springframework.beans.factory.support.AbstractAutowireCapableBeanFactory.doCreateBean(AbstractAutowireCapableBeanFactory.java:569) ~[spring-beans-6.2.6.jar:6.2.6]
	at org.springframework.beans.factory.support.AbstractAutowireCapableBeanFactory.createBean(AbstractAutowireCapableBeanFactory.java:529) ~[spring-beans-6.2.6.jar:6.2.6]
	at org.springframework.beans.factory.support.AbstractBeanFactory.lambda$doGetBean$0(AbstractBeanFactory.java:339) ~[spring-beans-6.2.6.jar:6.2.6]
	at org.springframework.beans.factory.support.DefaultSingletonBeanRegistry.getSingleton(DefaultSingletonBeanRegistry.java:371) ~[spring-beans-6.2.6.jar:6.2.6]
	at org.springframework.beans.factory.support.AbstractBeanFactory.doGetBean(AbstractBeanFactory.java:337) ~[spring-beans-6.2.6.jar:6.2.6]
	at org.springframework.beans.factory.support.AbstractBeanFactory.getBean(AbstractBeanFactory.java:202) ~[spring-beans-6.2.6.jar:6.2.6]
	at org.springframework.beans.factory.config.DependencyDescriptor.resolveCandidate(DependencyDescriptor.java:254) ~[spring-beans-6.2.6.jar:6.2.6]
	at org.springframework.beans.factory.support.DefaultListableBeanFactory.doResolveDependency(DefaultListableBeanFactory.java:1739) ~[spring-beans-6.2.6.jar:6.2.6]
	at org.springframework.beans.factory.support.DefaultListableBeanFactory.resolveDependency(DefaultListableBeanFactory.java:1627) ~[spring-beans-6.2.6.jar:6.2.6]
	at org.springframework.beans.factory.support.ConstructorResolver.resolveAutowiredArgument(ConstructorResolver.java:913) ~[spring-beans-6.2.6.jar:6.2.6]
	at org.springframework.beans.factory.support.ConstructorResolver.createArgumentArray(ConstructorResolver.java:791) ~[spring-beans-6.2.6.jar:6.2.6]
	... 38 common frames omitted
Caused by: org.springframework.beans.factory.UnsatisfiedDependencyException: Error creating bean with name 'categoryServiceImpl' defined in file [C:\RecipeSharing\target\classes\org\example\recipes\category\CategoryServiceImpl.class]: Unsatisfied dependency expressed through constructor parameter 0: Error creating bean with name 'categoryRepository' defined in org.example.recipes.category.CategoryRepository defined in @EnableJpaRepositories declared on JpaRepositoriesRegistrar.EnableJpaRepositoriesConfiguration: Could not create query for public abstract java.util.Optional org.example.recipes.category.CategoryRepository.findByCategoryId(java.lang.String); Reason: Failed to create query for method public abstract java.util.Optional org.example.recipes.category.CategoryRepository.findByCategoryId(java.lang.String); Could not resolve attribute 'categoryId' of 'org.example.recipes.controller.Category'
	at org.springframework.beans.factory.support.ConstructorResolver.createArgumentArray(ConstructorResolver.java:804) ~[spring-beans-6.2.6.jar:6.2.6]
	at org.springframework.beans.factory.support.ConstructorResolver.autowireConstructor(ConstructorResolver.java:240) ~[spring-beans-6.2.6.jar:6.2.6]
	at org.springframework.beans.factory.support.AbstractAutowireCapableBeanFactory.autowireConstructor(AbstractAutowireCapableBeanFactory.java:1387) ~[spring-beans-6.2.6.jar:6.2.6]
	at org.springframework.beans.factory.support.AbstractAutowireCapableBeanFactory.createBeanInstance(AbstractAutowireCapableBeanFactory.java:1224) ~[spring-beans-6.2.6.jar:6.2.6]
	at org.springframework.beans.factory.support.AbstractAutowireCapableBeanFactory.doCreateBean(AbstractAutowireCapableBeanFactory.java:569) ~[spring-beans-6.2.6.jar:6.2.6]
	at org.springframework.beans.factory.support.AbstractAutowireCapableBeanFactory.createBean(AbstractAutowireCapableBeanFactory.java:529) ~[spring-beans-6.2.6.jar:6.2.6]
	at org.springframework.beans.factory.support.AbstractBeanFactory.lambda$doGetBean$0(AbstractBeanFactory.java:339) ~[spring-beans-6.2.6.jar:6.2.6]
	at org.springframework.beans.factory.support.DefaultSingletonBeanRegistry.getSingleton(DefaultSingletonBeanRegistry.java:371) ~[spring-beans-6.2.6.jar:6.2.6]
	at org.springframework.beans.factory.support.AbstractBeanFactory.doGetBean(AbstractBeanFactory.java:337) ~[spring-beans-6.2.6.jar:6.2.6]
	at org.springframework.beans.factory.support.AbstractBeanFactory.getBean(AbstractBeanFactory.java:202) ~[spring-beans-6.2.6.jar:6.2.6]
	at org.springframework.beans.factory.config.DependencyDescriptor.resolveCandidate(DependencyDescriptor.java:254) ~[spring-beans-6.2.6.jar:6.2.6]
	at org.springframework.beans.factory.support.DefaultListableBeanFactory.doResolveDependency(DefaultListableBeanFactory.java:1739) ~[spring-beans-6.2.6.jar:6.2.6]
	at org.springframework.beans.factory.support.DefaultListableBeanFactory.resolveDependency(DefaultListableBeanFactory.java:1627) ~[spring-beans-6.2.6.jar:6.2.6]
	at org.springframework.beans.factory.support.ConstructorResolver.resolveAutowiredArgument(ConstructorResolver.java:913) ~[spring-beans-6.2.6.jar:6.2.6]
	at org.springframework.beans.factory.support.ConstructorResolver.createArgumentArray(ConstructorResolver.java:791) ~[spring-beans-6.2.6.jar:6.2.6]
	... 52 common frames omitted
Caused by: org.springframework.beans.factory.BeanCreationException: Error creating bean with name 'categoryRepository' defined in org.example.recipes.category.CategoryRepository defined in @EnableJpaRepositories declared on JpaRepositoriesRegistrar.EnableJpaRepositoriesConfiguration: Could not create query for public abstract java.util.Optional org.example.recipes.category.CategoryRepository.findByCategoryId(java.lang.String); Reason: Failed to create query for method public abstract java.util.Optional org.example.recipes.category.CategoryRepository.findByCategoryId(java.lang.String); Could not resolve attribute 'categoryId' of 'org.example.recipes.controller.Category'
	at org.springframework.beans.factory.support.AbstractAutowireCapableBeanFactory.initializeBean(AbstractAutowireCapableBeanFactory.java:1818) ~[spring-beans-6.2.6.jar:6.2.6]
	at org.springframework.beans.factory.support.AbstractAutowireCapableBeanFactory.doCreateBean(AbstractAutowireCapableBeanFactory.java:607) ~[spring-beans-6.2.6.jar:6.2.6]
	at org.springframework.beans.factory.support.AbstractAutowireCapableBeanFactory.createBean(AbstractAutowireCapableBeanFactory.java:529) ~[spring-beans-6.2.6.jar:6.2.6]
	at org.springframework.beans.factory.support.AbstractBeanFactory.lambda$doGetBean$0(AbstractBeanFactory.java:339) ~[spring-beans-6.2.6.jar:6.2.6]
	at org.springframework.beans.factory.support.DefaultSingletonBeanRegistry.getSingleton(DefaultSingletonBeanRegistry.java:371) ~[spring-beans-6.2.6.jar:6.2.6]
	at org.springframework.beans.factory.support.AbstractBeanFactory.doGetBean(AbstractBeanFactory.java:337) ~[spring-beans-6.2.6.jar:6.2.6]
	at org.springframework.beans.factory.support.AbstractBeanFactory.getBean(AbstractBeanFactory.java:202) ~[spring-beans-6.2.6.jar:6.2.6]
	at org.springframework.beans.factory.config.DependencyDescriptor.resolveCandidate(DependencyDescriptor.java:254) ~[spring-beans-6.2.6.jar:6.2.6]
	at org.springframework.beans.factory.support.DefaultListableBeanFactory.doResolveDependency(DefaultListableBeanFactory.java:1739) ~[spring-beans-6.2.6.jar:6.2.6]
	at org.springframework.beans.factory.support.DefaultListableBeanFactory.resolveDependency(DefaultListableBeanFactory.java:1627) ~[spring-beans-6.2.6.jar:6.2.6]
	at org.springframework.beans.factory.support.ConstructorResolver.resolveAutowiredArgument(ConstructorResolver.java:913) ~[spring-beans-6.2.6.jar:6.2.6]
	at org.springframework.beans.factory.support.ConstructorResolver.createArgumentArray(ConstructorResolver.java:791) ~[spring-beans-6.2.6.jar:6.2.6]
	... 66 common frames omitted
Caused by: org.springframework.data.repository.query.QueryCreationException: Could not create query for public abstract java.util.Optional org.example.recipes.category.CategoryRepository.findByCategoryId(java.lang.String); Reason: Failed to create query for method public abstract java.util.Optional org.example.recipes.category.CategoryRepository.findByCategoryId(java.lang.String); Could not resolve attribute 'categoryId' of 'org.example.recipes.controller.Category'
	at org.springframework.data.repository.query.QueryCreationException.create(QueryCreationException.java:101) ~[spring-data-commons-3.4.5.jar:3.4.5]
	at org.springframework.data.repository.core.support.QueryExecutorMethodInterceptor.lookupQuery(QueryExecutorMethodInterceptor.java:120) ~[spring-data-commons-3.4.5.jar:3.4.5]
	at org.springframework.data.repository.core.support.QueryExecutorMethodInterceptor.mapMethodsToQuery(QueryExecutorMethodInterceptor.java:104) ~[spring-data-commons-3.4.5.jar:3.4.5]
	at org.springframework.data.repository.core.support.QueryExecutorMethodInterceptor.lambda$new$0(QueryExecutorMethodInterceptor.java:92) ~[spring-data-commons-3.4.5.jar:3.4.5]
	at java.base/java.util.Optional.map(Optional.java:260) ~[na:na]
	at org.springframework.data.repository.core.support.QueryExecutorMethodInterceptor.<init>(QueryExecutorMethodInterceptor.java:92) ~[spring-data-commons-3.4.5.jar:3.4.5]
	at org.springframework.data.repository.core.support.RepositoryFactorySupport.getRepository(RepositoryFactorySupport.java:431) ~[spring-data-commons-3.4.5.jar:3.4.5]
	at org.springframework.data.repository.core.support.RepositoryFactoryBeanSupport.lambda$afterPropertiesSet$4(RepositoryFactoryBeanSupport.java:350) ~[spring-data-commons-3.4.5.jar:3.4.5]
	at org.springframework.data.util.Lazy.getNullable(Lazy.java:135) ~[spring-data-commons-3.4.5.jar:3.4.5]
	at org.springframework.data.util.Lazy.get(Lazy.java:113) ~[spring-data-commons-3.4.5.jar:3.4.5]
	at org.springframework.data.repository.core.support.RepositoryFactoryBeanSupport.afterPropertiesSet(RepositoryFactoryBeanSupport.java:356) ~[spring-data-commons-3.4.5.jar:3.4.5]
	at org.springframework.data.jpa.repository.support.JpaRepositoryFactoryBean.afterPropertiesSet(JpaRepositoryFactoryBean.java:132) ~[spring-data-jpa-3.4.5.jar:3.4.5]
	at org.springframework.beans.factory.support.AbstractAutowireCapableBeanFactory.invokeInitMethods(AbstractAutowireCapableBeanFactory.java:1865) ~[spring-beans-6.2.6.jar:6.2.6]
	at org.springframework.beans.factory.support.AbstractAutowireCapableBeanFactory.initializeBean(AbstractAutowireCapableBeanFactory.java:1814) ~[spring-beans-6.2.6.jar:6.2.6]
	... 77 common frames omitted
Caused by: java.lang.IllegalArgumentException: Failed to create query for method public abstract java.util.Optional org.example.recipes.category.CategoryRepository.findByCategoryId(java.lang.String); Could not resolve attribute 'categoryId' of 'org.example.recipes.controller.Category'
	at org.springframework.data.jpa.repository.query.PartTreeJpaQuery.<init>(PartTreeJpaQuery.java:107) ~[spring-data-jpa-3.4.5.jar:3.4.5]
	at org.springframework.data.jpa.repository.query.JpaQueryLookupStrategy$CreateQueryLookupStrategy.resolveQuery(JpaQueryLookupStrategy.java:128) ~[spring-data-jpa-3.4.5.jar:3.4.5]
	at org.springframework.data.jpa.repository.query.JpaQueryLookupStrategy$CreateIfNotFoundQueryLookupStrategy.resolveQuery(JpaQueryLookupStrategy.java:260) ~[spring-data-jpa-3.4.5.jar:3.4.5]
	at org.springframework.data.jpa.repository.query.JpaQueryLookupStrategy$AbstractQueryLookupStrategy.resolveQuery(JpaQueryLookupStrategy.java:99) ~[spring-data-jpa-3.4.5.jar:3.4.5]
	at org.springframework.data.repository.core.support.QueryExecutorMethodInterceptor.lookupQuery(QueryExecutorMethodInterceptor.java:116) ~[spring-data-commons-3.4.5.jar:3.4.5]
	... 89 common frames omitted
Caused by: org.hibernate.query.sqm.PathElementException: Could not resolve attribute 'categoryId' of 'org.example.recipes.controller.Category'
	at org.hibernate.query.sqm.SqmPathSource.getSubPathSource(SqmPathSource.java:95) ~[hibernate-core-6.6.13.Final.jar:6.6.13.Final]
	at org.hibernate.query.sqm.tree.domain.AbstractSqmPath.get(AbstractSqmPath.java:198) ~[hibernate-core-6.6.13.Final.jar:6.6.13.Final]
	at org.hibernate.query.sqm.tree.domain.AbstractSqmPath.get(AbstractSqmPath.java:44) ~[hibernate-core-6.6.13.Final.jar:6.6.13.Final]
	at org.springframework.data.jpa.repository.query.QueryUtils.getModelForPath(QueryUtils.java:989) ~[spring-data-jpa-3.4.5.jar:3.4.5]
	at org.springframework.data.jpa.repository.query.QueryUtils.requiresOuterJoin(QueryUtils.java:839) ~[spring-data-jpa-3.4.5.jar:3.4.5]
	at org.springframework.data.jpa.repository.query.QueryUtils.toExpressionRecursively(QueryUtils.java:794) ~[spring-data-jpa-3.4.5.jar:3.4.5]
	at org.springframework.data.jpa.repository.query.QueryUtils.toExpressionRecursively(QueryUtils.java:773) ~[spring-data-jpa-3.4.5.jar:3.4.5]
	at org.springframework.data.jpa.repository.query.QueryUtils.toExpressionRecursively(QueryUtils.java:769) ~[spring-data-jpa-3.4.5.jar:3.4.5]
	at org.springframework.data.jpa.repository.query.JpaQueryCreator$PredicateBuilder.getTypedPath(JpaQueryCreator.java:387) ~[spring-data-jpa-3.4.5.jar:3.4.5]
	at org.springframework.data.jpa.repository.query.JpaQueryCreator$PredicateBuilder.build(JpaQueryCreator.java:310) ~[spring-data-jpa-3.4.5.jar:3.4.5]
	at org.springframework.data.jpa.repository.query.JpaQueryCreator.toPredicate(JpaQueryCreator.java:210) ~[spring-data-jpa-3.4.5.jar:3.4.5]
	at org.springframework.data.jpa.repository.query.JpaQueryCreator.create(JpaQueryCreator.java:121) ~[spring-data-jpa-3.4.5.jar:3.4.5]
	at org.springframework.data.jpa.repository.query.JpaQueryCreator.create(JpaQueryCreator.java:1) ~[spring-data-jpa-3.4.5.jar:3.4.5]
	at org.springframework.data.repository.query.parser.AbstractQueryCreator.createCriteria(AbstractQueryCreator.java:119) ~[spring-data-commons-3.4.5.jar:3.4.5]
	at org.springframework.data.repository.query.parser.AbstractQueryCreator.createQuery(AbstractQueryCreator.java:95) ~[spring-data-commons-3.4.5.jar:3.4.5]
	at org.springframework.data.repository.query.parser.AbstractQueryCreator.createQuery(AbstractQueryCreator.java:81) ~[spring-data-commons-3.4.5.jar:3.4.5]
	at org.springframework.data.jpa.repository.query.PartTreeJpaQuery$QueryPreparer.<init>(PartTreeJpaQuery.java:224) ~[spring-data-jpa-3.4.5.jar:3.4.5]
	at org.springframework.data.jpa.repository.query.PartTreeJpaQuery$CountQueryPreparer.<init>(PartTreeJpaQuery.java:370) ~[spring-data-jpa-3.4.5.jar:3.4.5]
	at org.springframework.data.jpa.repository.query.PartTreeJpaQuery.<init>(PartTreeJpaQuery.java:103) ~[spring-data-jpa-3.4.5.jar:3.4.5]
	... 93 common frames omitted

2025-05-21T05:12:43.996+07:00  INFO 35472 --- [restartedMain] o.e.r.RecipeSharingWebsiteApplication    : Starting RecipeSharingWebsiteApplication using Java 23 with PID 35472 (C:\RecipeSharing\target\classes started by haiye in C:\RecipeSharing)
2025-05-21T05:12:43.996+07:00  INFO 35472 --- [restartedMain] o.e.r.RecipeSharingWebsiteApplication    : No active profile set, falling back to 1 default profile: "default"
2025-05-21T05:12:44.057+07:00  INFO 35472 --- [restartedMain] .e.DevToolsPropertyDefaultsPostProcessor : Devtools property defaults active! Set 'spring.devtools.add-properties' to 'false' to disable
2025-05-21T05:12:44.057+07:00  INFO 35472 --- [restartedMain] .e.DevToolsPropertyDefaultsPostProcessor : For additional web related logging consider setting the 'logging.level.web' property to 'DEBUG'
2025-05-21T05:12:45.078+07:00  INFO 35472 --- [restartedMain] .s.d.r.c.RepositoryConfigurationDelegate : Bootstrapping Spring Data JPA repositories in DEFAULT mode.
2025-05-21T05:12:45.221+07:00  INFO 35472 --- [restartedMain] .s.d.r.c.RepositoryConfigurationDelegate : Finished Spring Data repository scanning in 136 ms. Found 10 JPA repository interfaces.
2025-05-21T05:12:45.797+07:00  INFO 35472 --- [restartedMain] o.s.b.w.embedded.tomcat.TomcatWebServer  : Tomcat initialized with port 8080 (http)
2025-05-21T05:12:45.812+07:00  INFO 35472 --- [restartedMain] o.apache.catalina.core.StandardService   : Starting service [Tomcat]
2025-05-21T05:12:45.812+07:00  INFO 35472 --- [restartedMain] o.apache.catalina.core.StandardEngine    : Starting Servlet engine: [Apache Tomcat/10.1.40]
2025-05-21T05:12:45.847+07:00  INFO 35472 --- [restartedMain] o.a.c.c.C.[Tomcat].[localhost].[/]       : Initializing Spring embedded WebApplicationContext
2025-05-21T05:12:45.847+07:00  INFO 35472 --- [restartedMain] w.s.c.ServletWebServerApplicationContext : Root WebApplicationContext: initialization completed in 1790 ms
2025-05-21T05:12:46.063+07:00  INFO 35472 --- [restartedMain] o.hibernate.jpa.internal.util.LogHelper  : HHH000204: Processing PersistenceUnitInfo [name: default]
2025-05-21T05:12:46.113+07:00  INFO 35472 --- [restartedMain] org.hibernate.Version                    : HHH000412: Hibernate ORM core version 6.6.13.Final
2025-05-21T05:12:46.147+07:00  INFO 35472 --- [restartedMain] o.h.c.internal.RegionFactoryInitiator    : HHH000026: Second-level cache disabled
2025-05-21T05:12:46.371+07:00  INFO 35472 --- [restartedMain] o.s.o.j.p.SpringPersistenceUnitInfo      : No LoadTimeWeaver setup: ignoring JPA class transformer
2025-05-21T05:12:46.396+07:00  INFO 35472 --- [restartedMain] com.zaxxer.hikari.HikariDataSource       : HikariPool-1 - Starting...
2025-05-21T05:12:46.493+07:00  INFO 35472 --- [restartedMain] com.zaxxer.hikari.pool.HikariPool        : HikariPool-1 - Added connection com.mysql.cj.jdbc.ConnectionImpl@7131e82e
2025-05-21T05:12:46.494+07:00  INFO 35472 --- [restartedMain] com.zaxxer.hikari.HikariDataSource       : HikariPool-1 - Start completed.
2025-05-21T05:12:46.514+07:00  WARN 35472 --- [restartedMain] org.hibernate.orm.deprecation            : HHH90000025: MySQL8Dialect does not need to be specified explicitly using 'hibernate.dialect' (remove the property setting and it will be selected by default)
2025-05-21T05:12:46.514+07:00  WARN 35472 --- [restartedMain] org.hibernate.orm.deprecation            : HHH90000026: MySQL8Dialect has been deprecated; use org.hibernate.dialect.MySQLDialect instead
2025-05-21T05:12:46.530+07:00  INFO 35472 --- [restartedMain] org.hibernate.orm.connections.pooling    : HHH10001005: Database info:
	Database JDBC URL [Connecting through datasource 'HikariDataSource (HikariPool-1)']
	Database driver: undefined/unknown
	Database version: 8.0
	Autocommit mode: undefined/unknown
	Isolation level: undefined/unknown
	Minimum pool size: undefined/unknown
	Maximum pool size: undefined/unknown
2025-05-21T05:12:47.230+07:00  INFO 35472 --- [restartedMain] o.h.e.t.j.p.i.JtaPlatformInitiator       : HHH000489: No JTA platform available (set 'hibernate.transaction.jta.platform' to enable JTA platform integration)
2025-05-21T05:12:47.230+07:00  INFO 35472 --- [restartedMain] j.LocalContainerEntityManagerFactoryBean : Initialized JPA EntityManagerFactory for persistence unit 'default'
2025-05-21T05:12:47.529+07:00  WARN 35472 --- [restartedMain] ConfigServletWebServerApplicationContext : Exception encountered during context initialization - cancelling refresh attempt: org.springframework.beans.factory.UnsatisfiedDependencyException: Error creating bean with name 'adminServiceImpl' defined in file [C:\RecipeSharing\target\classes\org\example\recipes\admin\AdminServiceImpl.class]: Unsatisfied dependency expressed through constructor parameter 1: Error creating bean with name 'userServiceImpl' defined in file [C:\RecipeSharing\target\classes\org\example\recipes\user\UserServiceImpl.class]: Unsatisfied dependency expressed through constructor parameter 2: Error creating bean with name 'recipeServiceImpl' defined in file [C:\RecipeSharing\target\classes\org\example\recipes\recipe\RecipeServiceImpl.class]: Unsatisfied dependency expressed through constructor parameter 2: Error creating bean with name 'categoryServiceImpl' defined in file [C:\RecipeSharing\target\classes\org\example\recipes\category\CategoryServiceImpl.class]: Unsatisfied dependency expressed through constructor parameter 0: Error creating bean with name 'categoryRepository' defined in org.example.recipes.category.CategoryRepository defined in @EnableJpaRepositories declared on JpaRepositoriesRegistrar.EnableJpaRepositoriesConfiguration: Could not create query for public abstract java.util.Optional org.example.recipes.category.CategoryRepository.findByCategoryId(java.lang.String); Reason: Failed to create query for method public abstract java.util.Optional org.example.recipes.category.CategoryRepository.findByCategoryId(java.lang.String); Could not resolve attribute 'categoryId' of 'org.example.recipes.controller.Category'
2025-05-21T05:12:47.530+07:00  INFO 35472 --- [restartedMain] j.LocalContainerEntityManagerFactoryBean : Closing JPA EntityManagerFactory for persistence unit 'default'
2025-05-21T05:12:47.530+07:00  INFO 35472 --- [restartedMain] com.zaxxer.hikari.HikariDataSource       : HikariPool-1 - Shutdown initiated...
2025-05-21T05:12:47.530+07:00  INFO 35472 --- [restartedMain] com.zaxxer.hikari.HikariDataSource       : HikariPool-1 - Shutdown completed.
2025-05-21T05:12:47.530+07:00  INFO 35472 --- [restartedMain] o.apache.catalina.core.StandardService   : Stopping service [Tomcat]
2025-05-21T05:12:47.555+07:00  INFO 35472 --- [restartedMain] .s.b.a.l.ConditionEvaluationReportLogger : 

Error starting ApplicationContext. To display the condition evaluation report re-run your application with 'debug' enabled.
2025-05-21T05:12:47.570+07:00 ERROR 35472 --- [restartedMain] o.s.boot.SpringApplication               : Application run failed

org.springframework.beans.factory.UnsatisfiedDependencyException: Error creating bean with name 'adminServiceImpl' defined in file [C:\RecipeSharing\target\classes\org\example\recipes\admin\AdminServiceImpl.class]: Unsatisfied dependency expressed through constructor parameter 1: Error creating bean with name 'userServiceImpl' defined in file [C:\RecipeSharing\target\classes\org\example\recipes\user\UserServiceImpl.class]: Unsatisfied dependency expressed through constructor parameter 2: Error creating bean with name 'recipeServiceImpl' defined in file [C:\RecipeSharing\target\classes\org\example\recipes\recipe\RecipeServiceImpl.class]: Unsatisfied dependency expressed through constructor parameter 2: Error creating bean with name 'categoryServiceImpl' defined in file [C:\RecipeSharing\target\classes\org\example\recipes\category\CategoryServiceImpl.class]: Unsatisfied dependency expressed through constructor parameter 0: Error creating bean with name 'categoryRepository' defined in org.example.recipes.category.CategoryRepository defined in @EnableJpaRepositories declared on JpaRepositoriesRegistrar.EnableJpaRepositoriesConfiguration: Could not create query for public abstract java.util.Optional org.example.recipes.category.CategoryRepository.findByCategoryId(java.lang.String); Reason: Failed to create query for method public abstract java.util.Optional org.example.recipes.category.CategoryRepository.findByCategoryId(java.lang.String); Could not resolve attribute 'categoryId' of 'org.example.recipes.controller.Category'
	at org.springframework.beans.factory.support.ConstructorResolver.createArgumentArray(ConstructorResolver.java:804) ~[spring-beans-6.2.6.jar:6.2.6]
	at org.springframework.beans.factory.support.ConstructorResolver.autowireConstructor(ConstructorResolver.java:240) ~[spring-beans-6.2.6.jar:6.2.6]
	at org.springframework.beans.factory.support.AbstractAutowireCapableBeanFactory.autowireConstructor(AbstractAutowireCapableBeanFactory.java:1387) ~[spring-beans-6.2.6.jar:6.2.6]
	at org.springframework.beans.factory.support.AbstractAutowireCapableBeanFactory.createBeanInstance(AbstractAutowireCapableBeanFactory.java:1224) ~[spring-beans-6.2.6.jar:6.2.6]
	at org.springframework.beans.factory.support.AbstractAutowireCapableBeanFactory.doCreateBean(AbstractAutowireCapableBeanFactory.java:569) ~[spring-beans-6.2.6.jar:6.2.6]
	at org.springframework.beans.factory.support.AbstractAutowireCapableBeanFactory.createBean(AbstractAutowireCapableBeanFactory.java:529) ~[spring-beans-6.2.6.jar:6.2.6]
	at org.springframework.beans.factory.support.AbstractBeanFactory.lambda$doGetBean$0(AbstractBeanFactory.java:339) ~[spring-beans-6.2.6.jar:6.2.6]
	at org.springframework.beans.factory.support.DefaultSingletonBeanRegistry.getSingleton(DefaultSingletonBeanRegistry.java:371) ~[spring-beans-6.2.6.jar:6.2.6]
	at org.springframework.beans.factory.support.AbstractBeanFactory.doGetBean(AbstractBeanFactory.java:337) ~[spring-beans-6.2.6.jar:6.2.6]
	at org.springframework.beans.factory.support.AbstractBeanFactory.getBean(AbstractBeanFactory.java:202) ~[spring-beans-6.2.6.jar:6.2.6]
	at org.springframework.beans.factory.support.DefaultListableBeanFactory.instantiateSingleton(DefaultListableBeanFactory.java:1221) ~[spring-beans-6.2.6.jar:6.2.6]
	at org.springframework.beans.factory.support.DefaultListableBeanFactory.preInstantiateSingleton(DefaultListableBeanFactory.java:1187) ~[spring-beans-6.2.6.jar:6.2.6]
	at org.springframework.beans.factory.support.DefaultListableBeanFactory.preInstantiateSingletons(DefaultListableBeanFactory.java:1122) ~[spring-beans-6.2.6.jar:6.2.6]
	at org.springframework.context.support.AbstractApplicationContext.finishBeanFactoryInitialization(AbstractApplicationContext.java:987) ~[spring-context-6.2.6.jar:6.2.6]
	at org.springframework.context.support.AbstractApplicationContext.refresh(AbstractApplicationContext.java:627) ~[spring-context-6.2.6.jar:6.2.6]
	at org.springframework.boot.web.servlet.context.ServletWebServerApplicationContext.refresh(ServletWebServerApplicationContext.java:146) ~[spring-boot-3.4.5.jar:3.4.5]
	at org.springframework.boot.SpringApplication.refresh(SpringApplication.java:753) ~[spring-boot-3.4.5.jar:3.4.5]
	at org.springframework.boot.SpringApplication.refreshContext(SpringApplication.java:439) ~[spring-boot-3.4.5.jar:3.4.5]
	at org.springframework.boot.SpringApplication.run(SpringApplication.java:318) ~[spring-boot-3.4.5.jar:3.4.5]
	at org.springframework.boot.SpringApplication.run(SpringApplication.java:1362) ~[spring-boot-3.4.5.jar:3.4.5]
	at org.springframework.boot.SpringApplication.run(SpringApplication.java:1351) ~[spring-boot-3.4.5.jar:3.4.5]
	at org.example.recipes.RecipeSharingWebsiteApplication.main(RecipeSharingWebsiteApplication.java:16) ~[classes/:na]
	at java.base/jdk.internal.reflect.DirectMethodHandleAccessor.invoke(DirectMethodHandleAccessor.java:103) ~[na:na]
	at java.base/java.lang.reflect.Method.invoke(Method.java:580) ~[na:na]
	at org.springframework.boot.devtools.restart.RestartLauncher.run(RestartLauncher.java:50) ~[spring-boot-devtools-3.4.5.jar:3.4.5]
Caused by: org.springframework.beans.factory.UnsatisfiedDependencyException: Error creating bean with name 'userServiceImpl' defined in file [C:\RecipeSharing\target\classes\org\example\recipes\user\UserServiceImpl.class]: Unsatisfied dependency expressed through constructor parameter 2: Error creating bean with name 'recipeServiceImpl' defined in file [C:\RecipeSharing\target\classes\org\example\recipes\recipe\RecipeServiceImpl.class]: Unsatisfied dependency expressed through constructor parameter 2: Error creating bean with name 'categoryServiceImpl' defined in file [C:\RecipeSharing\target\classes\org\example\recipes\category\CategoryServiceImpl.class]: Unsatisfied dependency expressed through constructor parameter 0: Error creating bean with name 'categoryRepository' defined in org.example.recipes.category.CategoryRepository defined in @EnableJpaRepositories declared on JpaRepositoriesRegistrar.EnableJpaRepositoriesConfiguration: Could not create query for public abstract java.util.Optional org.example.recipes.category.CategoryRepository.findByCategoryId(java.lang.String); Reason: Failed to create query for method public abstract java.util.Optional org.example.recipes.category.CategoryRepository.findByCategoryId(java.lang.String); Could not resolve attribute 'categoryId' of 'org.example.recipes.controller.Category'
	at org.springframework.beans.factory.support.ConstructorResolver.createArgumentArray(ConstructorResolver.java:804) ~[spring-beans-6.2.6.jar:6.2.6]
	at org.springframework.beans.factory.support.ConstructorResolver.autowireConstructor(ConstructorResolver.java:240) ~[spring-beans-6.2.6.jar:6.2.6]
	at org.springframework.beans.factory.support.AbstractAutowireCapableBeanFactory.autowireConstructor(AbstractAutowireCapableBeanFactory.java:1387) ~[spring-beans-6.2.6.jar:6.2.6]
	at org.springframework.beans.factory.support.AbstractAutowireCapableBeanFactory.createBeanInstance(AbstractAutowireCapableBeanFactory.java:1224) ~[spring-beans-6.2.6.jar:6.2.6]
	at org.springframework.beans.factory.support.AbstractAutowireCapableBeanFactory.doCreateBean(AbstractAutowireCapableBeanFactory.java:569) ~[spring-beans-6.2.6.jar:6.2.6]
	at org.springframework.beans.factory.support.AbstractAutowireCapableBeanFactory.createBean(AbstractAutowireCapableBeanFactory.java:529) ~[spring-beans-6.2.6.jar:6.2.6]
	at org.springframework.beans.factory.support.AbstractBeanFactory.lambda$doGetBean$0(AbstractBeanFactory.java:339) ~[spring-beans-6.2.6.jar:6.2.6]
	at org.springframework.beans.factory.support.DefaultSingletonBeanRegistry.getSingleton(DefaultSingletonBeanRegistry.java:371) ~[spring-beans-6.2.6.jar:6.2.6]
	at org.springframework.beans.factory.support.AbstractBeanFactory.doGetBean(AbstractBeanFactory.java:337) ~[spring-beans-6.2.6.jar:6.2.6]
	at org.springframework.beans.factory.support.AbstractBeanFactory.getBean(AbstractBeanFactory.java:202) ~[spring-beans-6.2.6.jar:6.2.6]
	at org.springframework.beans.factory.config.DependencyDescriptor.resolveCandidate(DependencyDescriptor.java:254) ~[spring-beans-6.2.6.jar:6.2.6]
	at org.springframework.beans.factory.support.DefaultListableBeanFactory.doResolveDependency(DefaultListableBeanFactory.java:1739) ~[spring-beans-6.2.6.jar:6.2.6]
	at org.springframework.beans.factory.support.DefaultListableBeanFactory.resolveDependency(DefaultListableBeanFactory.java:1627) ~[spring-beans-6.2.6.jar:6.2.6]
	at org.springframework.beans.factory.support.ConstructorResolver.resolveAutowiredArgument(ConstructorResolver.java:913) ~[spring-beans-6.2.6.jar:6.2.6]
	at org.springframework.beans.factory.support.ConstructorResolver.createArgumentArray(ConstructorResolver.java:791) ~[spring-beans-6.2.6.jar:6.2.6]
	... 24 common frames omitted
Caused by: org.springframework.beans.factory.UnsatisfiedDependencyException: Error creating bean with name 'recipeServiceImpl' defined in file [C:\RecipeSharing\target\classes\org\example\recipes\recipe\RecipeServiceImpl.class]: Unsatisfied dependency expressed through constructor parameter 2: Error creating bean with name 'categoryServiceImpl' defined in file [C:\RecipeSharing\target\classes\org\example\recipes\category\CategoryServiceImpl.class]: Unsatisfied dependency expressed through constructor parameter 0: Error creating bean with name 'categoryRepository' defined in org.example.recipes.category.CategoryRepository defined in @EnableJpaRepositories declared on JpaRepositoriesRegistrar.EnableJpaRepositoriesConfiguration: Could not create query for public abstract java.util.Optional org.example.recipes.category.CategoryRepository.findByCategoryId(java.lang.String); Reason: Failed to create query for method public abstract java.util.Optional org.example.recipes.category.CategoryRepository.findByCategoryId(java.lang.String); Could not resolve attribute 'categoryId' of 'org.example.recipes.controller.Category'
	at org.springframework.beans.factory.support.ConstructorResolver.createArgumentArray(ConstructorResolver.java:804) ~[spring-beans-6.2.6.jar:6.2.6]
	at org.springframework.beans.factory.support.ConstructorResolver.autowireConstructor(ConstructorResolver.java:240) ~[spring-beans-6.2.6.jar:6.2.6]
	at org.springframework.beans.factory.support.AbstractAutowireCapableBeanFactory.autowireConstructor(AbstractAutowireCapableBeanFactory.java:1387) ~[spring-beans-6.2.6.jar:6.2.6]
	at org.springframework.beans.factory.support.AbstractAutowireCapableBeanFactory.createBeanInstance(AbstractAutowireCapableBeanFactory.java:1224) ~[spring-beans-6.2.6.jar:6.2.6]
	at org.springframework.beans.factory.support.AbstractAutowireCapableBeanFactory.doCreateBean(AbstractAutowireCapableBeanFactory.java:569) ~[spring-beans-6.2.6.jar:6.2.6]
	at org.springframework.beans.factory.support.AbstractAutowireCapableBeanFactory.createBean(AbstractAutowireCapableBeanFactory.java:529) ~[spring-beans-6.2.6.jar:6.2.6]
	at org.springframework.beans.factory.support.AbstractBeanFactory.lambda$doGetBean$0(AbstractBeanFactory.java:339) ~[spring-beans-6.2.6.jar:6.2.6]
	at org.springframework.beans.factory.support.DefaultSingletonBeanRegistry.getSingleton(DefaultSingletonBeanRegistry.java:371) ~[spring-beans-6.2.6.jar:6.2.6]
	at org.springframework.beans.factory.support.AbstractBeanFactory.doGetBean(AbstractBeanFactory.java:337) ~[spring-beans-6.2.6.jar:6.2.6]
	at org.springframework.beans.factory.support.AbstractBeanFactory.getBean(AbstractBeanFactory.java:202) ~[spring-beans-6.2.6.jar:6.2.6]
	at org.springframework.beans.factory.config.DependencyDescriptor.resolveCandidate(DependencyDescriptor.java:254) ~[spring-beans-6.2.6.jar:6.2.6]
	at org.springframework.beans.factory.support.DefaultListableBeanFactory.doResolveDependency(DefaultListableBeanFactory.java:1739) ~[spring-beans-6.2.6.jar:6.2.6]
	at org.springframework.beans.factory.support.DefaultListableBeanFactory.resolveDependency(DefaultListableBeanFactory.java:1627) ~[spring-beans-6.2.6.jar:6.2.6]
	at org.springframework.beans.factory.support.ConstructorResolver.resolveAutowiredArgument(ConstructorResolver.java:913) ~[spring-beans-6.2.6.jar:6.2.6]
	at org.springframework.beans.factory.support.ConstructorResolver.createArgumentArray(ConstructorResolver.java:791) ~[spring-beans-6.2.6.jar:6.2.6]
	... 38 common frames omitted
Caused by: org.springframework.beans.factory.UnsatisfiedDependencyException: Error creating bean with name 'categoryServiceImpl' defined in file [C:\RecipeSharing\target\classes\org\example\recipes\category\CategoryServiceImpl.class]: Unsatisfied dependency expressed through constructor parameter 0: Error creating bean with name 'categoryRepository' defined in org.example.recipes.category.CategoryRepository defined in @EnableJpaRepositories declared on JpaRepositoriesRegistrar.EnableJpaRepositoriesConfiguration: Could not create query for public abstract java.util.Optional org.example.recipes.category.CategoryRepository.findByCategoryId(java.lang.String); Reason: Failed to create query for method public abstract java.util.Optional org.example.recipes.category.CategoryRepository.findByCategoryId(java.lang.String); Could not resolve attribute 'categoryId' of 'org.example.recipes.controller.Category'
	at org.springframework.beans.factory.support.ConstructorResolver.createArgumentArray(ConstructorResolver.java:804) ~[spring-beans-6.2.6.jar:6.2.6]
	at org.springframework.beans.factory.support.ConstructorResolver.autowireConstructor(ConstructorResolver.java:240) ~[spring-beans-6.2.6.jar:6.2.6]
	at org.springframework.beans.factory.support.AbstractAutowireCapableBeanFactory.autowireConstructor(AbstractAutowireCapableBeanFactory.java:1387) ~[spring-beans-6.2.6.jar:6.2.6]
	at org.springframework.beans.factory.support.AbstractAutowireCapableBeanFactory.createBeanInstance(AbstractAutowireCapableBeanFactory.java:1224) ~[spring-beans-6.2.6.jar:6.2.6]
	at org.springframework.beans.factory.support.AbstractAutowireCapableBeanFactory.doCreateBean(AbstractAutowireCapableBeanFactory.java:569) ~[spring-beans-6.2.6.jar:6.2.6]
	at org.springframework.beans.factory.support.AbstractAutowireCapableBeanFactory.createBean(AbstractAutowireCapableBeanFactory.java:529) ~[spring-beans-6.2.6.jar:6.2.6]
	at org.springframework.beans.factory.support.AbstractBeanFactory.lambda$doGetBean$0(AbstractBeanFactory.java:339) ~[spring-beans-6.2.6.jar:6.2.6]
	at org.springframework.beans.factory.support.DefaultSingletonBeanRegistry.getSingleton(DefaultSingletonBeanRegistry.java:371) ~[spring-beans-6.2.6.jar:6.2.6]
	at org.springframework.beans.factory.support.AbstractBeanFactory.doGetBean(AbstractBeanFactory.java:337) ~[spring-beans-6.2.6.jar:6.2.6]
	at org.springframework.beans.factory.support.AbstractBeanFactory.getBean(AbstractBeanFactory.java:202) ~[spring-beans-6.2.6.jar:6.2.6]
	at org.springframework.beans.factory.config.DependencyDescriptor.resolveCandidate(DependencyDescriptor.java:254) ~[spring-beans-6.2.6.jar:6.2.6]
	at org.springframework.beans.factory.support.DefaultListableBeanFactory.doResolveDependency(DefaultListableBeanFactory.java:1739) ~[spring-beans-6.2.6.jar:6.2.6]
	at org.springframework.beans.factory.support.DefaultListableBeanFactory.resolveDependency(DefaultListableBeanFactory.java:1627) ~[spring-beans-6.2.6.jar:6.2.6]
	at org.springframework.beans.factory.support.ConstructorResolver.resolveAutowiredArgument(ConstructorResolver.java:913) ~[spring-beans-6.2.6.jar:6.2.6]
	at org.springframework.beans.factory.support.ConstructorResolver.createArgumentArray(ConstructorResolver.java:791) ~[spring-beans-6.2.6.jar:6.2.6]
	... 52 common frames omitted
Caused by: org.springframework.beans.factory.BeanCreationException: Error creating bean with name 'categoryRepository' defined in org.example.recipes.category.CategoryRepository defined in @EnableJpaRepositories declared on JpaRepositoriesRegistrar.EnableJpaRepositoriesConfiguration: Could not create query for public abstract java.util.Optional org.example.recipes.category.CategoryRepository.findByCategoryId(java.lang.String); Reason: Failed to create query for method public abstract java.util.Optional org.example.recipes.category.CategoryRepository.findByCategoryId(java.lang.String); Could not resolve attribute 'categoryId' of 'org.example.recipes.controller.Category'
	at org.springframework.beans.factory.support.AbstractAutowireCapableBeanFactory.initializeBean(AbstractAutowireCapableBeanFactory.java:1818) ~[spring-beans-6.2.6.jar:6.2.6]
	at org.springframework.beans.factory.support.AbstractAutowireCapableBeanFactory.doCreateBean(AbstractAutowireCapableBeanFactory.java:607) ~[spring-beans-6.2.6.jar:6.2.6]
	at org.springframework.beans.factory.support.AbstractAutowireCapableBeanFactory.createBean(AbstractAutowireCapableBeanFactory.java:529) ~[spring-beans-6.2.6.jar:6.2.6]
	at org.springframework.beans.factory.support.AbstractBeanFactory.lambda$doGetBean$0(AbstractBeanFactory.java:339) ~[spring-beans-6.2.6.jar:6.2.6]
	at org.springframework.beans.factory.support.DefaultSingletonBeanRegistry.getSingleton(DefaultSingletonBeanRegistry.java:371) ~[spring-beans-6.2.6.jar:6.2.6]
	at org.springframework.beans.factory.support.AbstractBeanFactory.doGetBean(AbstractBeanFactory.java:337) ~[spring-beans-6.2.6.jar:6.2.6]
	at org.springframework.beans.factory.support.AbstractBeanFactory.getBean(AbstractBeanFactory.java:202) ~[spring-beans-6.2.6.jar:6.2.6]
	at org.springframework.beans.factory.config.DependencyDescriptor.resolveCandidate(DependencyDescriptor.java:254) ~[spring-beans-6.2.6.jar:6.2.6]
	at org.springframework.beans.factory.support.DefaultListableBeanFactory.doResolveDependency(DefaultListableBeanFactory.java:1739) ~[spring-beans-6.2.6.jar:6.2.6]
	at org.springframework.beans.factory.support.DefaultListableBeanFactory.resolveDependency(DefaultListableBeanFactory.java:1627) ~[spring-beans-6.2.6.jar:6.2.6]
	at org.springframework.beans.factory.support.ConstructorResolver.resolveAutowiredArgument(ConstructorResolver.java:913) ~[spring-beans-6.2.6.jar:6.2.6]
	at org.springframework.beans.factory.support.ConstructorResolver.createArgumentArray(ConstructorResolver.java:791) ~[spring-beans-6.2.6.jar:6.2.6]
	... 66 common frames omitted
Caused by: org.springframework.data.repository.query.QueryCreationException: Could not create query for public abstract java.util.Optional org.example.recipes.category.CategoryRepository.findByCategoryId(java.lang.String); Reason: Failed to create query for method public abstract java.util.Optional org.example.recipes.category.CategoryRepository.findByCategoryId(java.lang.String); Could not resolve attribute 'categoryId' of 'org.example.recipes.controller.Category'
	at org.springframework.data.repository.query.QueryCreationException.create(QueryCreationException.java:101) ~[spring-data-commons-3.4.5.jar:3.4.5]
	at org.springframework.data.repository.core.support.QueryExecutorMethodInterceptor.lookupQuery(QueryExecutorMethodInterceptor.java:120) ~[spring-data-commons-3.4.5.jar:3.4.5]
	at org.springframework.data.repository.core.support.QueryExecutorMethodInterceptor.mapMethodsToQuery(QueryExecutorMethodInterceptor.java:104) ~[spring-data-commons-3.4.5.jar:3.4.5]
	at org.springframework.data.repository.core.support.QueryExecutorMethodInterceptor.lambda$new$0(QueryExecutorMethodInterceptor.java:92) ~[spring-data-commons-3.4.5.jar:3.4.5]
	at java.base/java.util.Optional.map(Optional.java:260) ~[na:na]
	at org.springframework.data.repository.core.support.QueryExecutorMethodInterceptor.<init>(QueryExecutorMethodInterceptor.java:92) ~[spring-data-commons-3.4.5.jar:3.4.5]
	at org.springframework.data.repository.core.support.RepositoryFactorySupport.getRepository(RepositoryFactorySupport.java:431) ~[spring-data-commons-3.4.5.jar:3.4.5]
	at org.springframework.data.repository.core.support.RepositoryFactoryBeanSupport.lambda$afterPropertiesSet$4(RepositoryFactoryBeanSupport.java:350) ~[spring-data-commons-3.4.5.jar:3.4.5]
	at org.springframework.data.util.Lazy.getNullable(Lazy.java:135) ~[spring-data-commons-3.4.5.jar:3.4.5]
	at org.springframework.data.util.Lazy.get(Lazy.java:113) ~[spring-data-commons-3.4.5.jar:3.4.5]
	at org.springframework.data.repository.core.support.RepositoryFactoryBeanSupport.afterPropertiesSet(RepositoryFactoryBeanSupport.java:356) ~[spring-data-commons-3.4.5.jar:3.4.5]
	at org.springframework.data.jpa.repository.support.JpaRepositoryFactoryBean.afterPropertiesSet(JpaRepositoryFactoryBean.java:132) ~[spring-data-jpa-3.4.5.jar:3.4.5]
	at org.springframework.beans.factory.support.AbstractAutowireCapableBeanFactory.invokeInitMethods(AbstractAutowireCapableBeanFactory.java:1865) ~[spring-beans-6.2.6.jar:6.2.6]
	at org.springframework.beans.factory.support.AbstractAutowireCapableBeanFactory.initializeBean(AbstractAutowireCapableBeanFactory.java:1814) ~[spring-beans-6.2.6.jar:6.2.6]
	... 77 common frames omitted
Caused by: java.lang.IllegalArgumentException: Failed to create query for method public abstract java.util.Optional org.example.recipes.category.CategoryRepository.findByCategoryId(java.lang.String); Could not resolve attribute 'categoryId' of 'org.example.recipes.controller.Category'
	at org.springframework.data.jpa.repository.query.PartTreeJpaQuery.<init>(PartTreeJpaQuery.java:107) ~[spring-data-jpa-3.4.5.jar:3.4.5]
	at org.springframework.data.jpa.repository.query.JpaQueryLookupStrategy$CreateQueryLookupStrategy.resolveQuery(JpaQueryLookupStrategy.java:128) ~[spring-data-jpa-3.4.5.jar:3.4.5]
	at org.springframework.data.jpa.repository.query.JpaQueryLookupStrategy$CreateIfNotFoundQueryLookupStrategy.resolveQuery(JpaQueryLookupStrategy.java:260) ~[spring-data-jpa-3.4.5.jar:3.4.5]
	at org.springframework.data.jpa.repository.query.JpaQueryLookupStrategy$AbstractQueryLookupStrategy.resolveQuery(JpaQueryLookupStrategy.java:99) ~[spring-data-jpa-3.4.5.jar:3.4.5]
	at org.springframework.data.repository.core.support.QueryExecutorMethodInterceptor.lookupQuery(QueryExecutorMethodInterceptor.java:116) ~[spring-data-commons-3.4.5.jar:3.4.5]
	... 89 common frames omitted
Caused by: org.hibernate.query.sqm.PathElementException: Could not resolve attribute 'categoryId' of 'org.example.recipes.controller.Category'
	at org.hibernate.query.sqm.SqmPathSource.getSubPathSource(SqmPathSource.java:95) ~[hibernate-core-6.6.13.Final.jar:6.6.13.Final]
	at org.hibernate.query.sqm.tree.domain.AbstractSqmPath.get(AbstractSqmPath.java:198) ~[hibernate-core-6.6.13.Final.jar:6.6.13.Final]
	at org.hibernate.query.sqm.tree.domain.AbstractSqmPath.get(AbstractSqmPath.java:44) ~[hibernate-core-6.6.13.Final.jar:6.6.13.Final]
	at org.springframework.data.jpa.repository.query.QueryUtils.getModelForPath(QueryUtils.java:989) ~[spring-data-jpa-3.4.5.jar:3.4.5]
	at org.springframework.data.jpa.repository.query.QueryUtils.requiresOuterJoin(QueryUtils.java:839) ~[spring-data-jpa-3.4.5.jar:3.4.5]
	at org.springframework.data.jpa.repository.query.QueryUtils.toExpressionRecursively(QueryUtils.java:794) ~[spring-data-jpa-3.4.5.jar:3.4.5]
	at org.springframework.data.jpa.repository.query.QueryUtils.toExpressionRecursively(QueryUtils.java:773) ~[spring-data-jpa-3.4.5.jar:3.4.5]
	at org.springframework.data.jpa.repository.query.QueryUtils.toExpressionRecursively(QueryUtils.java:769) ~[spring-data-jpa-3.4.5.jar:3.4.5]
	at org.springframework.data.jpa.repository.query.JpaQueryCreator$PredicateBuilder.getTypedPath(JpaQueryCreator.java:387) ~[spring-data-jpa-3.4.5.jar:3.4.5]
	at org.springframework.data.jpa.repository.query.JpaQueryCreator$PredicateBuilder.build(JpaQueryCreator.java:310) ~[spring-data-jpa-3.4.5.jar:3.4.5]
	at org.springframework.data.jpa.repository.query.JpaQueryCreator.toPredicate(JpaQueryCreator.java:210) ~[spring-data-jpa-3.4.5.jar:3.4.5]
	at org.springframework.data.jpa.repository.query.JpaQueryCreator.create(JpaQueryCreator.java:121) ~[spring-data-jpa-3.4.5.jar:3.4.5]
	at org.springframework.data.jpa.repository.query.JpaQueryCreator.create(JpaQueryCreator.java:1) ~[spring-data-jpa-3.4.5.jar:3.4.5]
	at org.springframework.data.repository.query.parser.AbstractQueryCreator.createCriteria(AbstractQueryCreator.java:119) ~[spring-data-commons-3.4.5.jar:3.4.5]
	at org.springframework.data.repository.query.parser.AbstractQueryCreator.createQuery(AbstractQueryCreator.java:95) ~[spring-data-commons-3.4.5.jar:3.4.5]
	at org.springframework.data.repository.query.parser.AbstractQueryCreator.createQuery(AbstractQueryCreator.java:81) ~[spring-data-commons-3.4.5.jar:3.4.5]
	at org.springframework.data.jpa.repository.query.PartTreeJpaQuery$QueryPreparer.<init>(PartTreeJpaQuery.java:224) ~[spring-data-jpa-3.4.5.jar:3.4.5]
	at org.springframework.data.jpa.repository.query.PartTreeJpaQuery$CountQueryPreparer.<init>(PartTreeJpaQuery.java:370) ~[spring-data-jpa-3.4.5.jar:3.4.5]
	at org.springframework.data.jpa.repository.query.PartTreeJpaQuery.<init>(PartTreeJpaQuery.java:103) ~[spring-data-jpa-3.4.5.jar:3.4.5]
	... 93 common frames omitted

2025-05-21T05:13:25.620+07:00  INFO 36180 --- [restartedMain] o.e.r.RecipeSharingWebsiteApplication    : Starting RecipeSharingWebsiteApplication using Java 23 with PID 36180 (C:\RecipeSharing\target\classes started by haiye in C:\RecipeSharing)
2025-05-21T05:13:25.620+07:00  INFO 36180 --- [restartedMain] o.e.r.RecipeSharingWebsiteApplication    : No active profile set, falling back to 1 default profile: "default"
2025-05-21T05:13:25.687+07:00  INFO 36180 --- [restartedMain] .e.DevToolsPropertyDefaultsPostProcessor : Devtools property defaults active! Set 'spring.devtools.add-properties' to 'false' to disable
2025-05-21T05:13:25.687+07:00  INFO 36180 --- [restartedMain] .e.DevToolsPropertyDefaultsPostProcessor : For additional web related logging consider setting the 'logging.level.web' property to 'DEBUG'
2025-05-21T05:13:26.389+07:00  INFO 36180 --- [restartedMain] .s.d.r.c.RepositoryConfigurationDelegate : Bootstrapping Spring Data JPA repositories in DEFAULT mode.
2025-05-21T05:13:26.500+07:00  INFO 36180 --- [restartedMain] .s.d.r.c.RepositoryConfigurationDelegate : Finished Spring Data repository scanning in 105 ms. Found 10 JPA repository interfaces.
2025-05-21T05:13:27.007+07:00  INFO 36180 --- [restartedMain] o.s.b.w.embedded.tomcat.TomcatWebServer  : Tomcat initialized with port 8080 (http)
2025-05-21T05:13:27.023+07:00  INFO 36180 --- [restartedMain] o.apache.catalina.core.StandardService   : Starting service [Tomcat]
2025-05-21T05:13:27.023+07:00  INFO 36180 --- [restartedMain] o.apache.catalina.core.StandardEngine    : Starting Servlet engine: [Apache Tomcat/10.1.40]
2025-05-21T05:13:27.055+07:00  INFO 36180 --- [restartedMain] o.a.c.c.C.[Tomcat].[localhost].[/]       : Initializing Spring embedded WebApplicationContext
2025-05-21T05:13:27.055+07:00  INFO 36180 --- [restartedMain] w.s.c.ServletWebServerApplicationContext : Root WebApplicationContext: initialization completed in 1368 ms
2025-05-21T05:13:27.262+07:00  INFO 36180 --- [restartedMain] o.hibernate.jpa.internal.util.LogHelper  : HHH000204: Processing PersistenceUnitInfo [name: default]
2025-05-21T05:13:27.293+07:00  INFO 36180 --- [restartedMain] org.hibernate.Version                    : HHH000412: Hibernate ORM core version 6.6.13.Final
2025-05-21T05:13:27.309+07:00  INFO 36180 --- [restartedMain] o.h.c.internal.RegionFactoryInitiator    : HHH000026: Second-level cache disabled
2025-05-21T05:13:27.453+07:00  INFO 36180 --- [restartedMain] o.s.o.j.p.SpringPersistenceUnitInfo      : No LoadTimeWeaver setup: ignoring JPA class transformer
2025-05-21T05:13:27.484+07:00  INFO 36180 --- [restartedMain] com.zaxxer.hikari.HikariDataSource       : HikariPool-1 - Starting...
2025-05-21T05:13:27.580+07:00  INFO 36180 --- [restartedMain] com.zaxxer.hikari.pool.HikariPool        : HikariPool-1 - Added connection com.mysql.cj.jdbc.ConnectionImpl@60266f37
2025-05-21T05:13:27.580+07:00  INFO 36180 --- [restartedMain] com.zaxxer.hikari.HikariDataSource       : HikariPool-1 - Start completed.
2025-05-21T05:13:27.596+07:00  WARN 36180 --- [restartedMain] org.hibernate.orm.deprecation            : HHH90000025: MySQL8Dialect does not need to be specified explicitly using 'hibernate.dialect' (remove the property setting and it will be selected by default)
2025-05-21T05:13:27.596+07:00  WARN 36180 --- [restartedMain] org.hibernate.orm.deprecation            : HHH90000026: MySQL8Dialect has been deprecated; use org.hibernate.dialect.MySQLDialect instead
2025-05-21T05:13:27.596+07:00  INFO 36180 --- [restartedMain] org.hibernate.orm.connections.pooling    : HHH10001005: Database info:
	Database JDBC URL [Connecting through datasource 'HikariDataSource (HikariPool-1)']
	Database driver: undefined/unknown
	Database version: 8.0
	Autocommit mode: undefined/unknown
	Isolation level: undefined/unknown
	Minimum pool size: undefined/unknown
	Maximum pool size: undefined/unknown
2025-05-21T05:13:28.180+07:00  INFO 36180 --- [restartedMain] o.h.e.t.j.p.i.JtaPlatformInitiator       : HHH000489: No JTA platform available (set 'hibernate.transaction.jta.platform' to enable JTA platform integration)
2025-05-21T05:13:28.180+07:00  INFO 36180 --- [restartedMain] j.LocalContainerEntityManagerFactoryBean : Initialized JPA EntityManagerFactory for persistence unit 'default'
2025-05-21T05:13:28.466+07:00  WARN 36180 --- [restartedMain] ConfigServletWebServerApplicationContext : Exception encountered during context initialization - cancelling refresh attempt: org.springframework.beans.factory.UnsatisfiedDependencyException: Error creating bean with name 'adminServiceImpl' defined in file [C:\RecipeSharing\target\classes\org\example\recipes\admin\AdminServiceImpl.class]: Unsatisfied dependency expressed through constructor parameter 1: Error creating bean with name 'userServiceImpl' defined in file [C:\RecipeSharing\target\classes\org\example\recipes\user\UserServiceImpl.class]: Unsatisfied dependency expressed through constructor parameter 2: Error creating bean with name 'recipeServiceImpl' defined in file [C:\RecipeSharing\target\classes\org\example\recipes\recipe\RecipeServiceImpl.class]: Unsatisfied dependency expressed through constructor parameter 2: Error creating bean with name 'categoryServiceImpl' defined in file [C:\RecipeSharing\target\classes\org\example\recipes\category\CategoryServiceImpl.class]: Unsatisfied dependency expressed through constructor parameter 0: Error creating bean with name 'categoryRepository' defined in org.example.recipes.category.CategoryRepository defined in @EnableJpaRepositories declared on JpaRepositoriesRegistrar.EnableJpaRepositoriesConfiguration: Could not create query for public abstract java.util.Optional org.example.recipes.category.CategoryRepository.findByCategoryId(java.lang.String); Reason: Failed to create query for method public abstract java.util.Optional org.example.recipes.category.CategoryRepository.findByCategoryId(java.lang.String); Could not resolve attribute 'categoryId' of 'org.example.recipes.controller.Category'
2025-05-21T05:13:28.466+07:00  INFO 36180 --- [restartedMain] j.LocalContainerEntityManagerFactoryBean : Closing JPA EntityManagerFactory for persistence unit 'default'
2025-05-21T05:13:28.466+07:00  INFO 36180 --- [restartedMain] com.zaxxer.hikari.HikariDataSource       : HikariPool-1 - Shutdown initiated...
2025-05-21T05:13:28.466+07:00  INFO 36180 --- [restartedMain] com.zaxxer.hikari.HikariDataSource       : HikariPool-1 - Shutdown completed.
2025-05-21T05:13:28.466+07:00  INFO 36180 --- [restartedMain] o.apache.catalina.core.StandardService   : Stopping service [Tomcat]
2025-05-21T05:13:28.482+07:00  INFO 36180 --- [restartedMain] .s.b.a.l.ConditionEvaluationReportLogger : 

Error starting ApplicationContext. To display the condition evaluation report re-run your application with 'debug' enabled.
2025-05-21T05:13:28.498+07:00 ERROR 36180 --- [restartedMain] o.s.boot.SpringApplication               : Application run failed

org.springframework.beans.factory.UnsatisfiedDependencyException: Error creating bean with name 'adminServiceImpl' defined in file [C:\RecipeSharing\target\classes\org\example\recipes\admin\AdminServiceImpl.class]: Unsatisfied dependency expressed through constructor parameter 1: Error creating bean with name 'userServiceImpl' defined in file [C:\RecipeSharing\target\classes\org\example\recipes\user\UserServiceImpl.class]: Unsatisfied dependency expressed through constructor parameter 2: Error creating bean with name 'recipeServiceImpl' defined in file [C:\RecipeSharing\target\classes\org\example\recipes\recipe\RecipeServiceImpl.class]: Unsatisfied dependency expressed through constructor parameter 2: Error creating bean with name 'categoryServiceImpl' defined in file [C:\RecipeSharing\target\classes\org\example\recipes\category\CategoryServiceImpl.class]: Unsatisfied dependency expressed through constructor parameter 0: Error creating bean with name 'categoryRepository' defined in org.example.recipes.category.CategoryRepository defined in @EnableJpaRepositories declared on JpaRepositoriesRegistrar.EnableJpaRepositoriesConfiguration: Could not create query for public abstract java.util.Optional org.example.recipes.category.CategoryRepository.findByCategoryId(java.lang.String); Reason: Failed to create query for method public abstract java.util.Optional org.example.recipes.category.CategoryRepository.findByCategoryId(java.lang.String); Could not resolve attribute 'categoryId' of 'org.example.recipes.controller.Category'
	at org.springframework.beans.factory.support.ConstructorResolver.createArgumentArray(ConstructorResolver.java:804) ~[spring-beans-6.2.6.jar:6.2.6]
	at org.springframework.beans.factory.support.ConstructorResolver.autowireConstructor(ConstructorResolver.java:240) ~[spring-beans-6.2.6.jar:6.2.6]
	at org.springframework.beans.factory.support.AbstractAutowireCapableBeanFactory.autowireConstructor(AbstractAutowireCapableBeanFactory.java:1387) ~[spring-beans-6.2.6.jar:6.2.6]
	at org.springframework.beans.factory.support.AbstractAutowireCapableBeanFactory.createBeanInstance(AbstractAutowireCapableBeanFactory.java:1224) ~[spring-beans-6.2.6.jar:6.2.6]
	at org.springframework.beans.factory.support.AbstractAutowireCapableBeanFactory.doCreateBean(AbstractAutowireCapableBeanFactory.java:569) ~[spring-beans-6.2.6.jar:6.2.6]
	at org.springframework.beans.factory.support.AbstractAutowireCapableBeanFactory.createBean(AbstractAutowireCapableBeanFactory.java:529) ~[spring-beans-6.2.6.jar:6.2.6]
	at org.springframework.beans.factory.support.AbstractBeanFactory.lambda$doGetBean$0(AbstractBeanFactory.java:339) ~[spring-beans-6.2.6.jar:6.2.6]
	at org.springframework.beans.factory.support.DefaultSingletonBeanRegistry.getSingleton(DefaultSingletonBeanRegistry.java:371) ~[spring-beans-6.2.6.jar:6.2.6]
	at org.springframework.beans.factory.support.AbstractBeanFactory.doGetBean(AbstractBeanFactory.java:337) ~[spring-beans-6.2.6.jar:6.2.6]
	at org.springframework.beans.factory.support.AbstractBeanFactory.getBean(AbstractBeanFactory.java:202) ~[spring-beans-6.2.6.jar:6.2.6]
	at org.springframework.beans.factory.support.DefaultListableBeanFactory.instantiateSingleton(DefaultListableBeanFactory.java:1221) ~[spring-beans-6.2.6.jar:6.2.6]
	at org.springframework.beans.factory.support.DefaultListableBeanFactory.preInstantiateSingleton(DefaultListableBeanFactory.java:1187) ~[spring-beans-6.2.6.jar:6.2.6]
	at org.springframework.beans.factory.support.DefaultListableBeanFactory.preInstantiateSingletons(DefaultListableBeanFactory.java:1122) ~[spring-beans-6.2.6.jar:6.2.6]
	at org.springframework.context.support.AbstractApplicationContext.finishBeanFactoryInitialization(AbstractApplicationContext.java:987) ~[spring-context-6.2.6.jar:6.2.6]
	at org.springframework.context.support.AbstractApplicationContext.refresh(AbstractApplicationContext.java:627) ~[spring-context-6.2.6.jar:6.2.6]
	at org.springframework.boot.web.servlet.context.ServletWebServerApplicationContext.refresh(ServletWebServerApplicationContext.java:146) ~[spring-boot-3.4.5.jar:3.4.5]
	at org.springframework.boot.SpringApplication.refresh(SpringApplication.java:753) ~[spring-boot-3.4.5.jar:3.4.5]
	at org.springframework.boot.SpringApplication.refreshContext(SpringApplication.java:439) ~[spring-boot-3.4.5.jar:3.4.5]
	at org.springframework.boot.SpringApplication.run(SpringApplication.java:318) ~[spring-boot-3.4.5.jar:3.4.5]
	at org.springframework.boot.SpringApplication.run(SpringApplication.java:1362) ~[spring-boot-3.4.5.jar:3.4.5]
	at org.springframework.boot.SpringApplication.run(SpringApplication.java:1351) ~[spring-boot-3.4.5.jar:3.4.5]
	at org.example.recipes.RecipeSharingWebsiteApplication.main(RecipeSharingWebsiteApplication.java:16) ~[classes/:na]
	at java.base/jdk.internal.reflect.DirectMethodHandleAccessor.invoke(DirectMethodHandleAccessor.java:103) ~[na:na]
	at java.base/java.lang.reflect.Method.invoke(Method.java:580) ~[na:na]
	at org.springframework.boot.devtools.restart.RestartLauncher.run(RestartLauncher.java:50) ~[spring-boot-devtools-3.4.5.jar:3.4.5]
Caused by: org.springframework.beans.factory.UnsatisfiedDependencyException: Error creating bean with name 'userServiceImpl' defined in file [C:\RecipeSharing\target\classes\org\example\recipes\user\UserServiceImpl.class]: Unsatisfied dependency expressed through constructor parameter 2: Error creating bean with name 'recipeServiceImpl' defined in file [C:\RecipeSharing\target\classes\org\example\recipes\recipe\RecipeServiceImpl.class]: Unsatisfied dependency expressed through constructor parameter 2: Error creating bean with name 'categoryServiceImpl' defined in file [C:\RecipeSharing\target\classes\org\example\recipes\category\CategoryServiceImpl.class]: Unsatisfied dependency expressed through constructor parameter 0: Error creating bean with name 'categoryRepository' defined in org.example.recipes.category.CategoryRepository defined in @EnableJpaRepositories declared on JpaRepositoriesRegistrar.EnableJpaRepositoriesConfiguration: Could not create query for public abstract java.util.Optional org.example.recipes.category.CategoryRepository.findByCategoryId(java.lang.String); Reason: Failed to create query for method public abstract java.util.Optional org.example.recipes.category.CategoryRepository.findByCategoryId(java.lang.String); Could not resolve attribute 'categoryId' of 'org.example.recipes.controller.Category'
	at org.springframework.beans.factory.support.ConstructorResolver.createArgumentArray(ConstructorResolver.java:804) ~[spring-beans-6.2.6.jar:6.2.6]
	at org.springframework.beans.factory.support.ConstructorResolver.autowireConstructor(ConstructorResolver.java:240) ~[spring-beans-6.2.6.jar:6.2.6]
	at org.springframework.beans.factory.support.AbstractAutowireCapableBeanFactory.autowireConstructor(AbstractAutowireCapableBeanFactory.java:1387) ~[spring-beans-6.2.6.jar:6.2.6]
	at org.springframework.beans.factory.support.AbstractAutowireCapableBeanFactory.createBeanInstance(AbstractAutowireCapableBeanFactory.java:1224) ~[spring-beans-6.2.6.jar:6.2.6]
	at org.springframework.beans.factory.support.AbstractAutowireCapableBeanFactory.doCreateBean(AbstractAutowireCapableBeanFactory.java:569) ~[spring-beans-6.2.6.jar:6.2.6]
	at org.springframework.beans.factory.support.AbstractAutowireCapableBeanFactory.createBean(AbstractAutowireCapableBeanFactory.java:529) ~[spring-beans-6.2.6.jar:6.2.6]
	at org.springframework.beans.factory.support.AbstractBeanFactory.lambda$doGetBean$0(AbstractBeanFactory.java:339) ~[spring-beans-6.2.6.jar:6.2.6]
	at org.springframework.beans.factory.support.DefaultSingletonBeanRegistry.getSingleton(DefaultSingletonBeanRegistry.java:371) ~[spring-beans-6.2.6.jar:6.2.6]
	at org.springframework.beans.factory.support.AbstractBeanFactory.doGetBean(AbstractBeanFactory.java:337) ~[spring-beans-6.2.6.jar:6.2.6]
	at org.springframework.beans.factory.support.AbstractBeanFactory.getBean(AbstractBeanFactory.java:202) ~[spring-beans-6.2.6.jar:6.2.6]
	at org.springframework.beans.factory.config.DependencyDescriptor.resolveCandidate(DependencyDescriptor.java:254) ~[spring-beans-6.2.6.jar:6.2.6]
	at org.springframework.beans.factory.support.DefaultListableBeanFactory.doResolveDependency(DefaultListableBeanFactory.java:1739) ~[spring-beans-6.2.6.jar:6.2.6]
	at org.springframework.beans.factory.support.DefaultListableBeanFactory.resolveDependency(DefaultListableBeanFactory.java:1627) ~[spring-beans-6.2.6.jar:6.2.6]
	at org.springframework.beans.factory.support.ConstructorResolver.resolveAutowiredArgument(ConstructorResolver.java:913) ~[spring-beans-6.2.6.jar:6.2.6]
	at org.springframework.beans.factory.support.ConstructorResolver.createArgumentArray(ConstructorResolver.java:791) ~[spring-beans-6.2.6.jar:6.2.6]
	... 24 common frames omitted
Caused by: org.springframework.beans.factory.UnsatisfiedDependencyException: Error creating bean with name 'recipeServiceImpl' defined in file [C:\RecipeSharing\target\classes\org\example\recipes\recipe\RecipeServiceImpl.class]: Unsatisfied dependency expressed through constructor parameter 2: Error creating bean with name 'categoryServiceImpl' defined in file [C:\RecipeSharing\target\classes\org\example\recipes\category\CategoryServiceImpl.class]: Unsatisfied dependency expressed through constructor parameter 0: Error creating bean with name 'categoryRepository' defined in org.example.recipes.category.CategoryRepository defined in @EnableJpaRepositories declared on JpaRepositoriesRegistrar.EnableJpaRepositoriesConfiguration: Could not create query for public abstract java.util.Optional org.example.recipes.category.CategoryRepository.findByCategoryId(java.lang.String); Reason: Failed to create query for method public abstract java.util.Optional org.example.recipes.category.CategoryRepository.findByCategoryId(java.lang.String); Could not resolve attribute 'categoryId' of 'org.example.recipes.controller.Category'
	at org.springframework.beans.factory.support.ConstructorResolver.createArgumentArray(ConstructorResolver.java:804) ~[spring-beans-6.2.6.jar:6.2.6]
	at org.springframework.beans.factory.support.ConstructorResolver.autowireConstructor(ConstructorResolver.java:240) ~[spring-beans-6.2.6.jar:6.2.6]
	at org.springframework.beans.factory.support.AbstractAutowireCapableBeanFactory.autowireConstructor(AbstractAutowireCapableBeanFactory.java:1387) ~[spring-beans-6.2.6.jar:6.2.6]
	at org.springframework.beans.factory.support.AbstractAutowireCapableBeanFactory.createBeanInstance(AbstractAutowireCapableBeanFactory.java:1224) ~[spring-beans-6.2.6.jar:6.2.6]
	at org.springframework.beans.factory.support.AbstractAutowireCapableBeanFactory.doCreateBean(AbstractAutowireCapableBeanFactory.java:569) ~[spring-beans-6.2.6.jar:6.2.6]
	at org.springframework.beans.factory.support.AbstractAutowireCapableBeanFactory.createBean(AbstractAutowireCapableBeanFactory.java:529) ~[spring-beans-6.2.6.jar:6.2.6]
	at org.springframework.beans.factory.support.AbstractBeanFactory.lambda$doGetBean$0(AbstractBeanFactory.java:339) ~[spring-beans-6.2.6.jar:6.2.6]
	at org.springframework.beans.factory.support.DefaultSingletonBeanRegistry.getSingleton(DefaultSingletonBeanRegistry.java:371) ~[spring-beans-6.2.6.jar:6.2.6]
	at org.springframework.beans.factory.support.AbstractBeanFactory.doGetBean(AbstractBeanFactory.java:337) ~[spring-beans-6.2.6.jar:6.2.6]
	at org.springframework.beans.factory.support.AbstractBeanFactory.getBean(AbstractBeanFactory.java:202) ~[spring-beans-6.2.6.jar:6.2.6]
	at org.springframework.beans.factory.config.DependencyDescriptor.resolveCandidate(DependencyDescriptor.java:254) ~[spring-beans-6.2.6.jar:6.2.6]
	at org.springframework.beans.factory.support.DefaultListableBeanFactory.doResolveDependency(DefaultListableBeanFactory.java:1739) ~[spring-beans-6.2.6.jar:6.2.6]
	at org.springframework.beans.factory.support.DefaultListableBeanFactory.resolveDependency(DefaultListableBeanFactory.java:1627) ~[spring-beans-6.2.6.jar:6.2.6]
	at org.springframework.beans.factory.support.ConstructorResolver.resolveAutowiredArgument(ConstructorResolver.java:913) ~[spring-beans-6.2.6.jar:6.2.6]
	at org.springframework.beans.factory.support.ConstructorResolver.createArgumentArray(ConstructorResolver.java:791) ~[spring-beans-6.2.6.jar:6.2.6]
	... 38 common frames omitted
Caused by: org.springframework.beans.factory.UnsatisfiedDependencyException: Error creating bean with name 'categoryServiceImpl' defined in file [C:\RecipeSharing\target\classes\org\example\recipes\category\CategoryServiceImpl.class]: Unsatisfied dependency expressed through constructor parameter 0: Error creating bean with name 'categoryRepository' defined in org.example.recipes.category.CategoryRepository defined in @EnableJpaRepositories declared on JpaRepositoriesRegistrar.EnableJpaRepositoriesConfiguration: Could not create query for public abstract java.util.Optional org.example.recipes.category.CategoryRepository.findByCategoryId(java.lang.String); Reason: Failed to create query for method public abstract java.util.Optional org.example.recipes.category.CategoryRepository.findByCategoryId(java.lang.String); Could not resolve attribute 'categoryId' of 'org.example.recipes.controller.Category'
	at org.springframework.beans.factory.support.ConstructorResolver.createArgumentArray(ConstructorResolver.java:804) ~[spring-beans-6.2.6.jar:6.2.6]
	at org.springframework.beans.factory.support.ConstructorResolver.autowireConstructor(ConstructorResolver.java:240) ~[spring-beans-6.2.6.jar:6.2.6]
	at org.springframework.beans.factory.support.AbstractAutowireCapableBeanFactory.autowireConstructor(AbstractAutowireCapableBeanFactory.java:1387) ~[spring-beans-6.2.6.jar:6.2.6]
	at org.springframework.beans.factory.support.AbstractAutowireCapableBeanFactory.createBeanInstance(AbstractAutowireCapableBeanFactory.java:1224) ~[spring-beans-6.2.6.jar:6.2.6]
	at org.springframework.beans.factory.support.AbstractAutowireCapableBeanFactory.doCreateBean(AbstractAutowireCapableBeanFactory.java:569) ~[spring-beans-6.2.6.jar:6.2.6]
	at org.springframework.beans.factory.support.AbstractAutowireCapableBeanFactory.createBean(AbstractAutowireCapableBeanFactory.java:529) ~[spring-beans-6.2.6.jar:6.2.6]
	at org.springframework.beans.factory.support.AbstractBeanFactory.lambda$doGetBean$0(AbstractBeanFactory.java:339) ~[spring-beans-6.2.6.jar:6.2.6]
	at org.springframework.beans.factory.support.DefaultSingletonBeanRegistry.getSingleton(DefaultSingletonBeanRegistry.java:371) ~[spring-beans-6.2.6.jar:6.2.6]
	at org.springframework.beans.factory.support.AbstractBeanFactory.doGetBean(AbstractBeanFactory.java:337) ~[spring-beans-6.2.6.jar:6.2.6]
	at org.springframework.beans.factory.support.AbstractBeanFactory.getBean(AbstractBeanFactory.java:202) ~[spring-beans-6.2.6.jar:6.2.6]
	at org.springframework.beans.factory.config.DependencyDescriptor.resolveCandidate(DependencyDescriptor.java:254) ~[spring-beans-6.2.6.jar:6.2.6]
	at org.springframework.beans.factory.support.DefaultListableBeanFactory.doResolveDependency(DefaultListableBeanFactory.java:1739) ~[spring-beans-6.2.6.jar:6.2.6]
	at org.springframework.beans.factory.support.DefaultListableBeanFactory.resolveDependency(DefaultListableBeanFactory.java:1627) ~[spring-beans-6.2.6.jar:6.2.6]
	at org.springframework.beans.factory.support.ConstructorResolver.resolveAutowiredArgument(ConstructorResolver.java:913) ~[spring-beans-6.2.6.jar:6.2.6]
	at org.springframework.beans.factory.support.ConstructorResolver.createArgumentArray(ConstructorResolver.java:791) ~[spring-beans-6.2.6.jar:6.2.6]
	... 52 common frames omitted
Caused by: org.springframework.beans.factory.BeanCreationException: Error creating bean with name 'categoryRepository' defined in org.example.recipes.category.CategoryRepository defined in @EnableJpaRepositories declared on JpaRepositoriesRegistrar.EnableJpaRepositoriesConfiguration: Could not create query for public abstract java.util.Optional org.example.recipes.category.CategoryRepository.findByCategoryId(java.lang.String); Reason: Failed to create query for method public abstract java.util.Optional org.example.recipes.category.CategoryRepository.findByCategoryId(java.lang.String); Could not resolve attribute 'categoryId' of 'org.example.recipes.controller.Category'
	at org.springframework.beans.factory.support.AbstractAutowireCapableBeanFactory.initializeBean(AbstractAutowireCapableBeanFactory.java:1818) ~[spring-beans-6.2.6.jar:6.2.6]
	at org.springframework.beans.factory.support.AbstractAutowireCapableBeanFactory.doCreateBean(AbstractAutowireCapableBeanFactory.java:607) ~[spring-beans-6.2.6.jar:6.2.6]
	at org.springframework.beans.factory.support.AbstractAutowireCapableBeanFactory.createBean(AbstractAutowireCapableBeanFactory.java:529) ~[spring-beans-6.2.6.jar:6.2.6]
	at org.springframework.beans.factory.support.AbstractBeanFactory.lambda$doGetBean$0(AbstractBeanFactory.java:339) ~[spring-beans-6.2.6.jar:6.2.6]
	at org.springframework.beans.factory.support.DefaultSingletonBeanRegistry.getSingleton(DefaultSingletonBeanRegistry.java:371) ~[spring-beans-6.2.6.jar:6.2.6]
	at org.springframework.beans.factory.support.AbstractBeanFactory.doGetBean(AbstractBeanFactory.java:337) ~[spring-beans-6.2.6.jar:6.2.6]
	at org.springframework.beans.factory.support.AbstractBeanFactory.getBean(AbstractBeanFactory.java:202) ~[spring-beans-6.2.6.jar:6.2.6]
	at org.springframework.beans.factory.config.DependencyDescriptor.resolveCandidate(DependencyDescriptor.java:254) ~[spring-beans-6.2.6.jar:6.2.6]
	at org.springframework.beans.factory.support.DefaultListableBeanFactory.doResolveDependency(DefaultListableBeanFactory.java:1739) ~[spring-beans-6.2.6.jar:6.2.6]
	at org.springframework.beans.factory.support.DefaultListableBeanFactory.resolveDependency(DefaultListableBeanFactory.java:1627) ~[spring-beans-6.2.6.jar:6.2.6]
	at org.springframework.beans.factory.support.ConstructorResolver.resolveAutowiredArgument(ConstructorResolver.java:913) ~[spring-beans-6.2.6.jar:6.2.6]
	at org.springframework.beans.factory.support.ConstructorResolver.createArgumentArray(ConstructorResolver.java:791) ~[spring-beans-6.2.6.jar:6.2.6]
	... 66 common frames omitted
Caused by: org.springframework.data.repository.query.QueryCreationException: Could not create query for public abstract java.util.Optional org.example.recipes.category.CategoryRepository.findByCategoryId(java.lang.String); Reason: Failed to create query for method public abstract java.util.Optional org.example.recipes.category.CategoryRepository.findByCategoryId(java.lang.String); Could not resolve attribute 'categoryId' of 'org.example.recipes.controller.Category'
	at org.springframework.data.repository.query.QueryCreationException.create(QueryCreationException.java:101) ~[spring-data-commons-3.4.5.jar:3.4.5]
	at org.springframework.data.repository.core.support.QueryExecutorMethodInterceptor.lookupQuery(QueryExecutorMethodInterceptor.java:120) ~[spring-data-commons-3.4.5.jar:3.4.5]
	at org.springframework.data.repository.core.support.QueryExecutorMethodInterceptor.mapMethodsToQuery(QueryExecutorMethodInterceptor.java:104) ~[spring-data-commons-3.4.5.jar:3.4.5]
	at org.springframework.data.repository.core.support.QueryExecutorMethodInterceptor.lambda$new$0(QueryExecutorMethodInterceptor.java:92) ~[spring-data-commons-3.4.5.jar:3.4.5]
	at java.base/java.util.Optional.map(Optional.java:260) ~[na:na]
	at org.springframework.data.repository.core.support.QueryExecutorMethodInterceptor.<init>(QueryExecutorMethodInterceptor.java:92) ~[spring-data-commons-3.4.5.jar:3.4.5]
	at org.springframework.data.repository.core.support.RepositoryFactorySupport.getRepository(RepositoryFactorySupport.java:431) ~[spring-data-commons-3.4.5.jar:3.4.5]
	at org.springframework.data.repository.core.support.RepositoryFactoryBeanSupport.lambda$afterPropertiesSet$4(RepositoryFactoryBeanSupport.java:350) ~[spring-data-commons-3.4.5.jar:3.4.5]
	at org.springframework.data.util.Lazy.getNullable(Lazy.java:135) ~[spring-data-commons-3.4.5.jar:3.4.5]
	at org.springframework.data.util.Lazy.get(Lazy.java:113) ~[spring-data-commons-3.4.5.jar:3.4.5]
	at org.springframework.data.repository.core.support.RepositoryFactoryBeanSupport.afterPropertiesSet(RepositoryFactoryBeanSupport.java:356) ~[spring-data-commons-3.4.5.jar:3.4.5]
	at org.springframework.data.jpa.repository.support.JpaRepositoryFactoryBean.afterPropertiesSet(JpaRepositoryFactoryBean.java:132) ~[spring-data-jpa-3.4.5.jar:3.4.5]
	at org.springframework.beans.factory.support.AbstractAutowireCapableBeanFactory.invokeInitMethods(AbstractAutowireCapableBeanFactory.java:1865) ~[spring-beans-6.2.6.jar:6.2.6]
	at org.springframework.beans.factory.support.AbstractAutowireCapableBeanFactory.initializeBean(AbstractAutowireCapableBeanFactory.java:1814) ~[spring-beans-6.2.6.jar:6.2.6]
	... 77 common frames omitted
Caused by: java.lang.IllegalArgumentException: Failed to create query for method public abstract java.util.Optional org.example.recipes.category.CategoryRepository.findByCategoryId(java.lang.String); Could not resolve attribute 'categoryId' of 'org.example.recipes.controller.Category'
	at org.springframework.data.jpa.repository.query.PartTreeJpaQuery.<init>(PartTreeJpaQuery.java:107) ~[spring-data-jpa-3.4.5.jar:3.4.5]
	at org.springframework.data.jpa.repository.query.JpaQueryLookupStrategy$CreateQueryLookupStrategy.resolveQuery(JpaQueryLookupStrategy.java:128) ~[spring-data-jpa-3.4.5.jar:3.4.5]
	at org.springframework.data.jpa.repository.query.JpaQueryLookupStrategy$CreateIfNotFoundQueryLookupStrategy.resolveQuery(JpaQueryLookupStrategy.java:260) ~[spring-data-jpa-3.4.5.jar:3.4.5]
	at org.springframework.data.jpa.repository.query.JpaQueryLookupStrategy$AbstractQueryLookupStrategy.resolveQuery(JpaQueryLookupStrategy.java:99) ~[spring-data-jpa-3.4.5.jar:3.4.5]
	at org.springframework.data.repository.core.support.QueryExecutorMethodInterceptor.lookupQuery(QueryExecutorMethodInterceptor.java:116) ~[spring-data-commons-3.4.5.jar:3.4.5]
	... 89 common frames omitted
Caused by: org.hibernate.query.sqm.PathElementException: Could not resolve attribute 'categoryId' of 'org.example.recipes.controller.Category'
	at org.hibernate.query.sqm.SqmPathSource.getSubPathSource(SqmPathSource.java:95) ~[hibernate-core-6.6.13.Final.jar:6.6.13.Final]
	at org.hibernate.query.sqm.tree.domain.AbstractSqmPath.get(AbstractSqmPath.java:198) ~[hibernate-core-6.6.13.Final.jar:6.6.13.Final]
	at org.hibernate.query.sqm.tree.domain.AbstractSqmPath.get(AbstractSqmPath.java:44) ~[hibernate-core-6.6.13.Final.jar:6.6.13.Final]
	at org.springframework.data.jpa.repository.query.QueryUtils.getModelForPath(QueryUtils.java:989) ~[spring-data-jpa-3.4.5.jar:3.4.5]
	at org.springframework.data.jpa.repository.query.QueryUtils.requiresOuterJoin(QueryUtils.java:839) ~[spring-data-jpa-3.4.5.jar:3.4.5]
	at org.springframework.data.jpa.repository.query.QueryUtils.toExpressionRecursively(QueryUtils.java:794) ~[spring-data-jpa-3.4.5.jar:3.4.5]
	at org.springframework.data.jpa.repository.query.QueryUtils.toExpressionRecursively(QueryUtils.java:773) ~[spring-data-jpa-3.4.5.jar:3.4.5]
	at org.springframework.data.jpa.repository.query.QueryUtils.toExpressionRecursively(QueryUtils.java:769) ~[spring-data-jpa-3.4.5.jar:3.4.5]
	at org.springframework.data.jpa.repository.query.JpaQueryCreator$PredicateBuilder.getTypedPath(JpaQueryCreator.java:387) ~[spring-data-jpa-3.4.5.jar:3.4.5]
	at org.springframework.data.jpa.repository.query.JpaQueryCreator$PredicateBuilder.build(JpaQueryCreator.java:310) ~[spring-data-jpa-3.4.5.jar:3.4.5]
	at org.springframework.data.jpa.repository.query.JpaQueryCreator.toPredicate(JpaQueryCreator.java:210) ~[spring-data-jpa-3.4.5.jar:3.4.5]
	at org.springframework.data.jpa.repository.query.JpaQueryCreator.create(JpaQueryCreator.java:121) ~[spring-data-jpa-3.4.5.jar:3.4.5]
	at org.springframework.data.jpa.repository.query.JpaQueryCreator.create(JpaQueryCreator.java:1) ~[spring-data-jpa-3.4.5.jar:3.4.5]
	at org.springframework.data.repository.query.parser.AbstractQueryCreator.createCriteria(AbstractQueryCreator.java:119) ~[spring-data-commons-3.4.5.jar:3.4.5]
	at org.springframework.data.repository.query.parser.AbstractQueryCreator.createQuery(AbstractQueryCreator.java:95) ~[spring-data-commons-3.4.5.jar:3.4.5]
	at org.springframework.data.repository.query.parser.AbstractQueryCreator.createQuery(AbstractQueryCreator.java:81) ~[spring-data-commons-3.4.5.jar:3.4.5]
	at org.springframework.data.jpa.repository.query.PartTreeJpaQuery$QueryPreparer.<init>(PartTreeJpaQuery.java:224) ~[spring-data-jpa-3.4.5.jar:3.4.5]
	at org.springframework.data.jpa.repository.query.PartTreeJpaQuery$CountQueryPreparer.<init>(PartTreeJpaQuery.java:370) ~[spring-data-jpa-3.4.5.jar:3.4.5]
	at org.springframework.data.jpa.repository.query.PartTreeJpaQuery.<init>(PartTreeJpaQuery.java:103) ~[spring-data-jpa-3.4.5.jar:3.4.5]
	... 93 common frames omitted

2025-05-21T05:13:58.959+07:00  INFO 18256 --- [restartedMain] o.e.r.RecipeSharingWebsiteApplication    : Starting RecipeSharingWebsiteApplication using Java 23 with PID 18256 (C:\RecipeSharing\target\classes started by haiye in C:\RecipeSharing)
2025-05-21T05:13:58.961+07:00  INFO 18256 --- [restartedMain] o.e.r.RecipeSharingWebsiteApplication    : No active profile set, falling back to 1 default profile: "default"
2025-05-21T05:13:59.019+07:00  INFO 18256 --- [restartedMain] .e.DevToolsPropertyDefaultsPostProcessor : Devtools property defaults active! Set 'spring.devtools.add-properties' to 'false' to disable
2025-05-21T05:13:59.020+07:00  INFO 18256 --- [restartedMain] .e.DevToolsPropertyDefaultsPostProcessor : For additional web related logging consider setting the 'logging.level.web' property to 'DEBUG'
2025-05-21T05:13:59.715+07:00  INFO 18256 --- [restartedMain] .s.d.r.c.RepositoryConfigurationDelegate : Bootstrapping Spring Data JPA repositories in DEFAULT mode.
2025-05-21T05:13:59.824+07:00  INFO 18256 --- [restartedMain] .s.d.r.c.RepositoryConfigurationDelegate : Finished Spring Data repository scanning in 104 ms. Found 10 JPA repository interfaces.
2025-05-21T05:14:00.356+07:00  INFO 18256 --- [restartedMain] o.s.b.w.embedded.tomcat.TomcatWebServer  : Tomcat initialized with port 8080 (http)
2025-05-21T05:14:00.365+07:00  INFO 18256 --- [restartedMain] o.apache.catalina.core.StandardService   : Starting service [Tomcat]
2025-05-21T05:14:00.365+07:00  INFO 18256 --- [restartedMain] o.apache.catalina.core.StandardEngine    : Starting Servlet engine: [Apache Tomcat/10.1.40]
2025-05-21T05:14:00.395+07:00  INFO 18256 --- [restartedMain] o.a.c.c.C.[Tomcat].[localhost].[/]       : Initializing Spring embedded WebApplicationContext
2025-05-21T05:14:00.396+07:00  INFO 18256 --- [restartedMain] w.s.c.ServletWebServerApplicationContext : Root WebApplicationContext: initialization completed in 1376 ms
2025-05-21T05:14:00.606+07:00  INFO 18256 --- [restartedMain] o.hibernate.jpa.internal.util.LogHelper  : HHH000204: Processing PersistenceUnitInfo [name: default]
2025-05-21T05:14:00.634+07:00  INFO 18256 --- [restartedMain] org.hibernate.Version                    : HHH000412: Hibernate ORM core version 6.6.13.Final
2025-05-21T05:14:00.658+07:00  INFO 18256 --- [restartedMain] o.h.c.internal.RegionFactoryInitiator    : HHH000026: Second-level cache disabled
2025-05-21T05:14:00.808+07:00  INFO 18256 --- [restartedMain] o.s.o.j.p.SpringPersistenceUnitInfo      : No LoadTimeWeaver setup: ignoring JPA class transformer
2025-05-21T05:14:00.829+07:00  INFO 18256 --- [restartedMain] com.zaxxer.hikari.HikariDataSource       : HikariPool-1 - Starting...
2025-05-21T05:14:00.927+07:00  INFO 18256 --- [restartedMain] com.zaxxer.hikari.pool.HikariPool        : HikariPool-1 - Added connection com.mysql.cj.jdbc.ConnectionImpl@562532c
2025-05-21T05:14:00.928+07:00  INFO 18256 --- [restartedMain] com.zaxxer.hikari.HikariDataSource       : HikariPool-1 - Start completed.
2025-05-21T05:14:00.941+07:00  WARN 18256 --- [restartedMain] org.hibernate.orm.deprecation            : HHH90000025: MySQL8Dialect does not need to be specified explicitly using 'hibernate.dialect' (remove the property setting and it will be selected by default)
2025-05-21T05:14:00.942+07:00  WARN 18256 --- [restartedMain] org.hibernate.orm.deprecation            : HHH90000026: MySQL8Dialect has been deprecated; use org.hibernate.dialect.MySQLDialect instead
2025-05-21T05:14:00.952+07:00  INFO 18256 --- [restartedMain] org.hibernate.orm.connections.pooling    : HHH10001005: Database info:
	Database JDBC URL [Connecting through datasource 'HikariDataSource (HikariPool-1)']
	Database driver: undefined/unknown
	Database version: 8.0
	Autocommit mode: undefined/unknown
	Isolation level: undefined/unknown
	Minimum pool size: undefined/unknown
	Maximum pool size: undefined/unknown
2025-05-21T05:14:01.534+07:00  INFO 18256 --- [restartedMain] o.h.e.t.j.p.i.JtaPlatformInitiator       : HHH000489: No JTA platform available (set 'hibernate.transaction.jta.platform' to enable JTA platform integration)
2025-05-21T05:14:01.537+07:00  INFO 18256 --- [restartedMain] j.LocalContainerEntityManagerFactoryBean : Initialized JPA EntityManagerFactory for persistence unit 'default'
2025-05-21T05:14:01.889+07:00  INFO 18256 --- [restartedMain] o.s.d.j.r.query.QueryEnhancerFactory     : Hibernate is in classpath; If applicable, HQL parser will be used.
2025-05-21T05:14:02.274+07:00  WARN 18256 --- [restartedMain] JpaBaseConfiguration$JpaWebConfiguration : spring.jpa.open-in-view is enabled by default. Therefore, database queries may be performed during view rendering. Explicitly configure spring.jpa.open-in-view to disable this warning
2025-05-21T05:14:02.305+07:00  INFO 18256 --- [restartedMain] r$InitializeUserDetailsManagerConfigurer : Global AuthenticationManager configured with UserDetailsService bean with name userDetailsService
2025-05-21T05:14:02.359+07:00  INFO 18256 --- [restartedMain] o.s.b.a.w.s.WelcomePageHandlerMapping    : Adding welcome page template: index
2025-05-21T05:14:02.625+07:00  INFO 18256 --- [restartedMain] o.s.b.a.e.web.EndpointLinksResolver      : Exposing 1 endpoint beneath base path '/actuator'
2025-05-21T05:14:02.931+07:00  INFO 18256 --- [restartedMain] o.s.b.a.h2.H2ConsoleAutoConfiguration    : H2 console available at '/h2-console'. Database available at 'jdbc:mysql://localhost:3307/cnpm'
2025-05-21T05:14:03.020+07:00  INFO 18256 --- [restartedMain] .w.s.a.s.AnnotationActionEndpointMapping : Supporting [WS-Addressing August 2004, WS-Addressing 1.0]
2025-05-21T05:14:03.064+07:00  INFO 18256 --- [restartedMain] o.s.b.d.a.OptionalLiveReloadServer       : LiveReload server is running on port 35729
2025-05-21T05:14:03.155+07:00  INFO 18256 --- [restartedMain] o.s.b.w.embedded.tomcat.TomcatWebServer  : Tomcat started on port 8080 (http) with context path '/'
2025-05-21T05:14:03.163+07:00  INFO 18256 --- [restartedMain] o.e.r.RecipeSharingWebsiteApplication    : Started RecipeSharingWebsiteApplication in 4.578 seconds (process running for 5.249)
2025-05-21T05:14:03.491+07:00  INFO 18256 --- [http-nio-8080-exec-1] o.a.c.c.C.[Tomcat].[localhost].[/]       : Initializing Spring DispatcherServlet 'dispatcherServlet'
2025-05-21T05:14:03.492+07:00  INFO 18256 --- [http-nio-8080-exec-1] o.s.web.servlet.DispatcherServlet        : Initializing Servlet 'dispatcherServlet'
2025-05-21T05:14:03.493+07:00  INFO 18256 --- [http-nio-8080-exec-1] o.s.web.servlet.DispatcherServlet        : Completed initialization in 1 ms
2025-05-21T05:14:11.050+07:00 DEBUG 18256 --- [http-nio-8080-exec-4] org.hibernate.SQL                        : 
    select
        u1_0.user_id,
        u1_0.avatar_url,
        u1_0.date_of_birth,
        u1_0.email,
        u1_0.firstname,
        u1_0.lastname,
        u1_0.password,
        u1_0.role,
        u1_0.username 
    from
        users u1_0 
    where
        u1_0.username=? 
        or u1_0.email=?
2025-05-21T05:14:11.524+07:00 DEBUG 18256 --- [http-nio-8080-exec-8] org.hibernate.SQL                        : 
    select
        c1_0.category_name,
        c1_0.category_id,
        c1_0.usage_count 
    from
        categories c1_0 
    order by
        c1_0.category_name
2025-05-21T05:14:11.534+07:00 DEBUG 18256 --- [http-nio-8080-exec-6] org.hibernate.SQL                        : 
    select
        u1_0.user_id,
        u1_0.avatar_url,
        u1_0.date_of_birth,
        u1_0.email,
        u1_0.firstname,
        u1_0.lastname,
        u1_0.password,
        u1_0.role,
        u1_0.username 
    from
        users u1_0
2025-05-21T05:14:11.534+07:00 DEBUG 18256 --- [http-nio-8080-exec-7] org.hibernate.SQL                        : 
    select
        r1_0.recipe_id,
        r1_0.author_id,
        r1_0.author_name,
        r1_0.author_url,
        r1_0.avatar_url,
        r1_0.category_name,
        r1_0.category_id,
        r1_0.created_at,
        r1_0.description,
        r1_0.ingredients,
        r1_0.instruction,
        r1_0.name,
        r1_1.average_rating,
        r1_1.comment_count,
        r1_1.like_count,
        r1_1.rate_count,
        r1_1.save_count 
    from
        recipes r1_0 
    left join
        recipe_stats r1_1 
            on r1_0.recipe_id=r1_1.recipe_id
2025-05-21T05:14:11.544+07:00 DEBUG 18256 --- [http-nio-8080-exec-6] org.hibernate.SQL                        : 
    select
        u1_0.user_id,
        u1_0.avatar_url,
        u1_0.date_of_birth,
        u1_0.email,
        u1_0.firstname,
        u1_0.lastname,
        u1_0.password,
        u1_0.role,
        u1_0.username 
    from
        users u1_0 
    where
        u1_0.username=?
2025-05-21T05:14:11.552+07:00 DEBUG 18256 --- [http-nio-8080-exec-6] org.hibernate.SQL                        : 
    select
        f1_0.follow_id,
        f1_0.follow_time,
        f1_0.follower_id,
        f1_0.following_id 
    from
        follows f1_0 
    where
        f1_0.following_id=?
2025-05-21T05:14:11.569+07:00 DEBUG 18256 --- [http-nio-8080-exec-6] org.hibernate.SQL                        : 
    select
        f1_0.follow_id,
        f1_0.follow_time,
        f1_0.follower_id,
        f1_0.following_id 
    from
        follows f1_0 
    where
        f1_0.follower_id=?
2025-05-21T05:14:11.583+07:00 DEBUG 18256 --- [http-nio-8080-exec-6] org.hibernate.SQL                        : 
    select
        r1_0.recipe_id,
        r1_0.author_id,
        r1_0.author_name,
        r1_0.author_url,
        r1_0.avatar_url,
        r1_0.category_name,
        r1_0.category_id,
        r1_0.created_at,
        r1_0.description,
        r1_0.ingredients,
        r1_0.instruction,
        r1_0.name,
        r1_1.average_rating,
        r1_1.comment_count,
        r1_1.like_count,
        r1_1.rate_count,
        r1_1.save_count 
    from
        recipes r1_0 
    left join
        recipe_stats r1_1 
            on r1_0.recipe_id=r1_1.recipe_id 
    where
        r1_0.author_id=? 
    order by
        r1_0.created_at desc
2025-05-21T05:14:11.600+07:00  WARN 18256 --- [http-nio-8080-exec-9] .m.m.a.ExceptionHandlerExceptionResolver : Resolved [org.springframework.web.servlet.resource.NoResourceFoundException: No static resource favicon.ico.]
2025-05-21T05:14:11.601+07:00 DEBUG 18256 --- [http-nio-8080-exec-6] org.hibernate.SQL                        : 
    select
        avg(r1_0.rating) 
    from
        rates r1_0 
    where
        r1_0.recipe_id=?
2025-05-21T05:14:11.601+07:00 DEBUG 18256 --- [http-nio-8080-exec-6] org.hibernate.SQL                        : 
    select
        avg(r1_0.rating) 
    from
        rates r1_0 
    where
        r1_0.recipe_id=?
2025-05-21T05:14:11.601+07:00 DEBUG 18256 --- [http-nio-8080-exec-6] org.hibernate.SQL                        : 
    select
        avg(r1_0.rating) 
    from
        rates r1_0 
    where
        r1_0.recipe_id=?
2025-05-21T05:14:11.612+07:00 DEBUG 18256 --- [http-nio-8080-exec-6] org.hibernate.SQL                        : 
    select
        u1_0.user_id,
        u1_0.avatar_url,
        u1_0.date_of_birth,
        u1_0.email,
        u1_0.firstname,
        u1_0.lastname,
        u1_0.password,
        u1_0.role,
        u1_0.username 
    from
        users u1_0 
    where
        u1_0.username=?
2025-05-21T05:14:11.618+07:00 DEBUG 18256 --- [http-nio-8080-exec-6] org.hibernate.SQL                        : 
    select
        f1_0.follow_id,
        f1_0.follow_time,
        f1_0.follower_id,
        f1_0.following_id 
    from
        follows f1_0 
    where
        f1_0.following_id=?
2025-05-21T05:14:11.623+07:00 DEBUG 18256 --- [http-nio-8080-exec-6] org.hibernate.SQL                        : 
    select
        f1_0.follow_id,
        f1_0.follow_time,
        f1_0.follower_id,
        f1_0.following_id 
    from
        follows f1_0 
    where
        f1_0.follower_id=?
2025-05-21T05:14:11.629+07:00 DEBUG 18256 --- [http-nio-8080-exec-6] org.hibernate.SQL                        : 
    select
        r1_0.recipe_id,
        r1_0.author_id,
        r1_0.author_name,
        r1_0.author_url,
        r1_0.avatar_url,
        r1_0.category_name,
        r1_0.category_id,
        r1_0.created_at,
        r1_0.description,
        r1_0.ingredients,
        r1_0.instruction,
        r1_0.name,
        r1_1.average_rating,
        r1_1.comment_count,
        r1_1.like_count,
        r1_1.rate_count,
        r1_1.save_count 
    from
        recipes r1_0 
    left join
        recipe_stats r1_1 
            on r1_0.recipe_id=r1_1.recipe_id 
    where
        r1_0.author_id=? 
    order by
        r1_0.created_at desc
2025-05-21T05:14:11.633+07:00 DEBUG 18256 --- [http-nio-8080-exec-6] org.hibernate.SQL                        : 
    select
        u1_0.user_id,
        u1_0.avatar_url,
        u1_0.date_of_birth,
        u1_0.email,
        u1_0.firstname,
        u1_0.lastname,
        u1_0.password,
        u1_0.role,
        u1_0.username 
    from
        users u1_0 
    where
        u1_0.username=?
2025-05-21T05:14:11.638+07:00 DEBUG 18256 --- [http-nio-8080-exec-6] org.hibernate.SQL                        : 
    select
        f1_0.follow_id,
        f1_0.follow_time,
        f1_0.follower_id,
        f1_0.following_id 
    from
        follows f1_0 
    where
        f1_0.following_id=?
2025-05-21T05:14:11.642+07:00 DEBUG 18256 --- [http-nio-8080-exec-6] org.hibernate.SQL                        : 
    select
        f1_0.follow_id,
        f1_0.follow_time,
        f1_0.follower_id,
        f1_0.following_id 
    from
        follows f1_0 
    where
        f1_0.follower_id=?
2025-05-21T05:14:11.648+07:00 DEBUG 18256 --- [http-nio-8080-exec-6] org.hibernate.SQL                        : 
    select
        r1_0.recipe_id,
        r1_0.author_id,
        r1_0.author_name,
        r1_0.author_url,
        r1_0.avatar_url,
        r1_0.category_name,
        r1_0.category_id,
        r1_0.created_at,
        r1_0.description,
        r1_0.ingredients,
        r1_0.instruction,
        r1_0.name,
        r1_1.average_rating,
        r1_1.comment_count,
        r1_1.like_count,
        r1_1.rate_count,
        r1_1.save_count 
    from
        recipes r1_0 
    left join
        recipe_stats r1_1 
            on r1_0.recipe_id=r1_1.recipe_id 
    where
        r1_0.author_id=? 
    order by
        r1_0.created_at desc
2025-05-21T05:14:11.653+07:00 DEBUG 18256 --- [http-nio-8080-exec-6] org.hibernate.SQL                        : 
    select
        u1_0.user_id,
        u1_0.avatar_url,
        u1_0.date_of_birth,
        u1_0.email,
        u1_0.firstname,
        u1_0.lastname,
        u1_0.password,
        u1_0.role,
        u1_0.username 
    from
        users u1_0 
    where
        u1_0.username=?
2025-05-21T05:14:11.656+07:00 DEBUG 18256 --- [http-nio-8080-exec-6] org.hibernate.SQL                        : 
    select
        f1_0.follow_id,
        f1_0.follow_time,
        f1_0.follower_id,
        f1_0.following_id 
    from
        follows f1_0 
    where
        f1_0.following_id=?
2025-05-21T05:14:11.659+07:00 DEBUG 18256 --- [http-nio-8080-exec-6] org.hibernate.SQL                        : 
    select
        f1_0.follow_id,
        f1_0.follow_time,
        f1_0.follower_id,
        f1_0.following_id 
    from
        follows f1_0 
    where
        f1_0.follower_id=?
2025-05-21T05:14:11.663+07:00 DEBUG 18256 --- [http-nio-8080-exec-6] org.hibernate.SQL                        : 
    select
        r1_0.recipe_id,
        r1_0.author_id,
        r1_0.author_name,
        r1_0.author_url,
        r1_0.avatar_url,
        r1_0.category_name,
        r1_0.category_id,
        r1_0.created_at,
        r1_0.description,
        r1_0.ingredients,
        r1_0.instruction,
        r1_0.name,
        r1_1.average_rating,
        r1_1.comment_count,
        r1_1.like_count,
        r1_1.rate_count,
        r1_1.save_count 
    from
        recipes r1_0 
    left join
        recipe_stats r1_1 
            on r1_0.recipe_id=r1_1.recipe_id 
    where
        r1_0.author_id=? 
    order by
        r1_0.created_at desc
2025-05-21T05:14:11.667+07:00 DEBUG 18256 --- [http-nio-8080-exec-6] org.hibernate.SQL                        : 
    select
        avg(r1_0.rating) 
    from
        rates r1_0 
    where
        r1_0.recipe_id=?
2025-05-21T05:14:11.670+07:00 DEBUG 18256 --- [http-nio-8080-exec-6] org.hibernate.SQL                        : 
    select
        u1_0.user_id,
        u1_0.avatar_url,
        u1_0.date_of_birth,
        u1_0.email,
        u1_0.firstname,
        u1_0.lastname,
        u1_0.password,
        u1_0.role,
        u1_0.username 
    from
        users u1_0 
    where
        u1_0.username=?
2025-05-21T05:14:11.674+07:00 DEBUG 18256 --- [http-nio-8080-exec-6] org.hibernate.SQL                        : 
    select
        f1_0.follow_id,
        f1_0.follow_time,
        f1_0.follower_id,
        f1_0.following_id 
    from
        follows f1_0 
    where
        f1_0.following_id=?
2025-05-21T05:14:11.679+07:00 DEBUG 18256 --- [http-nio-8080-exec-6] org.hibernate.SQL                        : 
    select
        f1_0.follow_id,
        f1_0.follow_time,
        f1_0.follower_id,
        f1_0.following_id 
    from
        follows f1_0 
    where
        f1_0.follower_id=?
2025-05-21T05:14:11.685+07:00 DEBUG 18256 --- [http-nio-8080-exec-6] org.hibernate.SQL                        : 
    select
        r1_0.recipe_id,
        r1_0.author_id,
        r1_0.author_name,
        r1_0.author_url,
        r1_0.avatar_url,
        r1_0.category_name,
        r1_0.category_id,
        r1_0.created_at,
        r1_0.description,
        r1_0.ingredients,
        r1_0.instruction,
        r1_0.name,
        r1_1.average_rating,
        r1_1.comment_count,
        r1_1.like_count,
        r1_1.rate_count,
        r1_1.save_count 
    from
        recipes r1_0 
    left join
        recipe_stats r1_1 
            on r1_0.recipe_id=r1_1.recipe_id 
    where
        r1_0.author_id=? 
    order by
        r1_0.created_at desc
2025-05-21T05:14:11.687+07:00 DEBUG 18256 --- [http-nio-8080-exec-6] org.hibernate.SQL                        : 
    select
        avg(r1_0.rating) 
    from
        rates r1_0 
    where
        r1_0.recipe_id=?
2025-05-21T05:14:11.694+07:00 DEBUG 18256 --- [http-nio-8080-exec-6] org.hibernate.SQL                        : 
    select
        u1_0.user_id,
        u1_0.avatar_url,
        u1_0.date_of_birth,
        u1_0.email,
        u1_0.firstname,
        u1_0.lastname,
        u1_0.password,
        u1_0.role,
        u1_0.username 
    from
        users u1_0 
    where
        u1_0.username=?
2025-05-21T05:14:11.698+07:00 DEBUG 18256 --- [http-nio-8080-exec-6] org.hibernate.SQL                        : 
    select
        f1_0.follow_id,
        f1_0.follow_time,
        f1_0.follower_id,
        f1_0.following_id 
    from
        follows f1_0 
    where
        f1_0.following_id=?
2025-05-21T05:14:11.700+07:00 DEBUG 18256 --- [http-nio-8080-exec-6] org.hibernate.SQL                        : 
    select
        f1_0.follow_id,
        f1_0.follow_time,
        f1_0.follower_id,
        f1_0.following_id 
    from
        follows f1_0 
    where
        f1_0.follower_id=?
2025-05-21T05:14:11.700+07:00 DEBUG 18256 --- [http-nio-8080-exec-6] org.hibernate.SQL                        : 
    select
        r1_0.recipe_id,
        r1_0.author_id,
        r1_0.author_name,
        r1_0.author_url,
        r1_0.avatar_url,
        r1_0.category_name,
        r1_0.category_id,
        r1_0.created_at,
        r1_0.description,
        r1_0.ingredients,
        r1_0.instruction,
        r1_0.name,
        r1_1.average_rating,
        r1_1.comment_count,
        r1_1.like_count,
        r1_1.rate_count,
        r1_1.save_count 
    from
        recipes r1_0 
    left join
        recipe_stats r1_1 
            on r1_0.recipe_id=r1_1.recipe_id 
    where
        r1_0.author_id=? 
    order by
        r1_0.created_at desc
2025-05-21T05:20:48.778+07:00 DEBUG 18256 --- [http-nio-8080-exec-3] org.hibernate.SQL                        : 
    select
        u1_0.user_id,
        u1_0.avatar_url,
        u1_0.date_of_birth,
        u1_0.email,
        u1_0.firstname,
        u1_0.lastname,
        u1_0.password,
        u1_0.role,
        u1_0.username 
    from
        users u1_0 
    where
        u1_0.username=? 
        or u1_0.email=?
2025-05-21T05:20:48.987+07:00 DEBUG 18256 --- [http-nio-8080-exec-5] org.hibernate.SQL                        : 
    select
        c1_0.category_name,
        c1_0.category_id,
        c1_0.usage_count 
    from
        categories c1_0 
    order by
        c1_0.category_name
2025-05-21T05:20:48.987+07:00 DEBUG 18256 --- [http-nio-8080-exec-8] org.hibernate.SQL                        : 
    select
        r1_0.recipe_id,
        r1_0.author_id,
        r1_0.author_name,
        r1_0.author_url,
        r1_0.avatar_url,
        r1_0.category_name,
        r1_0.category_id,
        r1_0.created_at,
        r1_0.description,
        r1_0.ingredients,
        r1_0.instruction,
        r1_0.name,
        r1_1.average_rating,
        r1_1.comment_count,
        r1_1.like_count,
        r1_1.rate_count,
        r1_1.save_count 
    from
        recipes r1_0 
    left join
        recipe_stats r1_1 
            on r1_0.recipe_id=r1_1.recipe_id
2025-05-21T05:20:48.987+07:00 DEBUG 18256 --- [http-nio-8080-exec-7] org.hibernate.SQL                        : 
    select
        u1_0.user_id,
        u1_0.avatar_url,
        u1_0.date_of_birth,
        u1_0.email,
        u1_0.firstname,
        u1_0.lastname,
        u1_0.password,
        u1_0.role,
        u1_0.username 
    from
        users u1_0
2025-05-21T05:20:48.994+07:00 DEBUG 18256 --- [http-nio-8080-exec-7] org.hibernate.SQL                        : 
    select
        u1_0.user_id,
        u1_0.avatar_url,
        u1_0.date_of_birth,
        u1_0.email,
        u1_0.firstname,
        u1_0.lastname,
        u1_0.password,
        u1_0.role,
        u1_0.username 
    from
        users u1_0 
    where
        u1_0.username=?
2025-05-21T05:20:48.997+07:00 DEBUG 18256 --- [http-nio-8080-exec-7] org.hibernate.SQL                        : 
    select
        f1_0.follow_id,
        f1_0.follow_time,
        f1_0.follower_id,
        f1_0.following_id 
    from
        follows f1_0 
    where
        f1_0.following_id=?
2025-05-21T05:20:49.001+07:00 DEBUG 18256 --- [http-nio-8080-exec-7] org.hibernate.SQL                        : 
    select
        f1_0.follow_id,
        f1_0.follow_time,
        f1_0.follower_id,
        f1_0.following_id 
    from
        follows f1_0 
    where
        f1_0.follower_id=?
2025-05-21T05:20:49.008+07:00 DEBUG 18256 --- [http-nio-8080-exec-7] org.hibernate.SQL                        : 
    select
        r1_0.recipe_id,
        r1_0.author_id,
        r1_0.author_name,
        r1_0.author_url,
        r1_0.avatar_url,
        r1_0.category_name,
        r1_0.category_id,
        r1_0.created_at,
        r1_0.description,
        r1_0.ingredients,
        r1_0.instruction,
        r1_0.name,
        r1_1.average_rating,
        r1_1.comment_count,
        r1_1.like_count,
        r1_1.rate_count,
        r1_1.save_count 
    from
        recipes r1_0 
    left join
        recipe_stats r1_1 
            on r1_0.recipe_id=r1_1.recipe_id 
    where
        r1_0.author_id=? 
    order by
        r1_0.created_at desc
2025-05-21T05:20:49.011+07:00 DEBUG 18256 --- [http-nio-8080-exec-7] org.hibernate.SQL                        : 
    select
        avg(r1_0.rating) 
    from
        rates r1_0 
    where
        r1_0.recipe_id=?
2025-05-21T05:20:49.014+07:00 DEBUG 18256 --- [http-nio-8080-exec-7] org.hibernate.SQL                        : 
    select
        avg(r1_0.rating) 
    from
        rates r1_0 
    where
        r1_0.recipe_id=?
2025-05-21T05:20:49.017+07:00 DEBUG 18256 --- [http-nio-8080-exec-7] org.hibernate.SQL                        : 
    select
        avg(r1_0.rating) 
    from
        rates r1_0 
    where
        r1_0.recipe_id=?
2025-05-21T05:20:49.020+07:00 DEBUG 18256 --- [http-nio-8080-exec-7] org.hibernate.SQL                        : 
    select
        u1_0.user_id,
        u1_0.avatar_url,
        u1_0.date_of_birth,
        u1_0.email,
        u1_0.firstname,
        u1_0.lastname,
        u1_0.password,
        u1_0.role,
        u1_0.username 
    from
        users u1_0 
    where
        u1_0.username=?
2025-05-21T05:20:49.022+07:00 DEBUG 18256 --- [http-nio-8080-exec-7] org.hibernate.SQL                        : 
    select
        f1_0.follow_id,
        f1_0.follow_time,
        f1_0.follower_id,
        f1_0.following_id 
    from
        follows f1_0 
    where
        f1_0.following_id=?
2025-05-21T05:20:49.031+07:00 DEBUG 18256 --- [http-nio-8080-exec-7] org.hibernate.SQL                        : 
    select
        f1_0.follow_id,
        f1_0.follow_time,
        f1_0.follower_id,
        f1_0.following_id 
    from
        follows f1_0 
    where
        f1_0.follower_id=?
2025-05-21T05:20:49.038+07:00 DEBUG 18256 --- [http-nio-8080-exec-7] org.hibernate.SQL                        : 
    select
        r1_0.recipe_id,
        r1_0.author_id,
        r1_0.author_name,
        r1_0.author_url,
        r1_0.avatar_url,
        r1_0.category_name,
        r1_0.category_id,
        r1_0.created_at,
        r1_0.description,
        r1_0.ingredients,
        r1_0.instruction,
        r1_0.name,
        r1_1.average_rating,
        r1_1.comment_count,
        r1_1.like_count,
        r1_1.rate_count,
        r1_1.save_count 
    from
        recipes r1_0 
    left join
        recipe_stats r1_1 
            on r1_0.recipe_id=r1_1.recipe_id 
    where
        r1_0.author_id=? 
    order by
        r1_0.created_at desc
2025-05-21T05:20:49.044+07:00 DEBUG 18256 --- [http-nio-8080-exec-7] org.hibernate.SQL                        : 
    select
        u1_0.user_id,
        u1_0.avatar_url,
        u1_0.date_of_birth,
        u1_0.email,
        u1_0.firstname,
        u1_0.lastname,
        u1_0.password,
        u1_0.role,
        u1_0.username 
    from
        users u1_0 
    where
        u1_0.username=?
2025-05-21T05:20:49.044+07:00 DEBUG 18256 --- [http-nio-8080-exec-7] org.hibernate.SQL                        : 
    select
        f1_0.follow_id,
        f1_0.follow_time,
        f1_0.follower_id,
        f1_0.following_id 
    from
        follows f1_0 
    where
        f1_0.following_id=?
2025-05-21T05:20:49.056+07:00 DEBUG 18256 --- [http-nio-8080-exec-7] org.hibernate.SQL                        : 
    select
        f1_0.follow_id,
        f1_0.follow_time,
        f1_0.follower_id,
        f1_0.following_id 
    from
        follows f1_0 
    where
        f1_0.follower_id=?
2025-05-21T05:20:49.057+07:00 DEBUG 18256 --- [http-nio-8080-exec-7] org.hibernate.SQL                        : 
    select
        r1_0.recipe_id,
        r1_0.author_id,
        r1_0.author_name,
        r1_0.author_url,
        r1_0.avatar_url,
        r1_0.category_name,
        r1_0.category_id,
        r1_0.created_at,
        r1_0.description,
        r1_0.ingredients,
        r1_0.instruction,
        r1_0.name,
        r1_1.average_rating,
        r1_1.comment_count,
        r1_1.like_count,
        r1_1.rate_count,
        r1_1.save_count 
    from
        recipes r1_0 
    left join
        recipe_stats r1_1 
            on r1_0.recipe_id=r1_1.recipe_id 
    where
        r1_0.author_id=? 
    order by
        r1_0.created_at desc
2025-05-21T05:20:49.067+07:00 DEBUG 18256 --- [http-nio-8080-exec-7] org.hibernate.SQL                        : 
    select
        u1_0.user_id,
        u1_0.avatar_url,
        u1_0.date_of_birth,
        u1_0.email,
        u1_0.firstname,
        u1_0.lastname,
        u1_0.password,
        u1_0.role,
        u1_0.username 
    from
        users u1_0 
    where
        u1_0.username=?
2025-05-21T05:20:49.067+07:00  WARN 18256 --- [http-nio-8080-exec-9] .m.m.a.ExceptionHandlerExceptionResolver : Resolved [org.springframework.web.servlet.resource.NoResourceFoundException: No static resource favicon.ico.]
2025-05-21T05:20:49.067+07:00 DEBUG 18256 --- [http-nio-8080-exec-7] org.hibernate.SQL                        : 
    select
        f1_0.follow_id,
        f1_0.follow_time,
        f1_0.follower_id,
        f1_0.following_id 
    from
        follows f1_0 
    where
        f1_0.following_id=?
2025-05-21T05:20:49.074+07:00 DEBUG 18256 --- [http-nio-8080-exec-7] org.hibernate.SQL                        : 
    select
        f1_0.follow_id,
        f1_0.follow_time,
        f1_0.follower_id,
        f1_0.following_id 
    from
        follows f1_0 
    where
        f1_0.follower_id=?
2025-05-21T05:20:49.079+07:00 DEBUG 18256 --- [http-nio-8080-exec-7] org.hibernate.SQL                        : 
    select
        r1_0.recipe_id,
        r1_0.author_id,
        r1_0.author_name,
        r1_0.author_url,
        r1_0.avatar_url,
        r1_0.category_name,
        r1_0.category_id,
        r1_0.created_at,
        r1_0.description,
        r1_0.ingredients,
        r1_0.instruction,
        r1_0.name,
        r1_1.average_rating,
        r1_1.comment_count,
        r1_1.like_count,
        r1_1.rate_count,
        r1_1.save_count 
    from
        recipes r1_0 
    left join
        recipe_stats r1_1 
            on r1_0.recipe_id=r1_1.recipe_id 
    where
        r1_0.author_id=? 
    order by
        r1_0.created_at desc
2025-05-21T05:20:49.083+07:00 DEBUG 18256 --- [http-nio-8080-exec-7] org.hibernate.SQL                        : 
    select
        avg(r1_0.rating) 
    from
        rates r1_0 
    where
        r1_0.recipe_id=?
2025-05-21T05:20:49.087+07:00 DEBUG 18256 --- [http-nio-8080-exec-7] org.hibernate.SQL                        : 
    select
        u1_0.user_id,
        u1_0.avatar_url,
        u1_0.date_of_birth,
        u1_0.email,
        u1_0.firstname,
        u1_0.lastname,
        u1_0.password,
        u1_0.role,
        u1_0.username 
    from
        users u1_0 
    where
        u1_0.username=?
2025-05-21T05:20:49.091+07:00 DEBUG 18256 --- [http-nio-8080-exec-7] org.hibernate.SQL                        : 
    select
        f1_0.follow_id,
        f1_0.follow_time,
        f1_0.follower_id,
        f1_0.following_id 
    from
        follows f1_0 
    where
        f1_0.following_id=?
2025-05-21T05:20:49.095+07:00 DEBUG 18256 --- [http-nio-8080-exec-7] org.hibernate.SQL                        : 
    select
        f1_0.follow_id,
        f1_0.follow_time,
        f1_0.follower_id,
        f1_0.following_id 
    from
        follows f1_0 
    where
        f1_0.follower_id=?
2025-05-21T05:20:49.099+07:00 DEBUG 18256 --- [http-nio-8080-exec-7] org.hibernate.SQL                        : 
    select
        r1_0.recipe_id,
        r1_0.author_id,
        r1_0.author_name,
        r1_0.author_url,
        r1_0.avatar_url,
        r1_0.category_name,
        r1_0.category_id,
        r1_0.created_at,
        r1_0.description,
        r1_0.ingredients,
        r1_0.instruction,
        r1_0.name,
        r1_1.average_rating,
        r1_1.comment_count,
        r1_1.like_count,
        r1_1.rate_count,
        r1_1.save_count 
    from
        recipes r1_0 
    left join
        recipe_stats r1_1 
            on r1_0.recipe_id=r1_1.recipe_id 
    where
        r1_0.author_id=? 
    order by
        r1_0.created_at desc
2025-05-21T05:20:49.103+07:00 DEBUG 18256 --- [http-nio-8080-exec-7] org.hibernate.SQL                        : 
    select
        avg(r1_0.rating) 
    from
        rates r1_0 
    where
        r1_0.recipe_id=?
2025-05-21T05:20:49.107+07:00 DEBUG 18256 --- [http-nio-8080-exec-7] org.hibernate.SQL                        : 
    select
        u1_0.user_id,
        u1_0.avatar_url,
        u1_0.date_of_birth,
        u1_0.email,
        u1_0.firstname,
        u1_0.lastname,
        u1_0.password,
        u1_0.role,
        u1_0.username 
    from
        users u1_0 
    where
        u1_0.username=?
2025-05-21T05:20:49.107+07:00 DEBUG 18256 --- [http-nio-8080-exec-7] org.hibernate.SQL                        : 
    select
        f1_0.follow_id,
        f1_0.follow_time,
        f1_0.follower_id,
        f1_0.following_id 
    from
        follows f1_0 
    where
        f1_0.following_id=?
2025-05-21T05:20:49.112+07:00 DEBUG 18256 --- [http-nio-8080-exec-7] org.hibernate.SQL                        : 
    select
        f1_0.follow_id,
        f1_0.follow_time,
        f1_0.follower_id,
        f1_0.following_id 
    from
        follows f1_0 
    where
        f1_0.follower_id=?
2025-05-21T05:20:49.118+07:00 DEBUG 18256 --- [http-nio-8080-exec-7] org.hibernate.SQL                        : 
    select
        r1_0.recipe_id,
        r1_0.author_id,
        r1_0.author_name,
        r1_0.author_url,
        r1_0.avatar_url,
        r1_0.category_name,
        r1_0.category_id,
        r1_0.created_at,
        r1_0.description,
        r1_0.ingredients,
        r1_0.instruction,
        r1_0.name,
        r1_1.average_rating,
        r1_1.comment_count,
        r1_1.like_count,
        r1_1.rate_count,
        r1_1.save_count 
    from
        recipes r1_0 
    left join
        recipe_stats r1_1 
            on r1_0.recipe_id=r1_1.recipe_id 
    where
        r1_0.author_id=? 
    order by
        r1_0.created_at desc
2025-05-21T05:24:47.829+07:00  INFO 18256 --- [File Watcher] rtingClassPathChangeChangedEventListener : Restarting due to 1 class path change (0 additions, 0 deletions, 1 modification)
2025-05-21T05:24:47.833+07:00  INFO 18256 --- [Thread-5] o.s.b.w.e.tomcat.GracefulShutdown        : Commencing graceful shutdown. Waiting for active requests to complete
2025-05-21T05:24:47.838+07:00  INFO 18256 --- [tomcat-shutdown] o.s.b.w.e.tomcat.GracefulShutdown        : Graceful shutdown complete
2025-05-21T05:24:47.870+07:00  INFO 18256 --- [Thread-5] j.LocalContainerEntityManagerFactoryBean : Closing JPA EntityManagerFactory for persistence unit 'default'
2025-05-21T05:24:47.874+07:00  INFO 18256 --- [Thread-5] com.zaxxer.hikari.HikariDataSource       : HikariPool-1 - Shutdown initiated...
2025-05-21T05:24:47.882+07:00  INFO 18256 --- [Thread-5] com.zaxxer.hikari.HikariDataSource       : HikariPool-1 - Shutdown completed.
2025-05-21T05:24:47.973+07:00  INFO 18256 --- [restartedMain] o.e.r.RecipeSharingWebsiteApplication    : Starting RecipeSharingWebsiteApplication using Java 23 with PID 18256 (C:\RecipeSharing\target\classes started by haiye in C:\RecipeSharing)
2025-05-21T05:24:47.974+07:00  INFO 18256 --- [restartedMain] o.e.r.RecipeSharingWebsiteApplication    : No active profile set, falling back to 1 default profile: "default"
2025-05-21T05:24:48.280+07:00  INFO 18256 --- [restartedMain] .s.d.r.c.RepositoryConfigurationDelegate : Bootstrapping Spring Data JPA repositories in DEFAULT mode.
2025-05-21T05:24:48.304+07:00  INFO 18256 --- [restartedMain] .s.d.r.c.RepositoryConfigurationDelegate : Finished Spring Data repository scanning in 23 ms. Found 10 JPA repository interfaces.
2025-05-21T05:24:48.429+07:00  INFO 18256 --- [restartedMain] o.s.b.w.embedded.tomcat.TomcatWebServer  : Tomcat initialized with port 8080 (http)
2025-05-21T05:24:48.431+07:00  INFO 18256 --- [restartedMain] o.apache.catalina.core.StandardService   : Starting service [Tomcat]
2025-05-21T05:24:48.431+07:00  INFO 18256 --- [restartedMain] o.apache.catalina.core.StandardEngine    : Starting Servlet engine: [Apache Tomcat/10.1.40]
2025-05-21T05:24:48.449+07:00  INFO 18256 --- [restartedMain] o.a.c.c.C.[Tomcat].[localhost].[/]       : Initializing Spring embedded WebApplicationContext
2025-05-21T05:24:48.449+07:00  INFO 18256 --- [restartedMain] w.s.c.ServletWebServerApplicationContext : Root WebApplicationContext: initialization completed in 472 ms
2025-05-21T05:24:48.547+07:00  INFO 18256 --- [restartedMain] o.hibernate.jpa.internal.util.LogHelper  : HHH000204: Processing PersistenceUnitInfo [name: default]
2025-05-21T05:24:48.549+07:00  INFO 18256 --- [restartedMain] o.h.c.internal.RegionFactoryInitiator    : HHH000026: Second-level cache disabled
2025-05-21T05:24:48.558+07:00  INFO 18256 --- [restartedMain] o.s.o.j.p.SpringPersistenceUnitInfo      : No LoadTimeWeaver setup: ignoring JPA class transformer
2025-05-21T05:24:48.559+07:00  INFO 18256 --- [restartedMain] com.zaxxer.hikari.HikariDataSource       : HikariPool-2 - Starting...
2025-05-21T05:24:48.562+07:00  INFO 18256 --- [restartedMain] com.zaxxer.hikari.pool.HikariPool        : HikariPool-2 - Added connection com.mysql.cj.jdbc.ConnectionImpl@49d4f28c
2025-05-21T05:24:48.563+07:00  INFO 18256 --- [restartedMain] com.zaxxer.hikari.HikariDataSource       : HikariPool-2 - Start completed.
2025-05-21T05:24:48.563+07:00  WARN 18256 --- [restartedMain] org.hibernate.orm.deprecation            : HHH90000025: MySQL8Dialect does not need to be specified explicitly using 'hibernate.dialect' (remove the property setting and it will be selected by default)
2025-05-21T05:24:48.563+07:00  WARN 18256 --- [restartedMain] org.hibernate.orm.deprecation            : HHH90000026: MySQL8Dialect has been deprecated; use org.hibernate.dialect.MySQLDialect instead
2025-05-21T05:24:48.564+07:00  INFO 18256 --- [restartedMain] org.hibernate.orm.connections.pooling    : HHH10001005: Database info:
	Database JDBC URL [Connecting through datasource 'HikariDataSource (HikariPool-2)']
	Database driver: undefined/unknown
	Database version: 8.0
	Autocommit mode: undefined/unknown
	Isolation level: undefined/unknown
	Minimum pool size: undefined/unknown
	Maximum pool size: undefined/unknown
2025-05-21T05:24:48.684+07:00  INFO 18256 --- [restartedMain] o.h.e.t.j.p.i.JtaPlatformInitiator       : HHH000489: No JTA platform available (set 'hibernate.transaction.jta.platform' to enable JTA platform integration)
2025-05-21T05:24:48.684+07:00  INFO 18256 --- [restartedMain] j.LocalContainerEntityManagerFactoryBean : Initialized JPA EntityManagerFactory for persistence unit 'default'
2025-05-21T05:24:48.921+07:00  WARN 18256 --- [restartedMain] JpaBaseConfiguration$JpaWebConfiguration : spring.jpa.open-in-view is enabled by default. Therefore, database queries may be performed during view rendering. Explicitly configure spring.jpa.open-in-view to disable this warning
2025-05-21T05:24:48.945+07:00  INFO 18256 --- [restartedMain] r$InitializeUserDetailsManagerConfigurer : Global AuthenticationManager configured with UserDetailsService bean with name userDetailsService
2025-05-21T05:24:48.962+07:00  INFO 18256 --- [restartedMain] o.s.b.a.w.s.WelcomePageHandlerMapping    : Adding welcome page template: index
2025-05-21T05:24:49.089+07:00  INFO 18256 --- [restartedMain] o.s.b.a.e.web.EndpointLinksResolver      : Exposing 1 endpoint beneath base path '/actuator'
2025-05-21T05:24:49.245+07:00  INFO 18256 --- [restartedMain] o.s.b.a.h2.H2ConsoleAutoConfiguration    : H2 console available at '/h2-console'. Database available at 'jdbc:mysql://localhost:3307/cnpm'
2025-05-21T05:24:49.282+07:00  INFO 18256 --- [restartedMain] .w.s.a.s.AnnotationActionEndpointMapping : Supporting [WS-Addressing August 2004, WS-Addressing 1.0]
2025-05-21T05:24:49.296+07:00  INFO 18256 --- [restartedMain] o.s.b.d.a.OptionalLiveReloadServer       : LiveReload server is running on port 35729
2025-05-21T05:24:49.315+07:00  INFO 18256 --- [restartedMain] o.s.b.w.embedded.tomcat.TomcatWebServer  : Tomcat started on port 8080 (http) with context path '/'
2025-05-21T05:24:49.318+07:00  INFO 18256 --- [restartedMain] o.e.r.RecipeSharingWebsiteApplication    : Started RecipeSharingWebsiteApplication in 1.378 seconds (process running for 651.403)
2025-05-21T05:24:49.325+07:00  INFO 18256 --- [restartedMain] .ConditionEvaluationDeltaLoggingListener : Condition evaluation unchanged
2025-05-21T05:24:49.559+07:00  INFO 18256 --- [http-nio-8080-exec-1] o.a.c.c.C.[Tomcat].[localhost].[/]       : Initializing Spring DispatcherServlet 'dispatcherServlet'
2025-05-21T05:24:49.559+07:00  INFO 18256 --- [http-nio-8080-exec-1] o.s.web.servlet.DispatcherServlet        : Initializing Servlet 'dispatcherServlet'
2025-05-21T05:24:49.560+07:00  INFO 18256 --- [http-nio-8080-exec-1] o.s.web.servlet.DispatcherServlet        : Completed initialization in 1 ms
2025-05-21T05:24:49.622+07:00 DEBUG 18256 --- [http-nio-8080-exec-3] org.hibernate.SQL                        : 
    select
        u1_0.user_id,
        u1_0.avatar_url,
        u1_0.date_of_birth,
        u1_0.email,
        u1_0.firstname,
        u1_0.lastname,
        u1_0.password,
        u1_0.role,
        u1_0.username 
    from
        users u1_0
2025-05-21T05:24:49.622+07:00 DEBUG 18256 --- [http-nio-8080-exec-4] org.hibernate.SQL                        : 
    select
        r1_0.recipe_id,
        r1_0.author_id,
        r1_0.author_name,
        r1_0.author_url,
        r1_0.avatar_url,
        r1_0.category_name,
        r1_0.category_id,
        r1_0.created_at,
        r1_0.description,
        r1_0.ingredients,
        r1_0.instruction,
        r1_0.name,
        r1_1.average_rating,
        r1_1.comment_count,
        r1_1.like_count,
        r1_1.rate_count,
        r1_1.save_count 
    from
        recipes r1_0 
    left join
        recipe_stats r1_1 
            on r1_0.recipe_id=r1_1.recipe_id
2025-05-21T05:24:49.622+07:00 DEBUG 18256 --- [http-nio-8080-exec-5] org.hibernate.SQL                        : 
    select
        c1_0.category_name,
        c1_0.category_id,
        c1_0.usage_count 
    from
        categories c1_0 
    order by
        c1_0.category_name
2025-05-21T05:24:49.629+07:00 DEBUG 18256 --- [http-nio-8080-exec-3] org.hibernate.SQL                        : 
    select
        u1_0.user_id,
        u1_0.avatar_url,
        u1_0.date_of_birth,
        u1_0.email,
        u1_0.firstname,
        u1_0.lastname,
        u1_0.password,
        u1_0.role,
        u1_0.username 
    from
        users u1_0 
    where
        u1_0.username=?
2025-05-21T05:24:49.634+07:00 DEBUG 18256 --- [http-nio-8080-exec-3] org.hibernate.SQL                        : 
    select
        f1_0.follow_id,
        f1_0.follow_time,
        f1_0.follower_id,
        f1_0.following_id 
    from
        follows f1_0 
    where
        f1_0.following_id=?
2025-05-21T05:24:49.641+07:00 DEBUG 18256 --- [http-nio-8080-exec-3] org.hibernate.SQL                        : 
    select
        f1_0.follow_id,
        f1_0.follow_time,
        f1_0.follower_id,
        f1_0.following_id 
    from
        follows f1_0 
    where
        f1_0.follower_id=?
2025-05-21T05:24:49.646+07:00 DEBUG 18256 --- [http-nio-8080-exec-3] org.hibernate.SQL                        : 
    select
        r1_0.recipe_id,
        r1_0.author_id,
        r1_0.author_name,
        r1_0.author_url,
        r1_0.avatar_url,
        r1_0.category_name,
        r1_0.category_id,
        r1_0.created_at,
        r1_0.description,
        r1_0.ingredients,
        r1_0.instruction,
        r1_0.name,
        r1_1.average_rating,
        r1_1.comment_count,
        r1_1.like_count,
        r1_1.rate_count,
        r1_1.save_count 
    from
        recipes r1_0 
    left join
        recipe_stats r1_1 
            on r1_0.recipe_id=r1_1.recipe_id 
    where
        r1_0.author_id=? 
    order by
        r1_0.created_at desc
2025-05-21T05:24:49.651+07:00 DEBUG 18256 --- [http-nio-8080-exec-3] org.hibernate.SQL                        : 
    select
        avg(r1_0.rating) 
    from
        rates r1_0 
    where
        r1_0.recipe_id=?
2025-05-21T05:24:49.653+07:00 DEBUG 18256 --- [http-nio-8080-exec-3] org.hibernate.SQL                        : 
    select
        avg(r1_0.rating) 
    from
        rates r1_0 
    where
        r1_0.recipe_id=?
2025-05-21T05:24:49.657+07:00 DEBUG 18256 --- [http-nio-8080-exec-3] org.hibernate.SQL                        : 
    select
        avg(r1_0.rating) 
    from
        rates r1_0 
    where
        r1_0.recipe_id=?
2025-05-21T05:24:49.660+07:00 DEBUG 18256 --- [http-nio-8080-exec-3] org.hibernate.SQL                        : 
    select
        u1_0.user_id,
        u1_0.avatar_url,
        u1_0.date_of_birth,
        u1_0.email,
        u1_0.firstname,
        u1_0.lastname,
        u1_0.password,
        u1_0.role,
        u1_0.username 
    from
        users u1_0 
    where
        u1_0.username=?
2025-05-21T05:24:49.662+07:00 DEBUG 18256 --- [http-nio-8080-exec-3] org.hibernate.SQL                        : 
    select
        f1_0.follow_id,
        f1_0.follow_time,
        f1_0.follower_id,
        f1_0.following_id 
    from
        follows f1_0 
    where
        f1_0.following_id=?
2025-05-21T05:24:49.666+07:00 DEBUG 18256 --- [http-nio-8080-exec-3] org.hibernate.SQL                        : 
    select
        f1_0.follow_id,
        f1_0.follow_time,
        f1_0.follower_id,
        f1_0.following_id 
    from
        follows f1_0 
    where
        f1_0.follower_id=?
2025-05-21T05:24:49.669+07:00 DEBUG 18256 --- [http-nio-8080-exec-3] org.hibernate.SQL                        : 
    select
        r1_0.recipe_id,
        r1_0.author_id,
        r1_0.author_name,
        r1_0.author_url,
        r1_0.avatar_url,
        r1_0.category_name,
        r1_0.category_id,
        r1_0.created_at,
        r1_0.description,
        r1_0.ingredients,
        r1_0.instruction,
        r1_0.name,
        r1_1.average_rating,
        r1_1.comment_count,
        r1_1.like_count,
        r1_1.rate_count,
        r1_1.save_count 
    from
        recipes r1_0 
    left join
        recipe_stats r1_1 
            on r1_0.recipe_id=r1_1.recipe_id 
    where
        r1_0.author_id=? 
    order by
        r1_0.created_at desc
2025-05-21T05:24:49.671+07:00 DEBUG 18256 --- [http-nio-8080-exec-3] org.hibernate.SQL                        : 
    select
        u1_0.user_id,
        u1_0.avatar_url,
        u1_0.date_of_birth,
        u1_0.email,
        u1_0.firstname,
        u1_0.lastname,
        u1_0.password,
        u1_0.role,
        u1_0.username 
    from
        users u1_0 
    where
        u1_0.username=?
2025-05-21T05:24:49.673+07:00 DEBUG 18256 --- [http-nio-8080-exec-3] org.hibernate.SQL                        : 
    select
        f1_0.follow_id,
        f1_0.follow_time,
        f1_0.follower_id,
        f1_0.following_id 
    from
        follows f1_0 
    where
        f1_0.following_id=?
2025-05-21T05:24:49.676+07:00 DEBUG 18256 --- [http-nio-8080-exec-3] org.hibernate.SQL                        : 
    select
        f1_0.follow_id,
        f1_0.follow_time,
        f1_0.follower_id,
        f1_0.following_id 
    from
        follows f1_0 
    where
        f1_0.follower_id=?
2025-05-21T05:24:49.679+07:00 DEBUG 18256 --- [http-nio-8080-exec-3] org.hibernate.SQL                        : 
    select
        r1_0.recipe_id,
        r1_0.author_id,
        r1_0.author_name,
        r1_0.author_url,
        r1_0.avatar_url,
        r1_0.category_name,
        r1_0.category_id,
        r1_0.created_at,
        r1_0.description,
        r1_0.ingredients,
        r1_0.instruction,
        r1_0.name,
        r1_1.average_rating,
        r1_1.comment_count,
        r1_1.like_count,
        r1_1.rate_count,
        r1_1.save_count 
    from
        recipes r1_0 
    left join
        recipe_stats r1_1 
            on r1_0.recipe_id=r1_1.recipe_id 
    where
        r1_0.author_id=? 
    order by
        r1_0.created_at desc
2025-05-21T05:24:49.681+07:00 DEBUG 18256 --- [http-nio-8080-exec-3] org.hibernate.SQL                        : 
    select
        u1_0.user_id,
        u1_0.avatar_url,
        u1_0.date_of_birth,
        u1_0.email,
        u1_0.firstname,
        u1_0.lastname,
        u1_0.password,
        u1_0.role,
        u1_0.username 
    from
        users u1_0 
    where
        u1_0.username=?
2025-05-21T05:24:49.683+07:00  WARN 18256 --- [http-nio-8080-exec-6] .m.m.a.ExceptionHandlerExceptionResolver : Resolved [org.springframework.web.servlet.resource.NoResourceFoundException: No static resource favicon.ico.]
2025-05-21T05:24:49.684+07:00 DEBUG 18256 --- [http-nio-8080-exec-3] org.hibernate.SQL                        : 
    select
        f1_0.follow_id,
        f1_0.follow_time,
        f1_0.follower_id,
        f1_0.following_id 
    from
        follows f1_0 
    where
        f1_0.following_id=?
2025-05-21T05:24:49.686+07:00 DEBUG 18256 --- [http-nio-8080-exec-3] org.hibernate.SQL                        : 
    select
        f1_0.follow_id,
        f1_0.follow_time,
        f1_0.follower_id,
        f1_0.following_id 
    from
        follows f1_0 
    where
        f1_0.follower_id=?
2025-05-21T05:24:49.690+07:00 DEBUG 18256 --- [http-nio-8080-exec-3] org.hibernate.SQL                        : 
    select
        r1_0.recipe_id,
        r1_0.author_id,
        r1_0.author_name,
        r1_0.author_url,
        r1_0.avatar_url,
        r1_0.category_name,
        r1_0.category_id,
        r1_0.created_at,
        r1_0.description,
        r1_0.ingredients,
        r1_0.instruction,
        r1_0.name,
        r1_1.average_rating,
        r1_1.comment_count,
        r1_1.like_count,
        r1_1.rate_count,
        r1_1.save_count 
    from
        recipes r1_0 
    left join
        recipe_stats r1_1 
            on r1_0.recipe_id=r1_1.recipe_id 
    where
        r1_0.author_id=? 
    order by
        r1_0.created_at desc
2025-05-21T05:24:49.692+07:00 DEBUG 18256 --- [http-nio-8080-exec-3] org.hibernate.SQL                        : 
    select
        avg(r1_0.rating) 
    from
        rates r1_0 
    where
        r1_0.recipe_id=?
2025-05-21T05:24:49.694+07:00 DEBUG 18256 --- [http-nio-8080-exec-3] org.hibernate.SQL                        : 
    select
        u1_0.user_id,
        u1_0.avatar_url,
        u1_0.date_of_birth,
        u1_0.email,
        u1_0.firstname,
        u1_0.lastname,
        u1_0.password,
        u1_0.role,
        u1_0.username 
    from
        users u1_0 
    where
        u1_0.username=?
2025-05-21T05:24:49.696+07:00 DEBUG 18256 --- [http-nio-8080-exec-3] org.hibernate.SQL                        : 
    select
        f1_0.follow_id,
        f1_0.follow_time,
        f1_0.follower_id,
        f1_0.following_id 
    from
        follows f1_0 
    where
        f1_0.following_id=?
2025-05-21T05:24:49.698+07:00 DEBUG 18256 --- [http-nio-8080-exec-3] org.hibernate.SQL                        : 
    select
        f1_0.follow_id,
        f1_0.follow_time,
        f1_0.follower_id,
        f1_0.following_id 
    from
        follows f1_0 
    where
        f1_0.follower_id=?
2025-05-21T05:24:49.700+07:00 DEBUG 18256 --- [http-nio-8080-exec-3] org.hibernate.SQL                        : 
    select
        r1_0.recipe_id,
        r1_0.author_id,
        r1_0.author_name,
        r1_0.author_url,
        r1_0.avatar_url,
        r1_0.category_name,
        r1_0.category_id,
        r1_0.created_at,
        r1_0.description,
        r1_0.ingredients,
        r1_0.instruction,
        r1_0.name,
        r1_1.average_rating,
        r1_1.comment_count,
        r1_1.like_count,
        r1_1.rate_count,
        r1_1.save_count 
    from
        recipes r1_0 
    left join
        recipe_stats r1_1 
            on r1_0.recipe_id=r1_1.recipe_id 
    where
        r1_0.author_id=? 
    order by
        r1_0.created_at desc
2025-05-21T05:24:49.701+07:00 DEBUG 18256 --- [http-nio-8080-exec-3] org.hibernate.SQL                        : 
    select
        avg(r1_0.rating) 
    from
        rates r1_0 
    where
        r1_0.recipe_id=?
2025-05-21T05:24:49.844+07:00  WARN 18256 --- [http-nio-8080-exec-7] .m.m.a.ExceptionHandlerExceptionResolver : Resolved [org.springframework.web.servlet.resource.NoResourceFoundException: No static resource favicon.ico.]
2025-05-21T05:24:55.589+07:00 DEBUG 18256 --- [http-nio-8080-exec-8] org.hibernate.SQL                        : 
    select
        u1_0.user_id,
        u1_0.avatar_url,
        u1_0.date_of_birth,
        u1_0.email,
        u1_0.firstname,
        u1_0.lastname,
        u1_0.password,
        u1_0.role,
        u1_0.username 
    from
        users u1_0 
    where
        u1_0.username=? 
        or u1_0.email=?
2025-05-21T05:24:55.770+07:00 DEBUG 18256 --- [http-nio-8080-exec-2] org.hibernate.SQL                        : 
    select
        c1_0.category_name,
        c1_0.category_id,
        c1_0.usage_count 
    from
        categories c1_0 
    order by
        c1_0.category_name
2025-05-21T05:24:55.770+07:00 DEBUG 18256 --- [http-nio-8080-exec-1] org.hibernate.SQL                        : 
    select
        r1_0.recipe_id,
        r1_0.author_id,
        r1_0.author_name,
        r1_0.author_url,
        r1_0.avatar_url,
        r1_0.category_name,
        r1_0.category_id,
        r1_0.created_at,
        r1_0.description,
        r1_0.ingredients,
        r1_0.instruction,
        r1_0.name,
        r1_1.average_rating,
        r1_1.comment_count,
        r1_1.like_count,
        r1_1.rate_count,
        r1_1.save_count 
    from
        recipes r1_0 
    left join
        recipe_stats r1_1 
            on r1_0.recipe_id=r1_1.recipe_id
2025-05-21T05:24:55.770+07:00 DEBUG 18256 --- [http-nio-8080-exec-10] org.hibernate.SQL                        : 
    select
        u1_0.user_id,
        u1_0.avatar_url,
        u1_0.date_of_birth,
        u1_0.email,
        u1_0.firstname,
        u1_0.lastname,
        u1_0.password,
        u1_0.role,
        u1_0.username 
    from
        users u1_0
2025-05-21T05:24:55.778+07:00 DEBUG 18256 --- [http-nio-8080-exec-10] org.hibernate.SQL                        : 
    select
        u1_0.user_id,
        u1_0.avatar_url,
        u1_0.date_of_birth,
        u1_0.email,
        u1_0.firstname,
        u1_0.lastname,
        u1_0.password,
        u1_0.role,
        u1_0.username 
    from
        users u1_0 
    where
        u1_0.username=?
2025-05-21T05:24:55.782+07:00 DEBUG 18256 --- [http-nio-8080-exec-10] org.hibernate.SQL                        : 
    select
        f1_0.follow_id,
        f1_0.follow_time,
        f1_0.follower_id,
        f1_0.following_id 
    from
        follows f1_0 
    where
        f1_0.following_id=?
2025-05-21T05:24:55.787+07:00 DEBUG 18256 --- [http-nio-8080-exec-10] org.hibernate.SQL                        : 
    select
        f1_0.follow_id,
        f1_0.follow_time,
        f1_0.follower_id,
        f1_0.following_id 
    from
        follows f1_0 
    where
        f1_0.follower_id=?
2025-05-21T05:24:55.794+07:00 DEBUG 18256 --- [http-nio-8080-exec-10] org.hibernate.SQL                        : 
    select
        r1_0.recipe_id,
        r1_0.author_id,
        r1_0.author_name,
        r1_0.author_url,
        r1_0.avatar_url,
        r1_0.category_name,
        r1_0.category_id,
        r1_0.created_at,
        r1_0.description,
        r1_0.ingredients,
        r1_0.instruction,
        r1_0.name,
        r1_1.average_rating,
        r1_1.comment_count,
        r1_1.like_count,
        r1_1.rate_count,
        r1_1.save_count 
    from
        recipes r1_0 
    left join
        recipe_stats r1_1 
            on r1_0.recipe_id=r1_1.recipe_id 
    where
        r1_0.author_id=? 
    order by
        r1_0.created_at desc
2025-05-21T05:24:55.798+07:00 DEBUG 18256 --- [http-nio-8080-exec-10] org.hibernate.SQL                        : 
    select
        avg(r1_0.rating) 
    from
        rates r1_0 
    where
        r1_0.recipe_id=?
2025-05-21T05:24:55.800+07:00 DEBUG 18256 --- [http-nio-8080-exec-10] org.hibernate.SQL                        : 
    select
        avg(r1_0.rating) 
    from
        rates r1_0 
    where
        r1_0.recipe_id=?
2025-05-21T05:24:55.802+07:00 DEBUG 18256 --- [http-nio-8080-exec-10] org.hibernate.SQL                        : 
    select
        avg(r1_0.rating) 
    from
        rates r1_0 
    where
        r1_0.recipe_id=?
2025-05-21T05:24:55.805+07:00 DEBUG 18256 --- [http-nio-8080-exec-10] org.hibernate.SQL                        : 
    select
        u1_0.user_id,
        u1_0.avatar_url,
        u1_0.date_of_birth,
        u1_0.email,
        u1_0.firstname,
        u1_0.lastname,
        u1_0.password,
        u1_0.role,
        u1_0.username 
    from
        users u1_0 
    where
        u1_0.username=?
2025-05-21T05:24:55.809+07:00 DEBUG 18256 --- [http-nio-8080-exec-10] org.hibernate.SQL                        : 
    select
        f1_0.follow_id,
        f1_0.follow_time,
        f1_0.follower_id,
        f1_0.following_id 
    from
        follows f1_0 
    where
        f1_0.following_id=?
2025-05-21T05:24:55.813+07:00 DEBUG 18256 --- [http-nio-8080-exec-10] org.hibernate.SQL                        : 
    select
        f1_0.follow_id,
        f1_0.follow_time,
        f1_0.follower_id,
        f1_0.following_id 
    from
        follows f1_0 
    where
        f1_0.follower_id=?
2025-05-21T05:24:55.820+07:00 DEBUG 18256 --- [http-nio-8080-exec-10] org.hibernate.SQL                        : 
    select
        r1_0.recipe_id,
        r1_0.author_id,
        r1_0.author_name,
        r1_0.author_url,
        r1_0.avatar_url,
        r1_0.category_name,
        r1_0.category_id,
        r1_0.created_at,
        r1_0.description,
        r1_0.ingredients,
        r1_0.instruction,
        r1_0.name,
        r1_1.average_rating,
        r1_1.comment_count,
        r1_1.like_count,
        r1_1.rate_count,
        r1_1.save_count 
    from
        recipes r1_0 
    left join
        recipe_stats r1_1 
            on r1_0.recipe_id=r1_1.recipe_id 
    where
        r1_0.author_id=? 
    order by
        r1_0.created_at desc
2025-05-21T05:24:55.825+07:00 DEBUG 18256 --- [http-nio-8080-exec-10] org.hibernate.SQL                        : 
    select
        u1_0.user_id,
        u1_0.avatar_url,
        u1_0.date_of_birth,
        u1_0.email,
        u1_0.firstname,
        u1_0.lastname,
        u1_0.password,
        u1_0.role,
        u1_0.username 
    from
        users u1_0 
    where
        u1_0.username=?
2025-05-21T05:24:55.827+07:00 DEBUG 18256 --- [http-nio-8080-exec-10] org.hibernate.SQL                        : 
    select
        f1_0.follow_id,
        f1_0.follow_time,
        f1_0.follower_id,
        f1_0.following_id 
    from
        follows f1_0 
    where
        f1_0.following_id=?
2025-05-21T05:24:55.831+07:00 DEBUG 18256 --- [http-nio-8080-exec-10] org.hibernate.SQL                        : 
    select
        f1_0.follow_id,
        f1_0.follow_time,
        f1_0.follower_id,
        f1_0.following_id 
    from
        follows f1_0 
    where
        f1_0.follower_id=?
2025-05-21T05:24:55.836+07:00 DEBUG 18256 --- [http-nio-8080-exec-10] org.hibernate.SQL                        : 
    select
        r1_0.recipe_id,
        r1_0.author_id,
        r1_0.author_name,
        r1_0.author_url,
        r1_0.avatar_url,
        r1_0.category_name,
        r1_0.category_id,
        r1_0.created_at,
        r1_0.description,
        r1_0.ingredients,
        r1_0.instruction,
        r1_0.name,
        r1_1.average_rating,
        r1_1.comment_count,
        r1_1.like_count,
        r1_1.rate_count,
        r1_1.save_count 
    from
        recipes r1_0 
    left join
        recipe_stats r1_1 
            on r1_0.recipe_id=r1_1.recipe_id 
    where
        r1_0.author_id=? 
    order by
        r1_0.created_at desc
2025-05-21T05:24:55.838+07:00 DEBUG 18256 --- [http-nio-8080-exec-10] org.hibernate.SQL                        : 
    select
        u1_0.user_id,
        u1_0.avatar_url,
        u1_0.date_of_birth,
        u1_0.email,
        u1_0.firstname,
        u1_0.lastname,
        u1_0.password,
        u1_0.role,
        u1_0.username 
    from
        users u1_0 
    where
        u1_0.username=?
2025-05-21T05:24:55.844+07:00 DEBUG 18256 --- [http-nio-8080-exec-10] org.hibernate.SQL                        : 
    select
        f1_0.follow_id,
        f1_0.follow_time,
        f1_0.follower_id,
        f1_0.following_id 
    from
        follows f1_0 
    where
        f1_0.following_id=?
2025-05-21T05:24:55.850+07:00 DEBUG 18256 --- [http-nio-8080-exec-10] org.hibernate.SQL                        : 
    select
        f1_0.follow_id,
        f1_0.follow_time,
        f1_0.follower_id,
        f1_0.following_id 
    from
        follows f1_0 
    where
        f1_0.follower_id=?
2025-05-21T05:24:55.855+07:00 DEBUG 18256 --- [http-nio-8080-exec-10] org.hibernate.SQL                        : 
    select
        r1_0.recipe_id,
        r1_0.author_id,
        r1_0.author_name,
        r1_0.author_url,
        r1_0.avatar_url,
        r1_0.category_name,
        r1_0.category_id,
        r1_0.created_at,
        r1_0.description,
        r1_0.ingredients,
        r1_0.instruction,
        r1_0.name,
        r1_1.average_rating,
        r1_1.comment_count,
        r1_1.like_count,
        r1_1.rate_count,
        r1_1.save_count 
    from
        recipes r1_0 
    left join
        recipe_stats r1_1 
            on r1_0.recipe_id=r1_1.recipe_id 
    where
        r1_0.author_id=? 
    order by
        r1_0.created_at desc
2025-05-21T05:24:55.858+07:00 DEBUG 18256 --- [http-nio-8080-exec-10] org.hibernate.SQL                        : 
    select
        avg(r1_0.rating) 
    from
        rates r1_0 
    where
        r1_0.recipe_id=?
2025-05-21T05:24:55.862+07:00 DEBUG 18256 --- [http-nio-8080-exec-10] org.hibernate.SQL                        : 
    select
        u1_0.user_id,
        u1_0.avatar_url,
        u1_0.date_of_birth,
        u1_0.email,
        u1_0.firstname,
        u1_0.lastname,
        u1_0.password,
        u1_0.role,
        u1_0.username 
    from
        users u1_0 
    where
        u1_0.username=?
2025-05-21T05:24:55.864+07:00 DEBUG 18256 --- [http-nio-8080-exec-10] org.hibernate.SQL                        : 
    select
        f1_0.follow_id,
        f1_0.follow_time,
        f1_0.follower_id,
        f1_0.following_id 
    from
        follows f1_0 
    where
        f1_0.following_id=?
2025-05-21T05:24:55.870+07:00 DEBUG 18256 --- [http-nio-8080-exec-10] org.hibernate.SQL                        : 
    select
        f1_0.follow_id,
        f1_0.follow_time,
        f1_0.follower_id,
        f1_0.following_id 
    from
        follows f1_0 
    where
        f1_0.follower_id=?
2025-05-21T05:24:55.871+07:00  WARN 18256 --- [http-nio-8080-exec-5] .m.m.a.ExceptionHandlerExceptionResolver : Resolved [org.springframework.web.servlet.resource.NoResourceFoundException: No static resource favicon.ico.]
2025-05-21T05:24:55.875+07:00 DEBUG 18256 --- [http-nio-8080-exec-10] org.hibernate.SQL                        : 
    select
        r1_0.recipe_id,
        r1_0.author_id,
        r1_0.author_name,
        r1_0.author_url,
        r1_0.avatar_url,
        r1_0.category_name,
        r1_0.category_id,
        r1_0.created_at,
        r1_0.description,
        r1_0.ingredients,
        r1_0.instruction,
        r1_0.name,
        r1_1.average_rating,
        r1_1.comment_count,
        r1_1.like_count,
        r1_1.rate_count,
        r1_1.save_count 
    from
        recipes r1_0 
    left join
        recipe_stats r1_1 
            on r1_0.recipe_id=r1_1.recipe_id 
    where
        r1_0.author_id=? 
    order by
        r1_0.created_at desc
2025-05-21T05:24:55.878+07:00 DEBUG 18256 --- [http-nio-8080-exec-10] org.hibernate.SQL                        : 
    select
        avg(r1_0.rating) 
    from
        rates r1_0 
    where
        r1_0.recipe_id=?
2025-05-21T05:25:54.235+07:00 DEBUG 18256 --- [http-nio-8080-exec-7] org.hibernate.SQL                        : 
    select
        c1_0.category_name,
        c1_0.category_id,
        c1_0.usage_count 
    from
        categories c1_0 
    order by
        c1_0.category_name
2025-05-21T05:25:54.235+07:00 DEBUG 18256 --- [http-nio-8080-exec-3] org.hibernate.SQL                        : 
    select
        r1_0.recipe_id,
        r1_0.author_id,
        r1_0.author_name,
        r1_0.author_url,
        r1_0.avatar_url,
        r1_0.category_name,
        r1_0.category_id,
        r1_0.created_at,
        r1_0.description,
        r1_0.ingredients,
        r1_0.instruction,
        r1_0.name,
        r1_1.average_rating,
        r1_1.comment_count,
        r1_1.like_count,
        r1_1.rate_count,
        r1_1.save_count 
    from
        recipes r1_0 
    left join
        recipe_stats r1_1 
            on r1_0.recipe_id=r1_1.recipe_id
2025-05-21T05:25:54.235+07:00 DEBUG 18256 --- [http-nio-8080-exec-6] org.hibernate.SQL                        : 
    select
        u1_0.user_id,
        u1_0.avatar_url,
        u1_0.date_of_birth,
        u1_0.email,
        u1_0.firstname,
        u1_0.lastname,
        u1_0.password,
        u1_0.role,
        u1_0.username 
    from
        users u1_0
2025-05-21T05:25:54.239+07:00 DEBUG 18256 --- [http-nio-8080-exec-6] org.hibernate.SQL                        : 
    select
        u1_0.user_id,
        u1_0.avatar_url,
        u1_0.date_of_birth,
        u1_0.email,
        u1_0.firstname,
        u1_0.lastname,
        u1_0.password,
        u1_0.role,
        u1_0.username 
    from
        users u1_0 
    where
        u1_0.username=?
2025-05-21T05:25:54.243+07:00 DEBUG 18256 --- [http-nio-8080-exec-6] org.hibernate.SQL                        : 
    select
        f1_0.follow_id,
        f1_0.follow_time,
        f1_0.follower_id,
        f1_0.following_id 
    from
        follows f1_0 
    where
        f1_0.following_id=?
2025-05-21T05:25:54.250+07:00 DEBUG 18256 --- [http-nio-8080-exec-6] org.hibernate.SQL                        : 
    select
        f1_0.follow_id,
        f1_0.follow_time,
        f1_0.follower_id,
        f1_0.following_id 
    from
        follows f1_0 
    where
        f1_0.follower_id=?
2025-05-21T05:25:54.258+07:00 DEBUG 18256 --- [http-nio-8080-exec-6] org.hibernate.SQL                        : 
    select
        r1_0.recipe_id,
        r1_0.author_id,
        r1_0.author_name,
        r1_0.author_url,
        r1_0.avatar_url,
        r1_0.category_name,
        r1_0.category_id,
        r1_0.created_at,
        r1_0.description,
        r1_0.ingredients,
        r1_0.instruction,
        r1_0.name,
        r1_1.average_rating,
        r1_1.comment_count,
        r1_1.like_count,
        r1_1.rate_count,
        r1_1.save_count 
    from
        recipes r1_0 
    left join
        recipe_stats r1_1 
            on r1_0.recipe_id=r1_1.recipe_id 
    where
        r1_0.author_id=? 
    order by
        r1_0.created_at desc
2025-05-21T05:25:54.262+07:00 DEBUG 18256 --- [http-nio-8080-exec-6] org.hibernate.SQL                        : 
    select
        avg(r1_0.rating) 
    from
        rates r1_0 
    where
        r1_0.recipe_id=?
2025-05-21T05:25:54.265+07:00 DEBUG 18256 --- [http-nio-8080-exec-6] org.hibernate.SQL                        : 
    select
        avg(r1_0.rating) 
    from
        rates r1_0 
    where
        r1_0.recipe_id=?
2025-05-21T05:25:54.267+07:00 DEBUG 18256 --- [http-nio-8080-exec-6] org.hibernate.SQL                        : 
    select
        avg(r1_0.rating) 
    from
        rates r1_0 
    where
        r1_0.recipe_id=?
2025-05-21T05:25:54.270+07:00 DEBUG 18256 --- [http-nio-8080-exec-6] org.hibernate.SQL                        : 
    select
        u1_0.user_id,
        u1_0.avatar_url,
        u1_0.date_of_birth,
        u1_0.email,
        u1_0.firstname,
        u1_0.lastname,
        u1_0.password,
        u1_0.role,
        u1_0.username 
    from
        users u1_0 
    where
        u1_0.username=?
2025-05-21T05:25:54.273+07:00  WARN 18256 --- [http-nio-8080-exec-8] .m.m.a.ExceptionHandlerExceptionResolver : Resolved [org.springframework.web.servlet.resource.NoResourceFoundException: No static resource favicon.ico.]
2025-05-21T05:25:54.274+07:00 DEBUG 18256 --- [http-nio-8080-exec-6] org.hibernate.SQL                        : 
    select
        f1_0.follow_id,
        f1_0.follow_time,
        f1_0.follower_id,
        f1_0.following_id 
    from
        follows f1_0 
    where
        f1_0.following_id=?
2025-05-21T05:25:54.278+07:00 DEBUG 18256 --- [http-nio-8080-exec-6] org.hibernate.SQL                        : 
    select
        f1_0.follow_id,
        f1_0.follow_time,
        f1_0.follower_id,
        f1_0.following_id 
    from
        follows f1_0 
    where
        f1_0.follower_id=?
2025-05-21T05:25:54.281+07:00 DEBUG 18256 --- [http-nio-8080-exec-6] org.hibernate.SQL                        : 
    select
        r1_0.recipe_id,
        r1_0.author_id,
        r1_0.author_name,
        r1_0.author_url,
        r1_0.avatar_url,
        r1_0.category_name,
        r1_0.category_id,
        r1_0.created_at,
        r1_0.description,
        r1_0.ingredients,
        r1_0.instruction,
        r1_0.name,
        r1_1.average_rating,
        r1_1.comment_count,
        r1_1.like_count,
        r1_1.rate_count,
        r1_1.save_count 
    from
        recipes r1_0 
    left join
        recipe_stats r1_1 
            on r1_0.recipe_id=r1_1.recipe_id 
    where
        r1_0.author_id=? 
    order by
        r1_0.created_at desc
2025-05-21T05:25:54.284+07:00 DEBUG 18256 --- [http-nio-8080-exec-6] org.hibernate.SQL                        : 
    select
        u1_0.user_id,
        u1_0.avatar_url,
        u1_0.date_of_birth,
        u1_0.email,
        u1_0.firstname,
        u1_0.lastname,
        u1_0.password,
        u1_0.role,
        u1_0.username 
    from
        users u1_0 
    where
        u1_0.username=?
2025-05-21T05:25:54.285+07:00 DEBUG 18256 --- [http-nio-8080-exec-6] org.hibernate.SQL                        : 
    select
        f1_0.follow_id,
        f1_0.follow_time,
        f1_0.follower_id,
        f1_0.following_id 
    from
        follows f1_0 
    where
        f1_0.following_id=?
2025-05-21T05:25:54.288+07:00 DEBUG 18256 --- [http-nio-8080-exec-6] org.hibernate.SQL                        : 
    select
        f1_0.follow_id,
        f1_0.follow_time,
        f1_0.follower_id,
        f1_0.following_id 
    from
        follows f1_0 
    where
        f1_0.follower_id=?
2025-05-21T05:25:54.290+07:00 DEBUG 18256 --- [http-nio-8080-exec-6] org.hibernate.SQL                        : 
    select
        r1_0.recipe_id,
        r1_0.author_id,
        r1_0.author_name,
        r1_0.author_url,
        r1_0.avatar_url,
        r1_0.category_name,
        r1_0.category_id,
        r1_0.created_at,
        r1_0.description,
        r1_0.ingredients,
        r1_0.instruction,
        r1_0.name,
        r1_1.average_rating,
        r1_1.comment_count,
        r1_1.like_count,
        r1_1.rate_count,
        r1_1.save_count 
    from
        recipes r1_0 
    left join
        recipe_stats r1_1 
            on r1_0.recipe_id=r1_1.recipe_id 
    where
        r1_0.author_id=? 
    order by
        r1_0.created_at desc
2025-05-21T05:25:54.293+07:00 DEBUG 18256 --- [http-nio-8080-exec-6] org.hibernate.SQL                        : 
    select
        u1_0.user_id,
        u1_0.avatar_url,
        u1_0.date_of_birth,
        u1_0.email,
        u1_0.firstname,
        u1_0.lastname,
        u1_0.password,
        u1_0.role,
        u1_0.username 
    from
        users u1_0 
    where
        u1_0.username=?
2025-05-21T05:25:54.296+07:00 DEBUG 18256 --- [http-nio-8080-exec-6] org.hibernate.SQL                        : 
    select
        f1_0.follow_id,
        f1_0.follow_time,
        f1_0.follower_id,
        f1_0.following_id 
    from
        follows f1_0 
    where
        f1_0.following_id=?
2025-05-21T05:25:54.298+07:00 DEBUG 18256 --- [http-nio-8080-exec-6] org.hibernate.SQL                        : 
    select
        f1_0.follow_id,
        f1_0.follow_time,
        f1_0.follower_id,
        f1_0.following_id 
    from
        follows f1_0 
    where
        f1_0.follower_id=?
2025-05-21T05:25:54.301+07:00 DEBUG 18256 --- [http-nio-8080-exec-6] org.hibernate.SQL                        : 
    select
        r1_0.recipe_id,
        r1_0.author_id,
        r1_0.author_name,
        r1_0.author_url,
        r1_0.avatar_url,
        r1_0.category_name,
        r1_0.category_id,
        r1_0.created_at,
        r1_0.description,
        r1_0.ingredients,
        r1_0.instruction,
        r1_0.name,
        r1_1.average_rating,
        r1_1.comment_count,
        r1_1.like_count,
        r1_1.rate_count,
        r1_1.save_count 
    from
        recipes r1_0 
    left join
        recipe_stats r1_1 
            on r1_0.recipe_id=r1_1.recipe_id 
    where
        r1_0.author_id=? 
    order by
        r1_0.created_at desc
2025-05-21T05:25:54.302+07:00 DEBUG 18256 --- [http-nio-8080-exec-6] org.hibernate.SQL                        : 
    select
        avg(r1_0.rating) 
    from
        rates r1_0 
    where
        r1_0.recipe_id=?
2025-05-21T05:25:54.304+07:00 DEBUG 18256 --- [http-nio-8080-exec-6] org.hibernate.SQL                        : 
    select
        u1_0.user_id,
        u1_0.avatar_url,
        u1_0.date_of_birth,
        u1_0.email,
        u1_0.firstname,
        u1_0.lastname,
        u1_0.password,
        u1_0.role,
        u1_0.username 
    from
        users u1_0 
    where
        u1_0.username=?
2025-05-21T05:25:54.306+07:00 DEBUG 18256 --- [http-nio-8080-exec-6] org.hibernate.SQL                        : 
    select
        f1_0.follow_id,
        f1_0.follow_time,
        f1_0.follower_id,
        f1_0.following_id 
    from
        follows f1_0 
    where
        f1_0.following_id=?
2025-05-21T05:25:54.309+07:00 DEBUG 18256 --- [http-nio-8080-exec-6] org.hibernate.SQL                        : 
    select
        f1_0.follow_id,
        f1_0.follow_time,
        f1_0.follower_id,
        f1_0.following_id 
    from
        follows f1_0 
    where
        f1_0.follower_id=?
2025-05-21T05:25:54.312+07:00 DEBUG 18256 --- [http-nio-8080-exec-6] org.hibernate.SQL                        : 
    select
        r1_0.recipe_id,
        r1_0.author_id,
        r1_0.author_name,
        r1_0.author_url,
        r1_0.avatar_url,
        r1_0.category_name,
        r1_0.category_id,
        r1_0.created_at,
        r1_0.description,
        r1_0.ingredients,
        r1_0.instruction,
        r1_0.name,
        r1_1.average_rating,
        r1_1.comment_count,
        r1_1.like_count,
        r1_1.rate_count,
        r1_1.save_count 
    from
        recipes r1_0 
    left join
        recipe_stats r1_1 
            on r1_0.recipe_id=r1_1.recipe_id 
    where
        r1_0.author_id=? 
    order by
        r1_0.created_at desc
2025-05-21T05:25:54.314+07:00 DEBUG 18256 --- [http-nio-8080-exec-6] org.hibernate.SQL                        : 
    select
        avg(r1_0.rating) 
    from
        rates r1_0 
    where
        r1_0.recipe_id=?
2025-05-21T05:25:56.509+07:00  WARN 18256 --- [http-nio-8080-exec-2] .m.m.a.ExceptionHandlerExceptionResolver : Resolved [org.springframework.web.servlet.resource.NoResourceFoundException: No static resource favicon.ico.]
2025-05-21T05:26:27.789+07:00 DEBUG 18256 --- [http-nio-8080-exec-1] org.hibernate.SQL                        : 
    select
        u1_0.user_id,
        u1_0.avatar_url,
        u1_0.date_of_birth,
        u1_0.email,
        u1_0.firstname,
        u1_0.lastname,
        u1_0.password,
        u1_0.role,
        u1_0.username 
    from
        users u1_0 
    where
        u1_0.username=? 
        or u1_0.email=?
2025-05-21T05:26:27.945+07:00 DEBUG 18256 --- [http-nio-8080-exec-5] org.hibernate.SQL                        : 
    select
        u1_0.user_id,
        u1_0.avatar_url,
        u1_0.date_of_birth,
        u1_0.email,
        u1_0.firstname,
        u1_0.lastname,
        u1_0.password,
        u1_0.role,
        u1_0.username 
    from
        users u1_0 
    where
        u1_0.username=?
2025-05-21T05:26:27.945+07:00 DEBUG 18256 --- [http-nio-8080-exec-5] org.hibernate.SQL                        : 
    select
        f1_0.follow_id,
        f1_0.follow_time,
        f1_0.follower_id,
        f1_0.following_id 
    from
        follows f1_0 
    where
        f1_0.following_id=?
2025-05-21T05:26:27.961+07:00 DEBUG 18256 --- [http-nio-8080-exec-5] org.hibernate.SQL                        : 
    select
        u1_0.user_id,
        u1_0.avatar_url,
        u1_0.date_of_birth,
        u1_0.email,
        u1_0.firstname,
        u1_0.lastname,
        u1_0.password,
        u1_0.role,
        u1_0.username 
    from
        users u1_0 
    where
        u1_0.user_id=?
2025-05-21T05:26:27.961+07:00 DEBUG 18256 --- [http-nio-8080-exec-5] org.hibernate.SQL                        : 
    select
        f1_0.follow_id,
        f1_0.follow_time,
        f1_0.follower_id,
        f1_0.following_id 
    from
        follows f1_0 
    where
        f1_0.follower_id=?
2025-05-21T05:26:27.961+07:00 DEBUG 18256 --- [http-nio-8080-exec-5] org.hibernate.SQL                        : 
    select
        u1_0.user_id,
        u1_0.avatar_url,
        u1_0.date_of_birth,
        u1_0.email,
        u1_0.firstname,
        u1_0.lastname,
        u1_0.password,
        u1_0.role,
        u1_0.username 
    from
        users u1_0 
    where
        u1_0.user_id=?
2025-05-21T05:26:27.961+07:00 DEBUG 18256 --- [http-nio-8080-exec-5] org.hibernate.SQL                        : 
    select
        r1_0.recipe_id,
        r1_0.author_id,
        r1_0.author_name,
        r1_0.author_url,
        r1_0.avatar_url,
        r1_0.category_name,
        r1_0.category_id,
        r1_0.created_at,
        r1_0.description,
        r1_0.ingredients,
        r1_0.instruction,
        r1_0.name,
        r1_1.average_rating,
        r1_1.comment_count,
        r1_1.like_count,
        r1_1.rate_count,
        r1_1.save_count 
    from
        recipes r1_0 
    left join
        recipe_stats r1_1 
            on r1_0.recipe_id=r1_1.recipe_id 
    where
        r1_0.author_id=? 
    order by
        r1_0.created_at desc
2025-05-21T05:26:27.979+07:00 DEBUG 18256 --- [http-nio-8080-exec-5] org.hibernate.SQL                        : 
    select
        avg(r1_0.rating) 
    from
        rates r1_0 
    where
        r1_0.recipe_id=?
2025-05-21T05:26:27.979+07:00 DEBUG 18256 --- [http-nio-8080-exec-5] org.hibernate.SQL                        : 
    select
        avg(r1_0.rating) 
    from
        rates r1_0 
    where
        r1_0.recipe_id=?
2025-05-21T05:26:27.979+07:00 DEBUG 18256 --- [http-nio-8080-exec-5] org.hibernate.SQL                        : 
    select
        avg(r1_0.rating) 
    from
        rates r1_0 
    where
        r1_0.recipe_id=?
2025-05-21T05:26:27.994+07:00 DEBUG 18256 --- [http-nio-8080-exec-5] org.hibernate.SQL                        : 
    select
        u1_0.user_id,
        u1_0.avatar_url,
        u1_0.date_of_birth,
        u1_0.email,
        u1_0.firstname,
        u1_0.lastname,
        u1_0.password,
        u1_0.role,
        u1_0.username 
    from
        users u1_0 
    where
        u1_0.username=?
2025-05-21T05:26:28.002+07:00 DEBUG 18256 --- [http-nio-8080-exec-5] org.hibernate.SQL                        : 
    select
        r1_0.recipe_id,
        r1_0.author_id,
        r1_0.author_name,
        r1_0.author_url,
        r1_0.avatar_url,
        r1_0.category_name,
        r1_0.category_id,
        r1_0.created_at,
        r1_0.description,
        r1_0.ingredients,
        r1_0.instruction,
        r1_0.name,
        r1_1.average_rating,
        r1_1.comment_count,
        r1_1.like_count,
        r1_1.rate_count,
        r1_1.save_count 
    from
        recipes r1_0 
    left join
        recipe_stats r1_1 
            on r1_0.recipe_id=r1_1.recipe_id 
    where
        r1_0.author_id=? 
    order by
        r1_0.created_at desc
2025-05-21T05:26:28.007+07:00 DEBUG 18256 --- [http-nio-8080-exec-5] org.hibernate.SQL                        : 
    select
        avg(r1_0.rating) 
    from
        rates r1_0 
    where
        r1_0.recipe_id=?
2025-05-21T05:26:28.011+07:00 DEBUG 18256 --- [http-nio-8080-exec-5] org.hibernate.SQL                        : 
    select
        count(l1_0.like_id) 
    from
        likes l1_0 
    where
        l1_0.recipe_id=?
2025-05-21T05:26:28.011+07:00 DEBUG 18256 --- [http-nio-8080-exec-5] org.hibernate.SQL                        : 
    select
        avg(r1_0.rating) 
    from
        rates r1_0 
    where
        r1_0.recipe_id=?
2025-05-21T05:26:28.011+07:00 DEBUG 18256 --- [http-nio-8080-exec-5] org.hibernate.SQL                        : 
    select
        count(l1_0.like_id) 
    from
        likes l1_0 
    where
        l1_0.recipe_id=?
2025-05-21T05:26:28.011+07:00 DEBUG 18256 --- [http-nio-8080-exec-5] org.hibernate.SQL                        : 
    select
        avg(r1_0.rating) 
    from
        rates r1_0 
    where
        r1_0.recipe_id=?
2025-05-21T05:26:28.011+07:00 DEBUG 18256 --- [http-nio-8080-exec-5] org.hibernate.SQL                        : 
    select
        count(l1_0.like_id) 
    from
        likes l1_0 
    where
        l1_0.recipe_id=?
2025-05-21T05:26:28.026+07:00 DEBUG 18256 --- [http-nio-8080-exec-5] org.hibernate.SQL                        : 
    select
        u1_0.user_id,
        u1_0.avatar_url,
        u1_0.date_of_birth,
        u1_0.email,
        u1_0.firstname,
        u1_0.lastname,
        u1_0.password,
        u1_0.role,
        u1_0.username 
    from
        users u1_0 
    where
        u1_0.username=?
2025-05-21T05:26:28.031+07:00 DEBUG 18256 --- [http-nio-8080-exec-5] org.hibernate.SQL                        : 
    select
        s1_0.save_id,
        s1_0.created_at,
        s1_0.recipe_id,
        s1_0.user_id 
    from
        saved s1_0 
    where
        s1_0.user_id=?
2025-05-21T05:26:28.036+07:00 DEBUG 18256 --- [http-nio-8080-exec-5] org.hibernate.SQL                        : 
    select
        r1_0.recipe_id,
        r1_0.author_id,
        r1_0.author_name,
        r1_0.author_url,
        r1_0.avatar_url,
        r1_0.category_name,
        r1_0.category_id,
        r1_0.created_at,
        r1_0.description,
        r1_0.ingredients,
        r1_0.instruction,
        r1_0.name,
        r1_1.average_rating,
        r1_1.comment_count,
        r1_1.like_count,
        r1_1.rate_count,
        r1_1.save_count 
    from
        recipes r1_0 
    left join
        recipe_stats r1_1 
            on r1_0.recipe_id=r1_1.recipe_id 
    where
        r1_0.recipe_id=?
2025-05-21T05:26:28.040+07:00 DEBUG 18256 --- [http-nio-8080-exec-5] org.hibernate.SQL                        : 
    select
        r1_0.recipe_id,
        r1_0.author_id,
        r1_0.author_name,
        r1_0.author_url,
        r1_0.avatar_url,
        r1_0.category_name,
        r1_0.category_id,
        r1_0.created_at,
        r1_0.description,
        r1_0.ingredients,
        r1_0.instruction,
        r1_0.name,
        r1_1.average_rating,
        r1_1.comment_count,
        r1_1.like_count,
        r1_1.rate_count,
        r1_1.save_count 
    from
        recipes r1_0 
    left join
        recipe_stats r1_1 
            on r1_0.recipe_id=r1_1.recipe_id 
    where
        r1_0.recipe_id=?
2025-05-21T05:26:28.045+07:00 DEBUG 18256 --- [http-nio-8080-exec-5] org.hibernate.SQL                        : 
    select
        avg(r1_0.rating) 
    from
        rates r1_0 
    where
        r1_0.recipe_id=?
2025-05-21T05:26:28.045+07:00 DEBUG 18256 --- [http-nio-8080-exec-5] org.hibernate.SQL                        : 
    select
        count(l1_0.like_id) 
    from
        likes l1_0 
    where
        l1_0.recipe_id=?
2025-05-21T05:26:28.045+07:00 DEBUG 18256 --- [http-nio-8080-exec-5] org.hibernate.SQL                        : 
    select
        avg(r1_0.rating) 
    from
        rates r1_0 
    where
        r1_0.recipe_id=?
2025-05-21T05:26:28.045+07:00 DEBUG 18256 --- [http-nio-8080-exec-5] org.hibernate.SQL                        : 
    select
        count(l1_0.like_id) 
    from
        likes l1_0 
    where
        l1_0.recipe_id=?
2025-05-21T05:26:28.045+07:00 DEBUG 18256 --- [http-nio-8080-exec-5] org.hibernate.SQL                        : 
    select
        avg(r1_0.rating) 
    from
        rates r1_0 
    where
        r1_0.recipe_id=?
2025-05-21T05:26:28.062+07:00 DEBUG 18256 --- [http-nio-8080-exec-5] org.hibernate.SQL                        : 
    select
        count(l1_0.like_id) 
    from
        likes l1_0 
    where
        l1_0.recipe_id=?
2025-05-21T05:26:28.066+07:00 DEBUG 18256 --- [http-nio-8080-exec-5] org.hibernate.SQL                        : 
    select
        u1_0.user_id,
        u1_0.avatar_url,
        u1_0.date_of_birth,
        u1_0.email,
        u1_0.firstname,
        u1_0.lastname,
        u1_0.password,
        u1_0.role,
        u1_0.username 
    from
        users u1_0 
    where
        u1_0.username=?
2025-05-21T05:26:28.071+07:00 DEBUG 18256 --- [http-nio-8080-exec-5] org.hibernate.SQL                        : 
    select
        l1_0.like_id,
        l1_0.created_at,
        l1_0.recipe_id,
        l1_0.user_id 
    from
        likes l1_0 
    where
        l1_0.user_id=?
2025-05-21T05:26:28.079+07:00 DEBUG 18256 --- [http-nio-8080-exec-5] org.hibernate.SQL                        : 
    select
        avg(r1_0.rating) 
    from
        rates r1_0 
    where
        r1_0.recipe_id=?
2025-05-21T05:26:28.081+07:00 DEBUG 18256 --- [http-nio-8080-exec-5] org.hibernate.SQL                        : 
    select
        count(l1_0.like_id) 
    from
        likes l1_0 
    where
        l1_0.recipe_id=?
2025-05-21T05:26:28.081+07:00 DEBUG 18256 --- [http-nio-8080-exec-5] org.hibernate.SQL                        : 
    select
        avg(r1_0.rating) 
    from
        rates r1_0 
    where
        r1_0.recipe_id=?
2025-05-21T05:26:28.081+07:00 DEBUG 18256 --- [http-nio-8080-exec-5] org.hibernate.SQL                        : 
    select
        count(l1_0.like_id) 
    from
        likes l1_0 
    where
        l1_0.recipe_id=?
2025-05-21T05:26:28.261+07:00  WARN 18256 --- [http-nio-8080-exec-9] .m.m.a.ExceptionHandlerExceptionResolver : Resolved [org.springframework.web.servlet.resource.NoResourceFoundException: No static resource favicon.ico.]
2025-05-21T05:26:48.796+07:00 DEBUG 18256 --- [http-nio-8080-exec-2] org.hibernate.SQL                        : 
    select
        u1_0.user_id,
        u1_0.avatar_url,
        u1_0.date_of_birth,
        u1_0.email,
        u1_0.firstname,
        u1_0.lastname,
        u1_0.password,
        u1_0.role,
        u1_0.username 
    from
        users u1_0 
    where
        u1_0.username=?
2025-05-21T05:26:48.799+07:00 DEBUG 18256 --- [http-nio-8080-exec-2] org.hibernate.SQL                        : 
    select
        f1_0.follow_id,
        f1_0.follow_time,
        f1_0.follower_id,
        f1_0.following_id 
    from
        follows f1_0 
    where
        f1_0.following_id=?
2025-05-21T05:26:48.801+07:00 DEBUG 18256 --- [http-nio-8080-exec-2] org.hibernate.SQL                        : 
    select
        u1_0.user_id,
        u1_0.avatar_url,
        u1_0.date_of_birth,
        u1_0.email,
        u1_0.firstname,
        u1_0.lastname,
        u1_0.password,
        u1_0.role,
        u1_0.username 
    from
        users u1_0 
    where
        u1_0.user_id=?
2025-05-21T05:26:48.803+07:00 DEBUG 18256 --- [http-nio-8080-exec-2] org.hibernate.SQL                        : 
    select
        f1_0.follow_id,
        f1_0.follow_time,
        f1_0.follower_id,
        f1_0.following_id 
    from
        follows f1_0 
    where
        f1_0.follower_id=?
2025-05-21T05:26:48.804+07:00 DEBUG 18256 --- [http-nio-8080-exec-2] org.hibernate.SQL                        : 
    select
        u1_0.user_id,
        u1_0.avatar_url,
        u1_0.date_of_birth,
        u1_0.email,
        u1_0.firstname,
        u1_0.lastname,
        u1_0.password,
        u1_0.role,
        u1_0.username 
    from
        users u1_0 
    where
        u1_0.user_id=?
2025-05-21T05:26:48.807+07:00 DEBUG 18256 --- [http-nio-8080-exec-2] org.hibernate.SQL                        : 
    select
        r1_0.recipe_id,
        r1_0.author_id,
        r1_0.author_name,
        r1_0.author_url,
        r1_0.avatar_url,
        r1_0.category_name,
        r1_0.category_id,
        r1_0.created_at,
        r1_0.description,
        r1_0.ingredients,
        r1_0.instruction,
        r1_0.name,
        r1_1.average_rating,
        r1_1.comment_count,
        r1_1.like_count,
        r1_1.rate_count,
        r1_1.save_count 
    from
        recipes r1_0 
    left join
        recipe_stats r1_1 
            on r1_0.recipe_id=r1_1.recipe_id 
    where
        r1_0.author_id=? 
    order by
        r1_0.created_at desc
2025-05-21T05:26:48.809+07:00 DEBUG 18256 --- [http-nio-8080-exec-2] org.hibernate.SQL                        : 
    select
        avg(r1_0.rating) 
    from
        rates r1_0 
    where
        r1_0.recipe_id=?
2025-05-21T05:26:48.810+07:00 DEBUG 18256 --- [http-nio-8080-exec-2] org.hibernate.SQL                        : 
    select
        avg(r1_0.rating) 
    from
        rates r1_0 
    where
        r1_0.recipe_id=?
2025-05-21T05:26:48.812+07:00 DEBUG 18256 --- [http-nio-8080-exec-2] org.hibernate.SQL                        : 
    select
        avg(r1_0.rating) 
    from
        rates r1_0 
    where
        r1_0.recipe_id=?
2025-05-21T05:26:48.815+07:00 DEBUG 18256 --- [http-nio-8080-exec-2] org.hibernate.SQL                        : 
    select
        u1_0.user_id,
        u1_0.avatar_url,
        u1_0.date_of_birth,
        u1_0.email,
        u1_0.firstname,
        u1_0.lastname,
        u1_0.password,
        u1_0.role,
        u1_0.username 
    from
        users u1_0 
    where
        u1_0.username=?
2025-05-21T05:26:48.816+07:00 DEBUG 18256 --- [http-nio-8080-exec-2] org.hibernate.SQL                        : 
    select
        r1_0.recipe_id,
        r1_0.author_id,
        r1_0.author_name,
        r1_0.author_url,
        r1_0.avatar_url,
        r1_0.category_name,
        r1_0.category_id,
        r1_0.created_at,
        r1_0.description,
        r1_0.ingredients,
        r1_0.instruction,
        r1_0.name,
        r1_1.average_rating,
        r1_1.comment_count,
        r1_1.like_count,
        r1_1.rate_count,
        r1_1.save_count 
    from
        recipes r1_0 
    left join
        recipe_stats r1_1 
            on r1_0.recipe_id=r1_1.recipe_id 
    where
        r1_0.author_id=? 
    order by
        r1_0.created_at desc
2025-05-21T05:26:48.818+07:00 DEBUG 18256 --- [http-nio-8080-exec-2] org.hibernate.SQL                        : 
    select
        avg(r1_0.rating) 
    from
        rates r1_0 
    where
        r1_0.recipe_id=?
2025-05-21T05:26:48.819+07:00 DEBUG 18256 --- [http-nio-8080-exec-2] org.hibernate.SQL                        : 
    select
        count(l1_0.like_id) 
    from
        likes l1_0 
    where
        l1_0.recipe_id=?
2025-05-21T05:26:48.820+07:00 DEBUG 18256 --- [http-nio-8080-exec-2] org.hibernate.SQL                        : 
    select
        avg(r1_0.rating) 
    from
        rates r1_0 
    where
        r1_0.recipe_id=?
2025-05-21T05:26:48.821+07:00 DEBUG 18256 --- [http-nio-8080-exec-2] org.hibernate.SQL                        : 
    select
        count(l1_0.like_id) 
    from
        likes l1_0 
    where
        l1_0.recipe_id=?
2025-05-21T05:26:48.822+07:00 DEBUG 18256 --- [http-nio-8080-exec-2] org.hibernate.SQL                        : 
    select
        avg(r1_0.rating) 
    from
        rates r1_0 
    where
        r1_0.recipe_id=?
2025-05-21T05:26:48.823+07:00 DEBUG 18256 --- [http-nio-8080-exec-2] org.hibernate.SQL                        : 
    select
        count(l1_0.like_id) 
    from
        likes l1_0 
    where
        l1_0.recipe_id=?
2025-05-21T05:26:48.824+07:00 DEBUG 18256 --- [http-nio-8080-exec-2] org.hibernate.SQL                        : 
    select
        u1_0.user_id,
        u1_0.avatar_url,
        u1_0.date_of_birth,
        u1_0.email,
        u1_0.firstname,
        u1_0.lastname,
        u1_0.password,
        u1_0.role,
        u1_0.username 
    from
        users u1_0 
    where
        u1_0.username=?
2025-05-21T05:26:48.826+07:00 DEBUG 18256 --- [http-nio-8080-exec-2] org.hibernate.SQL                        : 
    select
        s1_0.save_id,
        s1_0.created_at,
        s1_0.recipe_id,
        s1_0.user_id 
    from
        saved s1_0 
    where
        s1_0.user_id=?
2025-05-21T05:26:48.829+07:00 DEBUG 18256 --- [http-nio-8080-exec-2] org.hibernate.SQL                        : 
    select
        r1_0.recipe_id,
        r1_0.author_id,
        r1_0.author_name,
        r1_0.author_url,
        r1_0.avatar_url,
        r1_0.category_name,
        r1_0.category_id,
        r1_0.created_at,
        r1_0.description,
        r1_0.ingredients,
        r1_0.instruction,
        r1_0.name,
        r1_1.average_rating,
        r1_1.comment_count,
        r1_1.like_count,
        r1_1.rate_count,
        r1_1.save_count 
    from
        recipes r1_0 
    left join
        recipe_stats r1_1 
            on r1_0.recipe_id=r1_1.recipe_id 
    where
        r1_0.recipe_id=?
2025-05-21T05:26:48.831+07:00 DEBUG 18256 --- [http-nio-8080-exec-2] org.hibernate.SQL                        : 
    select
        r1_0.recipe_id,
        r1_0.author_id,
        r1_0.author_name,
        r1_0.author_url,
        r1_0.avatar_url,
        r1_0.category_name,
        r1_0.category_id,
        r1_0.created_at,
        r1_0.description,
        r1_0.ingredients,
        r1_0.instruction,
        r1_0.name,
        r1_1.average_rating,
        r1_1.comment_count,
        r1_1.like_count,
        r1_1.rate_count,
        r1_1.save_count 
    from
        recipes r1_0 
    left join
        recipe_stats r1_1 
            on r1_0.recipe_id=r1_1.recipe_id 
    where
        r1_0.recipe_id=?
2025-05-21T05:26:48.833+07:00 DEBUG 18256 --- [http-nio-8080-exec-2] org.hibernate.SQL                        : 
    select
        avg(r1_0.rating) 
    from
        rates r1_0 
    where
        r1_0.recipe_id=?
2025-05-21T05:26:48.834+07:00 DEBUG 18256 --- [http-nio-8080-exec-2] org.hibernate.SQL                        : 
    select
        count(l1_0.like_id) 
    from
        likes l1_0 
    where
        l1_0.recipe_id=?
2025-05-21T05:26:48.835+07:00 DEBUG 18256 --- [http-nio-8080-exec-2] org.hibernate.SQL                        : 
    select
        avg(r1_0.rating) 
    from
        rates r1_0 
    where
        r1_0.recipe_id=?
2025-05-21T05:26:48.836+07:00 DEBUG 18256 --- [http-nio-8080-exec-2] org.hibernate.SQL                        : 
    select
        count(l1_0.like_id) 
    from
        likes l1_0 
    where
        l1_0.recipe_id=?
2025-05-21T05:26:48.837+07:00 DEBUG 18256 --- [http-nio-8080-exec-2] org.hibernate.SQL                        : 
    select
        avg(r1_0.rating) 
    from
        rates r1_0 
    where
        r1_0.recipe_id=?
2025-05-21T05:26:48.838+07:00 DEBUG 18256 --- [http-nio-8080-exec-2] org.hibernate.SQL                        : 
    select
        count(l1_0.like_id) 
    from
        likes l1_0 
    where
        l1_0.recipe_id=?
2025-05-21T05:26:48.840+07:00 DEBUG 18256 --- [http-nio-8080-exec-2] org.hibernate.SQL                        : 
    select
        u1_0.user_id,
        u1_0.avatar_url,
        u1_0.date_of_birth,
        u1_0.email,
        u1_0.firstname,
        u1_0.lastname,
        u1_0.password,
        u1_0.role,
        u1_0.username 
    from
        users u1_0 
    where
        u1_0.username=?
2025-05-21T05:26:48.842+07:00 DEBUG 18256 --- [http-nio-8080-exec-2] org.hibernate.SQL                        : 
    select
        l1_0.like_id,
        l1_0.created_at,
        l1_0.recipe_id,
        l1_0.user_id 
    from
        likes l1_0 
    where
        l1_0.user_id=?
2025-05-21T05:26:48.845+07:00 DEBUG 18256 --- [http-nio-8080-exec-2] org.hibernate.SQL                        : 
    select
        avg(r1_0.rating) 
    from
        rates r1_0 
    where
        r1_0.recipe_id=?
2025-05-21T05:26:48.847+07:00 DEBUG 18256 --- [http-nio-8080-exec-2] org.hibernate.SQL                        : 
    select
        count(l1_0.like_id) 
    from
        likes l1_0 
    where
        l1_0.recipe_id=?
2025-05-21T05:26:48.848+07:00 DEBUG 18256 --- [http-nio-8080-exec-2] org.hibernate.SQL                        : 
    select
        avg(r1_0.rating) 
    from
        rates r1_0 
    where
        r1_0.recipe_id=?
2025-05-21T05:26:48.849+07:00 DEBUG 18256 --- [http-nio-8080-exec-2] org.hibernate.SQL                        : 
    select
        count(l1_0.like_id) 
    from
        likes l1_0 
    where
        l1_0.recipe_id=?
2025-05-21T05:26:48.933+07:00  WARN 18256 --- [http-nio-8080-exec-6] .m.m.a.ExceptionHandlerExceptionResolver : Resolved [org.springframework.web.servlet.resource.NoResourceFoundException: No static resource favicon.ico.]
2025-05-21T05:28:00.731+07:00 DEBUG 18256 --- [http-nio-8080-exec-4] org.hibernate.SQL                        : 
    select
        u1_0.user_id,
        u1_0.avatar_url,
        u1_0.date_of_birth,
        u1_0.email,
        u1_0.firstname,
        u1_0.lastname,
        u1_0.password,
        u1_0.role,
        u1_0.username 
    from
        users u1_0 
    where
        u1_0.username=?
2025-05-21T05:28:00.734+07:00 DEBUG 18256 --- [http-nio-8080-exec-4] org.hibernate.SQL                        : 
    select
        f1_0.follow_id,
        f1_0.follow_time,
        f1_0.follower_id,
        f1_0.following_id 
    from
        follows f1_0 
    where
        f1_0.following_id=?
2025-05-21T05:28:00.735+07:00 DEBUG 18256 --- [http-nio-8080-exec-4] org.hibernate.SQL                        : 
    select
        u1_0.user_id,
        u1_0.avatar_url,
        u1_0.date_of_birth,
        u1_0.email,
        u1_0.firstname,
        u1_0.lastname,
        u1_0.password,
        u1_0.role,
        u1_0.username 
    from
        users u1_0 
    where
        u1_0.user_id=?
2025-05-21T05:28:00.737+07:00 DEBUG 18256 --- [http-nio-8080-exec-4] org.hibernate.SQL                        : 
    select
        f1_0.follow_id,
        f1_0.follow_time,
        f1_0.follower_id,
        f1_0.following_id 
    from
        follows f1_0 
    where
        f1_0.follower_id=?
2025-05-21T05:28:00.738+07:00 DEBUG 18256 --- [http-nio-8080-exec-4] org.hibernate.SQL                        : 
    select
        u1_0.user_id,
        u1_0.avatar_url,
        u1_0.date_of_birth,
        u1_0.email,
        u1_0.firstname,
        u1_0.lastname,
        u1_0.password,
        u1_0.role,
        u1_0.username 
    from
        users u1_0 
    where
        u1_0.user_id=?
2025-05-21T05:28:00.740+07:00 DEBUG 18256 --- [http-nio-8080-exec-4] org.hibernate.SQL                        : 
    select
        r1_0.recipe_id,
        r1_0.author_id,
        r1_0.author_name,
        r1_0.author_url,
        r1_0.avatar_url,
        r1_0.category_name,
        r1_0.category_id,
        r1_0.created_at,
        r1_0.description,
        r1_0.ingredients,
        r1_0.instruction,
        r1_0.name,
        r1_1.average_rating,
        r1_1.comment_count,
        r1_1.like_count,
        r1_1.rate_count,
        r1_1.save_count 
    from
        recipes r1_0 
    left join
        recipe_stats r1_1 
            on r1_0.recipe_id=r1_1.recipe_id 
    where
        r1_0.author_id=? 
    order by
        r1_0.created_at desc
2025-05-21T05:28:00.743+07:00 DEBUG 18256 --- [http-nio-8080-exec-4] org.hibernate.SQL                        : 
    select
        avg(r1_0.rating) 
    from
        rates r1_0 
    where
        r1_0.recipe_id=?
2025-05-21T05:28:00.743+07:00 DEBUG 18256 --- [http-nio-8080-exec-4] org.hibernate.SQL                        : 
    select
        avg(r1_0.rating) 
    from
        rates r1_0 
    where
        r1_0.recipe_id=?
2025-05-21T05:28:00.743+07:00 DEBUG 18256 --- [http-nio-8080-exec-4] org.hibernate.SQL                        : 
    select
        avg(r1_0.rating) 
    from
        rates r1_0 
    where
        r1_0.recipe_id=?
2025-05-21T05:28:00.743+07:00 DEBUG 18256 --- [http-nio-8080-exec-4] org.hibernate.SQL                        : 
    select
        u1_0.user_id,
        u1_0.avatar_url,
        u1_0.date_of_birth,
        u1_0.email,
        u1_0.firstname,
        u1_0.lastname,
        u1_0.password,
        u1_0.role,
        u1_0.username 
    from
        users u1_0 
    where
        u1_0.username=?
2025-05-21T05:28:00.743+07:00 DEBUG 18256 --- [http-nio-8080-exec-4] org.hibernate.SQL                        : 
    select
        r1_0.recipe_id,
        r1_0.author_id,
        r1_0.author_name,
        r1_0.author_url,
        r1_0.avatar_url,
        r1_0.category_name,
        r1_0.category_id,
        r1_0.created_at,
        r1_0.description,
        r1_0.ingredients,
        r1_0.instruction,
        r1_0.name,
        r1_1.average_rating,
        r1_1.comment_count,
        r1_1.like_count,
        r1_1.rate_count,
        r1_1.save_count 
    from
        recipes r1_0 
    left join
        recipe_stats r1_1 
            on r1_0.recipe_id=r1_1.recipe_id 
    where
        r1_0.author_id=? 
    order by
        r1_0.created_at desc
2025-05-21T05:28:00.749+07:00 DEBUG 18256 --- [http-nio-8080-exec-4] org.hibernate.SQL                        : 
    select
        avg(r1_0.rating) 
    from
        rates r1_0 
    where
        r1_0.recipe_id=?
2025-05-21T05:28:00.749+07:00 DEBUG 18256 --- [http-nio-8080-exec-4] org.hibernate.SQL                        : 
    select
        count(l1_0.like_id) 
    from
        likes l1_0 
    where
        l1_0.recipe_id=?
2025-05-21T05:28:00.749+07:00 DEBUG 18256 --- [http-nio-8080-exec-4] org.hibernate.SQL                        : 
    select
        avg(r1_0.rating) 
    from
        rates r1_0 
    where
        r1_0.recipe_id=?
2025-05-21T05:28:00.749+07:00 DEBUG 18256 --- [http-nio-8080-exec-4] org.hibernate.SQL                        : 
    select
        count(l1_0.like_id) 
    from
        likes l1_0 
    where
        l1_0.recipe_id=?
2025-05-21T05:28:00.749+07:00 DEBUG 18256 --- [http-nio-8080-exec-4] org.hibernate.SQL                        : 
    select
        avg(r1_0.rating) 
    from
        rates r1_0 
    where
        r1_0.recipe_id=?
2025-05-21T05:28:00.749+07:00 DEBUG 18256 --- [http-nio-8080-exec-4] org.hibernate.SQL                        : 
    select
        count(l1_0.like_id) 
    from
        likes l1_0 
    where
        l1_0.recipe_id=?
2025-05-21T05:28:00.749+07:00 DEBUG 18256 --- [http-nio-8080-exec-4] org.hibernate.SQL                        : 
    select
        u1_0.user_id,
        u1_0.avatar_url,
        u1_0.date_of_birth,
        u1_0.email,
        u1_0.firstname,
        u1_0.lastname,
        u1_0.password,
        u1_0.role,
        u1_0.username 
    from
        users u1_0 
    where
        u1_0.username=?
2025-05-21T05:28:00.749+07:00 DEBUG 18256 --- [http-nio-8080-exec-4] org.hibernate.SQL                        : 
    select
        s1_0.save_id,
        s1_0.created_at,
        s1_0.recipe_id,
        s1_0.user_id 
    from
        saved s1_0 
    where
        s1_0.user_id=?
2025-05-21T05:28:00.749+07:00 DEBUG 18256 --- [http-nio-8080-exec-4] org.hibernate.SQL                        : 
    select
        r1_0.recipe_id,
        r1_0.author_id,
        r1_0.author_name,
        r1_0.author_url,
        r1_0.avatar_url,
        r1_0.category_name,
        r1_0.category_id,
        r1_0.created_at,
        r1_0.description,
        r1_0.ingredients,
        r1_0.instruction,
        r1_0.name,
        r1_1.average_rating,
        r1_1.comment_count,
        r1_1.like_count,
        r1_1.rate_count,
        r1_1.save_count 
    from
        recipes r1_0 
    left join
        recipe_stats r1_1 
            on r1_0.recipe_id=r1_1.recipe_id 
    where
        r1_0.recipe_id=?
2025-05-21T05:28:00.749+07:00 DEBUG 18256 --- [http-nio-8080-exec-4] org.hibernate.SQL                        : 
    select
        r1_0.recipe_id,
        r1_0.author_id,
        r1_0.author_name,
        r1_0.author_url,
        r1_0.avatar_url,
        r1_0.category_name,
        r1_0.category_id,
        r1_0.created_at,
        r1_0.description,
        r1_0.ingredients,
        r1_0.instruction,
        r1_0.name,
        r1_1.average_rating,
        r1_1.comment_count,
        r1_1.like_count,
        r1_1.rate_count,
        r1_1.save_count 
    from
        recipes r1_0 
    left join
        recipe_stats r1_1 
            on r1_0.recipe_id=r1_1.recipe_id 
    where
        r1_0.recipe_id=?
2025-05-21T05:28:00.749+07:00 DEBUG 18256 --- [http-nio-8080-exec-4] org.hibernate.SQL                        : 
    select
        avg(r1_0.rating) 
    from
        rates r1_0 
    where
        r1_0.recipe_id=?
2025-05-21T05:28:00.765+07:00 DEBUG 18256 --- [http-nio-8080-exec-4] org.hibernate.SQL                        : 
    select
        count(l1_0.like_id) 
    from
        likes l1_0 
    where
        l1_0.recipe_id=?
2025-05-21T05:28:00.766+07:00 DEBUG 18256 --- [http-nio-8080-exec-4] org.hibernate.SQL                        : 
    select
        avg(r1_0.rating) 
    from
        rates r1_0 
    where
        r1_0.recipe_id=?
2025-05-21T05:28:00.766+07:00 DEBUG 18256 --- [http-nio-8080-exec-4] org.hibernate.SQL                        : 
    select
        count(l1_0.like_id) 
    from
        likes l1_0 
    where
        l1_0.recipe_id=?
2025-05-21T05:28:00.766+07:00 DEBUG 18256 --- [http-nio-8080-exec-4] org.hibernate.SQL                        : 
    select
        avg(r1_0.rating) 
    from
        rates r1_0 
    where
        r1_0.recipe_id=?
2025-05-21T05:28:00.766+07:00 DEBUG 18256 --- [http-nio-8080-exec-4] org.hibernate.SQL                        : 
    select
        count(l1_0.like_id) 
    from
        likes l1_0 
    where
        l1_0.recipe_id=?
2025-05-21T05:28:00.766+07:00 DEBUG 18256 --- [http-nio-8080-exec-4] org.hibernate.SQL                        : 
    select
        u1_0.user_id,
        u1_0.avatar_url,
        u1_0.date_of_birth,
        u1_0.email,
        u1_0.firstname,
        u1_0.lastname,
        u1_0.password,
        u1_0.role,
        u1_0.username 
    from
        users u1_0 
    where
        u1_0.username=?
2025-05-21T05:28:00.766+07:00 DEBUG 18256 --- [http-nio-8080-exec-4] org.hibernate.SQL                        : 
    select
        l1_0.like_id,
        l1_0.created_at,
        l1_0.recipe_id,
        l1_0.user_id 
    from
        likes l1_0 
    where
        l1_0.user_id=?
2025-05-21T05:28:00.781+07:00 DEBUG 18256 --- [http-nio-8080-exec-4] org.hibernate.SQL                        : 
    select
        avg(r1_0.rating) 
    from
        rates r1_0 
    where
        r1_0.recipe_id=?
2025-05-21T05:28:00.782+07:00 DEBUG 18256 --- [http-nio-8080-exec-4] org.hibernate.SQL                        : 
    select
        count(l1_0.like_id) 
    from
        likes l1_0 
    where
        l1_0.recipe_id=?
2025-05-21T05:28:00.782+07:00 DEBUG 18256 --- [http-nio-8080-exec-4] org.hibernate.SQL                        : 
    select
        avg(r1_0.rating) 
    from
        rates r1_0 
    where
        r1_0.recipe_id=?
2025-05-21T05:28:00.782+07:00 DEBUG 18256 --- [http-nio-8080-exec-4] org.hibernate.SQL                        : 
    select
        count(l1_0.like_id) 
    from
        likes l1_0 
    where
        l1_0.recipe_id=?
2025-05-21T05:28:00.951+07:00  WARN 18256 --- [http-nio-8080-exec-2] .m.m.a.ExceptionHandlerExceptionResolver : Resolved [org.springframework.web.servlet.resource.NoResourceFoundException: No static resource favicon.ico.]
2025-05-21T05:28:08.796+07:00 DEBUG 18256 --- [http-nio-8080-exec-8] org.hibernate.SQL                        : 
    select
        u1_0.user_id,
        u1_0.avatar_url,
        u1_0.date_of_birth,
        u1_0.email,
        u1_0.firstname,
        u1_0.lastname,
        u1_0.password,
        u1_0.role,
        u1_0.username 
    from
        users u1_0 
    where
        u1_0.username=? 
        or u1_0.email=?
2025-05-21T05:28:08.950+07:00 DEBUG 18256 --- [http-nio-8080-exec-10] org.hibernate.SQL                        : 
    select
        u1_0.user_id,
        u1_0.avatar_url,
        u1_0.date_of_birth,
        u1_0.email,
        u1_0.firstname,
        u1_0.lastname,
        u1_0.password,
        u1_0.role,
        u1_0.username 
    from
        users u1_0 
    where
        u1_0.username=?
2025-05-21T05:28:08.950+07:00 DEBUG 18256 --- [http-nio-8080-exec-10] org.hibernate.SQL                        : 
    select
        f1_0.follow_id,
        f1_0.follow_time,
        f1_0.follower_id,
        f1_0.following_id 
    from
        follows f1_0 
    where
        f1_0.following_id=?
2025-05-21T05:28:08.950+07:00 DEBUG 18256 --- [http-nio-8080-exec-10] org.hibernate.SQL                        : 
    select
        u1_0.user_id,
        u1_0.avatar_url,
        u1_0.date_of_birth,
        u1_0.email,
        u1_0.firstname,
        u1_0.lastname,
        u1_0.password,
        u1_0.role,
        u1_0.username 
    from
        users u1_0 
    where
        u1_0.user_id=?
2025-05-21T05:28:08.950+07:00 DEBUG 18256 --- [http-nio-8080-exec-10] org.hibernate.SQL                        : 
    select
        f1_0.follow_id,
        f1_0.follow_time,
        f1_0.follower_id,
        f1_0.following_id 
    from
        follows f1_0 
    where
        f1_0.follower_id=?
2025-05-21T05:28:08.950+07:00 DEBUG 18256 --- [http-nio-8080-exec-10] org.hibernate.SQL                        : 
    select
        u1_0.user_id,
        u1_0.avatar_url,
        u1_0.date_of_birth,
        u1_0.email,
        u1_0.firstname,
        u1_0.lastname,
        u1_0.password,
        u1_0.role,
        u1_0.username 
    from
        users u1_0 
    where
        u1_0.user_id=?
2025-05-21T05:28:08.967+07:00 DEBUG 18256 --- [http-nio-8080-exec-10] org.hibernate.SQL                        : 
    select
        r1_0.recipe_id,
        r1_0.author_id,
        r1_0.author_name,
        r1_0.author_url,
        r1_0.avatar_url,
        r1_0.category_name,
        r1_0.category_id,
        r1_0.created_at,
        r1_0.description,
        r1_0.ingredients,
        r1_0.instruction,
        r1_0.name,
        r1_1.average_rating,
        r1_1.comment_count,
        r1_1.like_count,
        r1_1.rate_count,
        r1_1.save_count 
    from
        recipes r1_0 
    left join
        recipe_stats r1_1 
            on r1_0.recipe_id=r1_1.recipe_id 
    where
        r1_0.author_id=? 
    order by
        r1_0.created_at desc
2025-05-21T05:28:08.967+07:00 DEBUG 18256 --- [http-nio-8080-exec-10] org.hibernate.SQL                        : 
    select
        avg(r1_0.rating) 
    from
        rates r1_0 
    where
        r1_0.recipe_id=?
2025-05-21T05:28:08.967+07:00 DEBUG 18256 --- [http-nio-8080-exec-10] org.hibernate.SQL                        : 
    select
        avg(r1_0.rating) 
    from
        rates r1_0 
    where
        r1_0.recipe_id=?
2025-05-21T05:28:08.967+07:00 DEBUG 18256 --- [http-nio-8080-exec-10] org.hibernate.SQL                        : 
    select
        avg(r1_0.rating) 
    from
        rates r1_0 
    where
        r1_0.recipe_id=?
2025-05-21T05:28:08.984+07:00 DEBUG 18256 --- [http-nio-8080-exec-10] org.hibernate.SQL                        : 
    select
        u1_0.user_id,
        u1_0.avatar_url,
        u1_0.date_of_birth,
        u1_0.email,
        u1_0.firstname,
        u1_0.lastname,
        u1_0.password,
        u1_0.role,
        u1_0.username 
    from
        users u1_0 
    where
        u1_0.username=?
2025-05-21T05:28:08.984+07:00 DEBUG 18256 --- [http-nio-8080-exec-10] org.hibernate.SQL                        : 
    select
        r1_0.recipe_id,
        r1_0.author_id,
        r1_0.author_name,
        r1_0.author_url,
        r1_0.avatar_url,
        r1_0.category_name,
        r1_0.category_id,
        r1_0.created_at,
        r1_0.description,
        r1_0.ingredients,
        r1_0.instruction,
        r1_0.name,
        r1_1.average_rating,
        r1_1.comment_count,
        r1_1.like_count,
        r1_1.rate_count,
        r1_1.save_count 
    from
        recipes r1_0 
    left join
        recipe_stats r1_1 
            on r1_0.recipe_id=r1_1.recipe_id 
    where
        r1_0.author_id=? 
    order by
        r1_0.created_at desc
2025-05-21T05:28:08.984+07:00 DEBUG 18256 --- [http-nio-8080-exec-10] org.hibernate.SQL                        : 
    select
        avg(r1_0.rating) 
    from
        rates r1_0 
    where
        r1_0.recipe_id=?
2025-05-21T05:28:08.984+07:00 DEBUG 18256 --- [http-nio-8080-exec-10] org.hibernate.SQL                        : 
    select
        count(l1_0.like_id) 
    from
        likes l1_0 
    where
        l1_0.recipe_id=?
2025-05-21T05:28:08.984+07:00 DEBUG 18256 --- [http-nio-8080-exec-10] org.hibernate.SQL                        : 
    select
        avg(r1_0.rating) 
    from
        rates r1_0 
    where
        r1_0.recipe_id=?
2025-05-21T05:28:08.999+07:00 DEBUG 18256 --- [http-nio-8080-exec-10] org.hibernate.SQL                        : 
    select
        count(l1_0.like_id) 
    from
        likes l1_0 
    where
        l1_0.recipe_id=?
2025-05-21T05:28:09.001+07:00 DEBUG 18256 --- [http-nio-8080-exec-10] org.hibernate.SQL                        : 
    select
        avg(r1_0.rating) 
    from
        rates r1_0 
    where
        r1_0.recipe_id=?
2025-05-21T05:28:09.001+07:00 DEBUG 18256 --- [http-nio-8080-exec-10] org.hibernate.SQL                        : 
    select
        count(l1_0.like_id) 
    from
        likes l1_0 
    where
        l1_0.recipe_id=?
2025-05-21T05:28:09.001+07:00 DEBUG 18256 --- [http-nio-8080-exec-10] org.hibernate.SQL                        : 
    select
        u1_0.user_id,
        u1_0.avatar_url,
        u1_0.date_of_birth,
        u1_0.email,
        u1_0.firstname,
        u1_0.lastname,
        u1_0.password,
        u1_0.role,
        u1_0.username 
    from
        users u1_0 
    where
        u1_0.username=?
2025-05-21T05:28:09.001+07:00 DEBUG 18256 --- [http-nio-8080-exec-10] org.hibernate.SQL                        : 
    select
        s1_0.save_id,
        s1_0.created_at,
        s1_0.recipe_id,
        s1_0.user_id 
    from
        saved s1_0 
    where
        s1_0.user_id=?
2025-05-21T05:28:09.012+07:00 DEBUG 18256 --- [http-nio-8080-exec-10] org.hibernate.SQL                        : 
    select
        r1_0.recipe_id,
        r1_0.author_id,
        r1_0.author_name,
        r1_0.author_url,
        r1_0.avatar_url,
        r1_0.category_name,
        r1_0.category_id,
        r1_0.created_at,
        r1_0.description,
        r1_0.ingredients,
        r1_0.instruction,
        r1_0.name,
        r1_1.average_rating,
        r1_1.comment_count,
        r1_1.like_count,
        r1_1.rate_count,
        r1_1.save_count 
    from
        recipes r1_0 
    left join
        recipe_stats r1_1 
            on r1_0.recipe_id=r1_1.recipe_id 
    where
        r1_0.recipe_id=?
2025-05-21T05:28:09.018+07:00 DEBUG 18256 --- [http-nio-8080-exec-10] org.hibernate.SQL                        : 
    select
        r1_0.recipe_id,
        r1_0.author_id,
        r1_0.author_name,
        r1_0.author_url,
        r1_0.avatar_url,
        r1_0.category_name,
        r1_0.category_id,
        r1_0.created_at,
        r1_0.description,
        r1_0.ingredients,
        r1_0.instruction,
        r1_0.name,
        r1_1.average_rating,
        r1_1.comment_count,
        r1_1.like_count,
        r1_1.rate_count,
        r1_1.save_count 
    from
        recipes r1_0 
    left join
        recipe_stats r1_1 
            on r1_0.recipe_id=r1_1.recipe_id 
    where
        r1_0.recipe_id=?
2025-05-21T05:28:09.018+07:00 DEBUG 18256 --- [http-nio-8080-exec-10] org.hibernate.SQL                        : 
    select
        avg(r1_0.rating) 
    from
        rates r1_0 
    where
        r1_0.recipe_id=?
2025-05-21T05:28:09.018+07:00 DEBUG 18256 --- [http-nio-8080-exec-10] org.hibernate.SQL                        : 
    select
        count(l1_0.like_id) 
    from
        likes l1_0 
    where
        l1_0.recipe_id=?
2025-05-21T05:28:09.032+07:00 DEBUG 18256 --- [http-nio-8080-exec-10] org.hibernate.SQL                        : 
    select
        avg(r1_0.rating) 
    from
        rates r1_0 
    where
        r1_0.recipe_id=?
2025-05-21T05:28:09.034+07:00 DEBUG 18256 --- [http-nio-8080-exec-10] org.hibernate.SQL                        : 
    select
        count(l1_0.like_id) 
    from
        likes l1_0 
    where
        l1_0.recipe_id=?
2025-05-21T05:28:09.034+07:00 DEBUG 18256 --- [http-nio-8080-exec-10] org.hibernate.SQL                        : 
    select
        avg(r1_0.rating) 
    from
        rates r1_0 
    where
        r1_0.recipe_id=?
2025-05-21T05:28:09.034+07:00 DEBUG 18256 --- [http-nio-8080-exec-10] org.hibernate.SQL                        : 
    select
        count(l1_0.like_id) 
    from
        likes l1_0 
    where
        l1_0.recipe_id=?
2025-05-21T05:28:09.034+07:00 DEBUG 18256 --- [http-nio-8080-exec-10] org.hibernate.SQL                        : 
    select
        u1_0.user_id,
        u1_0.avatar_url,
        u1_0.date_of_birth,
        u1_0.email,
        u1_0.firstname,
        u1_0.lastname,
        u1_0.password,
        u1_0.role,
        u1_0.username 
    from
        users u1_0 
    where
        u1_0.username=?
2025-05-21T05:28:09.049+07:00 DEBUG 18256 --- [http-nio-8080-exec-10] org.hibernate.SQL                        : 
    select
        l1_0.like_id,
        l1_0.created_at,
        l1_0.recipe_id,
        l1_0.user_id 
    from
        likes l1_0 
    where
        l1_0.user_id=?
2025-05-21T05:28:09.055+07:00 DEBUG 18256 --- [http-nio-8080-exec-10] org.hibernate.SQL                        : 
    select
        avg(r1_0.rating) 
    from
        rates r1_0 
    where
        r1_0.recipe_id=?
2025-05-21T05:28:09.059+07:00 DEBUG 18256 --- [http-nio-8080-exec-10] org.hibernate.SQL                        : 
    select
        count(l1_0.like_id) 
    from
        likes l1_0 
    where
        l1_0.recipe_id=?
2025-05-21T05:28:09.061+07:00 DEBUG 18256 --- [http-nio-8080-exec-10] org.hibernate.SQL                        : 
    select
        avg(r1_0.rating) 
    from
        rates r1_0 
    where
        r1_0.recipe_id=?
2025-05-21T05:28:09.064+07:00 DEBUG 18256 --- [http-nio-8080-exec-10] org.hibernate.SQL                        : 
    select
        count(l1_0.like_id) 
    from
        likes l1_0 
    where
        l1_0.recipe_id=?
2025-05-21T05:28:09.149+07:00  WARN 18256 --- [http-nio-8080-exec-4] .m.m.a.ExceptionHandlerExceptionResolver : Resolved [org.springframework.web.servlet.resource.NoResourceFoundException: No static resource favicon.ico.]
2025-05-21T05:28:12.139+07:00 DEBUG 18256 --- [http-nio-8080-exec-7] org.hibernate.SQL                        : 
    select
        r1_0.recipe_id,
        r1_0.author_id,
        r1_0.author_name,
        r1_0.author_url,
        r1_0.avatar_url,
        r1_0.category_name,
        r1_0.category_id,
        r1_0.created_at,
        r1_0.description,
        r1_0.ingredients,
        r1_0.instruction,
        r1_0.name,
        r1_1.average_rating,
        r1_1.comment_count,
        r1_1.like_count,
        r1_1.rate_count,
        r1_1.save_count 
    from
        recipes r1_0 
    left join
        recipe_stats r1_1 
            on r1_0.recipe_id=r1_1.recipe_id 
    where
        r1_0.recipe_id=?
2025-05-21T05:28:12.145+07:00 DEBUG 18256 --- [http-nio-8080-exec-7] org.hibernate.SQL                        : 
    select
        c1_0.comment_id,
        c1_0.comment_content,
        c1_0.created_at,
        c1_0.recipe_id,
        c1_0.user_id 
    from
        comments c1_0 
    where
        c1_0.recipe_id=?
2025-05-21T05:28:12.149+07:00 DEBUG 18256 --- [http-nio-8080-exec-7] org.hibernate.SQL                        : 
    select
        u1_0.user_id,
        u1_0.avatar_url,
        u1_0.date_of_birth,
        u1_0.email,
        u1_0.firstname,
        u1_0.lastname,
        u1_0.password,
        u1_0.role,
        u1_0.username 
    from
        users u1_0 
    where
        u1_0.user_id=?
2025-05-21T05:28:12.151+07:00 DEBUG 18256 --- [http-nio-8080-exec-7] org.hibernate.SQL                        : 
    select
        u1_0.user_id,
        u1_0.avatar_url,
        u1_0.date_of_birth,
        u1_0.email,
        u1_0.firstname,
        u1_0.lastname,
        u1_0.password,
        u1_0.role,
        u1_0.username 
    from
        users u1_0 
    where
        u1_0.user_id=?
2025-05-21T05:28:12.178+07:00 DEBUG 18256 --- [http-nio-8080-exec-3] org.hibernate.SQL                        : 
    select
        r1_0.recipe_id,
        r1_0.author_id,
        r1_0.author_name,
        r1_0.author_url,
        r1_0.avatar_url,
        r1_0.category_name,
        r1_0.category_id,
        r1_0.created_at,
        r1_0.description,
        r1_0.ingredients,
        r1_0.instruction,
        r1_0.name,
        r1_1.average_rating,
        r1_1.comment_count,
        r1_1.like_count,
        r1_1.rate_count,
        r1_1.save_count 
    from
        recipes r1_0 
    left join
        recipe_stats r1_1 
            on r1_0.recipe_id=r1_1.recipe_id 
    where
        r1_0.recipe_id=?
2025-05-21T05:28:12.182+07:00 DEBUG 18256 --- [http-nio-8080-exec-3] org.hibernate.SQL                        : 
    select
        c1_0.comment_id,
        c1_0.comment_content,
        c1_0.created_at,
        c1_0.recipe_id,
        c1_0.user_id 
    from
        comments c1_0 
    where
        c1_0.recipe_id=?
2025-05-21T05:28:12.183+07:00 DEBUG 18256 --- [http-nio-8080-exec-1] org.hibernate.SQL                        : 
    select
        s1_0.save_id 
    from
        saved s1_0 
    where
        s1_0.user_id=? 
        and s1_0.recipe_id=? 
    limit
        ?
2025-05-21T05:28:12.183+07:00 DEBUG 18256 --- [http-nio-8080-exec-5] org.hibernate.SQL                        : 
    select
        l1_0.like_id 
    from
        likes l1_0 
    where
        l1_0.user_id=? 
        and l1_0.recipe_id=? 
    limit
        ?
2025-05-21T05:28:12.184+07:00 DEBUG 18256 --- [http-nio-8080-exec-3] org.hibernate.SQL                        : 
    select
        u1_0.user_id,
        u1_0.avatar_url,
        u1_0.date_of_birth,
        u1_0.email,
        u1_0.firstname,
        u1_0.lastname,
        u1_0.password,
        u1_0.role,
        u1_0.username 
    from
        users u1_0 
    where
        u1_0.user_id=?
2025-05-21T05:28:12.186+07:00 DEBUG 18256 --- [http-nio-8080-exec-3] org.hibernate.SQL                        : 
    select
        u1_0.user_id,
        u1_0.avatar_url,
        u1_0.date_of_birth,
        u1_0.email,
        u1_0.firstname,
        u1_0.lastname,
        u1_0.password,
        u1_0.role,
        u1_0.username 
    from
        users u1_0 
    where
        u1_0.user_id=?
2025-05-21T05:28:12.195+07:00 DEBUG 18256 --- [http-nio-8080-exec-6] org.hibernate.SQL                        : 
    select
        r1_0.recipe_id,
        r1_0.author_id,
        r1_0.author_name,
        r1_0.author_url,
        r1_0.avatar_url,
        r1_0.category_name,
        r1_0.category_id,
        r1_0.created_at,
        r1_0.description,
        r1_0.ingredients,
        r1_0.instruction,
        r1_0.name,
        r1_1.average_rating,
        r1_1.comment_count,
        r1_1.like_count,
        r1_1.rate_count,
        r1_1.save_count 
    from
        recipes r1_0 
    left join
        recipe_stats r1_1 
            on r1_0.recipe_id=r1_1.recipe_id 
    where
        r1_0.recipe_id=?
2025-05-21T05:28:12.199+07:00 DEBUG 18256 --- [http-nio-8080-exec-6] org.hibernate.SQL                        : 
    select
        c1_0.comment_id,
        c1_0.comment_content,
        c1_0.created_at,
        c1_0.recipe_id,
        c1_0.user_id 
    from
        comments c1_0 
    where
        c1_0.recipe_id=?
2025-05-21T05:28:12.202+07:00 DEBUG 18256 --- [http-nio-8080-exec-6] org.hibernate.SQL                        : 
    select
        u1_0.user_id,
        u1_0.avatar_url,
        u1_0.date_of_birth,
        u1_0.email,
        u1_0.firstname,
        u1_0.lastname,
        u1_0.password,
        u1_0.role,
        u1_0.username 
    from
        users u1_0 
    where
        u1_0.user_id=?
2025-05-21T05:28:12.203+07:00 DEBUG 18256 --- [http-nio-8080-exec-6] org.hibernate.SQL                        : 
    select
        u1_0.user_id,
        u1_0.avatar_url,
        u1_0.date_of_birth,
        u1_0.email,
        u1_0.firstname,
        u1_0.lastname,
        u1_0.password,
        u1_0.role,
        u1_0.username 
    from
        users u1_0 
    where
        u1_0.user_id=?
2025-05-21T05:28:15.487+07:00 DEBUG 18256 --- [http-nio-8080-exec-2] org.hibernate.SQL                        : 
    select
        u1_0.user_id,
        u1_0.avatar_url,
        u1_0.date_of_birth,
        u1_0.email,
        u1_0.firstname,
        u1_0.lastname,
        u1_0.password,
        u1_0.role,
        u1_0.username 
    from
        users u1_0 
    where
        u1_0.username=?
2025-05-21T05:28:15.491+07:00 DEBUG 18256 --- [http-nio-8080-exec-2] org.hibernate.SQL                        : 
    select
        f1_0.follow_id,
        f1_0.follow_time,
        f1_0.follower_id,
        f1_0.following_id 
    from
        follows f1_0 
    where
        f1_0.following_id=?
2025-05-21T05:28:15.493+07:00 DEBUG 18256 --- [http-nio-8080-exec-2] org.hibernate.SQL                        : 
    select
        u1_0.user_id,
        u1_0.avatar_url,
        u1_0.date_of_birth,
        u1_0.email,
        u1_0.firstname,
        u1_0.lastname,
        u1_0.password,
        u1_0.role,
        u1_0.username 
    from
        users u1_0 
    where
        u1_0.user_id=?
2025-05-21T05:28:15.496+07:00 DEBUG 18256 --- [http-nio-8080-exec-2] org.hibernate.SQL                        : 
    select
        f1_0.follow_id,
        f1_0.follow_time,
        f1_0.follower_id,
        f1_0.following_id 
    from
        follows f1_0 
    where
        f1_0.follower_id=?
2025-05-21T05:28:15.498+07:00 DEBUG 18256 --- [http-nio-8080-exec-2] org.hibernate.SQL                        : 
    select
        u1_0.user_id,
        u1_0.avatar_url,
        u1_0.date_of_birth,
        u1_0.email,
        u1_0.firstname,
        u1_0.lastname,
        u1_0.password,
        u1_0.role,
        u1_0.username 
    from
        users u1_0 
    where
        u1_0.user_id=?
2025-05-21T05:28:15.503+07:00 DEBUG 18256 --- [http-nio-8080-exec-2] org.hibernate.SQL                        : 
    select
        r1_0.recipe_id,
        r1_0.author_id,
        r1_0.author_name,
        r1_0.author_url,
        r1_0.avatar_url,
        r1_0.category_name,
        r1_0.category_id,
        r1_0.created_at,
        r1_0.description,
        r1_0.ingredients,
        r1_0.instruction,
        r1_0.name,
        r1_1.average_rating,
        r1_1.comment_count,
        r1_1.like_count,
        r1_1.rate_count,
        r1_1.save_count 
    from
        recipes r1_0 
    left join
        recipe_stats r1_1 
            on r1_0.recipe_id=r1_1.recipe_id 
    where
        r1_0.author_id=? 
    order by
        r1_0.created_at desc
2025-05-21T05:28:15.506+07:00 DEBUG 18256 --- [http-nio-8080-exec-2] org.hibernate.SQL                        : 
    select
        avg(r1_0.rating) 
    from
        rates r1_0 
    where
        r1_0.recipe_id=?
2025-05-21T05:28:15.509+07:00 DEBUG 18256 --- [http-nio-8080-exec-2] org.hibernate.SQL                        : 
    select
        avg(r1_0.rating) 
    from
        rates r1_0 
    where
        r1_0.recipe_id=?
2025-05-21T05:28:15.509+07:00 DEBUG 18256 --- [http-nio-8080-exec-2] org.hibernate.SQL                        : 
    select
        avg(r1_0.rating) 
    from
        rates r1_0 
    where
        r1_0.recipe_id=?
2025-05-21T05:28:15.588+07:00  WARN 18256 --- [http-nio-8080-exec-9] .m.m.a.ExceptionHandlerExceptionResolver : Resolved [org.springframework.web.servlet.resource.NoResourceFoundException: No static resource favicon.ico.]
2025-05-21T05:28:17.125+07:00 DEBUG 18256 --- [http-nio-8080-exec-4] org.hibernate.SQL                        : 
    select
        u1_0.user_id,
        u1_0.avatar_url,
        u1_0.date_of_birth,
        u1_0.email,
        u1_0.firstname,
        u1_0.lastname,
        u1_0.password,
        u1_0.role,
        u1_0.username 
    from
        users u1_0 
    where
        u1_0.username=?
2025-05-21T05:28:17.129+07:00 DEBUG 18256 --- [http-nio-8080-exec-4] org.hibernate.SQL                        : 
    select
        f1_0.follow_id,
        f1_0.follow_time,
        f1_0.follower_id,
        f1_0.following_id 
    from
        follows f1_0 
    where
        f1_0.following_id=?
2025-05-21T05:28:17.131+07:00 DEBUG 18256 --- [http-nio-8080-exec-4] org.hibernate.SQL                        : 
    select
        u1_0.user_id,
        u1_0.avatar_url,
        u1_0.date_of_birth,
        u1_0.email,
        u1_0.firstname,
        u1_0.lastname,
        u1_0.password,
        u1_0.role,
        u1_0.username 
    from
        users u1_0 
    where
        u1_0.user_id=?
2025-05-21T05:28:17.135+07:00 DEBUG 18256 --- [http-nio-8080-exec-4] org.hibernate.SQL                        : 
    select
        f1_0.follow_id,
        f1_0.follow_time,
        f1_0.follower_id,
        f1_0.following_id 
    from
        follows f1_0 
    where
        f1_0.follower_id=?
2025-05-21T05:28:17.135+07:00 DEBUG 18256 --- [http-nio-8080-exec-4] org.hibernate.SQL                        : 
    select
        u1_0.user_id,
        u1_0.avatar_url,
        u1_0.date_of_birth,
        u1_0.email,
        u1_0.firstname,
        u1_0.lastname,
        u1_0.password,
        u1_0.role,
        u1_0.username 
    from
        users u1_0 
    where
        u1_0.user_id=?
2025-05-21T05:28:17.135+07:00 DEBUG 18256 --- [http-nio-8080-exec-4] org.hibernate.SQL                        : 
    select
        r1_0.recipe_id,
        r1_0.author_id,
        r1_0.author_name,
        r1_0.author_url,
        r1_0.avatar_url,
        r1_0.category_name,
        r1_0.category_id,
        r1_0.created_at,
        r1_0.description,
        r1_0.ingredients,
        r1_0.instruction,
        r1_0.name,
        r1_1.average_rating,
        r1_1.comment_count,
        r1_1.like_count,
        r1_1.rate_count,
        r1_1.save_count 
    from
        recipes r1_0 
    left join
        recipe_stats r1_1 
            on r1_0.recipe_id=r1_1.recipe_id 
    where
        r1_0.author_id=? 
    order by
        r1_0.created_at desc
2025-05-21T05:28:17.135+07:00 DEBUG 18256 --- [http-nio-8080-exec-4] org.hibernate.SQL                        : 
    select
        avg(r1_0.rating) 
    from
        rates r1_0 
    where
        r1_0.recipe_id=?
2025-05-21T05:28:17.150+07:00 DEBUG 18256 --- [http-nio-8080-exec-4] org.hibernate.SQL                        : 
    select
        avg(r1_0.rating) 
    from
        rates r1_0 
    where
        r1_0.recipe_id=?
2025-05-21T05:28:17.151+07:00 DEBUG 18256 --- [http-nio-8080-exec-4] org.hibernate.SQL                        : 
    select
        avg(r1_0.rating) 
    from
        rates r1_0 
    where
        r1_0.recipe_id=?
2025-05-21T05:28:17.154+07:00 DEBUG 18256 --- [http-nio-8080-exec-4] org.hibernate.SQL                        : 
    select
        u1_0.user_id,
        u1_0.avatar_url,
        u1_0.date_of_birth,
        u1_0.email,
        u1_0.firstname,
        u1_0.lastname,
        u1_0.password,
        u1_0.role,
        u1_0.username 
    from
        users u1_0 
    where
        u1_0.username=?
2025-05-21T05:28:17.157+07:00 DEBUG 18256 --- [http-nio-8080-exec-4] org.hibernate.SQL                        : 
    select
        r1_0.recipe_id,
        r1_0.author_id,
        r1_0.author_name,
        r1_0.author_url,
        r1_0.avatar_url,
        r1_0.category_name,
        r1_0.category_id,
        r1_0.created_at,
        r1_0.description,
        r1_0.ingredients,
        r1_0.instruction,
        r1_0.name,
        r1_1.average_rating,
        r1_1.comment_count,
        r1_1.like_count,
        r1_1.rate_count,
        r1_1.save_count 
    from
        recipes r1_0 
    left join
        recipe_stats r1_1 
            on r1_0.recipe_id=r1_1.recipe_id 
    where
        r1_0.author_id=? 
    order by
        r1_0.created_at desc
2025-05-21T05:28:17.160+07:00 DEBUG 18256 --- [http-nio-8080-exec-4] org.hibernate.SQL                        : 
    select
        avg(r1_0.rating) 
    from
        rates r1_0 
    where
        r1_0.recipe_id=?
2025-05-21T05:28:17.163+07:00 DEBUG 18256 --- [http-nio-8080-exec-4] org.hibernate.SQL                        : 
    select
        count(l1_0.like_id) 
    from
        likes l1_0 
    where
        l1_0.recipe_id=?
2025-05-21T05:28:17.164+07:00 DEBUG 18256 --- [http-nio-8080-exec-4] org.hibernate.SQL                        : 
    select
        avg(r1_0.rating) 
    from
        rates r1_0 
    where
        r1_0.recipe_id=?
2025-05-21T05:28:17.167+07:00 DEBUG 18256 --- [http-nio-8080-exec-4] org.hibernate.SQL                        : 
    select
        count(l1_0.like_id) 
    from
        likes l1_0 
    where
        l1_0.recipe_id=?
2025-05-21T05:28:17.170+07:00 DEBUG 18256 --- [http-nio-8080-exec-4] org.hibernate.SQL                        : 
    select
        avg(r1_0.rating) 
    from
        rates r1_0 
    where
        r1_0.recipe_id=?
2025-05-21T05:28:17.173+07:00 DEBUG 18256 --- [http-nio-8080-exec-4] org.hibernate.SQL                        : 
    select
        count(l1_0.like_id) 
    from
        likes l1_0 
    where
        l1_0.recipe_id=?
2025-05-21T05:28:17.176+07:00 DEBUG 18256 --- [http-nio-8080-exec-4] org.hibernate.SQL                        : 
    select
        u1_0.user_id,
        u1_0.avatar_url,
        u1_0.date_of_birth,
        u1_0.email,
        u1_0.firstname,
        u1_0.lastname,
        u1_0.password,
        u1_0.role,
        u1_0.username 
    from
        users u1_0 
    where
        u1_0.username=?
2025-05-21T05:28:17.178+07:00 DEBUG 18256 --- [http-nio-8080-exec-4] org.hibernate.SQL                        : 
    select
        s1_0.save_id,
        s1_0.created_at,
        s1_0.recipe_id,
        s1_0.user_id 
    from
        saved s1_0 
    where
        s1_0.user_id=?
2025-05-21T05:28:17.182+07:00 DEBUG 18256 --- [http-nio-8080-exec-4] org.hibernate.SQL                        : 
    select
        r1_0.recipe_id,
        r1_0.author_id,
        r1_0.author_name,
        r1_0.author_url,
        r1_0.avatar_url,
        r1_0.category_name,
        r1_0.category_id,
        r1_0.created_at,
        r1_0.description,
        r1_0.ingredients,
        r1_0.instruction,
        r1_0.name,
        r1_1.average_rating,
        r1_1.comment_count,
        r1_1.like_count,
        r1_1.rate_count,
        r1_1.save_count 
    from
        recipes r1_0 
    left join
        recipe_stats r1_1 
            on r1_0.recipe_id=r1_1.recipe_id 
    where
        r1_0.recipe_id=?
2025-05-21T05:28:17.183+07:00 DEBUG 18256 --- [http-nio-8080-exec-4] org.hibernate.SQL                        : 
    select
        r1_0.recipe_id,
        r1_0.author_id,
        r1_0.author_name,
        r1_0.author_url,
        r1_0.avatar_url,
        r1_0.category_name,
        r1_0.category_id,
        r1_0.created_at,
        r1_0.description,
        r1_0.ingredients,
        r1_0.instruction,
        r1_0.name,
        r1_1.average_rating,
        r1_1.comment_count,
        r1_1.like_count,
        r1_1.rate_count,
        r1_1.save_count 
    from
        recipes r1_0 
    left join
        recipe_stats r1_1 
            on r1_0.recipe_id=r1_1.recipe_id 
    where
        r1_0.recipe_id=?
2025-05-21T05:28:17.183+07:00 DEBUG 18256 --- [http-nio-8080-exec-4] org.hibernate.SQL                        : 
    select
        avg(r1_0.rating) 
    from
        rates r1_0 
    where
        r1_0.recipe_id=?
2025-05-21T05:28:17.183+07:00 DEBUG 18256 --- [http-nio-8080-exec-4] org.hibernate.SQL                        : 
    select
        count(l1_0.like_id) 
    from
        likes l1_0 
    where
        l1_0.recipe_id=?
2025-05-21T05:28:17.183+07:00 DEBUG 18256 --- [http-nio-8080-exec-4] org.hibernate.SQL                        : 
    select
        avg(r1_0.rating) 
    from
        rates r1_0 
    where
        r1_0.recipe_id=?
2025-05-21T05:28:17.183+07:00 DEBUG 18256 --- [http-nio-8080-exec-4] org.hibernate.SQL                        : 
    select
        count(l1_0.like_id) 
    from
        likes l1_0 
    where
        l1_0.recipe_id=?
2025-05-21T05:28:17.183+07:00 DEBUG 18256 --- [http-nio-8080-exec-4] org.hibernate.SQL                        : 
    select
        avg(r1_0.rating) 
    from
        rates r1_0 
    where
        r1_0.recipe_id=?
2025-05-21T05:28:17.200+07:00 DEBUG 18256 --- [http-nio-8080-exec-4] org.hibernate.SQL                        : 
    select
        count(l1_0.like_id) 
    from
        likes l1_0 
    where
        l1_0.recipe_id=?
2025-05-21T05:28:17.201+07:00 DEBUG 18256 --- [http-nio-8080-exec-4] org.hibernate.SQL                        : 
    select
        u1_0.user_id,
        u1_0.avatar_url,
        u1_0.date_of_birth,
        u1_0.email,
        u1_0.firstname,
        u1_0.lastname,
        u1_0.password,
        u1_0.role,
        u1_0.username 
    from
        users u1_0 
    where
        u1_0.username=?
2025-05-21T05:28:17.201+07:00 DEBUG 18256 --- [http-nio-8080-exec-4] org.hibernate.SQL                        : 
    select
        l1_0.like_id,
        l1_0.created_at,
        l1_0.recipe_id,
        l1_0.user_id 
    from
        likes l1_0 
    where
        l1_0.user_id=?
2025-05-21T05:28:17.201+07:00 DEBUG 18256 --- [http-nio-8080-exec-4] org.hibernate.SQL                        : 
    select
        avg(r1_0.rating) 
    from
        rates r1_0 
    where
        r1_0.recipe_id=?
2025-05-21T05:28:17.201+07:00 DEBUG 18256 --- [http-nio-8080-exec-4] org.hibernate.SQL                        : 
    select
        count(l1_0.like_id) 
    from
        likes l1_0 
    where
        l1_0.recipe_id=?
2025-05-21T05:28:17.201+07:00 DEBUG 18256 --- [http-nio-8080-exec-4] org.hibernate.SQL                        : 
    select
        avg(r1_0.rating) 
    from
        rates r1_0 
    where
        r1_0.recipe_id=?
2025-05-21T05:28:17.216+07:00 DEBUG 18256 --- [http-nio-8080-exec-4] org.hibernate.SQL                        : 
    select
        count(l1_0.like_id) 
    from
        likes l1_0 
    where
        l1_0.recipe_id=?
2025-05-21T05:28:17.352+07:00  WARN 18256 --- [http-nio-8080-exec-6] .m.m.a.ExceptionHandlerExceptionResolver : Resolved [org.springframework.web.servlet.resource.NoResourceFoundException: No static resource favicon.ico.]
2025-05-21T05:28:18.142+07:00 DEBUG 18256 --- [http-nio-8080-exec-2] org.hibernate.SQL                        : 
    select
        u1_0.user_id,
        u1_0.avatar_url,
        u1_0.date_of_birth,
        u1_0.email,
        u1_0.firstname,
        u1_0.lastname,
        u1_0.password,
        u1_0.role,
        u1_0.username 
    from
        users u1_0 
    where
        u1_0.username=?
2025-05-21T05:28:18.145+07:00 DEBUG 18256 --- [http-nio-8080-exec-2] org.hibernate.SQL                        : 
    select
        f1_0.follow_id,
        f1_0.follow_time,
        f1_0.follower_id,
        f1_0.following_id 
    from
        follows f1_0 
    where
        f1_0.following_id=?
2025-05-21T05:28:18.148+07:00 DEBUG 18256 --- [http-nio-8080-exec-2] org.hibernate.SQL                        : 
    select
        u1_0.user_id,
        u1_0.avatar_url,
        u1_0.date_of_birth,
        u1_0.email,
        u1_0.firstname,
        u1_0.lastname,
        u1_0.password,
        u1_0.role,
        u1_0.username 
    from
        users u1_0 
    where
        u1_0.user_id=?
2025-05-21T05:28:19.016+07:00 DEBUG 18256 --- [http-nio-8080-exec-4] org.hibernate.SQL                        : 
    select
        u1_0.user_id,
        u1_0.avatar_url,
        u1_0.date_of_birth,
        u1_0.email,
        u1_0.firstname,
        u1_0.lastname,
        u1_0.password,
        u1_0.role,
        u1_0.username 
    from
        users u1_0 
    where
        u1_0.username=?
2025-05-21T05:28:19.020+07:00 DEBUG 18256 --- [http-nio-8080-exec-4] org.hibernate.SQL                        : 
    select
        f1_0.follow_id,
        f1_0.follow_time,
        f1_0.follower_id,
        f1_0.following_id 
    from
        follows f1_0 
    where
        f1_0.following_id=?
2025-05-21T05:28:19.023+07:00 DEBUG 18256 --- [http-nio-8080-exec-4] org.hibernate.SQL                        : 
    select
        u1_0.user_id,
        u1_0.avatar_url,
        u1_0.date_of_birth,
        u1_0.email,
        u1_0.firstname,
        u1_0.lastname,
        u1_0.password,
        u1_0.role,
        u1_0.username 
    from
        users u1_0 
    where
        u1_0.user_id=?
2025-05-21T05:28:19.026+07:00 DEBUG 18256 --- [http-nio-8080-exec-4] org.hibernate.SQL                        : 
    select
        f1_0.follow_id,
        f1_0.follow_time,
        f1_0.follower_id,
        f1_0.following_id 
    from
        follows f1_0 
    where
        f1_0.follower_id=?
2025-05-21T05:28:19.028+07:00 DEBUG 18256 --- [http-nio-8080-exec-4] org.hibernate.SQL                        : 
    select
        u1_0.user_id,
        u1_0.avatar_url,
        u1_0.date_of_birth,
        u1_0.email,
        u1_0.firstname,
        u1_0.lastname,
        u1_0.password,
        u1_0.role,
        u1_0.username 
    from
        users u1_0 
    where
        u1_0.user_id=?
2025-05-21T05:28:19.032+07:00 DEBUG 18256 --- [http-nio-8080-exec-4] org.hibernate.SQL                        : 
    select
        r1_0.recipe_id,
        r1_0.author_id,
        r1_0.author_name,
        r1_0.author_url,
        r1_0.avatar_url,
        r1_0.category_name,
        r1_0.category_id,
        r1_0.created_at,
        r1_0.description,
        r1_0.ingredients,
        r1_0.instruction,
        r1_0.name,
        r1_1.average_rating,
        r1_1.comment_count,
        r1_1.like_count,
        r1_1.rate_count,
        r1_1.save_count 
    from
        recipes r1_0 
    left join
        recipe_stats r1_1 
            on r1_0.recipe_id=r1_1.recipe_id 
    where
        r1_0.author_id=? 
    order by
        r1_0.created_at desc
2025-05-21T05:28:19.035+07:00 DEBUG 18256 --- [http-nio-8080-exec-4] org.hibernate.SQL                        : 
    select
        avg(r1_0.rating) 
    from
        rates r1_0 
    where
        r1_0.recipe_id=?
2025-05-21T05:28:19.038+07:00 DEBUG 18256 --- [http-nio-8080-exec-4] org.hibernate.SQL                        : 
    select
        u1_0.user_id,
        u1_0.avatar_url,
        u1_0.date_of_birth,
        u1_0.email,
        u1_0.firstname,
        u1_0.lastname,
        u1_0.password,
        u1_0.role,
        u1_0.username 
    from
        users u1_0 
    where
        u1_0.username=?
2025-05-21T05:28:19.041+07:00 DEBUG 18256 --- [http-nio-8080-exec-4] org.hibernate.SQL                        : 
    select
        r1_0.recipe_id,
        r1_0.author_id,
        r1_0.author_name,
        r1_0.author_url,
        r1_0.avatar_url,
        r1_0.category_name,
        r1_0.category_id,
        r1_0.created_at,
        r1_0.description,
        r1_0.ingredients,
        r1_0.instruction,
        r1_0.name,
        r1_1.average_rating,
        r1_1.comment_count,
        r1_1.like_count,
        r1_1.rate_count,
        r1_1.save_count 
    from
        recipes r1_0 
    left join
        recipe_stats r1_1 
            on r1_0.recipe_id=r1_1.recipe_id 
    where
        r1_0.author_id=? 
    order by
        r1_0.created_at desc
2025-05-21T05:28:19.044+07:00 DEBUG 18256 --- [http-nio-8080-exec-4] org.hibernate.SQL                        : 
    select
        avg(r1_0.rating) 
    from
        rates r1_0 
    where
        r1_0.recipe_id=?
2025-05-21T05:28:19.047+07:00 DEBUG 18256 --- [http-nio-8080-exec-4] org.hibernate.SQL                        : 
    select
        count(l1_0.like_id) 
    from
        likes l1_0 
    where
        l1_0.recipe_id=?
2025-05-21T05:28:19.120+07:00  WARN 18256 --- [http-nio-8080-exec-8] .m.m.a.ExceptionHandlerExceptionResolver : Resolved [org.springframework.web.servlet.resource.NoResourceFoundException: No static resource favicon.ico.]
2025-05-21T05:28:21.756+07:00 DEBUG 18256 --- [http-nio-8080-exec-5] org.hibernate.SQL                        : 
    select
        r1_0.recipe_id,
        r1_0.author_id,
        r1_0.author_name,
        r1_0.author_url,
        r1_0.avatar_url,
        r1_0.category_name,
        r1_0.category_id,
        r1_0.created_at,
        r1_0.description,
        r1_0.ingredients,
        r1_0.instruction,
        r1_0.name,
        r1_1.average_rating,
        r1_1.comment_count,
        r1_1.like_count,
        r1_1.rate_count,
        r1_1.save_count 
    from
        recipes r1_0 
    left join
        recipe_stats r1_1 
            on r1_0.recipe_id=r1_1.recipe_id 
    where
        r1_0.recipe_id=?
2025-05-21T05:28:21.760+07:00 DEBUG 18256 --- [http-nio-8080-exec-5] org.hibernate.SQL                        : 
    select
        c1_0.comment_id,
        c1_0.comment_content,
        c1_0.created_at,
        c1_0.recipe_id,
        c1_0.user_id 
    from
        comments c1_0 
    where
        c1_0.recipe_id=?
2025-05-21T05:28:21.762+07:00 DEBUG 18256 --- [http-nio-8080-exec-5] org.hibernate.SQL                        : 
    select
        u1_0.user_id,
        u1_0.avatar_url,
        u1_0.date_of_birth,
        u1_0.email,
        u1_0.firstname,
        u1_0.lastname,
        u1_0.password,
        u1_0.role,
        u1_0.username 
    from
        users u1_0 
    where
        u1_0.user_id=?
2025-05-21T05:28:21.774+07:00 DEBUG 18256 --- [http-nio-8080-exec-6] org.hibernate.SQL                        : 
    select
        r1_0.recipe_id,
        r1_0.author_id,
        r1_0.author_name,
        r1_0.author_url,
        r1_0.avatar_url,
        r1_0.category_name,
        r1_0.category_id,
        r1_0.created_at,
        r1_0.description,
        r1_0.ingredients,
        r1_0.instruction,
        r1_0.name,
        r1_1.average_rating,
        r1_1.comment_count,
        r1_1.like_count,
        r1_1.rate_count,
        r1_1.save_count 
    from
        recipes r1_0 
    left join
        recipe_stats r1_1 
            on r1_0.recipe_id=r1_1.recipe_id 
    where
        r1_0.recipe_id=?
2025-05-21T05:28:21.774+07:00 DEBUG 18256 --- [http-nio-8080-exec-9] org.hibernate.SQL                        : 
    select
        s1_0.save_id 
    from
        saved s1_0 
    where
        s1_0.user_id=? 
        and s1_0.recipe_id=? 
    limit
        ?
2025-05-21T05:28:21.775+07:00 DEBUG 18256 --- [http-nio-8080-exec-2] org.hibernate.SQL                        : 
    select
        l1_0.like_id 
    from
        likes l1_0 
    where
        l1_0.user_id=? 
        and l1_0.recipe_id=? 
    limit
        ?
2025-05-21T05:28:21.777+07:00 DEBUG 18256 --- [http-nio-8080-exec-6] org.hibernate.SQL                        : 
    select
        c1_0.comment_id,
        c1_0.comment_content,
        c1_0.created_at,
        c1_0.recipe_id,
        c1_0.user_id 
    from
        comments c1_0 
    where
        c1_0.recipe_id=?
2025-05-21T05:28:21.780+07:00 DEBUG 18256 --- [http-nio-8080-exec-6] org.hibernate.SQL                        : 
    select
        u1_0.user_id,
        u1_0.avatar_url,
        u1_0.date_of_birth,
        u1_0.email,
        u1_0.firstname,
        u1_0.lastname,
        u1_0.password,
        u1_0.role,
        u1_0.username 
    from
        users u1_0 
    where
        u1_0.user_id=?
2025-05-21T05:30:42.870+07:00 DEBUG 18256 --- [http-nio-8080-exec-3] org.hibernate.SQL                        : 
    select
        u1_0.user_id,
        u1_0.avatar_url,
        u1_0.date_of_birth,
        u1_0.email,
        u1_0.firstname,
        u1_0.lastname,
        u1_0.password,
        u1_0.role,
        u1_0.username 
    from
        users u1_0 
    where
        u1_0.username=?
2025-05-21T05:30:42.873+07:00 DEBUG 18256 --- [http-nio-8080-exec-3] org.hibernate.SQL                        : 
    select
        f1_0.follow_id,
        f1_0.follow_time,
        f1_0.follower_id,
        f1_0.following_id 
    from
        follows f1_0 
    where
        f1_0.following_id=?
2025-05-21T05:30:42.875+07:00 DEBUG 18256 --- [http-nio-8080-exec-3] org.hibernate.SQL                        : 
    select
        u1_0.user_id,
        u1_0.avatar_url,
        u1_0.date_of_birth,
        u1_0.email,
        u1_0.firstname,
        u1_0.lastname,
        u1_0.password,
        u1_0.role,
        u1_0.username 
    from
        users u1_0 
    where
        u1_0.user_id=?
2025-05-21T05:30:42.877+07:00 DEBUG 18256 --- [http-nio-8080-exec-3] org.hibernate.SQL                        : 
    select
        f1_0.follow_id,
        f1_0.follow_time,
        f1_0.follower_id,
        f1_0.following_id 
    from
        follows f1_0 
    where
        f1_0.follower_id=?
2025-05-21T05:30:42.878+07:00 DEBUG 18256 --- [http-nio-8080-exec-3] org.hibernate.SQL                        : 
    select
        u1_0.user_id,
        u1_0.avatar_url,
        u1_0.date_of_birth,
        u1_0.email,
        u1_0.firstname,
        u1_0.lastname,
        u1_0.password,
        u1_0.role,
        u1_0.username 
    from
        users u1_0 
    where
        u1_0.user_id=?
2025-05-21T05:30:42.879+07:00 DEBUG 18256 --- [http-nio-8080-exec-3] org.hibernate.SQL                        : 
    select
        r1_0.recipe_id,
        r1_0.author_id,
        r1_0.author_name,
        r1_0.author_url,
        r1_0.avatar_url,
        r1_0.category_name,
        r1_0.category_id,
        r1_0.created_at,
        r1_0.description,
        r1_0.ingredients,
        r1_0.instruction,
        r1_0.name,
        r1_1.average_rating,
        r1_1.comment_count,
        r1_1.like_count,
        r1_1.rate_count,
        r1_1.save_count 
    from
        recipes r1_0 
    left join
        recipe_stats r1_1 
            on r1_0.recipe_id=r1_1.recipe_id 
    where
        r1_0.author_id=? 
    order by
        r1_0.created_at desc
2025-05-21T05:30:42.879+07:00 DEBUG 18256 --- [http-nio-8080-exec-3] org.hibernate.SQL                        : 
    select
        avg(r1_0.rating) 
    from
        rates r1_0 
    where
        r1_0.recipe_id=?
2025-05-21T05:30:42.879+07:00 DEBUG 18256 --- [http-nio-8080-exec-3] org.hibernate.SQL                        : 
    select
        u1_0.user_id,
        u1_0.avatar_url,
        u1_0.date_of_birth,
        u1_0.email,
        u1_0.firstname,
        u1_0.lastname,
        u1_0.password,
        u1_0.role,
        u1_0.username 
    from
        users u1_0 
    where
        u1_0.username=?
2025-05-21T05:30:42.879+07:00 DEBUG 18256 --- [http-nio-8080-exec-3] org.hibernate.SQL                        : 
    select
        r1_0.recipe_id,
        r1_0.author_id,
        r1_0.author_name,
        r1_0.author_url,
        r1_0.avatar_url,
        r1_0.category_name,
        r1_0.category_id,
        r1_0.created_at,
        r1_0.description,
        r1_0.ingredients,
        r1_0.instruction,
        r1_0.name,
        r1_1.average_rating,
        r1_1.comment_count,
        r1_1.like_count,
        r1_1.rate_count,
        r1_1.save_count 
    from
        recipes r1_0 
    left join
        recipe_stats r1_1 
            on r1_0.recipe_id=r1_1.recipe_id 
    where
        r1_0.author_id=? 
    order by
        r1_0.created_at desc
2025-05-21T05:30:42.879+07:00 DEBUG 18256 --- [http-nio-8080-exec-3] org.hibernate.SQL                        : 
    select
        avg(r1_0.rating) 
    from
        rates r1_0 
    where
        r1_0.recipe_id=?
2025-05-21T05:30:42.879+07:00 DEBUG 18256 --- [http-nio-8080-exec-3] org.hibernate.SQL                        : 
    select
        count(l1_0.like_id) 
    from
        likes l1_0 
    where
        l1_0.recipe_id=?
2025-05-21T05:30:42.939+07:00  WARN 18256 --- [http-nio-8080-exec-2] .m.m.a.ExceptionHandlerExceptionResolver : Resolved [org.springframework.web.servlet.resource.NoResourceFoundException: No static resource favicon.ico.]
2025-05-21T05:30:44.584+07:00 DEBUG 18256 --- [http-nio-8080-exec-6] org.hibernate.SQL                        : 
    select
        u1_0.user_id,
        u1_0.avatar_url,
        u1_0.date_of_birth,
        u1_0.email,
        u1_0.firstname,
        u1_0.lastname,
        u1_0.password,
        u1_0.role,
        u1_0.username 
    from
        users u1_0 
    where
        u1_0.username=?
2025-05-21T05:30:44.586+07:00 DEBUG 18256 --- [http-nio-8080-exec-6] org.hibernate.SQL                        : 
    select
        f1_0.follow_id,
        f1_0.follow_time,
        f1_0.follower_id,
        f1_0.following_id 
    from
        follows f1_0 
    where
        f1_0.following_id=?
2025-05-21T05:30:44.588+07:00 DEBUG 18256 --- [http-nio-8080-exec-6] org.hibernate.SQL                        : 
    select
        u1_0.user_id,
        u1_0.avatar_url,
        u1_0.date_of_birth,
        u1_0.email,
        u1_0.firstname,
        u1_0.lastname,
        u1_0.password,
        u1_0.role,
        u1_0.username 
    from
        users u1_0 
    where
        u1_0.user_id=?
2025-05-21T05:30:44.590+07:00 DEBUG 18256 --- [http-nio-8080-exec-6] org.hibernate.SQL                        : 
    select
        f1_0.follow_id,
        f1_0.follow_time,
        f1_0.follower_id,
        f1_0.following_id 
    from
        follows f1_0 
    where
        f1_0.follower_id=?
2025-05-21T05:30:44.593+07:00 DEBUG 18256 --- [http-nio-8080-exec-6] org.hibernate.SQL                        : 
    select
        u1_0.user_id,
        u1_0.avatar_url,
        u1_0.date_of_birth,
        u1_0.email,
        u1_0.firstname,
        u1_0.lastname,
        u1_0.password,
        u1_0.role,
        u1_0.username 
    from
        users u1_0 
    where
        u1_0.user_id=?
2025-05-21T05:30:44.596+07:00 DEBUG 18256 --- [http-nio-8080-exec-6] org.hibernate.SQL                        : 
    select
        r1_0.recipe_id,
        r1_0.author_id,
        r1_0.author_name,
        r1_0.author_url,
        r1_0.avatar_url,
        r1_0.category_name,
        r1_0.category_id,
        r1_0.created_at,
        r1_0.description,
        r1_0.ingredients,
        r1_0.instruction,
        r1_0.name,
        r1_1.average_rating,
        r1_1.comment_count,
        r1_1.like_count,
        r1_1.rate_count,
        r1_1.save_count 
    from
        recipes r1_0 
    left join
        recipe_stats r1_1 
            on r1_0.recipe_id=r1_1.recipe_id 
    where
        r1_0.author_id=? 
    order by
        r1_0.created_at desc
2025-05-21T05:30:44.598+07:00 DEBUG 18256 --- [http-nio-8080-exec-6] org.hibernate.SQL                        : 
    select
        avg(r1_0.rating) 
    from
        rates r1_0 
    where
        r1_0.recipe_id=?
2025-05-21T05:30:44.599+07:00 DEBUG 18256 --- [http-nio-8080-exec-6] org.hibernate.SQL                        : 
    select
        avg(r1_0.rating) 
    from
        rates r1_0 
    where
        r1_0.recipe_id=?
2025-05-21T05:30:44.599+07:00 DEBUG 18256 --- [http-nio-8080-exec-6] org.hibernate.SQL                        : 
    select
        avg(r1_0.rating) 
    from
        rates r1_0 
    where
        r1_0.recipe_id=?
2025-05-21T05:30:44.600+07:00 DEBUG 18256 --- [http-nio-8080-exec-6] org.hibernate.SQL                        : 
    select
        u1_0.user_id,
        u1_0.avatar_url,
        u1_0.date_of_birth,
        u1_0.email,
        u1_0.firstname,
        u1_0.lastname,
        u1_0.password,
        u1_0.role,
        u1_0.username 
    from
        users u1_0 
    where
        u1_0.username=?
2025-05-21T05:30:44.607+07:00 DEBUG 18256 --- [http-nio-8080-exec-6] org.hibernate.SQL                        : 
    select
        r1_0.recipe_id,
        r1_0.author_id,
        r1_0.author_name,
        r1_0.author_url,
        r1_0.avatar_url,
        r1_0.category_name,
        r1_0.category_id,
        r1_0.created_at,
        r1_0.description,
        r1_0.ingredients,
        r1_0.instruction,
        r1_0.name,
        r1_1.average_rating,
        r1_1.comment_count,
        r1_1.like_count,
        r1_1.rate_count,
        r1_1.save_count 
    from
        recipes r1_0 
    left join
        recipe_stats r1_1 
            on r1_0.recipe_id=r1_1.recipe_id 
    where
        r1_0.author_id=? 
    order by
        r1_0.created_at desc
2025-05-21T05:30:44.611+07:00 DEBUG 18256 --- [http-nio-8080-exec-6] org.hibernate.SQL                        : 
    select
        avg(r1_0.rating) 
    from
        rates r1_0 
    where
        r1_0.recipe_id=?
2025-05-21T05:30:44.613+07:00 DEBUG 18256 --- [http-nio-8080-exec-6] org.hibernate.SQL                        : 
    select
        count(l1_0.like_id) 
    from
        likes l1_0 
    where
        l1_0.recipe_id=?
2025-05-21T05:30:44.614+07:00 DEBUG 18256 --- [http-nio-8080-exec-6] org.hibernate.SQL                        : 
    select
        avg(r1_0.rating) 
    from
        rates r1_0 
    where
        r1_0.recipe_id=?
2025-05-21T05:30:44.616+07:00 DEBUG 18256 --- [http-nio-8080-exec-6] org.hibernate.SQL                        : 
    select
        count(l1_0.like_id) 
    from
        likes l1_0 
    where
        l1_0.recipe_id=?
2025-05-21T05:30:44.617+07:00 DEBUG 18256 --- [http-nio-8080-exec-6] org.hibernate.SQL                        : 
    select
        avg(r1_0.rating) 
    from
        rates r1_0 
    where
        r1_0.recipe_id=?
2025-05-21T05:30:44.618+07:00 DEBUG 18256 --- [http-nio-8080-exec-6] org.hibernate.SQL                        : 
    select
        count(l1_0.like_id) 
    from
        likes l1_0 
    where
        l1_0.recipe_id=?
2025-05-21T05:30:44.619+07:00 DEBUG 18256 --- [http-nio-8080-exec-6] org.hibernate.SQL                        : 
    select
        u1_0.user_id,
        u1_0.avatar_url,
        u1_0.date_of_birth,
        u1_0.email,
        u1_0.firstname,
        u1_0.lastname,
        u1_0.password,
        u1_0.role,
        u1_0.username 
    from
        users u1_0 
    where
        u1_0.username=?
2025-05-21T05:30:44.621+07:00 DEBUG 18256 --- [http-nio-8080-exec-6] org.hibernate.SQL                        : 
    select
        s1_0.save_id,
        s1_0.created_at,
        s1_0.recipe_id,
        s1_0.user_id 
    from
        saved s1_0 
    where
        s1_0.user_id=?
2025-05-21T05:30:44.632+07:00 DEBUG 18256 --- [http-nio-8080-exec-6] org.hibernate.SQL                        : 
    select
        r1_0.recipe_id,
        r1_0.author_id,
        r1_0.author_name,
        r1_0.author_url,
        r1_0.avatar_url,
        r1_0.category_name,
        r1_0.category_id,
        r1_0.created_at,
        r1_0.description,
        r1_0.ingredients,
        r1_0.instruction,
        r1_0.name,
        r1_1.average_rating,
        r1_1.comment_count,
        r1_1.like_count,
        r1_1.rate_count,
        r1_1.save_count 
    from
        recipes r1_0 
    left join
        recipe_stats r1_1 
            on r1_0.recipe_id=r1_1.recipe_id 
    where
        r1_0.recipe_id=?
2025-05-21T05:30:44.635+07:00 DEBUG 18256 --- [http-nio-8080-exec-6] org.hibernate.SQL                        : 
    select
        r1_0.recipe_id,
        r1_0.author_id,
        r1_0.author_name,
        r1_0.author_url,
        r1_0.avatar_url,
        r1_0.category_name,
        r1_0.category_id,
        r1_0.created_at,
        r1_0.description,
        r1_0.ingredients,
        r1_0.instruction,
        r1_0.name,
        r1_1.average_rating,
        r1_1.comment_count,
        r1_1.like_count,
        r1_1.rate_count,
        r1_1.save_count 
    from
        recipes r1_0 
    left join
        recipe_stats r1_1 
            on r1_0.recipe_id=r1_1.recipe_id 
    where
        r1_0.recipe_id=?
2025-05-21T05:30:44.637+07:00 DEBUG 18256 --- [http-nio-8080-exec-6] org.hibernate.SQL                        : 
    select
        avg(r1_0.rating) 
    from
        rates r1_0 
    where
        r1_0.recipe_id=?
2025-05-21T05:30:44.638+07:00 DEBUG 18256 --- [http-nio-8080-exec-6] org.hibernate.SQL                        : 
    select
        count(l1_0.like_id) 
    from
        likes l1_0 
    where
        l1_0.recipe_id=?
2025-05-21T05:30:44.639+07:00 DEBUG 18256 --- [http-nio-8080-exec-6] org.hibernate.SQL                        : 
    select
        avg(r1_0.rating) 
    from
        rates r1_0 
    where
        r1_0.recipe_id=?
2025-05-21T05:30:44.641+07:00 DEBUG 18256 --- [http-nio-8080-exec-6] org.hibernate.SQL                        : 
    select
        count(l1_0.like_id) 
    from
        likes l1_0 
    where
        l1_0.recipe_id=?
2025-05-21T05:30:44.642+07:00 DEBUG 18256 --- [http-nio-8080-exec-6] org.hibernate.SQL                        : 
    select
        avg(r1_0.rating) 
    from
        rates r1_0 
    where
        r1_0.recipe_id=?
2025-05-21T05:30:44.644+07:00 DEBUG 18256 --- [http-nio-8080-exec-6] org.hibernate.SQL                        : 
    select
        count(l1_0.like_id) 
    from
        likes l1_0 
    where
        l1_0.recipe_id=?
2025-05-21T05:30:44.646+07:00 DEBUG 18256 --- [http-nio-8080-exec-6] org.hibernate.SQL                        : 
    select
        u1_0.user_id,
        u1_0.avatar_url,
        u1_0.date_of_birth,
        u1_0.email,
        u1_0.firstname,
        u1_0.lastname,
        u1_0.password,
        u1_0.role,
        u1_0.username 
    from
        users u1_0 
    where
        u1_0.username=?
2025-05-21T05:30:44.647+07:00 DEBUG 18256 --- [http-nio-8080-exec-6] org.hibernate.SQL                        : 
    select
        l1_0.like_id,
        l1_0.created_at,
        l1_0.recipe_id,
        l1_0.user_id 
    from
        likes l1_0 
    where
        l1_0.user_id=?
2025-05-21T05:30:44.649+07:00 DEBUG 18256 --- [http-nio-8080-exec-6] org.hibernate.SQL                        : 
    select
        avg(r1_0.rating) 
    from
        rates r1_0 
    where
        r1_0.recipe_id=?
2025-05-21T05:30:44.650+07:00 DEBUG 18256 --- [http-nio-8080-exec-6] org.hibernate.SQL                        : 
    select
        count(l1_0.like_id) 
    from
        likes l1_0 
    where
        l1_0.recipe_id=?
2025-05-21T05:30:44.650+07:00 DEBUG 18256 --- [http-nio-8080-exec-6] org.hibernate.SQL                        : 
    select
        avg(r1_0.rating) 
    from
        rates r1_0 
    where
        r1_0.recipe_id=?
2025-05-21T05:30:44.651+07:00 DEBUG 18256 --- [http-nio-8080-exec-6] org.hibernate.SQL                        : 
    select
        count(l1_0.like_id) 
    from
        likes l1_0 
    where
        l1_0.recipe_id=?
2025-05-21T05:30:44.713+07:00  WARN 18256 --- [http-nio-8080-exec-9] .m.m.a.ExceptionHandlerExceptionResolver : Resolved [org.springframework.web.servlet.resource.NoResourceFoundException: No static resource favicon.ico.]
2025-05-21T05:30:46.688+07:00 DEBUG 18256 --- [http-nio-8080-exec-1] org.hibernate.SQL                        : 
    select
        u1_0.user_id,
        u1_0.avatar_url,
        u1_0.date_of_birth,
        u1_0.email,
        u1_0.firstname,
        u1_0.lastname,
        u1_0.password,
        u1_0.role,
        u1_0.username 
    from
        users u1_0 
    where
        u1_0.username=?
2025-05-21T05:30:46.691+07:00 DEBUG 18256 --- [http-nio-8080-exec-1] org.hibernate.SQL                        : 
    select
        f1_0.follow_id,
        f1_0.follow_time,
        f1_0.follower_id,
        f1_0.following_id 
    from
        follows f1_0 
    where
        f1_0.follower_id=?
2025-05-21T05:30:46.693+07:00 DEBUG 18256 --- [http-nio-8080-exec-1] org.hibernate.SQL                        : 
    select
        u1_0.user_id,
        u1_0.avatar_url,
        u1_0.date_of_birth,
        u1_0.email,
        u1_0.firstname,
        u1_0.lastname,
        u1_0.password,
        u1_0.role,
        u1_0.username 
    from
        users u1_0 
    where
        u1_0.user_id=?
2025-05-21T05:30:48.323+07:00 DEBUG 18256 --- [http-nio-8080-exec-6] org.hibernate.SQL                        : 
    select
        u1_0.user_id,
        u1_0.avatar_url,
        u1_0.date_of_birth,
        u1_0.email,
        u1_0.firstname,
        u1_0.lastname,
        u1_0.password,
        u1_0.role,
        u1_0.username 
    from
        users u1_0 
    where
        u1_0.username=?
2025-05-21T05:30:48.325+07:00 DEBUG 18256 --- [http-nio-8080-exec-6] org.hibernate.SQL                        : 
    select
        f1_0.follow_id,
        f1_0.follow_time,
        f1_0.follower_id,
        f1_0.following_id 
    from
        follows f1_0 
    where
        f1_0.following_id=?
2025-05-21T05:30:48.326+07:00 DEBUG 18256 --- [http-nio-8080-exec-6] org.hibernate.SQL                        : 
    select
        u1_0.user_id,
        u1_0.avatar_url,
        u1_0.date_of_birth,
        u1_0.email,
        u1_0.firstname,
        u1_0.lastname,
        u1_0.password,
        u1_0.role,
        u1_0.username 
    from
        users u1_0 
    where
        u1_0.user_id=?
2025-05-21T05:30:48.327+07:00 DEBUG 18256 --- [http-nio-8080-exec-6] org.hibernate.SQL                        : 
    select
        f1_0.follow_id,
        f1_0.follow_time,
        f1_0.follower_id,
        f1_0.following_id 
    from
        follows f1_0 
    where
        f1_0.follower_id=?
2025-05-21T05:30:48.327+07:00 DEBUG 18256 --- [http-nio-8080-exec-6] org.hibernate.SQL                        : 
    select
        u1_0.user_id,
        u1_0.avatar_url,
        u1_0.date_of_birth,
        u1_0.email,
        u1_0.firstname,
        u1_0.lastname,
        u1_0.password,
        u1_0.role,
        u1_0.username 
    from
        users u1_0 
    where
        u1_0.user_id=?
2025-05-21T05:30:48.327+07:00 DEBUG 18256 --- [http-nio-8080-exec-6] org.hibernate.SQL                        : 
    select
        r1_0.recipe_id,
        r1_0.author_id,
        r1_0.author_name,
        r1_0.author_url,
        r1_0.avatar_url,
        r1_0.category_name,
        r1_0.category_id,
        r1_0.created_at,
        r1_0.description,
        r1_0.ingredients,
        r1_0.instruction,
        r1_0.name,
        r1_1.average_rating,
        r1_1.comment_count,
        r1_1.like_count,
        r1_1.rate_count,
        r1_1.save_count 
    from
        recipes r1_0 
    left join
        recipe_stats r1_1 
            on r1_0.recipe_id=r1_1.recipe_id 
    where
        r1_0.author_id=? 
    order by
        r1_0.created_at desc
2025-05-21T05:30:48.327+07:00 DEBUG 18256 --- [http-nio-8080-exec-6] org.hibernate.SQL                        : 
    select
        u1_0.user_id,
        u1_0.avatar_url,
        u1_0.date_of_birth,
        u1_0.email,
        u1_0.firstname,
        u1_0.lastname,
        u1_0.password,
        u1_0.role,
        u1_0.username 
    from
        users u1_0 
    where
        u1_0.username=?
2025-05-21T05:30:48.327+07:00 DEBUG 18256 --- [http-nio-8080-exec-6] org.hibernate.SQL                        : 
    select
        r1_0.recipe_id,
        r1_0.author_id,
        r1_0.author_name,
        r1_0.author_url,
        r1_0.avatar_url,
        r1_0.category_name,
        r1_0.category_id,
        r1_0.created_at,
        r1_0.description,
        r1_0.ingredients,
        r1_0.instruction,
        r1_0.name,
        r1_1.average_rating,
        r1_1.comment_count,
        r1_1.like_count,
        r1_1.rate_count,
        r1_1.save_count 
    from
        recipes r1_0 
    left join
        recipe_stats r1_1 
            on r1_0.recipe_id=r1_1.recipe_id 
    where
        r1_0.author_id=? 
    order by
        r1_0.created_at desc
2025-05-21T05:30:48.383+07:00  WARN 18256 --- [http-nio-8080-exec-5] .m.m.a.ExceptionHandlerExceptionResolver : Resolved [org.springframework.web.servlet.resource.NoResourceFoundException: No static resource favicon.ico.]
2025-05-21T05:31:23.889+07:00 DEBUG 18256 --- [http-nio-8080-exec-8] org.hibernate.SQL                        : 
    select
        u1_0.user_id,
        u1_0.avatar_url,
        u1_0.date_of_birth,
        u1_0.email,
        u1_0.firstname,
        u1_0.lastname,
        u1_0.password,
        u1_0.role,
        u1_0.username 
    from
        users u1_0 
    where
        u1_0.username=?
2025-05-21T05:31:23.891+07:00 DEBUG 18256 --- [http-nio-8080-exec-8] org.hibernate.SQL                        : 
    select
        f1_0.follow_id,
        f1_0.follow_time,
        f1_0.follower_id,
        f1_0.following_id 
    from
        follows f1_0 
    where
        f1_0.following_id=?
2025-05-21T05:31:23.893+07:00 DEBUG 18256 --- [http-nio-8080-exec-8] org.hibernate.SQL                        : 
    select
        u1_0.user_id,
        u1_0.avatar_url,
        u1_0.date_of_birth,
        u1_0.email,
        u1_0.firstname,
        u1_0.lastname,
        u1_0.password,
        u1_0.role,
        u1_0.username 
    from
        users u1_0 
    where
        u1_0.user_id=?
2025-05-21T05:31:23.896+07:00 DEBUG 18256 --- [http-nio-8080-exec-8] org.hibernate.SQL                        : 
    select
        f1_0.follow_id,
        f1_0.follow_time,
        f1_0.follower_id,
        f1_0.following_id 
    from
        follows f1_0 
    where
        f1_0.follower_id=?
2025-05-21T05:31:23.898+07:00 DEBUG 18256 --- [http-nio-8080-exec-8] org.hibernate.SQL                        : 
    select
        u1_0.user_id,
        u1_0.avatar_url,
        u1_0.date_of_birth,
        u1_0.email,
        u1_0.firstname,
        u1_0.lastname,
        u1_0.password,
        u1_0.role,
        u1_0.username 
    from
        users u1_0 
    where
        u1_0.user_id=?
2025-05-21T05:31:23.900+07:00 DEBUG 18256 --- [http-nio-8080-exec-8] org.hibernate.SQL                        : 
    select
        r1_0.recipe_id,
        r1_0.author_id,
        r1_0.author_name,
        r1_0.author_url,
        r1_0.avatar_url,
        r1_0.category_name,
        r1_0.category_id,
        r1_0.created_at,
        r1_0.description,
        r1_0.ingredients,
        r1_0.instruction,
        r1_0.name,
        r1_1.average_rating,
        r1_1.comment_count,
        r1_1.like_count,
        r1_1.rate_count,
        r1_1.save_count 
    from
        recipes r1_0 
    left join
        recipe_stats r1_1 
            on r1_0.recipe_id=r1_1.recipe_id 
    where
        r1_0.author_id=? 
    order by
        r1_0.created_at desc
2025-05-21T05:31:23.901+07:00 DEBUG 18256 --- [http-nio-8080-exec-8] org.hibernate.SQL                        : 
    select
        u1_0.user_id,
        u1_0.avatar_url,
        u1_0.date_of_birth,
        u1_0.email,
        u1_0.firstname,
        u1_0.lastname,
        u1_0.password,
        u1_0.role,
        u1_0.username 
    from
        users u1_0 
    where
        u1_0.username=?
2025-05-21T05:31:23.903+07:00 DEBUG 18256 --- [http-nio-8080-exec-8] org.hibernate.SQL                        : 
    select
        r1_0.recipe_id,
        r1_0.author_id,
        r1_0.author_name,
        r1_0.author_url,
        r1_0.avatar_url,
        r1_0.category_name,
        r1_0.category_id,
        r1_0.created_at,
        r1_0.description,
        r1_0.ingredients,
        r1_0.instruction,
        r1_0.name,
        r1_1.average_rating,
        r1_1.comment_count,
        r1_1.like_count,
        r1_1.rate_count,
        r1_1.save_count 
    from
        recipes r1_0 
    left join
        recipe_stats r1_1 
            on r1_0.recipe_id=r1_1.recipe_id 
    where
        r1_0.author_id=? 
    order by
        r1_0.created_at desc
2025-05-21T05:31:23.950+07:00  WARN 18256 --- [http-nio-8080-exec-7] .m.m.a.ExceptionHandlerExceptionResolver : Resolved [org.springframework.web.servlet.resource.NoResourceFoundException: No static resource favicon.ico.]
2025-05-21T07:01:10.329+07:00  WARN 18256 --- [HikariPool-2 housekeeper] com.zaxxer.hikari.pool.HikariPool        : HikariPool-2 - Thread starvation or clock leap detected (housekeeper delta=45m21s50ms579µs500ns).
2025-05-21T07:02:28.740+07:00  INFO 18256 --- [SpringApplicationShutdownHook] o.s.b.w.e.tomcat.GracefulShutdown        : Commencing graceful shutdown. Waiting for active requests to complete
2025-05-21T07:02:28.764+07:00  INFO 18256 --- [tomcat-shutdown] o.s.b.w.e.tomcat.GracefulShutdown        : Graceful shutdown complete
2025-05-21T07:02:28.773+07:00  INFO 18256 --- [SpringApplicationShutdownHook] j.LocalContainerEntityManagerFactoryBean : Closing JPA EntityManagerFactory for persistence unit 'default'
2025-05-21T07:02:28.775+07:00  INFO 18256 --- [SpringApplicationShutdownHook] com.zaxxer.hikari.HikariDataSource       : HikariPool-2 - Shutdown initiated...
2025-05-21T07:02:28.777+07:00  INFO 18256 --- [SpringApplicationShutdownHook] com.zaxxer.hikari.HikariDataSource       : HikariPool-2 - Shutdown completed.
